sample_id,transcript,n_segments,segment_idx,segment_rank_abs_sv,segment_token,segment_sv,segment_abs_sv,segment_abs_sv_share,deletion_drop_emb,deletion_drop_tfidf,cumulative_drop_emb,cumulative_n_deleted,segment_dur_sec,util_empty_emb,base_text,n_coalitions,runtime_sec
1,A FRENCHMAN YOUR NAME,4,1,1,FRENCHMAN,0.09610003978013992,0.09610003978013992,0.7309721414873666,0.12292075157165527,0.2928932188134524,0.12292075157165527,1,0.5218978102189781,0.8842418193817139,"A Frenchman, your name.",16,2.463648177750656
1,A FRENCHMAN YOUR NAME,4,2,2,YOUR,0.027513455599546432,0.027513455599546432,0.20927743219804887,0.052090585231781006,0.2928932188134524,0.17651081085205078,2,0.7267468065693432,0.8842418193817139,"A Frenchman, your name.",16,2.463648177750656
1,A FRENCHMAN YOUR NAME,4,0,3,A,-0.006064673885703087,0.006064673885703087,0.046130133429674626,0.03852438926696777,0.13397459621556118,0.12292075157165527,3,0.12016833941605842,0.8842418193817139,"A Frenchman, your name.",16,2.463648177750656
1,A FRENCHMAN YOUR NAME,4,3,4,NAME,-0.0017906427383422852,0.0017906427383422852,0.01362028527854327,0.0,0.0,0.11575818061828613,4,0.23111222627737238,0.8842418193817139,"A Frenchman, your name.",16,2.463648177750656
6,AHEM A COMMON RUMOR,4,3,1,RUMOR,0.1311325579881668,0.1311325579881668,0.5627045658209071,0.10013610124588013,0.13397459621556118,0.10013610124588013,1,0.3510249999999999,0.7669602036476135,"Ahem, a common rumor.",16,2.167535989749922
6,AHEM A COMMON RUMOR,4,2,2,COMMON,0.06021542847156525,0.06021542847156525,0.25839118105870856,0.07449698448181152,0.2928932188134524,0.22810906171798706,2,0.3915599999999999,0.7669602036476135,"Ahem, a common rumor.",16,2.167535989749922
6,AHEM A COMMON RUMOR,4,0,3,AHEM,0.030000045895576477,0.030000045895576477,0.12873357356302756,0.0309332013130188,0.13397459621556118,0.23303979635238647,3,0.4213924999999999,0.7669602036476135,"Ahem, a common rumor.",16,2.167535989749922
6,AHEM A COMMON RUMOR,4,1,4,A,0.011691763997077942,0.011691763997077942,0.05017067526624422,0.03301405906677246,0.2928932188134524,0.23303979635238647,4,0.5343899999999999,0.7669602036476135,"Ahem, a common rumor.",16,2.167535989749922
11,ALTERED WORDS AND FIGURES,4,0,1,ALTERED,0.12141216546297073,0.12141216546297073,0.49309618791659227,0.09983152151107788,0.13397459621556118,0.09983152151107788,1,0.4828878546099292,0.7537758946418762,Altered Words and Figures,16,2.25292149949928
11,ALTERED WORDS AND FIGURES,4,3,2,FIGURES,0.058447107672691345,0.058447107672691345,0.23737362626107253,0.041489601135253906,0.13397459621556118,0.13927364349365234,2,0.555375,0.7537758946418762,Altered Words and Figures,16,2.25292149949928
11,ALTERED WORDS AND FIGURES,4,1,3,WORDS,0.04913942143321037,0.04913942143321037,0.19957193986901522,0.02176976203918457,0.0,0.2160940170288086,3,0.46326241134751767,0.7537758946418762,Altered Words and Figures,16,2.25292149949928
11,ALTERED WORDS AND FIGURES,4,2,4,AND,0.01722540520131588,0.01722540520131588,0.06995824189197913,0.019422948360443115,0.13397459621556118,0.24622410535812378,4,0.2221458333333335,0.7537758946418762,Altered Words and Figures,16,2.25292149949928
26,AND I BOUGHT THINGS,4,2,1,BOUGHT,0.1313437521457672,0.1313437521457672,0.512178873409662,0.14052492380142212,0.25,0.14052492380142212,1,0.42767125984251975,0.7435588240623474,And I bought things.,16,2.5822907735000626
26,AND I BOUGHT THINGS,4,3,2,THINGS,0.07631305605173111,0.07631305605173111,0.2975850349672201,0.06590265035629272,0.25,0.17378854751586914,2,0.44407381889763786,0.7435588240623474,And I bought things.,16,2.5822907735000626
26,AND I BOUGHT THINGS,4,1,3,I,0.02490645833313465,0.02490645833313465,0.09712347607925936,0.0,0.0,0.17378854751586914,3,0.17293749999999997,0.7435588240623474,And I bought things.,16,2.5822907735000626
26,AND I BOUGHT THINGS,4,0,4,AND,0.023877907544374466,0.023877907544374466,0.09311261164432867,0.012469589710235596,0.13397459621556118,0.2564411759376526,4,0.20112204724409444,0.7435588240623474,And I bought things.,16,2.5822907735000626
32,AND NOW I SAID,4,3,1,SAID,0.11491941660642624,0.11491941660642624,0.5234041831000242,0.09126847982406616,0.25,0.09126847982406616,1,0.3619148936170211,0.7804386019706726,"And now, I said,",16,2.4632243282503623
32,AND NOW I SAID,4,0,2,AND,0.052078790962696075,0.052078790962696075,0.2371945302682871,0.0325620174407959,0.13397459621556118,0.08286374807357788,2,0.18055452127659566,0.7804386019706726,"And now, I said,",16,2.4632243282503623
32,AND NOW I SAID,4,1,3,NOW,0.040858879685401917,0.040858879685401917,0.18609308309805747,-1.1920928955078125e-07,0.0,0.14865529537200928,3,0.2613829787234043,0.7804386019706726,"And now, I said,",16,2.4632243282503623
32,AND NOW I SAID,4,2,4,I,0.011704429052770138,0.011704429052770138,0.053308198979099004,-1.1920928955078125e-07,0.0,0.2195613980293274,4,0.18095744680851045,0.7804386019706726,"And now, I said,",16,2.4632243282503623
33,AND OH ANNE DEAR,4,3,1,DEAR,0.10305136442184448,0.10305136442184448,0.4729830761062396,0.15577375888824463,0.32917960675006297,0.15577375888824463,1,0.34550000000000014,0.7821245789527893,"And oh, Anne dear,",16,2.36400750275061
33,AND OH ANNE DEAR,4,0,2,AND,0.04510452225804329,0.04510452225804329,0.20701982747731018,0.0996851921081543,0.13397459621556118,0.1586672067642212,2,0.18875986842105263,0.7821245789527893,"And oh, Anne dear,",16,2.36400750275061
33,AND OH ANNE DEAR,4,2,3,ANNE,0.04399080201983452,0.04399080201983452,0.20190809676762833,0.10551261901855469,0.13397459621556118,0.17665058374404907,3,0.32194736842105254,0.7821245789527893,"And oh, Anne dear,",16,2.36400750275061
33,AND OH ANNE DEAR,4,1,4,OH,0.025728683918714523,0.025728683918714523,0.11808899505904204,0.02058112621307373,0.13397459621556118,0.2178754210472107,4,0.24167434210526317,0.7821245789527893,"And oh, Anne dear,",16,2.36400750275061
35,AND REFUSED TO APOLOGISE,4,3,1,APOLOGISE,0.11332779377698898,0.11332779377698898,0.41257035470970665,0.09826433658599854,0.5,0.09826433658599854,1,0.846997685185185,0.7270021438598633,and refuse to apologize.,16,2.5569229967504725
35,AND REFUSED TO APOLOGISE,4,1,2,REFUSED,0.10585521906614304,0.10585521906614304,0.3853664120906941,0.10336601734161377,0.25,0.21493864059448242,2,0.5046296296296298,0.7270021438598633,and refuse to apologize.,16,2.5569229967504725
35,AND REFUSED TO APOLOGISE,4,0,3,AND,0.054659564048051834,0.054659564048051834,0.19898839442651886,0.06874668598175049,0.25,0.2729978561401367,3,0.1468726851851852,0.7270021438598633,and refuse to apologize.,16,2.5569229967504725
35,AND REFUSED TO APOLOGISE,4,2,4,TO,-0.0008446178399026394,0.0008446178399026394,0.003074835132575688,-1.1920928955078125e-07,0.0,0.2729978561401367,4,0.0403703703703705,0.7270021438598633,and refuse to apologize.,16,2.5569229967504725
38,AND SO IN MY VIEW,5,4,1,VIEW,0.08333244919776917,0.08333244919776917,0.3371314222328513,0.0,-2.220446049250313e-16,0.0,1,0.3019017857142856,0.7528191208839417,"And so, in my view,",32,4.1032852878001
38,AND SO IN MY VIEW,5,0,2,AND,0.045580100268125534,0.045580100268125534,0.1843997647595901,0.00518345832824707,0.10557280900008403,0.00518345832824707,2,0.23312499999999997,0.7528191208839417,"And so, in my view,",32,4.1032852878001
38,AND SO IN MY VIEW,5,3,3,MY,0.04524829611182213,0.04524829611182213,0.18305741123231214,0.0,-2.220446049250313e-16,0.10253846645355225,3,0.22196428571428584,0.7528191208839417,"And so, in my view,",32,4.1032852878001
38,AND SO IN MY VIEW,5,2,4,IN,0.03662519156932831,0.03662519156932831,0.14817160712526897,0.02536952495574951,0.10557280900008403,0.17572438716888428,4,0.12594642857142846,0.7528191208839417,"And so, in my view,",32,4.1032852878001
38,AND SO IN MY VIEW,5,1,5,SO,0.036394864320755005,0.036394864320755005,0.1472397906043575,0.0,-2.220446049250313e-16,0.24718087911605835,5,0.4017857142857144,0.7528191208839417,"And so, in my view,",32,4.1032852878001
43,AND THERE WAS MY AUNT,5,4,1,AUNT,0.12261185050010681,0.12261185050010681,0.5493511232090484,0.17767810821533203,0.19999999999999984,0.17767810821533203,1,0.29139527027027023,0.7768060564994812,And there was my aunt.,32,4.068076886400377
43,AND THERE WAS MY AUNT,5,1,2,THERE,0.05193367972970009,0.05193367972970009,0.2326840772366035,0.0,-2.220446049250313e-16,0.17767810821533203,2,0.1329476351351352,0.7768060564994812,And there was my aunt.,32,4.068076886400377
43,AND THERE WAS MY AUNT,5,0,3,AND,0.03771505877375603,0.03771505877375603,0.16897885330619086,0.015418827533721924,0.10557280900008403,0.20995402336120605,3,0.1605540540540541,0.7768060564994812,And there was my aunt.,32,4.068076886400377
43,AND THERE WAS MY AUNT,5,3,4,MY,0.005897612310945988,0.005897612310945988,0.026423709731604354,0.0,-2.220446049250313e-16,0.20995402336120605,4,0.10067567567567559,0.7768060564994812,And there was my aunt.,32,4.068076886400377
43,AND THERE WAS MY AUNT,5,2,5,WAS,0.005035753827542067,0.005035753827542067,0.022562232036144738,0.0,-2.220446049250313e-16,0.2231939435005188,5,0.0805405405405405,0.7768060564994812,And there was my aunt.,32,4.068076886400377
44,AND THIS AND HERE AGAIN,5,4,1,AGAIN,0.08222881704568863,0.08222881704568863,0.4979079831363924,0.0622677206993103,0.1982162742627266,0.0622677206993103,1,0.6043125,0.8348513841629028,And this. And here again.,32,4.01893554299968
44,AND THIS AND HERE AGAIN,5,1,2,THIS,0.0274913739413023,0.0274913739413023,0.16646444694877066,0.02610790729522705,0.12712843905603022,0.09921103715896606,2,0.32266666666666666,0.8348513841629028,And this. And here again.,32,4.01893554299968
44,AND THIS AND HERE AGAIN,5,0,3,AND,0.02666771411895752,0.02666771411895752,0.16147706155678207,0.007918715476989746,0.05508881747693173,0.09921103715896606,3,0.19093750000000004,0.8348513841629028,And this. And here again.,32,4.01893554299968
44,AND THIS AND HERE AGAIN,5,2,4,AND,0.01866859383881092,0.01866859383881092,0.1130411726719859,0.0056231021881103516,0.05508881747693173,0.11621928215026855,4,0.21866666666666668,0.8348513841629028,And this. And here again.,32,4.01893554299968
44,AND THIS AND HERE AGAIN,5,3,5,HERE,0.010092121548950672,0.010092121548950672,0.061109329630917,0.0,-4.440892098500626e-16,0.16514861583709717,5,0.17141666666666677,0.8348513841629028,And this. And here again.,32,4.01893554299968
60,AT YOUR SERVICE SIR,4,3,1,SIR,0.04533028230071068,0.04533028230071068,0.9999999779396923,0.04533028602600098,0.13397459621556118,0.04533028602600098,1,0.44169230769230805,0.954669713973999,"At your service, sir.",16,2.491448375500113
60,AT YOUR SERVICE SIR,4,0,2,AT,0.0,0.0,0.0,0.0,0.0,0.04533028602600098,2,0.020408653846153868,0.954669713973999,"At your service, sir.",16,2.491448375500113
60,AT YOUR SERVICE SIR,4,1,3,YOUR,0.0,0.0,0.0,0.0,0.0,0.04533028602600098,3,0.16078365384615378,0.954669713973999,"At your service, sir.",16,2.491448375500113
60,AT YOUR SERVICE SIR,4,2,4,SERVICE,0.0,0.0,0.0,0.0,0.0,0.04533028602600098,4,0.4416923076923076,0.954669713973999,"At your service, sir.",16,2.491448375500113
65,BUT ALL THIS WAS IN VAIN,6,5,1,VAIN,0.12384215742349625,0.12384215742349625,0.40671789244234746,0.10269689559936523,0.1666666666666664,0.10269689559936523,1,0.39874999999999994,0.6955084800720215,But all this was in vain.,64,7.396548316166445
65,BUT ALL THIS WAS IN VAIN,6,1,2,ALL,0.08077272027730942,0.08077272027730942,0.26527081925487905,0.0,-2.220446049250313e-16,0.09445440769195557,2,0.16121212121212125,0.6955084800720215,But all this was in vain.,64,7.396548316166445
65,BUT ALL THIS WAS IN VAIN,6,3,3,WAS,0.045189350843429565,0.045189350843429565,0.14840921636262153,0.0,-2.220446049250313e-16,0.16918820142745972,3,0.1813636363636364,0.6955084800720215,But all this was in vain.,64,7.396548316166445
65,BUT ALL THIS WAS IN VAIN,6,2,4,THIS,0.03266378119587898,0.03266378119587898,0.1072731977831756,0.016147613525390625,0.2284832501895402,0.269295334815979,4,0.16121212121212114,0.6955084800720215,But all this was in vain.,64,7.396548316166445
65,BUT ALL THIS WAS IN VAIN,6,4,5,IN,0.017159687355160713,0.017159687355160713,0.05635521878219823,0.004153251647949219,0.07417990022744825,0.269295334815979,5,0.09068181818181809,0.6955084800720215,But all this was in vain.,64,7.396548316166445
65,BUT ALL THIS WAS IN VAIN,6,0,6,BUT,0.00486384192481637,0.00486384192481637,0.01597365209061453,0.0,-2.220446049250313e-16,0.3044915199279785,6,0.012624999999999997,0.6955084800720215,But all this was in vain.,64,7.396548316166445
66,BUT BEFORE HE COULD ACT,5,1,1,BEFORE,0.11838331818580627,0.11838331818580627,0.4987429041186997,0.08273649215698242,0.10557280900008403,0.08273649215698242,1,0.32333333333333325,0.7626366019248962,"But before he could act,",32,3.8595524076001313
66,BUT BEFORE HE COULD ACT,5,3,2,COULD,0.06752515584230423,0.06752515584230423,0.28448005041555274,0.06854915618896484,0.22540333075851637,0.2523437738418579,2,0.16166666666666663,0.7626366019248962,"But before he could act,",32,3.8595524076001313
66,BUT BEFORE HE COULD ACT,5,0,3,BUT,0.02615390345454216,0.02615390345454216,0.11018506629866019,0.02144157886505127,0.10557280900008403,0.12758415937423706,3,0.16083333333333327,0.7626366019248962,"But before he could act,",32,3.8595524076001313
66,BUT BEFORE HE COULD ACT,5,2,4,HE,0.0176546573638916,0.0176546573638916,0.07437817438997574,0.0,-2.220446049250313e-16,0.25367629528045654,4,0.08083333333333331,0.7626366019248962,"But before he could act,",32,3.8595524076001313
66,BUT BEFORE HE COULD ACT,5,4,5,ACT,0.0076463776640594006,0.0076463776640594006,0.03221380056416241,0.0,-2.220446049250313e-16,0.23736339807510376,5,0.1601666666666668,0.7626366019248962,"But before he could act,",32,3.8595524076001313
76,BUT WHERE YOU GO I GO,6,1,1,WHERE,0.034215666353702545,0.034215666353702545,0.300535746123872,0.0,-2.220446049250313e-16,0.0,1,0.2204661016949152,0.8953949213027954,"But where you go, I go.",64,6.958698013499695
76,BUT WHERE YOU GO I GO,6,0,2,BUT,0.03131122887134552,0.03131122887134552,0.27502441231535035,0.021787047386169434,0.06458565330651456,0.05555307865142822,2,0.17023728813559322,0.8953949213027954,"But where you go, I go.",64,6.958698013499695
76,BUT WHERE YOU GO I GO,6,5,3,GO,0.019233154132962227,0.019233154132962227,0.16893578128545622,0.0,-2.220446049250313e-16,0.05555307865142822,3,0.4607891949152545,0.8953949213027954,"But where you go, I go.",64,6.958698013499695
76,BUT WHERE YOU GO I GO,6,4,4,I,0.017075277864933014,0.017075277864933014,0.14998192115743395,0.0,-2.220446049250313e-16,0.10864067077636719,4,0.38906355932203396,0.8953949213027954,"But where you go, I go.",64,6.958698013499695
76,BUT WHERE YOU GO I GO,6,3,5,GO,0.007391667924821377,0.007391667924821377,0.06492524248751615,0.0,-2.220446049250313e-16,0.16866010427474976,5,0.34072033898305076,0.8953949213027954,"But where you go, I go.",64,6.958698013499695
76,BUT WHERE YOU GO I GO,6,2,6,YOU,-0.0046219113282859325,0.0046219113282859325,0.04059688784679996,0.0,-2.220446049250313e-16,0.10460507869720459,6,0.18038135593220328,0.8953949213027954,"But where you go, I go.",64,6.958698013499695
80,BY WE'LL GO TO WAR WITH EM,7,1,1,WE'LL,0.09395642578601837,0.09395642578601837,0.33772063109088085,0.06349217891693115,0.2783121635129677,0.06349217891693115,1,0.27483709016393465,0.721792459487915,But we'll go to war with them.,128,12.655824033571012
80,BY WE'LL GO TO WAR WITH EM,7,5,2,WITH,0.0803970992565155,0.0803970992565155,0.2889824604505874,0.04295825958251953,0.2783121635129677,0.13762664794921875,2,0.31254098360655735,0.721792459487915,But we'll go to war with them.,128,12.655824033571012
80,BY WE'LL GO TO WAR WITH EM,7,4,3,WAR,0.053308770060539246,0.053308770060539246,0.1916151164426591,0.0040857791900634766,0.12499999999999989,0.25462955236434937,3,0.22180327868852467,0.721792459487915,But we'll go to war with them.,128,12.655824033571012
80,BY WE'LL GO TO WAR WITH EM,7,2,4,GO,0.02268773503601551,0.02268773503601551,0.08154967720713407,0.0,-2.220446049250313e-16,0.23516643047332764,4,0.1008196721311474,0.721792459487915,But we'll go to war with them.,128,12.655824033571012
80,BY WE'LL GO TO WAR WITH EM,7,0,5,BY,0.021350981667637825,0.021350981667637825,0.07674479890951207,0.018315911293029785,0.06458565330651433,0.27096760272979736,5,0.36233196721311484,0.721792459487915,But we'll go to war with them.,128,12.655824033571012
80,BY WE'LL GO TO WAR WITH EM,7,3,6,TO,0.004343361593782902,0.004343361593782902,0.015611947838979377,0.005949258804321289,0.12499999999999989,0.27619194984436035,6,0.05040983606557381,0.721792459487915,But we'll go to war with them.,128,12.655824033571012
80,BY WE'LL GO TO WAR WITH EM,7,6,7,EM,0.0021631650160998106,0.0021631650160998106,0.007775364465808104,0.005949258804321289,0.12499999999999989,0.27820754051208496,7,0.04828586065573748,0.721792459487915,But we'll go to war with them.,128,12.655824033571012
89,CHAPTER ONE MY EDUCATION,4,3,1,EDUCATION,0.0867762342095375,0.0867762342095375,0.45572500558078216,0.07146215438842773,0.13397459621556118,0.07146215438842773,1,0.8812355769230771,0.8095864057540894,Chapter 1. My Education.,16,2.6340078809998886
89,CHAPTER ONE MY EDUCATION,4,0,2,CHAPTER,0.05737406760454178,0.05737406760454178,0.30131288269707146,0.04193472862243652,0.13397459621556118,0.11708283424377441,2,0.4005528846153846,0.8095864057540894,Chapter 1. My Education.,16,2.6340078809998886
89,CHAPTER ONE MY EDUCATION,4,2,3,MY,0.0330895371735096,0.0330895371735096,0.17377718277852808,0.04481083154678345,0.13397459621556118,0.16292059421539307,3,0.4814807692307692,0.8095864057540894,Chapter 1. My Education.,16,2.6340078809998886
89,CHAPTER ONE MY EDUCATION,4,1,4,ONE,0.013173749670386314,0.013173749670386314,0.06918492369189234,0.0,0.0,0.19041359424591064,4,0.18028846153846156,0.8095864057540894,Chapter 1. My Education.,16,2.6340078809998886
94,CLOTHO FROM TIME TO TIME,5,4,1,TIME,0.05920446291565895,0.05920446291565895,0.28856868749088316,0.08018255233764648,0.14285714285714257,0.08018255233764648,1,0.3816081989247313,0.7948340773582458,closer from time to time.,32,4.03298435819961
94,CLOTHO FROM TIME TO TIME,5,2,2,TIME,0.05808499827980995,0.05808499827980995,0.28311230084787614,0.08018255233764648,0.14285714285714257,0.13053548336029053,2,0.22118279569892485,0.7948340773582458,closer from time to time.,32,4.03298435819961
94,CLOTHO FROM TIME TO TIME,5,3,3,TO,0.03565211966633797,0.03565211966633797,0.17377212581151483,0.08018255233764648,0.14285714285714257,0.137719988822937,3,0.0804301075268814,0.7948340773582458,closer from time to time.,32,4.03298435819961
94,CLOTHO FROM TIME TO TIME,5,0,4,CLOTHO,0.0327223539352417,0.0327223539352417,0.15949214403239445,0.061221957206726074,0.07417990022744836,0.16433656215667725,4,0.4214375,0.7948340773582458,closer from time to time.,32,4.03298435819961
94,CLOTHO FROM TIME TO TIME,5,1,5,FROM,0.01950199343264103,0.01950199343264103,0.09505473694322776,0.0,0.0,0.20516592264175415,5,0.140752688172043,0.7948340773582458,closer from time to time.,32,4.03298435819961
102,DEATH OF A FRIEND,4,0,1,DEATH,0.1005382090806961,0.1005382090806961,0.45985675666075015,0.09604865312576294,0.13397459621556118,0.09604865312576294,1,0.3417912844036698,0.7959854006767273,Death of a Friend.,16,2.3923235550000754
102,DEATH OF A FRIEND,4,3,2,FRIEND,0.06438903510570526,0.06438903510570526,0.29451223687960076,1.1920928955078125e-07,0.0,0.2040145993232727,2,0.6782752293577983,0.7959854006767273,Death of a Friend.,16,2.3923235550000754
102,DEATH OF A FRIEND,4,2,3,A,0.0463947094976902,0.0463947094976902,0.21220708853786355,1.1920928955078125e-07,0.0,0.2040145993232727,3,0.020137614678899074,0.7959854006767273,Death of a Friend.,16,2.3923235550000754
102,DEATH OF A FRIEND,4,1,4,OF,-0.007307450287044048,0.007307450287044048,0.033423913347835385,1.1920928955078125e-07,0.0,0.2040145993232727,4,0.06041284403669722,0.7959854006767273,Death of a Friend.,16,2.3923235550000754
109,ELEVEN P M MAJOR,4,0,1,ELEVEN,0.10535165667533875,0.10535165667533875,0.6554237820360138,0.1017187237739563,0.18350341907227385,0.1017187237739563,1,0.4824166666666667,0.8423324823379517,11 PM Major,16,2.194249835500159
109,ELEVEN P M MAJOR,4,3,2,MAJOR,0.053339388221502304,0.053339388221502304,0.33184009310228385,0.049706459045410156,0.18350341907227385,0.15766751766204834,2,0.72925,0.8423324823379517,11 PM Major,16,2.194249835500159
109,ELEVEN P M MAJOR,4,1,3,P,-0.0015353858470916748,0.0015353858470916748,0.009552088980305146,5.960464477539063e-08,-2.220446049250313e-16,0.15766751766204834,3,0.09256845238095235,0.8423324823379517,11 PM Major,16,2.194249835500159
109,ELEVEN P M MAJOR,4,2,4,M,0.0005117952823638916,0.0005117952823638916,0.0031840296601017156,5.960464477539063e-08,-2.220446049250313e-16,0.15766751766204834,4,0.10059523809523818,0.8423324823379517,11 PM Major,16,2.194249835500159
110,EMILY AT THIS TIME,4,0,1,EMILY,0.11641598492860794,0.11641598492860794,0.4964520105923459,0.09107017517089844,0.13397459621556118,0.09107017517089844,1,0.4618214285714285,0.7655040621757507,"Emily, at this time,",16,2.376660591250584
110,EMILY AT THIS TIME,4,3,2,TIME,0.055137503892183304,0.055137503892183304,0.23513201115039534,0.0,0.0,0.13875573873519897,2,0.3210952380952381,0.7655040621757507,"Emily, at this time,",16,2.376660591250584
110,EMILY AT THIS TIME,4,1,3,AT,0.033235616981983185,0.033235616981983185,0.14173215889640256,0.023796379566192627,0.13397459621556118,0.18385517597198486,3,0.2656994047619048,0.7655040621757507,"Emily, at this time,",16,2.376660591250584
110,EMILY AT THIS TIME,4,2,4,THIS,0.029706841334700584,0.029706841334700584,0.12668381509639018,0.0,0.0,0.23449593782424927,4,0.18085714285714283,0.7655040621757507,"Emily, at this time,",16,2.376660591250584
111,END IN I AND FIVE IN T,7,4,1,FIVE,0.06996230781078339,0.06996230781078339,0.3001981554266359,0.07930624485015869,0.16666666666666674,0.07930624485015869,1,0.4844249999999999,0.7669462561607361,end in I and five in T.,128,11.830708848143072
111,END IN I AND FIVE IN T,7,5,2,IN,0.05640173703432083,0.05640173703432083,0.24201170530786273,0.050862133502960205,0.2440710539815456,0.17944061756134033,2,0.48240000000000016,0.7669462561607361,end in I and five in T.,128,11.830708848143072
111,END IN I AND FIVE IN T,7,2,3,I,0.04161614552140236,0.04161614552140236,0.17856886818656184,0.0601198673248291,0.11808289631180324,0.17548513412475586,3,0.4421999999999999,0.7669462561607361,end in I and five in T.,128,11.830708848143072
111,END IN I AND FIVE IN T,7,1,4,IN,0.02596987970173359,0.02596987970173359,0.11143300195581073,0.033653438091278076,0.05719095841793653,0.2035292387008667,4,0.09045000000000003,0.7669462561607361,end in I and five in T.,128,11.830708848143072
111,END IN I AND FIVE IN T,7,0,5,END,0.02321467734873295,0.02321467734873295,0.0996108267006023,0.033653438091278076,0.05719095841793653,0.2035292387008667,5,0.23078750000000003,0.7669462561607361,end in I and five in T.,128,11.830708848143072
111,END IN I AND FIVE IN T,7,3,6,AND,0.012335690669715405,0.012335690669715405,0.05293066653800914,0.018074512481689453,0.17504208861569448,0.18045228719711304,6,0.48239999999999994,0.7669462561607361,end in I and five in T.,128,11.830708848143072
111,END IN I AND FIVE IN T,7,6,7,T,0.00355331739410758,0.00355331739410758,0.015246771593661815,0.0,-2.220446049250313e-16,0.23305374383926392,7,0.020099999999999785,0.7669462561607361,end in I and five in T.,128,11.830708848143072
113,EVER YOUR'S W H,4,1,1,YOUR'S,0.09720076620578766,0.09720076620578766,0.43313668615042744,0.12822377681732178,1.0,0.12822377681732178,1,0.4622115384615386,0.7755885720252991,"Ever yours, W.H.",16,2.2429817312504383
113,EVER YOUR'S W H,4,2,2,W,0.06522732228040695,0.06522732228040695,0.2906597069326309,0.06580972671508789,0.2928932188134524,0.15303313732147217,2,0.9909903846153849,0.7755885720252991,"Ever yours, W.H.",16,2.2429817312504383
113,EVER YOUR'S W H,4,0,3,EVER,0.05365538224577904,0.05365538224577904,0.23909394305461162,0.0715867280960083,0.6464466094067263,0.1911001205444336,3,0.300875,0.7755885720252991,"Ever yours, W.H.",16,2.2429817312504383
113,EVER YOUR'S W H,4,3,4,H,0.008327826857566833,0.008327826857566833,0.03710965940622645,1.1920928955078125e-07,0.0,0.22441142797470093,4,0.020096153846154152,0.7755885720252991,"Ever yours, W.H.",16,2.2429817312504383
116,FACE AND FIGURE I,4,0,1,FACE,0.09912702441215515,0.09912702441215515,0.5468056007602754,0.10923278331756592,0.33333333333333315,0.10923278331756592,1,0.36049337748344373,0.8249810338020325,Face and figure.,16,2.2518284589996256
116,FACE AND FIGURE I,4,2,2,FIGURE,0.06735531240701675,0.06735531240701675,0.371546127643055,0.04908877611160278,0.18350341907227385,0.16947221755981445,2,0.30452359271523155,0.8249810338020325,Face and figure.,16,2.2518284589996256
116,FACE AND FIGURE I,4,1,3,AND,0.011669069528579712,0.011669069528579712,0.06436905184764163,0.0,-2.220446049250313e-16,0.21482568979263306,3,0.2123613410596027,0.8249810338020325,Face and figure.,16,2.2518284589996256
116,FACE AND FIGURE I,4,3,4,I,-0.0031324424780905247,0.0031324424780905247,0.017279214232816854,0.03130829334259033,-2.220446049250313e-16,0.17501896619796753,4,1.2020902317880797,0.8249810338020325,Face and figure.,16,2.2518284589996256
117,FOR ASKED THE INCAS,4,3,1,INCAS,0.09595555067062378,0.09595555067062378,0.44926111944508856,0.09857946634292603,0.13397459621556118,0.09857946634292603,1,0.4231818181818181,0.7864149808883667,"4. Ask the Incas,",16,2.3536482959998466
117,FOR ASKED THE INCAS,4,1,2,ASKED,0.0737791433930397,0.0737791433930397,0.34543182047106114,0.0969088077545166,0.42264973081037416,0.16560125350952148,2,0.22187500000000004,0.7864149808883667,"4. Ask the Incas,",16,2.3536482959998466
117,FOR ASKED THE INCAS,4,0,3,FOR,0.037086401134729385,0.037086401134729385,0.17363745998571958,0.03775399923324585,0.13397459621556118,0.22081398963928223,3,0.30137499999999995,0.7864149808883667,"4. Ask the Incas,",16,2.3536482959998466
117,FOR ASKED THE INCAS,4,2,4,THE,0.006764158606529236,0.006764158606529236,0.031669595416159574,0.03046739101409912,0.25,0.2135850191116333,4,0.06051136363636345,0.7864149808883667,"4. Ask the Incas,",16,2.3536482959998466
127,HAM TO BE OR NOT TO BE,7,2,1,BE,0.06021322309970856,0.06021322309970856,0.41260085269164,0.05957919359207153,0.25379749275536345,0.05957919359207153,1,0.24224299065420563,0.8618372678756714,"Ham, to be or not to be.",128,13.456617860428585
127,HAM TO BE OR NOT TO BE,7,0,2,HAM,0.03170505166053772,0.03170505166053772,0.2172534648761175,0.05554986000061035,0.04653741075440754,0.1145734190940857,2,0.26173773364485975,0.8618372678756714,"Ham, to be or not to be.",128,13.456617860428585
127,HAM TO BE OR NOT TO BE,7,3,3,OR,0.02815321274101734,0.02815321274101734,0.19291509381116526,0.0,0.0,0.1145734190940857,3,0.1433668224299065,0.8618372678756714,"Ham, to be or not to be.",128,13.456617860428585
127,HAM TO BE OR NOT TO BE,7,6,4,BE,0.016356801614165306,0.016356801614165306,0.1120821963331384,0.0,0.0,0.13650506734848022,4,0.2424252336448598,0.8618372678756714,"Ham, to be or not to be.",128,13.456617860428585
127,HAM TO BE OR NOT TO BE,7,4,5,NOT,0.00562096294015646,0.00562096294015646,0.03851669089721737,0.0,0.0,0.13650506734848022,5,0.1413084112149534,0.8618372678756714,"Ham, to be or not to be.",128,13.456617860428585
127,HAM TO BE OR NOT TO BE,7,1,6,TO,-0.0029593277722597122,0.0029593277722597122,0.02027828937518408,0.0,0.0,0.20716655254364014,6,0.1349760514018692,0.8618372678756714,"Ham, to be or not to be.",128,13.456617860428585
127,HAM TO BE OR NOT TO BE,7,5,7,TO,-0.0009271890739910305,0.0009271890739910305,0.006353405163207796,0.02836894989013672,0.09546596626670911,0.1381627321243286,7,0.04037383177570075,0.8618372678756714,"Ham, to be or not to be.",128,13.456617860428585
134,HE COULD WAIT NO LONGER,5,2,1,WAIT,0.07831446081399918,0.07831446081399918,0.33409283832092673,0.07800883054733276,0.19999999999999984,0.07800883054733276,1,0.18844711538461545,0.7655906081199646,He could wait no longer.,32,4.054784339400067
134,HE COULD WAIT NO LONGER,5,4,2,LONGER,0.04975931718945503,0.04975931718945503,0.21227537468743743,1.1920928955078125e-07,-2.220446049250313e-16,0.07800883054733276,2,0.44081249999999983,0.7655906081199646,He could wait no longer.,32,4.054784339400067
134,HE COULD WAIT NO LONGER,5,0,3,HE,0.04096668213605881,0.04096668213605881,0.1747656176032884,1.1920928955078125e-07,-2.220446049250313e-16,0.07800883054733276,3,0.14014903846153848,0.7655906081199646,He could wait no longer.,32,4.054784339400067
134,HE COULD WAIT NO LONGER,5,1,4,COULD,0.0369497649371624,0.0369497649371624,0.15762927708162125,1.1920928955078125e-07,-2.220446049250313e-16,0.2282276153564453,4,0.14033653846153848,0.7655906081199646,He could wait no longer.,32,4.054784339400067
134,HE COULD WAIT NO LONGER,5,3,5,NO,0.028419051319360733,0.028419051319360733,0.1212368880406834,1.1920928955078125e-07,-2.220446049250313e-16,0.2344093918800354,5,0.09021634615384633,0.7655906081199646,He could wait no longer.,32,4.054784339400067
139,HE LOOKED ROUND THE ROOM,5,1,1,LOOKED,0.06949719041585922,0.06949719041585922,0.29107741167878476,0.015226960182189941,0.19999999999999984,0.015226960182189941,1,0.19106741573033714,0.7612415552139282,He looked round the room.,32,4.072017796999717
139,HE LOOKED ROUND THE ROOM,5,0,2,HE,0.05256006494164467,0.05256006494164467,0.22013908144107552,0.015226960182189941,0.19999999999999984,0.1296411156654358,2,0.12025842696629213,0.7612415552139282,He looked round the room.,32,4.072017796999717
139,HE LOOKED ROUND THE ROOM,5,2,3,ROUND,0.04489440098404884,0.04489440098404884,0.1880327241880036,0.015226960182189941,0.19999999999999984,0.14154726266860962,3,0.23129213483146072,0.7612415552139282,He looked round the room.,32,4.072017796999717
139,HE LOOKED ROUND THE ROOM,5,4,4,ROOM,0.03647550940513611,0.03647550940513611,0.1527715984456452,0.0,-2.220446049250313e-16,0.25784552097320557,4,0.3816713483146068,0.7612415552139282,He looked round the room.,32,4.072017796999717
139,HE LOOKED ROUND THE ROOM,5,3,5,THE,0.035331279039382935,0.035331279039382935,0.14797918005815744,0.015226960182189941,0.19999999999999984,0.23875844478607178,5,0.0703932584269662,0.7612415552139282,He looked round the room.,32,4.072017796999717
143,HE SAID THEY ARE NICE,5,4,1,NICE,0.12698613107204437,0.12698613107204437,0.6243278215761673,0.1392902135848999,0.19999999999999984,0.1392902135848999,1,0.4225149253731344,0.7966034412384033,"He said, ""They are nice.""",32,4.18524033539943
143,HE SAID THEY ARE NICE,5,1,2,SAID,0.05130573362112045,0.05130573362112045,0.25224484465841734,0.03593146800994873,0.19999999999999984,0.19157743453979492,2,0.20149253731343275,0.7966034412384033,"He said, ""They are nice.""",32,4.18524033539943
143,HE SAID THEY ARE NICE,5,3,3,ARE,0.010661020874977112,0.010661020874977112,0.052414951794037275,0.013112068176269531,-2.220446049250313e-16,0.19157743453979492,3,0.23811380597014908,0.7966034412384033,"He said, ""They are nice.""",32,4.18524033539943
143,HE SAID THEY ARE NICE,5,0,4,HE,0.0089971162378788,0.0089971162378788,0.04423435798729545,0.0,-2.220446049250313e-16,0.24617701768875122,4,0.1203292910447761,0.7966034412384033,"He said, ""They are nice.""",32,4.18524033539943
143,HE SAID THEY ARE NICE,5,2,5,THEY,0.005446556955575943,0.005446556955575943,0.026778019067578682,0.018904387950897217,0.10557280900008403,0.20339655876159668,5,0.6649253731343283,0.7966034412384033,"He said, ""They are nice.""",32,4.18524033539943
144,HE SAID WHY YOU,4,2,1,WHY,0.09069496393203735,0.09069496393203735,0.4507306534246543,0.08308064937591553,0.18350341907227385,0.08308064937591553,1,0.7787432432432435,0.7987823486328125,"He said, Why?",16,2.331500149749445
144,HE SAID WHY YOU,4,0,2,HE,0.07411736249923706,0.07411736249923706,0.3683442363395914,0.05339813232421875,0.33333333333333315,0.12006676197052002,2,0.2404375,0.7987823486328125,"He said, Why?",16,2.331500149749445
144,HE SAID WHY YOU,4,1,3,SAID,0.036405324935913086,0.036405324935913086,0.1809251052660114,0.014960169792175293,-2.220446049250313e-16,0.2012176513671875,3,0.3624324324324324,0.7987823486328125,"He said, Why?",16,2.331500149749445
144,HE SAID WHY YOU,4,3,4,YOU,0.0,0.0,0.0,0.0,-2.220446049250313e-16,0.2012176513671875,4,-0.00359628378378396,0.7987823486328125,"He said, Why?",16,2.331500149749445
147,HE TECK DAT TIME TOO,5,3,1,TIME,0.10107489675283432,0.10107489675283432,0.38896264635155114,0.10832327604293823,0.18350341907227385,0.10832327604293823,1,0.4422680412371134,0.7401425242424011,"He'd take that time, too.",32,3.764931098600209
147,HE TECK DAT TIME TOO,5,1,2,TECK,0.04834564030170441,0.04834564030170441,0.1860466722740811,0.05488777160644531,0.26970325665977835,0.14114820957183838,2,0.21684149484536075,0.7401425242424011,"He'd take that time, too.",32,3.764931098600209
147,HE TECK DAT TIME TOO,5,0,3,HE,0.04696241766214371,0.04696241766214371,0.18072366967243045,0.07169967889785767,0.18350341907227385,0.2144678831100464,3,0.20068041237113404,0.7401425242424011,"He'd take that time, too.",32,3.764931098600209
147,HE TECK DAT TIME TOO,5,2,4,DAT,0.03923459351062775,0.03923459351062775,0.15098498055100137,0.01070016622543335,0.08712907082472299,0.23564201593399048,4,0.16082474226804122,0.7401425242424011,"He'd take that time, too.",32,3.764931098600209
147,HE TECK DAT TIME TOO,5,4,5,TOO,0.02424004301428795,0.02424004301428795,0.09328202730267424,0.011891365051269531,0.08712907082472299,0.2598574757575989,5,0.28097422680412354,0.7401425242424011,"He'd take that time, too.",32,3.764931098600209
148,HE TOLD ME IN CONFIDENCE,5,4,1,CONFIDENCE,0.13028602302074432,0.13028602302074432,0.47481991154748115,0.10886454582214355,0.10557280900008403,0.10886454582214355,1,0.7861825221238938,0.7373960018157959,He told me in confidence.,32,4.494079486400006
148,HE TOLD ME IN CONFIDENCE,5,1,2,TOLD,0.08947039395570755,0.08947039395570755,0.3260697007951747,0.03206866979598999,0.19999999999999984,0.2112588882446289,2,0.2925663716814159,0.7373960018157959,He told me in confidence.,32,4.494079486400006
148,HE TOLD ME IN CONFIDENCE,5,0,3,HE,0.04037940129637718,0.04037940129637718,0.14716040375899198,0.034969866275787354,0.10557280900008403,0.22642308473587036,3,0.20108130530973456,0.7373960018157959,He told me in confidence.,32,4.494079486400006
148,HE TOLD ME IN CONFIDENCE,5,2,4,ME,0.00836138240993023,0.00836138240993023,0.030472576906162858,0.0,-2.220446049250313e-16,0.28294509649276733,4,0.1311504424778761,0.7373960018157959,He told me in confidence.,32,4.494079486400006
148,HE TOLD ME IN CONFIDENCE,5,3,5,IN,-0.005893193185329437,0.005893193185329437,0.021477403347746733,0.0,-2.220446049250313e-16,0.2626039981842041,5,0.08070796460176988,0.7373960018157959,He told me in confidence.,32,4.494079486400006
156,HERE IS A NARROW CORNER AS,6,4,1,CORNER,0.1103215292096138,0.1103215292096138,0.5122777339787772,0.09827530384063721,0.1666666666666664,0.09827530384063721,1,0.4136936936936937,0.7950770258903503,Here is a narrow corner as...,64,7.061713566000132
156,HERE IS A NARROW CORNER AS,6,3,2,NARROW,0.09026540815830231,0.09026540815830231,0.41914718803566886,0.06656861305236816,0.08712907082472299,0.18211793899536133,2,0.3430630630630629,0.7950770258903503,Here is a narrow corner as...,64,7.061713566000132
156,HERE IS A NARROW CORNER AS,6,0,3,HERE,0.006410741712898016,0.006410741712898016,0.02976826247184066,0.0,-2.220446049250313e-16,0.20009338855743408,3,0.34239808558558565,0.7950770258903503,Here is a narrow corner as...,64,7.061713566000132
156,HERE IS A NARROW CORNER AS,6,5,4,AS,-0.0052159633487463,0.0052159633487463,0.02422031224508497,0.008813977241516113,0.08712907082472299,0.20425105094909668,4,0.2717010135135134,0.7950770258903503,Here is a narrow corner as...,64,7.061713566000132
156,HERE IS A NARROW CORNER AS,6,1,5,IS,0.0018743386026471853,0.0018743386026471853,0.008703486426921049,0.007895588874816895,-2.220446049250313e-16,0.2041548490524292,5,0.08072072072072067,0.7950770258903503,Here is a narrow corner as...,64,7.061713566000132
156,HERE IS A NARROW CORNER AS,6,2,6,A,0.001266935607418418,0.001266935607418418,0.005883012198209945,0.0,-2.220446049250313e-16,0.20492297410964966,6,0.020180180180180196,0.7950770258903503,Here is a narrow corner as...,64,7.061713566000132
157,HERE SOME OF YOU GIRLS,5,4,1,GIRLS,0.10222458839416504,0.10222458839416504,0.4366652116219407,0.06263530254364014,0.19999999999999984,0.06263530254364014,1,0.44262132352941186,0.767053484916687,"Here, some of you girls.",32,3.9401142367998547
157,HERE SOME OF YOU GIRLS,5,0,2,HERE,0.06154843792319298,0.06154843792319298,0.26291190889515015,0.021783053874969482,0.10557280900008403,0.0895237922668457,2,0.3217830882352941,0.767053484916687,"Here, some of you girls.",32,3.9401142367998547
157,HERE SOME OF YOU GIRLS,5,3,3,YOU,0.03779195249080658,0.03779195249080658,0.1614330875891924,5.960464477539063e-08,-2.220446049250313e-16,0.10128414630889893,3,0.10073529411764692,0.767053484916687,"Here, some of you girls.",32,3.9401142367998547
157,HERE SOME OF YOU GIRLS,5,1,4,SOME,0.03195970132946968,0.03195970132946968,0.13651989177589574,5.960464477539063e-08,-2.220446049250313e-16,0.232946515083313,4,0.16117647058823525,0.767053484916687,"Here, some of you girls.",32,3.9401142367998547
157,HERE SOME OF YOU GIRLS,5,2,5,OF,-0.0005782097578048706,0.0005782097578048706,0.0024698958461949324,5.960464477539063e-08,-2.220446049250313e-16,0.232946515083313,5,0.040294117647058814,0.767053484916687,"Here, some of you girls.",32,3.9401142367998547
163,I AM VERY GLAD,4,3,1,GLAD,0.11571575701236725,0.11571575701236725,0.9999999913581347,0.11571574211120605,0.13397459621556118,0.11571574211120605,1,0.6548750000000001,0.884284257888794,I am very glad.,16,2.3775016437502927
163,I AM VERY GLAD,4,0,2,I,0.0,0.0,0.0,0.0,0.0,0.11571574211120605,2,0.07033333333333336,0.884284257888794,I am very glad.,16,2.3775016437502927
163,I AM VERY GLAD,4,1,3,AM,0.0,0.0,0.0,0.0,0.0,0.11571574211120605,3,0.1507142857142857,0.884284257888794,I am very glad.,16,2.3775016437502927
163,I AM VERY GLAD,4,2,4,VERY,0.0,0.0,0.0,0.0,0.0,0.11571574211120605,4,0.45053869047619044,0.884284257888794,I am very glad.,16,2.3775016437502927
168,I DO THINK THIS IS,5,3,1,THIS,0.053747326135635376,0.053747326135635376,0.25844966214491244,5.960464477539063e-08,-2.220446049250313e-16,5.960464477539063e-08,1,0.14072916666666657,0.8096165657043457,I do think this is...,32,4.157274303399754
168,I DO THINK THIS IS,5,1,2,DO,0.04928252100944519,0.04928252100944519,0.23698017781196712,0.02602255344390869,0.10557280900008403,0.02602255344390869,2,0.13670833333333343,0.8096165657043457,I do think this is...,32,4.157274303399754
168,I DO THINK THIS IS,5,4,3,IS,0.048997681587934494,0.048997681587934494,0.235610497540446,5.960464477539063e-08,-2.220446049250313e-16,0.02602255344390869,3,0.16041666666666665,0.8096165657043457,I do think this is...,32,4.157274303399754
168,I DO THINK THIS IS,5,2,4,THINK,0.04714442417025566,0.04714442417025566,0.22669891462266656,5.960464477539063e-08,-2.220446049250313e-16,0.16745376586914062,4,0.14881250000000001,0.8096165657043457,I do think this is...,32,4.157274303399754
168,I DO THINK THIS IS,5,0,5,I,-0.00878856610506773,0.00878856610506773,0.04226074307140289,5.960464477539063e-08,-2.220446049250313e-16,0.1903834342956543,5,0.1805416666666667,0.8096165657043457,I do think this is...,32,4.157274303399754
170,I GIVE MY CONSENT,4,3,1,CONSENT,0.12557452917099,0.12557452917099,0.7111340600566516,0.13851875066757202,0.42264973081037416,0.13851875066757202,1,0.7655588842975207,0.8730317950248718,I give my consent.,16,2.3785195714999645
170,I GIVE MY CONSENT,4,1,2,GIVE,0.026201309636235237,0.026201309636235237,0.14837916433710915,0.019132614135742188,0.25,0.1537579894065857,2,0.254161673553719,0.8730317950248718,I give my consent.,16,2.3785195714999645
170,I GIVE MY CONSENT,4,2,3,MY,-0.015172135084867477,0.015172135084867477,0.08592046566973975,0.0,0.0,0.15536153316497803,3,0.3226446280991737,0.8730317950248718,I give my consent.,16,2.3785195714999645
170,I GIVE MY CONSENT,4,0,4,I,-0.009635508060455322,0.009635508060455322,0.054566304273455754,0.0,0.0,0.12696820497512817,4,0.04101704545454543,0.8730317950248718,I give my consent.,16,2.3785195714999645
171,I GRANT SAID THE SENATOR,5,4,1,SENATOR,0.11450053751468658,0.11450053751468658,0.46806367001191235,0.11332732439041138,0.32917960675006297,0.11332732439041138,1,0.6013090596330275,0.755374014377594,"I grant, said the Senator,",32,4.070015036399854
171,I GRANT SAID THE SENATOR,5,1,2,GRANT,0.07536356896162033,0.07536356896162033,0.30807670810145554,0.056868910789489746,0.26970325665977835,0.20887744426727295,2,0.39774197247706444,0.755374014377594,"I grant, said the Senator,",32,4.070015036399854
171,I GRANT SAID THE SENATOR,5,0,3,I,0.02503914013504982,0.02503914013504982,0.10235682801096646,0.023064374923706055,0.10557280900008403,0.24039292335510254,3,0.12474254587155975,0.755374014377594,"I grant, said the Senator,",32,4.070015036399854
171,I GRANT SAID THE SENATOR,5,2,4,SAID,0.023553503677248955,0.023553503677248955,0.09628373466280138,0.035985350608825684,0.10557280900008403,0.21446776390075684,4,0.19367431192660556,0.755374014377594,"I grant, said the Senator,",32,4.070015036399854
171,I GRANT SAID THE SENATOR,5,3,5,THE,0.0061692362651228905,0.0061692362651228905,0.02521905512499119,0.0,-2.220446049250313e-16,0.244625985622406,5,0.09082568807339464,0.755374014377594,"I grant, said the Senator,",32,4.070015036399854
174,I KNEW YOU ALSO,4,3,1,ALSO,0.05738154053688049,0.05738154053688049,0.5977775826820404,0.05696094036102295,0.25,0.05696094036102295,1,0.5360927197802199,0.943039059638977,I knew you also.,16,2.39026942449982
174,I KNEW YOU ALSO,4,1,2,KNEW,0.01909465715289116,0.01909465715289116,0.19892038255162087,0.028011083602905273,0.25,0.0866544246673584,2,0.22181318681318674,0.943039059638977,I knew you also.,16,2.39026942449982
174,I KNEW YOU ALSO,4,0,3,I,-0.009757628664374352,0.009757628664374352,0.10165101217437246,0.0,0.0,0.0866544246673584,3,0.13044230769230758,0.943039059638977,I knew you also.,16,2.39026942449982
174,I KNEW YOU ALSO,4,2,4,YOU,-0.009757628664374352,0.009757628664374352,0.10165101217437246,0.0,0.0,0.05696094036102295,4,0.11090659340659359,0.943039059638977,I knew you also.,16,2.39026942449982
177,I NEVER HAD ANY FAMILY,5,4,1,FAMILY,0.09051433205604553,0.09051433205604553,0.32719000181837327,0.08463579416275024,0.19999999999999984,0.08463579416275024,1,0.5626149635036499,0.7281159162521362,I never had any family.,32,3.9587337621996994
177,I NEVER HAD ANY FAMILY,5,1,2,NEVER,0.07552981376647949,0.07552981376647949,0.27302416470680063,0.0,-2.220446049250313e-16,0.060734331607818604,2,0.3016423357664233,0.7281159162521362,I never had any family.,32,3.9587337621996994
177,I NEVER HAD ANY FAMILY,5,3,3,ANY,0.07325788587331772,0.07325788587331772,0.2648116300218566,0.0,-2.220446049250313e-16,0.24088966846466064,3,0.20109489051094864,0.7281159162521362,I never had any family.,32,3.9587337621996994
177,I NEVER HAD ANY FAMILY,5,0,4,I,0.034960757941007614,0.034960757941007614,0.12637568210973701,0.021435678005218506,0.10557280900008403,0.24227839708328247,4,0.18056660583941597,0.7281159162521362,I never had any family.,32,3.9587337621996994
177,I NEVER HAD ANY FAMILY,5,2,5,HAD,-0.002378706820309162,0.002378706820309162,0.008598517728445736,0.0,-2.220446049250313e-16,0.27188408374786377,5,0.24533713503649635,0.7281159162521362,I never had any family.,32,3.9587337621996994
187,I WILL PRACTICE IT,4,2,1,PRACTICE,0.142414391040802,0.142414391040802,0.6244650275504033,0.12678349018096924,0.5,0.12678349018096924,1,0.4040816326530612,0.7719416618347168,I will practice it.,16,2.2747542042498026
187,I WILL PRACTICE IT,4,0,2,I,0.078434519469738,0.078434519469738,0.3439232089089918,1.1920928955078125e-07,0.0,0.24708008766174316,2,0.14062627551020412,0.7719416618347168,I will practice it.,16,2.2747542042498026
187,I WILL PRACTICE IT,4,1,3,WILL,0.0065101683139801025,0.0065101683139801025,0.02854607884664276,1.1920928955078125e-07,0.0,0.24708008766174316,3,0.1536505102040816,0.7719416618347168,I will practice it.,16,2.2747542042498026
187,I WILL PRACTICE IT,4,3,4,IT,0.0006991536356508732,0.0006991536356508732,0.0030656803091170842,1.1920928955078125e-07,0.0,0.2280583381652832,4,0.3022308673469387,0.7719416618347168,I will practice it.,16,2.2747542042498026
193,IF NOT A CHASTENED PERFORMER,5,4,1,PERFORMER,0.06030398607254028,0.06030398607254028,0.3349270882483961,0.08142304420471191,0.5999999999999999,0.08142304420471191,1,0.73925,0.8268492221832275,"If not a Chasen performer,",32,3.9681177544000095
193,IF NOT A CHASTENED PERFORMER,5,0,2,IF,0.057861655950546265,0.057861655950546265,0.32136243739236775,0.08613818883895874,0.10557280900008403,0.12449288368225098,2,0.15653750000000005,0.8268492221832275,"If not a Chasen performer,",32,3.9681177544000095
193,IF NOT A CHASTENED PERFORMER,5,3,3,CHASTENED,0.0380106084048748,0.0380106084048748,0.21111013093364578,0.057337164878845215,0.10557280900008403,0.1779809594154358,3,0.44220000000000015,0.8268492221832275,"If not a Chasen performer,",32,3.9681177544000095
193,IF NOT A CHASTENED PERFORMER,5,1,4,NOT,0.02042468637228012,0.02042468637228012,0.11343828460734971,0.051957011222839355,0.4522774424948337,0.17875158786773682,4,0.1809,0.8268492221832275,"If not a Chasen performer,",32,3.9681177544000095
193,IF NOT A CHASTENED PERFORMER,5,2,5,A,-0.003450148506090045,0.003450148506090045,0.019162053264261368,0.007650494575500488,-2.220446049250313e-16,0.17315077781677246,5,0.020100000000000007,0.8268492221832275,"If not a Chasen performer,",32,3.9681177544000095
201,IN VAIN IF NONE REGARD,5,1,1,VAIN,0.11357554793357849,0.11357554793357849,0.41242322437809337,5.960464477539063e-08,-2.220446049250313e-16,5.960464477539063e-08,1,0.28143637387387377,0.7246140241622925,in vain if none regard.,32,4.349854787199729
201,IN VAIN IF NONE REGARD,5,4,2,REGARD,0.07075972855091095,0.07075972855091095,0.2569475202721643,0.044629812240600586,0.10557280900008403,0.0978691577911377,2,0.501838963963964,0.7246140241622925,in vain if none regard.,32,4.349854787199729
201,IN VAIN IF NONE REGARD,5,3,3,NONE,0.04585631936788559,0.04585631936788559,0.1665165736455462,0.020850658416748047,0.209430584957905,0.2521859407424927,3,0.21094594594594596,0.7246140241622925,in vain if none regard.,32,4.349854787199729
201,IN VAIN IF NONE REGARD,5,2,4,IF,0.041127175092697144,0.041127175092697144,0.1493437845548604,5.960464477539063e-08,-2.220446049250313e-16,0.2464534044265747,4,0.10039076576576567,0.7246140241622925,in vain if none regard.,32,4.349854787199729
201,IN VAIN IF NONE REGARD,5,0,5,IN,0.00406714528799057,0.00406714528799057,0.014768893518067922,5.960464477539063e-08,-2.220446049250313e-16,0.2753859758377075,5,0.1604746621621621,0.7246140241622925,in vain if none regard.,32,4.349854787199729
206,IT HAS JUST BEEN STATED,5,4,1,STATED,0.10154028236865997,0.10154028236865997,0.41851231680572376,0.08724415302276611,0.10557280900008403,0.08724415302276611,1,0.4434622093023257,0.7573779821395874,"It has just been stated,",32,4.169564457600063
206,IT HAS JUST BEEN STATED,5,2,2,JUST,0.05394664779305458,0.05394664779305458,0.22234856970165437,0.038820743560791016,0.10557280900008403,0.20065438747406006,2,0.18156976744186049,0.7573779821395874,"It has just been stated,",32,4.169564457600063
206,IT HAS JUST BEEN STATED,5,3,3,BEEN,0.045801304280757904,0.045801304280757904,0.18877640991453615,5.960464477539063e-08,-2.220446049250313e-16,0.13611197471618652,3,0.1613953488372093,0.7573779821395874,"It has just been stated,",32,4.169564457600063
206,IT HAS JUST BEEN STATED,5,0,4,IT,0.03507205843925476,0.03507205843925476,0.14455433932384437,5.960464477539063e-08,-2.220446049250313e-16,0.20446664094924927,4,0.11658139534883716,0.7573779821395874,"It has just been stated,",32,4.169564457600063
206,IT HAS JUST BEEN STATED,5,1,5,HAS,0.006261675152927637,0.006261675152927637,0.025808360132603046,5.960464477539063e-08,-2.220446049250313e-16,0.2426220178604126,5,0.1412209302325581,0.7573779821395874,"It has just been stated,",32,4.169564457600063
207,IT IS A DUTY SAID I,6,3,1,DUTY,0.11748615652322769,0.11748615652322769,0.5401939865221129,0.11161446571350098,0.1666666666666664,0.11161446571350098,1,0.3432075471698114,0.7846116423606873,"""It is a duty,"" said I.",64,7.209179819500302
207,IT IS A DUTY SAID I,6,4,2,SAID,0.09172128140926361,0.09172128140926361,0.4217287050631441,0.0861629843711853,0.18350341907227385,0.21538835763931274,2,0.4643396226415095,0.7846116423606873,"""It is a duty,"" said I.",64,7.209179819500302
207,IT IS A DUTY SAID I,6,5,3,I,0.004966970533132553,0.004966970533132553,0.022837819302568372,0.0,-2.220446049250313e-16,0.21538835763931274,3,0.020188679245283003,0.7846116423606873,"""It is a duty,"" said I.",64,7.209179819500302
207,IT IS A DUTY SAID I,6,1,4,IS,0.001784649444743991,0.001784649444743991,0.008205706328559076,0.010840177536010742,-2.220446049250313e-16,0.20780664682388306,4,0.12113207547169813,0.7846116423606873,"""It is a duty,"" said I.",64,7.209179819500302
207,IT IS A DUTY SAID I,6,2,5,A,-0.0010502279037609696,0.0010502279037609696,0.0048288820987793255,0.0,-2.220446049250313e-16,0.20780664682388306,5,0.020188679245283003,0.7846116423606873,"""It is a duty,"" said I.",64,7.209179819500302
207,IT IS A DUTY SAID I,6,0,6,IT,0.0004795402637682855,0.0004795402637682855,0.002204896086898894,0.0,-2.220446049250313e-16,0.21538835763931274,6,0.13050707547169815,0.7846116423606873,"""It is a duty,"" said I.",64,7.209179819500302
208,IT IS A VERY STUPID STORY,6,4,1,STUPID,0.14775370061397552,0.14775370061397552,0.7740212304527224,0.17048728466033936,0.1666666666666664,0.17048728466033936,1,0.4493633982035927,0.8779197335243225,It is a very stupid story.,64,7.297626293166104
208,IT IS A VERY STUPID STORY,6,3,2,VERY,-0.011695879511535168,0.011695879511535168,0.061269931061807587,-1.1920928955078125e-07,-2.220446049250313e-16,0.11954343318939209,2,0.34097005988023943,0.8779197335243225,It is a very stupid story.,64,7.297626293166104
208,IT IS A VERY STUPID STORY,6,1,3,IS,-0.01158809568732977,0.01158809568732977,0.06070529567272636,-1.1920928955078125e-07,-2.220446049250313e-16,0.11954343318939209,3,0.16872305389221554,0.8779197335243225,It is a very stupid story.,64,7.297626293166104
208,IT IS A VERY STUPID STORY,6,0,4,IT,-0.011121334508061409,0.011121334508061409,0.05826012468341384,-1.1920928955078125e-07,-2.220446049250313e-16,0.11954343318939209,4,0.0764999999999999,0.8779197335243225,It is a very stupid story.,64,7.297626293166104
208,IT IS A VERY STUPID STORY,6,5,5,STORY,0.006983533967286348,0.006983533967286348,0.03658387933300997,-1.1920928955078125e-07,-2.220446049250313e-16,0.12208026647567749,5,0.6378821107784431,0.8779197335243225,It is a very stupid story.,64,7.297626293166104
208,IT IS A VERY STUPID STORY,6,2,6,A,0.00174847268499434,0.00174847268499434,0.009159533557728606,-1.1920928955078125e-07,-2.220446049250313e-16,0.12208026647567749,6,0.020059880239520878,0.8779197335243225,It is a very stupid story.,64,7.297626293166104
209,IT IS IN FACT STATED,5,3,1,FACT,0.06772584468126297,0.06772584468126297,0.3148619348312623,0.0025307536125183105,-2.220446049250313e-16,0.0025307536125183105,1,0.36363636363636354,0.7849029302597046,"It is, in fact, stated,",32,4.267062363400328
209,IT IS IN FACT STATED,5,4,2,STATED,0.06429359316825867,0.06429359316825867,0.2989051703597658,0.03220105171203613,0.10557280900008403,0.05253511667251587,2,0.5353535353535355,0.7849029302597046,"It is, in fact, stated,",32,4.267062363400328
209,IT IS IN FACT STATED,5,1,3,IS,0.03834184259176254,0.03834184259176254,0.1782537641317599,0.0025307536125183105,-2.220446049250313e-16,0.05253511667251587,3,0.26262626262626254,0.7849029302597046,"It is, in fact, stated,",32,4.267062363400328
209,IT IS IN FACT STATED,5,0,4,IT,0.034410785883665085,0.034410785883665085,0.15997802129136957,0.0030913949012756348,-2.220446049250313e-16,0.24691206216812134,4,0.140655303030303,0.7849029302597046,"It is, in fact, stated,",32,4.267062363400328
209,IT IS IN FACT STATED,5,2,5,IN,0.010324891656637192,0.010324891656637192,0.048001104736776226,0.0025307536125183105,-2.220446049250313e-16,0.2150970697402954,5,0.12121212121212122,0.7849029302597046,"It is, in fact, stated,",32,4.267062363400328
210,IT IS PERHAPS WELL,4,2,1,PERHAPS,0.10634198784828186,0.10634198784828186,0.41863446129820325,0.04980701208114624,0.13397459621556118,0.04980701208114624,1,0.4653070652173913,0.7459788918495178,It is perhaps well.,16,2.2108962689999316
210,IT IS PERHAPS WELL,4,3,2,WELL,0.08518712222576141,0.08518712222576141,0.33535450807450756,0.06513822078704834,0.13397459621556118,0.1668274998664856,2,0.3567499999999999,0.7459788918495178,It is perhaps well.,16,2.2108962689999316
210,IT IS PERHAPS WELL,4,0,3,IT,0.0318981409072876,0.0318981409072876,0.12557279871604615,0.003912866115570068,0.0,0.1668274998664856,3,0.16021739130434787,0.7459788918495178,It is perhaps well.,16,2.2108962689999316
210,IT IS PERHAPS WELL,4,1,4,IS,0.03059385158121586,0.03059385158121586,0.1204382279745621,0.0,0.0,0.2540211081504822,4,0.14038043478260875,0.7459788918495178,It is perhaps well.,16,2.2108962689999316
211,IT IS REMARKED BY,4,2,1,REMARKED,0.15275076031684875,0.15275076031684875,0.9463563903874282,0.1584720015525818,0.25,0.1584720015525818,1,0.3411333333333332,0.8410277366638184,It is remarked by,16,2.3529305169995496
211,IT IS REMARKED BY,4,1,2,IS,0.007439981214702129,0.007439981214702129,0.046093870513580396,1.1920928955078125e-07,0.0,0.1584720015525818,2,0.09029999999999994,0.8410277366638184,It is remarked by,16,2.3529305169995496
211,IT IS REMARKED BY,4,0,3,IT,-0.0008673171978443861,0.0008673171978443861,0.005373401552767374,1.1920928955078125e-07,0.0,0.14236247539520264,3,0.14024999999999999,0.8410277366638184,It is remarked by,16,2.3529305169995496
211,IT IS REMARKED BY,4,3,4,BY,-0.0003512802068144083,0.0003512802068144083,0.002176331350795668,1.1920928955078125e-07,0.0,0.15897226333618164,4,0.040133333333333576,0.8410277366638184,It is remarked by,16,2.3529305169995496
212,IT IS THE DELUGE,4,3,1,DELUGE,0.14760826528072357,0.14760826528072357,0.6511777972340783,0.15043580532073975,0.13397459621556118,0.15043580532073975,1,1.0643124999999998,0.7733212113380432,It is the deluge.,16,2.39979692875022
212,IT IS THE DELUGE,4,0,2,IT,0.03825419768691063,0.03825419768691063,0.16875941287803017,0.024815738201141357,0.13397459621556118,0.16862761974334717,2,0.1803970588235294,0.7733212113380432,It is the deluge.,16,2.39979692875022
212,IT IS THE DELUGE,4,1,3,IS,0.023837357759475708,0.023837357759475708,0.10515913921334559,0.005637168884277344,0.25,0.17096805572509766,3,0.3094522058823529,0.7733212113380432,It is the deluge.,16,2.39979692875022
212,IT IS THE DELUGE,4,2,4,THE,0.016979075968265533,0.016979075968265533,0.07490364626301926,0.025165915489196777,0.0,0.2266787886619568,4,0.06022058823529408,0.7733212113380432,It is the deluge.,16,2.39979692875022
214,IT SEEMS REAL STRANGE,4,3,1,STRANGE,0.12917464971542358,0.12917464971542358,0.6186348186648716,0.07995063066482544,0.25,0.07995063066482544,1,0.5812124999999999,0.7911940217018127,It seems real strange.,16,2.609274521500083
214,IT SEEMS REAL STRANGE,4,1,2,SEEMS,0.050018273293972015,0.050018273293972015,0.23954425653419625,0.017570972442626953,0.25,0.19496458768844604,2,0.28069999999999995,0.7911940217018127,It seems real strange.,16,2.609274521500083
214,IT SEEMS REAL STRANGE,4,2,3,REAL,0.023312268778681755,0.023312268778681755,0.11164559919719728,0.0,0.0,0.18206787109375,3,0.18045,0.7911940217018127,It seems real strange.,16,2.609274521500083
214,IT SEEMS REAL STRANGE,4,0,4,IT,0.006300787441432476,0.006300787441432476,0.030175320814599962,0.006741523742675781,0.13397459621556118,0.20880597829818726,4,0.1121875,0.7911940217018127,It seems real strange.,16,2.609274521500083
219,IT WAS WHITE AND HARD,5,4,1,HARD,0.12870089709758759,0.12870089709758759,0.48101715882340657,0.0681614875793457,0.19999999999999984,0.0681614875793457,1,0.5704374999999999,0.7324401140213013,It was white and hard.,32,4.144159891999879
219,IT WAS WHITE AND HARD,5,3,2,AND,0.05383716896176338,0.05383716896176338,0.2012153966063421,0.0,-2.220446049250313e-16,0.06888514757156372,2,0.12055045871559633,0.7324401140213013,It was white and hard.,32,4.144159891999879
219,IT WAS WHITE AND HARD,5,2,3,WHITE,0.051137056201696396,0.051137056201696396,0.19112377644175668,0.0,-2.220446049250313e-16,0.19193434715270996,3,0.24110091743119266,0.7324401140213013,It was white and hard.,32,4.144159891999879
219,IT WAS WHITE AND HARD,5,1,4,WAS,0.022766146808862686,0.022766146808862686,0.08508804136036563,0.0,-2.220446049250313e-16,0.2336665391921997,4,0.14064220183486242,0.7324401140213013,It was white and hard.,32,4.144159891999879
219,IT WAS WHITE AND HARD,5,0,5,IT,0.011118617840111256,0.011118617840111256,0.04155562303064791,0.0,-2.220446049250313e-16,0.26755988597869873,5,0.1263807339449542,0.7324401140213013,It was white and hard.,32,4.144159891999879
225,LED BACK TO THE STARTING POINT,6,4,1,STARTING,0.08194593340158463,0.08194593340158463,0.29262027483219877,0.0,-2.220446049250313e-16,0.0,1,0.4235,0.7199581265449524,led back to the starting point.,64,7.519044628833096
225,LED BACK TO THE STARTING POINT,6,5,2,POINT,0.07110725343227386,0.07110725343227386,0.2539164932071227,0.0,-2.220446049250313e-16,0.10679328441619873,2,0.35129166666666656,0.7199581265449524,led back to the starting point.,64,7.519044628833096
225,LED BACK TO THE STARTING POINT,6,1,3,BACK,0.04500285163521767,0.04500285163521767,0.16070043096824876,0.0,-2.220446049250313e-16,0.10679328441619873,3,0.23854166666666676,0.7199581265449524,led back to the starting point.,64,7.519044628833096
225,LED BACK TO THE STARTING POINT,6,2,4,TO,0.044493719935417175,0.044493719935417175,0.15888237543166342,0.0,-2.220446049250313e-16,0.2180391550064087,4,0.10083333333333322,0.7199581265449524,led back to the starting point.,64,7.519044628833096
225,LED BACK TO THE STARTING POINT,6,0,5,LED,0.03497360274195671,0.03497360274195671,0.1248870422412641,0.04831308126449585,0.2783121635129677,0.2243754267692566,5,0.28170833333333334,0.7199581265449524,led back to the starting point.,64,7.519044628833096
225,LED BACK TO THE STARTING POINT,6,3,6,THE,0.0025185230188071728,0.0025185230188071728,0.00899337974860779,0.0,-2.220446049250313e-16,0.2800418734550476,6,0.08066666666666644,0.7199581265449524,led back to the starting point.,64,7.519044628833096
228,LETTER FROM ADAM SMITH,4,2,1,ADAM,0.10512089729309082,0.10512089729309082,0.4508749045159413,0.05259358882904053,0.25,0.05259358882904053,1,0.3627232142857142,0.7668513059616089,Letter from Adam Smith.,16,2.2927915809996193
228,LETTER FROM ADAM SMITH,4,0,2,LETTER,0.07860317826271057,0.07860317826271057,0.33713753788685064,0.05605792999267578,0.13397459621556118,0.13973748683929443,2,0.3418839285714286,0.7668513059616089,Letter from Adam Smith.,16,2.2927915809996193
228,LETTER FROM ADAM SMITH,4,3,3,SMITH,0.03367944806814194,0.03367944806814194,0.14445479750362789,0.010844707489013672,0.0,0.20027422904968262,3,0.48281249999999987,0.7668513059616089,Letter from Adam Smith.,16,2.2927915809996193
228,LETTER FROM ADAM SMITH,4,1,4,FROM,0.015745174139738083,0.015745174139738083,0.06753275580447193,0.0,0.0,0.2331486940383911,4,0.14100000000000001,0.7668513059616089,Letter from Adam Smith.,16,2.2927915809996193
229,LIKE A BEAUTIFUL FLOWER,4,3,1,FLOWER,0.0879276916384697,0.0879276916384697,0.5961584102281464,0.06398940086364746,0.13397459621556118,0.06398940086364746,1,0.5259791666666669,0.8537665605545044,"Like a beautiful flower,",16,2.3258503835004376
229,LIKE A BEAUTIFUL FLOWER,4,2,2,BEAUTIFUL,0.05722624808549881,0.05722624808549881,0.38799959883225515,0.03077387809753418,0.13397459621556118,0.13922381401062012,2,0.4246388888888889,0.8537665605545044,"Like a beautiful flower,",16,2.3258503835004376
229,LIKE A BEAUTIFUL FLOWER,4,1,3,A,0.0017080208053812385,0.0017080208053812385,0.011580549301344074,0.0,0.0,0.1462334394454956,3,0.02022222222222214,0.8537665605545044,"Like a beautiful flower,",16,2.3258503835004376
229,LIKE A BEAUTIFUL FLOWER,4,0,4,LIKE,-0.0006285210838541389,0.0006285210838541389,0.004261434858155867,0.0,0.0,0.1462334394454956,4,0.24182638888888897,0.8537665605545044,"Like a beautiful flower,",16,2.3258503835004376
230,LIMITATIONS OF THIS SYSTEM,4,0,1,LIMITATIONS,0.12756894528865814,0.12756894528865814,0.6641212976734945,0.11478352546691895,0.13397459621556118,0.11478352546691895,1,0.9047452290076334,0.8141584396362305,limitations of this system.,16,2.4539127279995228
230,LIMITATIONS OF THIS SYSTEM,4,3,2,SYSTEM,0.05766258016228676,0.05766258016228676,0.3001902028579717,0.05467790365219116,0.13397459621556118,0.19904816150665283,2,0.4018301526717558,0.8141584396362305,limitations of this system.,16,2.4539127279995228
230,LIMITATIONS OF THIS SYSTEM,4,2,3,THIS,0.003732661483809352,0.003732661483809352,0.019432158687163928,0.015323281288146973,0.25,0.21107804775238037,3,0.1609160305343511,0.8141584396362305,limitations of this system.,16,2.4539127279995228
230,LIMITATIONS OF THIS SYSTEM,4,1,4,OF,-0.0031226277351379395,0.0031226277351379395,0.016256335575390468,0.0,0.0,0.18584156036376953,4,0.21327528625954173,0.8141584396362305,limitations of this system.,16,2.4539127279995228
234,LOOK AT THAT MAN,4,0,1,LOOK,-0.014466112479567528,0.014466112479567528,0.24999999567955808,0.0,0.0,0.0,1,0.19293749999999998,1.0,Look at that man.,16,2.4991926089996923
234,LOOK AT THAT MAN,4,1,2,AT,-0.014466112479567528,0.014466112479567528,0.24999999567955808,0.0,0.0,0.0,2,0.1205357142857143,1.0,Look at that man.,16,2.4991926089996923
234,LOOK AT THAT MAN,4,2,3,THAT,0.014466112479567528,0.014466112479567528,0.24999999567955808,0.0,0.0,0.0,3,0.140625,1.0,Look at that man.,16,2.4991926089996923
234,LOOK AT THAT MAN,4,3,4,MAN,0.014466112479567528,0.014466112479567528,0.24999999567955808,0.0,0.0,0.0,4,0.28086607142857134,1.0,Look at that man.,16,2.4991926089996923
239,MAN IS ALWAYS THE MASTER,5,0,1,MAN,0.09467847645282745,0.09467847645282745,0.37635454658939044,0.03320688009262085,0.10557280900008403,0.03320688009262085,1,0.20070794392523372,0.7484326958656311,Man is always the master.,32,3.942452310199587
239,MAN IS ALWAYS THE MASTER,5,4,2,MASTER,0.09016482532024384,0.09016482532024384,0.35841242089081554,0.04295241832733154,0.1548457452714832,0.15140920877456665,2,0.4617389018691589,0.7484326958656311,Man is always the master.,32,3.942452310199587
239,MAN IS ALWAYS THE MASTER,5,2,3,ALWAYS,0.04929617419838905,0.04929617419838905,0.19595625092541571,5.960464477539063e-08,-2.220446049250313e-16,0.24252372980117798,3,0.2813084112149532,0.7484326958656311,Man is always the master.,32,3.942452310199587
239,MAN IS ALWAYS THE MASTER,5,1,4,IS,0.01620664820075035,0.01620664820075035,0.06442272799315843,5.960464477539063e-08,-2.220446049250313e-16,0.2733601927757263,4,0.08037383177570101,0.7484326958656311,Man is always the master.,32,3.942452310199587
239,MAN IS ALWAYS THE MASTER,5,3,5,THE,0.0012211198918521404,0.0012211198918521404,0.0048540496261394285,5.960464477539063e-08,-2.220446049250313e-16,0.2515673041343689,5,0.06028037383177565,0.7484326958656311,Man is always the master.,32,3.942452310199587
243,MARY JANE IS A MAN,5,1,1,JANE,0.09484651684761047,0.09484651684761047,0.3626204541990607,0.0,-2.220446049250313e-16,0.0,1,0.28067307692307675,0.7384413480758667,Mary Jane is... a man.,32,4.091311945800408
243,MARY JANE IS A MAN,5,0,2,MARY,0.09134528785943985,0.09134528785943985,0.34923443552232597,0.0,-2.220446049250313e-16,0.16370272636413574,2,0.25060096153846145,0.7384413480758667,Mary Jane is... a man.,32,4.091311945800408
243,MARY JANE IS A MAN,5,3,3,A,0.059912875294685364,0.059912875294685364,0.22906095841808277,0.05924469232559204,0.22540333075851637,0.21557098627090454,3,1.3247067307692308,0.7384413480758667,Mary Jane is... a man.,32,4.091311945800408
243,MARY JANE IS A MAN,5,2,4,IS,0.015453970059752464,0.015453970059752464,0.05908414803729618,0.0,-2.220446049250313e-16,0.2615586519241333,4,0.28067307692307697,0.7384413480758667,Mary Jane is... a man.,32,4.091311945800408
243,MARY JANE IS A MAN,5,4,5,MAN,0.0,0.0,0.0,0.0,-2.220446049250313e-16,0.2615586519241333,5,0.06014423076923103,0.7384413480758667,Mary Jane is... a man.,32,4.091311945800408
246,MINSTREL A D J,4,0,1,MINSTREL,0.1458822339773178,0.1458822339773178,0.7363158930913971,0.13433235883712769,0.2928932188134524,0.13433235883712769,1,0.6024204545454543,0.8018755912780762,Minstral Adjective,16,2.272537219500009
246,MINSTREL A D J,4,1,2,A,0.04892028123140335,0.04892028123140335,0.24691684232628136,0.01518857479095459,-2.220446049250313e-16,0.20020562410354614,2,0.18581818181818188,0.8018755912780762,Minstral Adjective,16,2.272537219500009
246,MINSTREL A D J,4,2,3,D,0.002413074253126979,0.002413074253126979,0.012179584006530275,-1.1920928955078125e-07,-2.220446049250313e-16,0.20411187410354614,3,0.02009090909090916,0.8018755912780762,Minstral Adjective,16,2.272537219500009
246,MINSTREL A D J,4,3,4,J,0.0009089310187846422,0.0009089310187846422,0.004587675528460482,-1.1920928955078125e-07,-2.220446049250313e-16,0.19812440872192383,4,0.10813068181818197,0.8018755912780762,Minstral Adjective,16,2.272537219500009
254,NO GOOD MY DEAR WATSON,5,0,1,NO,0.1026366576552391,0.1026366576552391,0.4677273228778823,0.09558969736099243,0.10557280900008403,0.09558969736099243,1,0.22143118686868685,0.7900817394256592,"No good, my dear Watson.",32,4.0566389741994495
254,NO GOOD MY DEAR WATSON,5,4,2,WATSON,0.0873793363571167,0.0873793363571167,0.39819791488576406,0.08951514959335327,0.19999999999999984,0.20048683881759644,2,0.48484848484848464,0.7900817394256592,"No good, my dear Watson.",32,4.0566389741994495
254,NO GOOD MY DEAR WATSON,5,2,3,MY,0.014506383799016476,0.014506383799016476,0.06610729747011318,5.960464477539063e-08,-2.220446049250313e-16,0.20048683881759644,3,0.14141414141414121,0.7900817394256592,"No good, my dear Watson.",32,4.0566389741994495
254,NO GOOD MY DEAR WATSON,5,1,4,GOOD,0.010155204683542252,0.010155204683542252,0.04627846237808282,0.043134212493896484,0.10557280900008403,0.2550007104873657,4,0.2541875,0.7900817394256592,"No good, my dear Watson.",32,4.0566389741994495
254,NO GOOD MY DEAR WATSON,5,3,5,DEAR,-0.0047593675553798676,0.0047593675553798676,0.02168899783104001,5.960464477539063e-08,-2.220446049250313e-16,0.20991826057434082,5,0.1515151515151516,0.7900817394256592,"No good, my dear Watson.",32,4.0566389741994495
260,NO SAID THE TREE,4,0,1,NO,0.10686024278402328,0.10686024278402328,0.41797687864920224,0.0954054594039917,0.25,0.0954054594039917,1,0.5627532894736842,0.7443393468856812,"""No,"" said the tree.",16,2.3529727132508924
260,NO SAID THE TREE,4,3,2,TREE,0.10615435987710953,0.10615435987710953,0.4152158636408427,0.12134623527526855,0.25,0.21502888202667236,2,0.562659304511278,0.7443393468856812,"""No,"" said the tree.",16,2.3529727132508924
260,NO SAID THE TREE,4,1,3,SAID,0.03694019839167595,0.03694019839167595,0.14448917968155184,0.051091551780700684,0.13397459621556118,0.2445918321609497,3,0.33536372180451113,0.7443393468856812,"""No,"" said the tree.",16,2.3529727132508924
260,NO SAID THE TREE,4,2,4,THE,0.005705853458493948,0.005705853458493948,0.022318074116968276,0.009638369083404541,0.0,0.25566065311431885,4,0.06033834586466158,0.7443393468856812,"""No,"" said the tree.",16,2.3529727132508924
261,NO SIR CERTAINLY NOT,4,2,1,CERTAINLY,0.03594771400094032,0.03594771400094032,0.7091007034282962,0.025087952613830566,0.13397459621556118,0.025087952613830566,1,1.0764071856287425,0.9551361799240112,"No, sir, certainly not.",16,2.6453485347501555
261,NO SIR CERTAINLY NOT,4,3,2,NOT,0.010859763249754906,0.010859763249754906,0.21421851078665333,0.0,0.0,0.04486382007598877,2,0.305993263473054,0.9551361799240112,"No, sir, certainly not.",16,2.6453485347501555
261,NO SIR CERTAINLY NOT,4,0,3,NO,-0.002915486693382263,0.002915486693382263,0.05751057397027031,0.0,0.0,0.04486382007598877,3,0.10059880239520952,0.9551361799240112,"No, sir, certainly not.",16,2.6453485347501555
261,NO SIR CERTAINLY NOT,4,1,4,SIR,0.000971828936599195,0.000971828936599195,0.01917019208888877,0.0,0.0,0.04486382007598877,4,0.3118562874251498,0.9551361799240112,"No, sir, certainly not.",16,2.6453485347501555
262,NO WHERE SAID DROUET,4,1,1,WHERE,0.06409408152103424,0.06409408152103424,0.31527364786592016,0.0943145751953125,0.42264973081037416,0.0943145751953125,1,0.392681506849315,0.7967033386230469,"""'No, where?' said Druay.",16,2.389818148500126
262,NO WHERE SAID DROUET,4,0,2,NO,0.05594998225569725,0.05594998225569725,0.27521347658283035,0.04008513689041138,0.13397459621556118,0.22692370414733887,2,0.3284726027397259,0.7967033386230469,"""'No, where?' said Druay.",16,2.389818148500126
262,NO WHERE SAID DROUET,4,2,3,SAID,0.05545806512236595,0.05545806512236595,0.2727937756464466,0.151802659034729,0.5,0.22857308387756348,3,0.40104537671232854,0.7967033386230469,"""'No, where?' said Druay.",16,2.389818148500126
262,NO WHERE SAID DROUET,4,3,4,DROUET,0.02779453620314598,0.02779453620314598,0.1367190949858831,0.11094903945922852,0.25,0.20329666137695312,4,0.5407611301369863,0.7967033386230469,"""'No, where?' said Druay.",16,2.389818148500126
264,NOTHING CAN KILL ME WHY NOT,6,4,1,WHY,0.05920487642288208,0.05920487642288208,0.4009792423643672,0.05158001184463501,0.2284832501895402,0.05158001184463501,1,0.2977399475524476,0.8523492813110352,Nothing can kill me. Why not?,64,7.476757484833797
264,NOTHING CAN KILL ME WHY NOT,6,5,2,NOT,0.023716283962130547,0.023716283962130547,0.16062422809412172,0.0,-2.220446049250313e-16,0.062172532081604004,2,0.2528256118881118,0.8523492813110352,Nothing can kill me. Why not?,64,7.476757484833797
264,NOTHING CAN KILL ME WHY NOT,6,2,3,KILL,0.020696740597486496,0.020696740597486496,0.14017364557802728,0.0,-2.220446049250313e-16,0.062172532081604004,3,0.1605594405594406,0.8523492813110352,Nothing can kill me. Why not?,64,7.476757484833797
264,NOTHING CAN KILL ME WHY NOT,6,3,4,ME,0.020634792745113373,0.020634792745113373,0.13975408887237264,0.0,-2.220446049250313e-16,0.062172532081604004,4,0.14048951048951053,0.8523492813110352,Nothing can kill me. Why not?,64,7.476757484833797
264,NOTHING CAN KILL ME WHY NOT,6,1,5,CAN,0.020063867792487144,0.020063867792487144,0.13588736253524109,0.0,-2.220446049250313e-16,0.14623403549194336,5,0.18062937062937046,0.8523492813110352,Nothing can kill me. Why not?,64,7.476757484833797
264,NOTHING CAN KILL ME WHY NOT,6,0,6,NOTHING,0.00333416392095387,0.00333416392095387,0.02258142578312993,0.0,-2.220446049250313e-16,0.14765071868896484,6,0.26120192307692314,0.8523492813110352,Nothing can kill me. Why not?,64,7.476757484833797
267,NOW THAT TOO IS OVER,5,4,1,OVER,0.08707258850336075,0.08707258850336075,0.386750915514552,0.08158189058303833,0.10557280900008403,0.08158189058303833,1,0.6621854304635761,0.7748613357543945,"Now that, too, is over.",32,4.073010074400372
267,NOW THAT TOO IS OVER,5,0,2,NOW,0.049289289861917496,0.049289289861917496,0.21892857794646767,0.022258281707763672,0.19999999999999984,0.12027835845947266,2,0.3308658940397352,0.7748613357543945,"Now that, too, is over.",32,4.073010074400372
267,NOW THAT TOO IS OVER,5,1,3,THAT,0.04726565256714821,0.04726565256714821,0.2099401742493477,0.06901955604553223,0.32917960675006297,0.10024464130401611,3,0.2608609271523177,0.7748613357543945,"Now that, too, is over.",32,4.073010074400372
267,NOW THAT TOO IS OVER,5,2,4,TOO,0.023098943755030632,0.023098943755030632,0.1025987374239188,0.023276031017303467,0.10557280900008403,0.2580026388168335,4,0.34112582781456946,0.7748613357543945,"Now that, too, is over.",32,4.073010074400372
267,NOW THAT TOO IS OVER,5,3,5,IS,0.01841219887137413,0.01841219887137413,0.08178159042400696,0.006921887397766113,-2.220446049250313e-16,0.22513866424560547,5,0.14645529801324497,0.7748613357543945,"Now that, too, is over.",32,4.073010074400372
268,NOW TO BED BOY,4,2,1,BED,0.10017098486423492,0.10017098486423492,0.6025776650066272,0.1041761040687561,0.32917960675006297,0.1041761040687561,1,0.3415887850467292,0.8339503407478333,"Now to bed, boy.",16,2.413067198749559
268,NOW TO BED BOY,4,3,2,BOY,0.06267005950212479,0.06267005950212479,0.37699118334315057,0.05277758836746216,0.13397459621556118,0.16468560695648193,2,0.3616822429906541,0.8339503407478333,"Now to bed, boy.",16,2.413067198749559
268,NOW TO BED BOY,4,0,3,NOW,0.003302489873021841,0.003302489873021841,0.019866098342655375,5.960464477539063e-08,0.0,0.16682851314544678,3,0.2013644859813084,0.8339503407478333,"Now to bed, boy.",16,2.413067198749559
268,NOW TO BED BOY,4,1,4,TO,-9.39320307224989e-05,9.39320307224989e-05,0.0005650472920757228,5.960464477539063e-08,0.0,0.16604965925216675,4,0.1205607476635514,0.8339503407478333,"Now to bed, boy.",16,2.413067198749559
276,OF LIBERTY OR INDIFFERENCE,4,1,1,LIBERTY,0.09403888881206512,0.09403888881206512,0.475279864407494,0.08057069778442383,0.25,0.08057069778442383,1,0.38092233009708737,0.8067525029182434,of liberty or indifference.,16,2.400848491999568
276,OF LIBERTY OR INDIFFERENCE,4,3,2,INDIFFERENCE,0.08596696704626083,0.08596696704626083,0.43448374345346635,0.08266520500183105,0.13397459621556118,0.15617048740386963,2,0.5053307038834949,0.8067525029182434,of liberty or indifference.,16,2.400848491999568
276,OF LIBERTY OR INDIFFERENCE,4,2,3,OR,0.015547911636531353,0.015547911636531353,0.07858035572068815,0.0,0.0,0.19829487800598145,3,0.3708980582524274,0.8067525029182434,of liberty or indifference.,16,2.400848491999568
276,OF LIBERTY OR INDIFFERENCE,4,0,4,OF,-0.002306262729689479,0.002306262729689479,0.011656031364273638,0.0,0.0,0.1932474970817566,4,0.14020024271844667,0.8067525029182434,of liberty or indifference.,16,2.400848491999568
279,OF RESPECT AND CONTEMPT,4,3,1,CONTEMPT,0.13399849832057953,0.13399849832057953,0.6533171070819809,0.09004390239715576,0.13397459621556118,0.09004390239715576,1,0.5068750000000002,0.7948951721191406,of respect and contempt.,16,2.332157617750454
279,OF RESPECT AND CONTEMPT,4,1,2,RESPECT,0.03673273324966431,0.03673273324966431,0.17909247732367412,0.0,0.0,0.09004390239715576,2,0.5026978417266186,0.7948951721191406,of respect and contempt.,16,2.332157617750454
279,OF RESPECT AND CONTEMPT,4,2,3,AND,0.02090437337756157,0.02090437337756157,0.10192043128510662,0.0,0.0,0.20958071947097778,3,0.2696955935251797,0.7948951721191406,of respect and contempt.,16,2.332157617750454
279,OF RESPECT AND CONTEMPT,4,0,4,OF,0.013469230383634567,0.013469230383634567,0.06566997943368294,0.012319505214691162,0.13397459621556118,0.20510482788085938,4,0.1504163669064748,0.7948951721191406,of respect and contempt.,16,2.332157617750454
285,OH IT WILL BE ALL RIGHT,6,0,1,OH,0.11847352981567383,0.11847352981567383,0.41295805727400037,0.016736149787902832,0.08712907082472299,0.016736149787902832,1,0.19031799450549458,0.7131100296974182,"Oh, it will be all right.",64,7.316690700166267
285,OH IT WILL BE ALL RIGHT,6,2,2,WILL,0.06832379102706909,0.06832379102706909,0.2381532824423406,0.004284024238586426,0.1666666666666664,0.18337583541870117,2,0.16043956043956065,0.7131100296974182,"Oh, it will be all right.",64,7.316690700166267
285,OH IT WILL BE ALL RIGHT,6,4,3,ALL,0.03835557401180267,0.03835557401180267,0.1336943649284911,0.0446544885635376,0.26970325665977835,0.26507753133773804,3,0.15041208791208804,0.7131100296974182,"Oh, it will be all right.",64,7.316690700166267
285,OH IT WILL BE ALL RIGHT,6,5,4,RIGHT,0.037661220878362656,0.037661220878362656,0.13127408825155218,0.0446544885635376,0.26970325665977835,0.23818141222000122,4,0.36489629120879097,0.7131100296974182,"Oh, it will be all right.",64,7.316690700166267
285,OH IT WILL BE ALL RIGHT,6,1,5,IT,0.012047178111970425,0.012047178111970425,0.04199232753926933,0.0,-2.220446049250313e-16,0.26011407375335693,5,0.06016483516483517,0.7131100296974182,"Oh, it will be all right.",64,7.316690700166267
285,OH IT WILL BE ALL RIGHT,6,3,6,BE,0.012028687633574009,0.012028687633574009,0.04192787607868965,0.0,-2.220446049250313e-16,0.2868899703025818,6,0.06016483516483517,0.7131100296974182,"Oh, it will be all right.",64,7.316690700166267
288,OH YES THAT IS WELL,5,4,1,WELL,0.055323824286460876,0.055323824286460876,0.23217564415835704,0.08581602573394775,0.3999999999999999,0.08581602573394775,1,0.3203106725146201,0.7617157697677612,"Oh yes, that as well.",32,3.9452490367999418
288,OH YES THAT IS WELL,5,0,2,OH,0.0506071075797081,0.0506071075797081,0.21238115681358377,0.006243348121643066,0.10557280900008403,0.08889943361282349,2,0.22021089181286557,0.7617157697677612,"Oh yes, that as well.",32,3.9452490367999418
288,OH YES THAT IS WELL,5,3,3,IS,0.04527639225125313,0.04527639225125313,0.19000992197630323,0.08320462703704834,0.19999999999999984,0.08889943361282349,3,0.08011695906432781,0.7617157697677612,"Oh yes, that as well.",32,3.9452490367999418
288,OH YES THAT IS WELL,5,2,4,THAT,0.043836433440446854,0.043836433440446854,0.18396689496628746,0.11242908239364624,0.3999999999999999,0.07880723476409912,4,1.1978750000000002,0.7617157697677612,"Oh yes, that as well.",32,3.9452490367999418
288,OH YES THAT IS WELL,5,1,5,YES,0.04324059933423996,0.04324059933423996,0.18146637788880193,-1.1920928955078125e-07,-2.220446049250313e-16,0.23828423023223877,5,0.35654166666666687,0.7617157697677612,"Oh yes, that as well.",32,3.9452490367999418
291,ONCE UPON A TIME,4,0,1,ONCE,0.15858757495880127,0.15858757495880127,0.8170296977591304,0.1121399998664856,0.13397459621556118,0.1121399998664856,1,0.3018206521739132,0.8112794160842896,"Once upon a time,",16,2.4498012707499583
291,ONCE UPON A TIME,4,1,2,UPON,0.020031368359923363,0.020031368359923363,0.10319990605229758,0.014289021492004395,0.0,0.17960751056671143,2,0.26211956521739144,0.8112794160842896,"Once upon a time,",16,2.4498012707499583
291,ONCE UPON A TIME,4,3,3,TIME,0.01279270276427269,0.01279270276427269,0.06590691657736357,-1.1920928955078125e-07,0.0,0.20543229579925537,3,0.6245543478260869,0.8112794160842896,"Once upon a time,",16,2.4498012707499583
291,ONCE UPON A TIME,4,2,4,A,-0.002690936205908656,0.002690936205908656,0.013863474459293597,-1.1920928955078125e-07,0.0,0.18872058391571045,4,0.020163043478261145,0.8112794160842896,"Once upon a time,",16,2.4498012707499583
292,ONCE YOUNG NOW OLD,4,0,1,ONCE,0.08025016635656357,0.08025016635656357,0.34865532601499194,0.08243966102600098,0.25,0.08243966102600098,1,0.29046797520661155,0.7698294520378113,"Once young, now old.",16,2.4056375032505457
292,ONCE YOUNG NOW OLD,4,3,2,OLD,0.07633531838655472,0.07633531838655472,0.3316468554129752,5.960464477539063e-08,0.0,0.1614801287651062,2,0.46095041322314056,0.7698294520378113,"Once young, now old.",16,2.4056375032505457
292,ONCE YOUNG NOW OLD,4,2,3,NOW,0.054338712245225906,0.054338712245225906,0.23608027613197022,0.020084023475646973,0.18350341907227385,0.22658556699752808,3,0.7214876033057851,0.7698294520378113,"Once young, now old.",16,2.4056375032505457
292,ONCE YOUNG NOW OLD,4,1,4,YOUNG,0.019246289506554604,0.019246289506554604,0.08361753809545698,5.960464477539063e-08,0.0,0.23017054796218872,4,0.30864876033057853,0.7698294520378113,"Once young, now old.",16,2.4056375032505457
295,ONLY FOR A MINUTE OR SO,6,4,1,OR,0.005288892891258001,0.005288892891258001,0.38560779299667425,0.0035147666931152344,-2.220446049250313e-16,0.0035147666931152344,1,0.4040816326530612,0.9886479377746582,"Only for a minute or so,",64,7.363344235000113
295,ONLY FOR A MINUTE OR SO,6,3,2,MINUTE,0.004234480671584606,0.004234480671584606,0.3087316721720243,5.960464477539063e-08,-2.220446049250313e-16,0.0035147666931152344,2,0.22224489795918356,0.9886479377746582,"Only for a minute or so,",64,7.363344235000113
295,ONLY FOR A MINUTE OR SO,6,0,3,ONLY,0.002828598488122225,0.002828598488122225,0.2062302343239745,5.960464477539063e-08,-2.220446049250313e-16,0.013872146606445312,3,0.2828571428571428,0.9886479377746582,"Only for a minute or so,",64,7.363344235000113
295,ONLY FOR A MINUTE OR SO,6,1,4,FOR,-0.0008180747390724719,0.0008180747390724719,0.05964499586699562,5.960464477539063e-08,-2.220446049250313e-16,0.011352062225341797,4,0.13132653061224486,0.9886479377746582,"Only for a minute or so,",64,7.363344235000113
295,ONLY FOR A MINUTE OR SO,6,2,5,A,-0.00036378903314471245,0.00036378903314471245,0.026523487820900065,5.960464477539063e-08,-2.220446049250313e-16,0.011352062225341797,5,0.020204081632653192,0.9886479377746582,"Only for a minute or so,",64,7.363344235000113
295,ONLY FOR A MINUTE OR SO,6,5,6,SO,0.00018189451657235622,0.00018189451657235622,0.013261743910450033,5.960464477539063e-08,-2.220446049250313e-16,0.011352062225341797,6,0.04040816326530594,0.9886479377746582,"Only for a minute or so,",64,7.363344235000113
297,OR HER SUFFERINGS TO NIGHT,5,2,1,SUFFERINGS,0.08933555334806442,0.08933555334806442,0.40683029309254526,0.0760960578918457,0.42264973081037416,0.0760960578918457,1,0.564341085271318,0.7804107666015625,"or her sufferings. Tonight,",32,3.8358306137997715
297,OR HER SUFFERINGS TO NIGHT,5,1,2,HER,0.040134090930223465,0.040134090930223465,0.18276893537033695,0.09068465232849121,0.5,0.09623271226882935,2,0.11085271317829459,0.7804107666015625,"or her sufferings. Tonight,",32,3.8358306137997715
297,OR HER SUFFERINGS TO NIGHT,5,0,3,OR,0.03288735821843147,0.03288735821843147,0.14976762421692538,0.07881361246109009,0.552786404500042,0.12143951654434204,3,0.24125581395348838,0.7804107666015625,"or her sufferings. Tonight,",32,3.8358306137997715
297,OR HER SUFFERINGS TO NIGHT,5,3,4,TO,0.028737852349877357,0.028737852349877357,0.1308709517788441,0.05275464057922363,0.13397459621556118,0.17523080110549927,4,0.6411250000000002,0.7804107666015625,"or her sufferings. Tonight,",32,3.8358306137997715
297,OR HER SUFFERINGS TO NIGHT,5,4,5,NIGHT,0.02849438041448593,0.02849438041448593,0.129762190987391,0.05275464057922363,0.13397459621556118,0.2195892333984375,5,0.24200096899224777,0.7804107666015625,"or her sufferings. Tonight,",32,3.8358306137997715
312,SAID COULSON HE'S SENT FOR,5,0,1,SAID,0.06320381164550781,0.06320381164550781,0.2553851597906833,0.11254096031188965,0.32917960675006297,0.11254096031188965,1,0.2208939075630252,0.7525158524513245,said Carlson. He sent for,32,4.411740203200315
312,SAID COULSON HE'S SENT FOR,5,2,2,HE'S,0.05853138864040375,0.05853138864040375,0.23650548363347837,0.02972334623336792,0.32917960675006297,0.1711183786392212,2,0.24515598739495803,0.7525158524513245,said Carlson. He sent for,32,4.411740203200315
312,SAID COULSON HE'S SENT FOR,5,1,3,COULSON,0.05720362439751625,0.05720362439751625,0.23114043879668836,0.12388646602630615,0.32917960675006297,0.2474406361579895,3,0.4628991596638655,0.7525158524513245,said Carlson. He sent for,32,4.411740203200315
312,SAID COULSON HE'S SENT FOR,5,3,4,SENT,0.04847193509340286,0.04847193509340286,0.19585864470678888,0.10576820373535156,0.552786404500042,0.2416800856590271,4,0.2012605042016804,0.7525158524513245,said Carlson. He sent for,32,4.411740203200315
312,SAID COULSON HE'S SENT FOR,5,4,5,FOR,0.02007351629436016,0.02007351629436016,0.08111026903170036,0.0956653356552124,0.32917960675006297,0.24748414754867554,5,0.32182930672268917,0.7525158524513245,said Carlson. He sent for,32,4.411740203200315
323,SO HERE I AM AGAIN,5,1,1,HERE,0.08924136310815811,0.08924136310815811,0.4066341661398298,0.0344698429107666,0.19999999999999984,0.0344698429107666,1,0.48157894736842066,0.7899453639984131,"So, here I am again.",32,4.338189586999943
323,SO HERE I AM AGAIN,5,4,2,AGAIN,0.06798357516527176,0.06798357516527176,0.30977165112359845,-1.1920928955078125e-07,-2.220446049250313e-16,0.0344698429107666,2,0.5016447368421053,0.7899453639984131,"So, here I am again.",32,4.338189586999943
323,SO HERE I AM AGAIN,5,3,3,AM,0.05750901624560356,0.05750901624560356,0.2620436314740148,-1.1920928955078125e-07,-2.220446049250313e-16,0.21005463600158691,3,0.13036184210526347,0.7899453639984131,"So, here I am again.",32,4.338189586999943
323,SO HERE I AM AGAIN,5,0,4,SO,-0.004704376682639122,0.004704376682639122,0.021435803117822866,-1.1920928955078125e-07,-2.220446049250313e-16,0.21005463600158691,4,0.3412927631578946,0.7899453639984131,"So, here I am again.",32,4.338189586999943
323,SO HERE I AM AGAIN,5,2,5,I,2.5182031095027924e-05,2.5182031095027924e-05,0.00011474358816800563,-1.1920928955078125e-07,-2.220446049250313e-16,0.21005463600158691,5,0.04013157894736885,0.7899453639984131,"So, here I am again.",32,4.338189586999943
328,SO LET A SAGE DWELL,5,4,1,DWELL,0.0839596763253212,0.0839596763253212,0.362122901857654,0.12447845935821533,0.552786404500042,0.12447845935821533,1,0.38149999999999995,0.7681459188461304,So let a sage dwell.,32,3.7260525814002903
328,SO LET A SAGE DWELL,5,3,2,SAGE,0.07469713687896729,0.07469713687896729,0.3221730377122977,0.11529922485351562,0.32917960675006297,0.16795170307159424,2,0.3618000000000001,0.7681459188461304,So let a sage dwell.,32,3.7260525814002903
328,SO LET A SAGE DWELL,5,1,3,LET,0.06123725324869156,0.06123725324869156,0.2641197872450636,0.07865089178085327,0.552786404500042,0.22580808401107788,3,0.1326750000000001,0.7681459188461304,So let a sage dwell.,32,3.7260525814002903
328,SO LET A SAGE DWELL,5,0,4,SO,0.009319806471467018,0.009319806471467018,0.04019686011082854,0.019534647464752197,0.10557280900008403,0.23185408115386963,4,0.24083750000000004,0.7681459188461304,So let a sage dwell.,32,3.7260525814002903
328,SO LET A SAGE DWELL,5,2,5,A,0.0026402173098176718,0.0026402173098176718,0.011387408761098823,0.0,-2.220446049250313e-16,0.23185408115386963,5,0.020100000000000007,0.7681459188461304,So let a sage dwell.,32,3.7260525814002903
344,THE BEAU IMPATIENT SITS,4,2,1,IMPATIENT,0.10627998411655426,0.10627998411655426,0.44171011966713153,0.04355740547180176,0.13397459621556118,0.04355740547180176,1,0.7412904676258991,0.7593896389007568,The bow impatient sits.,16,2.3462994732499283
344,THE BEAU IMPATIENT SITS,4,1,2,BEAU,0.05982274189591408,0.05982274189591408,0.24862922874246324,0.05757492780685425,0.13397459621556118,0.15562653541564941,2,0.3647171762589928,0.7593896389007568,The bow impatient sits.,16,2.3462994732499283
344,THE BEAU IMPATIENT SITS,4,0,3,THE,0.03823461756110191,0.03823461756110191,0.1589068500407383,0.006710052490234375,0.13397459621556118,0.2330915331840515,3,0.16017580935251796,0.7593896389007568,The bow impatient sits.,16,2.3462994732499283
344,THE BEAU IMPATIENT SITS,4,3,4,SITS,0.03627290949225426,0.03627290949225426,0.15075379739356812,1.1920928955078125e-07,0.0,0.24061036109924316,4,0.24054676258992824,0.7593896389007568,The bow impatient sits.,16,2.3462994732499283
346,THE CHILD TURNED BACK,4,1,1,CHILD,0.09493817389011383,0.09493817389011383,0.36589337817877055,0.0763404369354248,0.13397459621556118,0.0763404369354248,1,0.34163461538461537,0.7524497509002686,The child turned back.,16,2.2277959574994384
346,THE CHILD TURNED BACK,4,3,2,BACK,0.09055144339799881,0.09055144339799881,0.34898684234443295,0.09494185447692871,0.25,0.2399914264678955,2,0.2853461538461537,0.7524497509002686,The child turned back.,16,2.2277959574994384
346,THE CHILD TURNED BACK,4,2,3,TURNED,0.06802023202180862,0.06802023202180862,0.262151160688746,0.06124460697174072,0.25,0.2399914264678955,3,0.22506249999999994,0.7524497509002686,The child turned back.,16,2.2277959574994384
346,THE CHILD TURNED BACK,4,0,4,THE,-0.005959655158221722,0.005959655158221722,0.022968614934032905,0.005210280418395996,0.13397459621556118,0.24755024909973145,4,0.1604182692307693,0.7524497509002686,The child turned back.,16,2.2277959574994384
347,THE COMMON HOUSE FLY,4,1,1,COMMON,0.078532375395298,0.078532375395298,0.3581557132410311,0.05840122699737549,0.18350341907227385,0.05840122699737549,1,0.5741105769230771,0.780731201171875,The common housefly,16,2.195226525500402
347,THE COMMON HOUSE FLY,4,3,2,FLY,0.06682870537042618,0.06682870537042618,0.30477981235688933,0.09751182794570923,0.42264973081037416,0.1819591522216797,2,0.24943749999999998,0.780731201171875,The common housefly,16,2.195226525500402
347,THE COMMON HOUSE FLY,4,2,3,HOUSE,0.056361690163612366,0.056361690163612366,0.2570438145848727,0.0,-2.220446049250313e-16,0.1967846155166626,3,0.3223076923076924,0.780731201171875,The common housefly,16,2.195226525500402
347,THE COMMON HOUSE FLY,4,0,4,THE,0.0175460334867239,0.0175460334867239,0.08002065525659462,0.011591732501983643,0.18350341907227385,0.219268798828125,4,0.16062500000000007,0.780731201171875,The common housefly,16,2.195226525500402
359,THE MAN IN THE MOON,5,0,1,THE,0.06900729238986969,0.06900729238986969,0.333180659927299,0.009198427200317383,0.05508881747693173,0.009198427200317383,1,0.16071195652173909,0.7928832769393921,The Man in the Moon,32,3.9819759761994646
359,THE MAN IN THE MOON,5,4,2,MOON,0.06287501007318497,0.06287501007318497,0.3035728054763474,0.0,-4.440892098500626e-16,0.016188502311706543,2,0.6655054347826086,0.7928832769393921,The Man in the Moon,32,3.9819759761994646
359,THE MAN IN THE MOON,5,1,3,MAN,0.06036095321178436,0.06036095321178436,0.2914344488597187,0.0,-4.440892098500626e-16,0.016188502311706543,3,0.30260869565217385,0.7928832769393921,The Man in the Moon,32,3.9819759761994646
359,THE MAN IN THE MOON,5,3,4,THE,0.0078200101852417,0.0078200101852417,0.037756533605707944,0.0,-4.440892098500626e-16,0.21322989463806152,4,0.07060869565217387,0.7928832769393921,The Man in the Moon,32,3.9819759761994646
359,THE MAN IN THE MOON,5,2,5,IN,0.007053473964333534,0.007053473964333534,0.03405554730273205,0.0,-4.440892098500626e-16,0.2071167230606079,5,0.09078260869565202,0.7928832769393921,The Man in the Moon,32,3.9819759761994646
360,THE MOAT AND THE TENTS,5,4,1,TENTS,0.10685274004936218,0.10685274004936218,0.408146271375387,0.09799826145172119,0.14285714285714246,0.09799826145172119,1,0.28077637614678896,0.738199770450592,"the moat and the tents,",32,4.2132751591998385
360,THE MOAT AND THE TENTS,5,1,2,MOAT,0.06647931039333344,0.06647931039333344,0.2539315570954141,1.1920928955078125e-07,-4.440892098500626e-16,0.09799826145172119,2,0.27061926605504594,0.738199770450592,"the moat and the tents,",32,4.2132751591998385
360,THE MOAT AND THE TENTS,5,0,3,THE,0.05490332841873169,0.05490332841873169,0.2097146855555757,0.12571609020233154,0.24407105398154538,0.19725579023361206,3,0.15019438073394495,0.738199770450592,"the moat and the tents,",32,4.2132751591998385
360,THE MOAT AND THE TENTS,5,2,4,AND,0.02549291029572487,0.02549291029572487,0.09737547468507268,0.013401389122009277,0.07417990022744825,0.22983849048614502,4,0.5010733944954128,0.738199770450592,"the moat and the tents,",32,4.2132751591998385
360,THE MOAT AND THE TENTS,5,3,5,THE,0.008071823045611382,0.008071823045611382,0.03083200746884236,0.006026625633239746,-4.440892098500626e-16,0.26180022954940796,5,0.06013761467889922,0.738199770450592,"the moat and the tents,",32,4.2132751591998385
366,THE PORTER DID NOT STIR,5,1,1,PORTER,0.1273147016763687,0.1273147016763687,0.4659837780794879,0.09901612997055054,0.19999999999999984,0.09901612997055054,1,0.32326530612244886,0.7267829775810242,The porter did not stir.,32,3.8283649914003037
366,THE PORTER DID NOT STIR,5,2,2,DID,0.08004345744848251,0.08004345744848251,0.29296657983146174,0.0,-2.220446049250313e-16,0.24491143226623535,2,0.1738239795918366,0.7267829775810242,The porter did not stir.,32,3.8283649914003037
366,THE PORTER DID NOT STIR,5,3,3,NOT,0.03190004080533981,0.03190004080533981,0.11675714854320864,0.0,-2.220446049250313e-16,0.2473052740097046,3,0.12122448979591827,0.7267829775810242,The porter did not stir.,32,3.8283649914003037
366,THE PORTER DID NOT STIR,5,0,4,THE,0.020969709381461143,0.020969709381461143,0.07675110787787262,0.02172565460205078,0.10557280900008403,0.27700233459472656,4,0.16085969387755106,0.7267829775810242,The porter did not stir.,32,3.8283649914003037
366,THE PORTER DID NOT STIR,5,4,5,STIR,0.012989114969968796,0.012989114969968796,0.047541382007875034,0.0,-2.220446049250313e-16,0.27321702241897583,5,0.26183545918367357,0.7267829775810242,The porter did not stir.,32,3.8283649914003037
368,THE PROBLEM WAS SOLVED,4,3,1,SOLVED,0.15246161818504333,0.15246161818504333,0.6638831421308621,0.1103484034538269,0.13397459621556118,0.1103484034538269,1,0.5830572478991598,0.7703487277030945,The problem was solved.,16,2.340530565499648
368,THE PROBLEM WAS SOLVED,4,1,2,PROBLEM,0.03980855271220207,0.03980855271220207,0.17334347734773947,0.0,0.0,0.17367345094680786,2,0.4891223739495798,0.7703487277030945,The problem was solved.,16,2.340530565499648
368,THE PROBLEM WAS SOLVED,4,0,3,THE,0.03150392323732376,0.03150392323732376,0.13718156607034987,0.00380706787109375,0.13397459621556118,0.2547578811645508,3,0.16425840336134456,0.7703487277030945,The problem was solved.,16,2.340530565499648
368,THE PROBLEM WAS SOLVED,4,2,4,WAS,0.005877192132174969,0.005877192132174969,0.025591810096620548,0.009175240993499756,0.13397459621556118,0.22965127229690552,4,0.20454569327731087,0.7703487277030945,The problem was solved.,16,2.340530565499648
373,THE STORY OF THE GRECIAN KING,6,4,1,GRECIAN,0.13603177666664124,0.13603177666664124,0.4917770353981123,0.09620213508605957,0.12499999999999989,0.09620213508605957,1,0.3274124999999999,0.7233871817588806,The story of the Grecian King,64,7.127871798833439
373,THE STORY OF THE GRECIAN KING,6,5,2,KING,0.06952320039272308,0.06952320039272308,0.2513376963700758,0.03084242343902588,0.06458565330651433,0.15442025661468506,2,0.29056250000000006,0.7233871817588806,The story of the Grecian King,64,7.127871798833439
373,THE STORY OF THE GRECIAN KING,6,1,3,STORY,0.036483295261859894,0.036483295261859894,0.1318930563510845,0.017455339431762695,-2.220446049250313e-16,0.15222924947738647,3,0.25250000000000006,0.7233871817588806,The story of the Grecian King,64,7.127871798833439
373,THE STORY OF THE GRECIAN KING,6,0,4,THE,0.030750367790460587,0.030750367790460587,0.11116758951441912,0.003039836883544922,0.05131670194948601,0.2248302698135376,4,0.15262500000000007,0.7233871817588806,The story of the Grecian King,64,7.127871798833439
373,THE STORY OF THE GRECIAN KING,6,2,5,OF,0.002921395469456911,0.002921395469456911,0.010561320585525433,1.1920928955078125e-07,-2.220446049250313e-16,0.28576040267944336,5,0.04039999999999988,0.7233871817588806,The story of the Grecian King,64,7.127871798833439
373,THE STORY OF THE GRECIAN KING,6,3,6,THE,0.0009026697371155024,0.0009026697371155024,0.003263298165619818,1.1920928955078125e-07,-2.220446049250313e-16,0.2766128182411194,6,0.06059999999999999,0.7233871817588806,The story of the Grecian King,64,7.127871798833439
374,THE THREE MODES OF MANAGEMENT,5,4,1,MANAGEMENT,0.0991305559873581,0.0991305559873581,0.40334333216125334,0.06982964277267456,0.10557280900008403,0.06982964277267456,1,0.6042784090909092,0.754227876663208,The three modes of management,32,4.129414648399688
374,THE THREE MODES OF MANAGEMENT,5,0,2,THE,0.0668194442987442,0.0668194442987442,0.2718755791106001,0.013251662254333496,0.10557280900008403,0.07126247882843018,2,0.18087241735537185,0.754227876663208,The three modes of management,32,4.129414648399688
374,THE THREE MODES OF MANAGEMENT,5,2,3,MODES,0.05743985250592232,0.05743985250592232,0.2337118084109625,0.054917991161346436,0.19999999999999984,0.22479522228240967,3,0.3730578512396694,0.754227876663208,The three modes of management,32,4.129414648399688
374,THE THREE MODES OF MANAGEMENT,5,1,4,THREE,0.021066132932901382,0.021066132932901382,0.08571407845217725,0.008382916450500488,-2.220446049250313e-16,0.23635172843933105,4,0.2825170454545454,0.754227876663208,The three modes of management,32,4.129414648399688
374,THE THREE MODES OF MANAGEMENT,5,3,5,OF,0.0013161584502086043,0.0013161584502086043,0.0053551977961974655,0.008382916450500488,-2.220446049250313e-16,0.245772123336792,5,0.04033057851239663,0.754227876663208,The three modes of management,32,4.129414648399688
377,THE WHOLE OF THIS ITINERARY,5,4,1,ITINERARY,0.12857207655906677,0.12857207655906677,0.5954899378481183,0.0799022912979126,0.10557280900008403,0.0799022912979126,1,0.7815178571428572,0.7880013585090637,The whole of this itinerary,32,3.927613953599939
377,THE WHOLE OF THIS ITINERARY,5,3,2,THIS,0.046640802174806595,0.046640802174806595,0.2160199098557949,1.7881393432617188e-07,-2.220446049250313e-16,0.0799022912979126,2,0.16035714285714286,0.7880013585090637,The whole of this itinerary,32,3.927613953599939
377,THE WHOLE OF THIS ITINERARY,5,1,3,WHOLE,0.023997370153665543,0.023997370153665543,0.11114538120382295,1.7881393432617188e-07,-2.220446049250313e-16,0.09127402305603027,3,0.2305133928571429,0.7880013585090637,The whole of this itinerary,32,3.927613953599939
377,THE WHOLE OF THIS ITINERARY,5,2,4,OF,0.014743858017027378,0.014743858017027378,0.06828713768317815,1.7881393432617188e-07,-2.220446049250313e-16,0.24773144721984863,4,0.06013392857142863,0.7880013585090637,The whole of this itinerary,32,3.927613953599939
377,THE WHOLE OF THIS ITINERARY,5,0,5,THE,-0.0019556302577257156,0.0019556302577257156,0.009057628777520609,1.7881393432617188e-07,-2.220446049250313e-16,0.21199864149093628,5,0.13224107142857144,0.7880013585090637,The whole of this itinerary,32,3.927613953599939
382,THERE IS ONE I MUST CONSULT,6,5,1,CONSULT,0.1234683245420456,0.1234683245420456,0.7134558029860637,0.09458237886428833,0.08712907082472299,0.09458237886428833,1,0.7214935747663553,0.8269432783126831,There is one I must consult.,64,7.00739741416631
382,THERE IS ONE I MUST CONSULT,6,0,2,THERE,0.028471143916249275,0.028471143916249275,0.16451914221758232,0.0033974647521972656,0.1666666666666664,0.19496536254882812,2,0.2203872663551401,0.8269432783126831,There is one I must consult.,64,7.00739741416631
382,THERE IS ONE I MUST CONSULT,6,3,3,I,0.010114236734807491,0.010114236734807491,0.05844463280754962,0.0,-2.220446049250313e-16,0.19496536254882812,3,0.02004672897196269,0.8269432783126831,There is one I must consult.,64,7.00739741416631
382,THERE IS ONE I MUST CONSULT,6,4,4,MUST,0.004280209541320801,0.004280209541320801,0.02473298594257453,0.0,-2.220446049250313e-16,0.12664806842803955,4,0.18042056074766344,0.8269432783126831,There is one I must consult.,64,7.00739741416631
382,THERE IS ONE I MUST CONSULT,6,1,5,IS,0.004231349565088749,0.004231349565088749,0.024450650908825467,0.0,-2.220446049250313e-16,0.15771114826202393,5,0.09021028037383172,0.8269432783126831,There is one I must consult.,64,7.00739741416631
382,THERE IS ONE I MUST CONSULT,6,2,6,ONE,0.002491459483280778,0.002491459483280778,0.01439677935895218,0.0,-2.220446049250313e-16,0.1730567216873169,6,0.19044392523364484,0.8269432783126831,There is one I must consult.,64,7.00739741416631
384,THERE SEEMS TO BE DANGER,5,4,1,DANGER,0.16538548469543457,0.16538548469543457,0.6745849198037255,0.15365523099899292,0.10557280900008403,0.15365523099899292,1,0.6646532258064519,0.760890781879425,There seems to be danger.,32,3.8435419811998144
384,THERE SEEMS TO BE DANGER,5,1,2,SEEMS,0.03895534202456474,0.03895534202456474,0.15889354693951036,-1.1920928955078125e-07,-2.220446049250313e-16,0.20213687419891357,2,0.3326612903225806,0.760890781879425,There seems to be danger.,32,3.8435419811998144
384,THERE SEEMS TO BE DANGER,5,0,3,THERE,0.03458911180496216,0.03458911180496216,0.14108428714891086,0.013520479202270508,0.10557280900008403,0.23910921812057495,3,0.30180645161290315,0.760890781879425,There seems to be danger.,32,3.8435419811998144
384,THERE SEEMS TO BE DANGER,5,2,4,TO,0.0032078721560537815,0.0032078721560537815,0.013084474644901412,-1.1920928955078125e-07,-2.220446049250313e-16,0.23910921812057495,4,0.07647379032258073,0.760890781879425,There seems to be danger.,32,3.8435419811998144
384,THERE SEEMS TO BE DANGER,5,3,5,BE,-0.00302848219871521,0.00302848219871521,0.012352767384087764,-1.1920928955078125e-07,-2.220446049250313e-16,0.23910921812057495,5,0.10080645161290303,0.760890781879425,There seems to be danger.,32,3.8435419811998144
393,TIED TO A WOMAN,4,1,1,TO,0.09724728018045425,0.09724728018045425,0.41172617148022816,0.16614675521850586,0.42264973081037416,0.16614675521850586,1,0.16114314516129036,0.7638059258460999,Tied to a woman.,16,2.400687156499771
393,TIED TO A WOMAN,4,0,2,TIED,0.0831141322851181,0.0831141322851181,0.35188915739497295,0.12015968561172485,0.25,0.16711705923080444,2,0.4816290322580647,0.7638059258460999,Tied to a woman.,16,2.400687156499771
393,TIED TO A WOMAN,4,3,3,WOMAN,0.04869403690099716,0.04869403690099716,0.20616113221842153,0.0,0.0,0.20762121677398682,3,0.5820141129032255,0.7638059258460999,Tied to a woman.,16,2.400687156499771
393,TIED TO A WOMAN,4,2,4,A,0.007138619665056467,0.007138619665056467,0.030223534672570815,0.0,0.0,0.23619407415390015,4,0.020080645161290267,0.7638059258460999,Tied to a woman.,16,2.400687156499771
394,TO A MAN REVIEW,4,2,1,MAN,0.09492295235395432,0.09492295235395432,0.5017659523000654,0.06961327791213989,0.13397459621556118,0.06961327791213989,1,0.24067415730337083,0.8108223676681519,to a man. Review.,16,2.4405109930003164
394,TO A MAN REVIEW,4,3,2,REVIEW,0.0861576721072197,0.0861576721072197,0.4554323830092601,0.07616519927978516,0.13397459621556118,0.1856827735900879,2,0.59775,0.8108223676681519,to a man. Review.,16,2.4405109930003164
394,TO A MAN REVIEW,4,0,3,TO,0.005186964757740498,0.005186964757740498,0.027418471999371155,-1.1920928955078125e-07,0.0,0.1973932981491089,3,0.1401741573033708,0.8108223676681519,to a man. Review.,16,2.4405109930003164
394,TO A MAN REVIEW,4,1,4,A,0.002910156734287739,0.002910156734287739,0.01538318740526938,0.026257753372192383,0.0,0.18917763233184814,4,0.020056179775280902,0.8108223676681519,to a man. Review.,16,2.4405109930003164
396,TO DAY I SHOUTED,4,3,1,SHOUTED,0.1171315461397171,0.1171315461397171,0.5179589072465606,0.12120592594146729,0.33333333333333315,0.12120592594146729,1,0.5642767857142859,0.7738593816757202,"""Today?"" I shouted.",16,2.4577185417501823
396,TO DAY I SHOUTED,4,1,2,DAY,0.05528751388192177,0.05528751388192177,0.24448290164718567,0.038117289543151855,-2.220446049250313e-16,0.12120592594146729,2,0.3430357142857142,0.7738593816757202,"""Today?"" I shouted.",16,2.4577185417501823
396,TO DAY I SHOUTED,4,0,3,TO,0.03762752190232277,0.03762752190232277,0.16638993310713757,0.0,-2.220446049250313e-16,0.18868303298950195,3,0.16077678571428572,0.7738593816757202,"""Today?"" I shouted.",16,2.4577185417501823
396,TO DAY I SHOUTED,4,2,4,I,0.016094032675027847,0.016094032675027847,0.07116825357708881,0.02005934715270996,0.18350341907227385,0.22614061832427979,4,0.1901250000000001,0.7738593816757202,"""Today?"" I shouted.",16,2.4577185417501823
400,TO REVIVE THE SICK MAN,5,1,1,REVIVE,0.1316697746515274,0.1316697746515274,0.5526961181005637,0.07067757844924927,0.209430584957905,0.07067757844924927,1,0.6813076923076924,0.7617682218551636,to revive the sick man.,32,4.804198836000433
400,TO REVIVE THE SICK MAN,5,3,2,SICK,0.07706984877586365,0.07706984877586365,0.32350785405193366,0.07439547777175903,0.19999999999999984,0.2553696632385254,2,0.16030769230769226,0.7617682218551636,to revive the sick man.,32,4.804198836000433
400,TO REVIVE THE SICK MAN,5,4,3,MAN,0.015665361657738686,0.015665361657738686,0.06575681168884834,0.0,-2.220446049250313e-16,0.20796990394592285,3,0.4807548076923076,0.7617682218551636,to revive the sick man.,32,4.804198836000433
400,TO REVIVE THE SICK MAN,5,2,4,THE,0.009812768548727036,0.009812768548727036,0.041190008102120056,0.0038962960243225098,0.19999999999999984,0.26171255111694336,4,0.3046923076923078,0.7617682218551636,to revive the sick man.,32,4.804198836000433
400,TO REVIVE THE SICK MAN,5,0,5,TO,0.0040140156634151936,0.0040140156634151936,0.01684920385894122,0.0,-2.220446049250313e-16,0.23823177814483643,5,0.06412019230769234,0.7617682218551636,to revive the sick man.,32,4.804198836000433
401,TO RULE BY AGA'S SIDE,5,1,1,RULE,0.08447806537151337,0.08447806537151337,0.3387110836953742,0.06838500499725342,0.1666666666666664,0.06838500499725342,1,0.3916249999999999,0.7505896091461182,to rule by Aga's side.,32,4.2933600410004145
401,TO RULE BY AGA'S SIDE,5,3,2,AGA'S,0.05018546059727669,0.05018546059727669,0.20121639469252178,0.09022396802902222,0.26970325665977835,0.16332018375396729,2,0.40166666666666684,0.7505896091461182,to rule by Aga's side.,32,4.2933600410004145
401,TO RULE BY AGA'S SIDE,5,4,3,SIDE,0.04748363792896271,0.04748363792896271,0.1903835556601314,0.10808122158050537,0.3876275643042054,0.10647702217102051,3,0.5423333333333336,0.7505896091461182,to rule by Aga's side.,32,4.2933600410004145
401,TO RULE BY AGA'S SIDE,5,0,4,TO,0.04628603160381317,0.04628603160381317,0.1855818058278179,0.02252650260925293,0.08712907082472299,0.2596675753593445,4,0.14025,0.7505896091461182,to rule by Aga's side.,32,4.2933600410004145
401,TO RULE BY AGA'S SIDE,5,2,5,BY,0.0209771990776062,0.0209771990776062,0.08410715611469875,0.07553482055664062,0.33333333333333315,0.24941039085388184,5,0.2008333333333333,0.7505896091461182,to rule by Aga's side.,32,4.2933600410004145
407,VERY GOOD NOW OBSERVE,4,3,1,OBSERVE,0.09123711287975311,0.09123711287975311,0.4170364332681432,0.06253647804260254,0.13397459621556118,0.06253647804260254,1,0.7411708860759489,0.7812250852584839,Very good. Now observe.,16,2.3834351354998944
407,VERY GOOD NOW OBSERVE,4,0,2,VERY,0.058808255940675735,0.058808255940675735,0.26880711730261264,0.0,0.0,0.08030164241790771,2,0.3204248417721519,0.7812250852584839,Very good. Now observe.,16,2.3834351354998944
407,VERY GOOD NOW OBSERVE,4,1,3,GOOD,0.044811613857746124,0.044811613857746124,0.20482975647041665,0.0,0.0,0.15035074949264526,3,0.28049446202531647,0.7812250852584839,Very good. Now observe.,16,2.3834351354998944
407,VERY GOOD NOW OBSERVE,4,2,4,NOW,0.02391793765127659,0.02391793765127659,0.10932668838791966,0.0,0.0,0.2187749147415161,4,0.4908061708860758,0.7812250852584839,Very good. Now observe.,16,2.3834351354998944
408,VERY WELL HE SAID,4,0,1,VERY,0.11523115634918213,0.11523115634918213,0.44380171182857997,0.04792749881744385,0.13397459621556118,0.04792749881744385,1,0.36211249999999995,0.7403544187545776,"Very well, he said.",16,2.564297156250177
408,VERY WELL HE SAID,4,1,2,WELL,0.07146521657705307,0.07146521657705307,0.275241405692285,0.0,0.0,0.1361624002456665,2,0.31037499999999996,0.7403544187545776,"Very well, he said.",16,2.564297156250177
408,VERY WELL HE SAID,4,3,3,SAID,0.061995409429073334,0.061995409429073334,0.23876935458985105,0.0,0.0,0.2504274845123291,3,0.5238999999999998,0.7403544187545776,"Very well, he said.",16,2.564297156250177
408,VERY WELL HE SAID,4,2,4,HE,0.010953804478049278,0.010953804478049278,0.04218752403788004,0.0,0.0,0.25964558124542236,4,0.1007499999999999,0.7403544187545776,"Very well, he said.",16,2.564297156250177
419,WHERE THE INTERFERENCE PROVED,4,2,1,INTERFERENCE,0.12765318155288696,0.12765318155288696,0.5442821878409948,0.10856705904006958,0.25,0.10856705904006958,1,0.6862962962962962,0.7654650211334229,where the interference proved,16,2.2700644257502063
419,WHERE THE INTERFERENCE PROVED,4,3,2,PROVED,0.06315981596708298,0.06315981596708298,0.26929812794329894,0.05340921878814697,0.13397459621556118,0.18283230066299438,2,0.46875,0.7654650211334229,where the interference proved,16,2.2700644257502063
419,WHERE THE INTERFERENCE PROVED,4,0,3,WHERE,0.037681665271520615,0.037681665271520615,0.16066547630055084,0.033093035221099854,0.13397459621556118,0.21179449558258057,3,0.29025925925925933,0.7654650211334229,where the interference proved,16,2.2700644257502063
419,WHERE THE INTERFERENCE PROVED,4,1,4,THE,0.006040260195732117,0.006040260195732117,0.025754203651398147,5.960464477539063e-08,0.0,0.23453497886657715,4,0.11710879629629634,0.7654650211334229,where the interference proved,16,2.2700644257502063
423,WHY THIS WAS MACKAY,4,3,1,MACKAY,0.12199541926383972,0.12199541926383972,0.9138019357215854,0.0989798903465271,0.25,0.0989798903465271,1,0.47375999999999996,0.8664969801902771,Why? This was McKay.,16,2.453888141499192
423,WHY THIS WAS MACKAY,4,1,2,THIS,0.005753855220973492,0.005753855220973492,0.04309902839397676,-1.1920928955078125e-07,0.0,0.1335030198097229,2,0.2620800000000001,0.8664969801902771,Why? This was McKay.,16,2.453888141499192
423,WHY THIS WAS MACKAY,4,2,3,WAS,0.005753855220973492,0.005753855220973492,0.04309902839397676,-1.1920928955078125e-07,0.0,0.1335030198097229,3,0.10080000000000022,0.8664969801902771,Why? This was McKay.,16,2.453888141499192
423,WHY THIS WAS MACKAY,4,0,4,WHY,0.0,0.0,0.0,-1.1920928955078125e-07,0.0,0.1335030198097229,4,0.22175999999999996,0.8664969801902771,Why? This was McKay.,16,2.453888141499192
433,WOMAN SIREN THAT YOU ARE,5,0,1,WOMAN,0.09206656366586685,0.09206656366586685,0.5513776756484885,0.13455677032470703,0.32917960675006297,0.13455677032470703,1,0.39765371621621626,0.8832043409347534,"Woman, syren that you are.",32,4.277137134399527
433,WOMAN SIREN THAT YOU ARE,5,1,2,SIREN,0.025708142668008804,0.025708142668008804,0.15396356054919955,0.05669605731964111,0.1548457452714832,0.11679565906524658,2,0.6637922297297296,0.8832043409347534,"Woman, syren that you are.",32,4.277137134399527
433,WOMAN SIREN THAT YOU ARE,5,4,3,ARE,-0.025089923292398453,0.025089923292398453,0.1502611049693214,0.0,-2.220446049250313e-16,0.11679565906524658,3,0.012255067567567668,0.8832043409347534,"Woman, syren that you are.",32,4.277137134399527
433,WOMAN SIREN THAT YOU ARE,5,2,4,THAT,0.013364462181925774,0.013364462181925774,0.08003846131268527,0.0,-2.220446049250313e-16,0.11679565906524658,4,0.11055743243243255,0.8832043409347534,"Woman, syren that you are.",32,4.277137134399527
433,WOMAN SIREN THAT YOU ARE,5,3,5,YOU,0.010746408253908157,0.010746408253908157,0.06435919153140277,0.0,-2.220446049250313e-16,0.11679565906524658,5,0.1304560810810811,0.8832043409347534,"Woman, syren that you are.",32,4.277137134399527
447,YOUR FRIEND AS EVER,4,1,1,FRIEND,0.11449180543422699,0.11449180543422699,0.45001369836710114,0.1298561692237854,0.5917517095361369,0.1298561692237854,1,0.3810106382978724,0.7455815076828003,Your friend as ever.,16,2.468505357750473
447,YOUR FRIEND AS EVER,4,3,2,EVER,0.09226593375205994,0.09226593375205994,0.3626541997794881,0.09575855731964111,0.13397459621556118,0.1280638575553894,2,0.48106117021276584,0.7455815076828003,Your friend as ever.,16,2.468505357750473
447,YOUR FRIEND AS EVER,4,0,3,YOUR,0.026803579181432724,0.026803579181432724,0.10535232413503443,0.023653388023376465,0.13397459621556118,0.21824508905410767,3,0.22038962765957448,0.7455815076828003,Your friend as ever.,16,2.468505357750473
447,YOUR FRIEND AS EVER,4,2,4,AS,0.02085717022418976,0.02085717022418976,0.08197977378784431,0.020246028900146484,0.13397459621556118,0.2544184923171997,4,0.1804787234042553,0.7455815076828003,Your friend as ever.,16,2.468505357750473
