sample_id,n_segments,present_mask,coalition_size,util_emb,util_tfidf
1,4,15,4,1.0,1.0
1,4,0,0,0.8842418193817139,0.5
1,4,1,1,0.8284509181976318,0.3535533905932738
1,4,2,1,0.947909414768219,0.7071067811865476
1,4,4,1,0.8770792484283447,0.7071067811865476
1,4,8,1,0.8544652462005615,0.3535533905932738
1,4,3,2,0.947909414768219,0.7071067811865476
1,4,5,2,0.8822055459022522,0.5
1,4,9,2,0.8617045879364014,0.3535533905932738
1,4,6,2,0.9676175713539124,1.0
1,4,10,2,0.947909414768219,0.7071067811865476
1,4,12,2,0.8770792484283447,0.7071067811865476
1,4,7,3,0.9676175713539124,1.0
1,4,11,3,0.9421637058258057,0.7071067811865476
1,4,13,3,0.8762205839157104,0.75
1,4,14,3,1.0,1.0
6,4,15,4,1.0,1.0
6,4,0,0,0.7464962601661682,0.0
6,4,1,1,0.8008226156234741,0.0
6,4,2,1,0.7556586861610413,0.0
6,4,4,1,0.8103866577148438,0.3535533905932738
6,4,8,1,0.924199640750885,0.5
6,4,3,2,0.7556586861610413,0.0
6,4,5,2,0.8593285083770752,0.5
6,4,9,2,0.904686689376831,0.2886751345948129
6,4,6,2,0.9690667986869812,0.8660254037844388
6,4,10,2,0.8999274373054504,0.25
6,4,12,2,0.9669859409332275,0.7071067811865476
6,4,7,3,0.8998638987541199,0.8660254037844388
6,4,11,3,0.8999274373054504,0.25
6,4,13,3,0.9669859409332275,0.7071067811865476
6,4,14,3,0.9690667986869812,0.8660254037844388
11,4,15,4,1.0,1.0
11,4,0,0,0.7846636176109314,0.0
11,4,1,1,0.9540423154830933,0.7071067811865476
11,4,2,1,0.8563563823699951,0.5
11,4,4,1,0.7839059829711914,0.5
11,4,8,1,0.7663394212722778,0.0
11,4,3,2,0.9540423154830933,0.7071067811865476
11,4,5,2,0.9528837203979492,0.75
11,4,9,2,0.9805770516395569,0.8660254037844388
11,4,6,2,0.8548193573951721,0.5773502691896258
11,4,10,2,0.9038290977478027,0.7071067811865476
11,4,12,2,0.9001684784889221,0.8660254037844388
11,4,7,3,0.9585103988647461,0.8660254037844388
11,4,11,3,0.9805770516395569,0.8660254037844388
11,4,13,3,0.9782302379608154,1.0
11,4,14,3,0.9001684784889221,0.8660254037844388
26,4,15,4,1.0,1.0
26,4,0,0,0.8192545771598816,0.2886751345948129
26,4,1,1,0.8325343132019043,0.5773502691896258
26,4,2,1,0.8325343132019043,0.5773502691896258
26,4,4,1,0.9165353775024414,0.5773502691896258
26,4,8,1,1.0,1.0
26,4,3,2,0.8325343132019043,0.5773502691896258
26,4,5,2,0.9340973496437073,0.75
26,4,9,2,0.9674105048179626,0.75
26,4,6,2,0.9340973496437073,0.75
26,4,10,2,0.8622428774833679,0.75
26,4,12,2,0.9875304102897644,0.8660254037844388
26,4,7,3,0.9340973496437073,0.75
26,4,11,3,0.8594751954078674,0.75
26,4,13,3,1.0,1.0
26,4,14,3,1.0,1.0
32,4,15,4,1.0,1.0
32,4,0,0,0.9197930097579956,0.75
32,4,1,1,0.9197930097579956,0.75
32,4,2,1,0.9195610284805298,0.7071067811865476
32,4,4,1,0.9087314605712891,0.75
32,4,8,1,1.0,1.0
32,4,3,2,0.9195610284805298,0.7071067811865476
32,4,5,2,0.9087314605712891,0.75
32,4,9,2,1.0,1.0
32,4,6,2,0.9087314605712891,0.75
32,4,10,2,1.0,1.0
32,4,12,2,1.0,1.0
32,4,7,3,0.9198997020721436,0.75
32,4,11,3,1.0,1.0
32,4,13,3,1.0,1.0
32,4,14,3,1.0,1.0
33,4,15,4,0.9999999403953552,1.0
33,4,0,0,0.7962281703948975,0.5
33,4,1,1,0.7843605279922485,0.447213595499958
33,4,2,1,0.8558111190795898,0.7071067811865476
33,4,4,1,0.8062269687652588,0.3535533905932738
33,4,8,1,0.8994839191436768,0.8660254037844388
33,4,3,2,0.8558111190795898,0.7071067811865476
33,4,5,2,0.8442262411117554,0.670820393249937
33,4,9,2,0.8994839191436768,0.8660254037844388
33,4,6,2,0.8413327932357788,0.7071067811865476
33,4,10,2,0.8872384428977966,0.7071067811865476
33,4,12,2,0.893684446811676,0.8660254037844388
33,4,7,3,0.8442262411117554,0.670820393249937
33,4,11,3,0.8944873809814453,0.8660254037844388
33,4,13,3,0.9931383728981018,1.0
33,4,14,3,0.9001333117485046,0.8660254037844388
35,4,15,4,0.9999999403953552,1.0
35,4,0,0,0.7345273494720459,0.20412414523193154
35,4,1,1,0.8135793209075928,0.5773502691896258
35,4,2,1,0.9999999403953552,1.0
35,4,4,1,0.7850613594055176,0.5
35,4,8,1,0.8546813726425171,0.447213595499958
35,4,3,2,0.9739568829536438,0.75
35,4,5,2,0.7850613594055176,0.5
35,4,9,2,0.8966339826583862,0.75
35,4,6,2,0.9999999403953552,1.0
35,4,10,2,0.9774413108825684,0.8660254037844388
35,4,12,2,0.8546813726425171,0.447213595499958
35,4,7,3,0.9739568829536438,0.75
35,4,11,3,0.9999999403953552,1.0
35,4,13,3,0.8966339826583862,0.75
35,4,14,3,0.9774413108825684,0.8660254037844388
38,5,31,5,0.9999998807907104,1.0000000000000002
38,5,0,0,0.9999998807907104,1.0000000000000002
38,5,1,1,0.9999998807907104,1.0000000000000002
38,5,2,1,0.9999998807907104,1.0000000000000002
38,5,4,1,0.9999998807907104,1.0000000000000002
38,5,8,1,0.9999998807907104,1.0000000000000002
38,5,16,1,0.9999998807907104,1.0000000000000002
38,5,3,2,0.9999998807907104,1.0000000000000002
38,5,5,2,0.9999998807907104,1.0000000000000002
38,5,9,2,0.9999998807907104,1.0000000000000002
38,5,17,2,0.9999998807907104,1.0000000000000002
38,5,6,2,0.9999998807907104,1.0000000000000002
38,5,10,2,0.9999998807907104,1.0000000000000002
38,5,18,2,0.9999998807907104,1.0000000000000002
38,5,12,2,0.9999998807907104,1.0000000000000002
38,5,20,2,0.9999998807907104,1.0000000000000002
38,5,24,2,0.9601436257362366,0.894427190999916
38,5,7,3,0.9999998807907104,1.0000000000000002
38,5,11,3,0.9999998807907104,1.0000000000000002
38,5,19,3,0.9719252586364746,0.894427190999916
38,5,13,3,0.9999998807907104,1.0000000000000002
38,5,21,3,0.9999998807907104,1.0000000000000002
38,5,25,3,0.9601436257362366,0.894427190999916
38,5,14,3,0.9999998807907104,1.0000000000000002
38,5,22,3,0.9999998807907104,1.0000000000000002
38,5,26,3,0.9601436257362366,0.894427190999916
38,5,28,3,0.9999998807907104,1.0000000000000002
38,5,15,4,0.9999998807907104,1.0000000000000002
38,5,23,4,0.9999998807907104,1.0000000000000002
38,5,27,4,0.9601436257362366,0.894427190999916
38,5,29,4,0.9999998807907104,1.0000000000000002
38,5,30,4,0.9999998807907104,1.0000000000000002
43,5,31,5,1.0,1.0000000000000002
43,5,0,0,0.7365654706954956,0.0
43,5,1,1,0.8021341562271118,0.4000000000000001
43,5,2,1,0.7757043838500977,0.2581988897471612
43,5,4,1,0.8161033391952515,0.447213595499958
43,5,8,1,0.8091174364089966,0.316227766016838
43,5,16,1,0.743516206741333,0.0
43,5,3,2,0.8478098511695862,0.8000000000000002
43,5,5,2,0.8478098511695862,0.8000000000000002
43,5,9,2,0.8196306228637695,0.6000000000000001
43,5,17,2,0.9773516654968262,0.8000000000000002
43,5,6,2,0.8503664135932922,0.670820393249937
43,5,10,2,0.8503664135932922,0.670820393249937
43,5,18,2,0.9845811724662781,0.894427190999916
43,5,12,2,0.8304846286773682,0.447213595499958
43,5,20,2,0.9041053652763367,0.447213595499958
43,5,24,2,0.9448625445365906,0.632455532033676
43,5,7,3,0.8478098511695862,0.8000000000000002
43,5,11,3,0.8478098511695862,0.8000000000000002
43,5,19,3,1.0,1.0000000000000002
43,5,13,3,0.8196306228637695,0.6000000000000001
43,5,21,3,1.0,1.0000000000000002
43,5,25,3,0.9625509977340698,0.7745966692414836
43,5,14,3,0.8503664135932922,0.670820393249937
43,5,22,3,0.9845811724662781,0.894427190999916
43,5,26,3,0.9845811724662781,0.894427190999916
43,5,28,3,0.9041053652763367,0.447213595499958
43,5,15,4,0.8478098511695862,0.8000000000000002
43,5,23,4,1.0,1.0000000000000002
43,5,27,4,1.0,1.0000000000000002
43,5,29,4,1.0,1.0000000000000002
43,5,30,4,0.9845811724662781,0.894427190999916
44,5,31,5,0.9999998211860657,1.0000000000000004
44,5,0,0,0.9007889032363892,0.566946709513841
44,5,1,1,0.9007889032363892,0.566946709513841
44,5,2,1,0.9434421062469482,0.8017837257372733
44,5,4,1,0.9007889032363892,0.566946709513841
44,5,8,1,0.9007889032363892,0.566946709513841
44,5,16,1,0.973892092704773,0.8728715609439698
44,5,3,2,0.9434421062469482,0.8017837257372733
44,5,5,2,0.9007889032363892,0.566946709513841
44,5,9,2,0.9007889032363892,0.566946709513841
44,5,17,2,0.970313310623169,0.8451542547285168
44,5,6,2,0.9377321600914001,0.8017837257372734
44,5,10,2,0.9339107871055603,0.6761234037828134
44,5,18,2,0.9943767786026001,0.9449111825230683
44,5,12,2,0.9007889032363892,0.566946709513841
44,5,20,2,0.973892092704773,0.8728715609439698
44,5,24,2,0.973892092704773,0.8728715609439698
44,5,7,3,0.9434421062469482,0.8017837257372733
44,5,11,3,0.9339107871055603,0.6761234037828134
44,5,19,3,0.9943767786026001,0.9449111825230683
44,5,13,3,0.9007889032363892,0.566946709513841
44,5,21,3,0.973892092704773,0.8728715609439698
44,5,25,3,0.970313310623169,0.8451542547285168
44,5,14,3,0.9377321600914001,0.8017837257372734
44,5,22,3,0.9999998211860657,1.0000000000000004
44,5,26,3,0.9943767786026001,0.9449111825230683
44,5,28,3,0.973892092704773,0.8728715609439698
44,5,15,4,0.9377321600914001,0.8017837257372734
44,5,23,4,0.9999998211860657,1.0000000000000004
44,5,27,4,0.9943767786026001,0.9449111825230683
44,5,29,4,0.973892092704773,0.8728715609439698
44,5,30,4,0.9999998211860657,1.0000000000000004
60,4,15,4,1.0,1.0
60,4,0,0,0.7804310321807861,0.0
60,4,1,1,0.954669713973999,0.8660254037844388
60,4,2,1,0.8124698996543884,0.2886751345948129
60,4,4,1,0.8586404919624329,0.3535533905932738
60,4,8,1,0.9051538109779358,0.25
60,4,3,2,0.7966119050979614,0.0
60,4,5,2,0.954669713973999,0.8660254037844388
60,4,9,2,1.0,1.0
60,4,6,2,0.954669713973999,0.8660254037844388
60,4,10,2,1.0,1.0
60,4,12,2,1.0,1.0
60,4,7,3,0.954669713973999,0.8660254037844388
60,4,11,3,1.0,1.0
60,4,13,3,1.0,1.0
60,4,14,3,1.0,1.0
65,6,63,6,0.9999999403953552,1.0000000000000002
65,6,0,0,0.7620048522949219,0.20412414523193154
65,6,1,1,0.7140017747879028,0.0
65,6,2,1,0.7841815948486328,0.5000000000000001
65,6,4,1,0.7112534046173096,0.1825741858350554
65,6,8,1,0.7657331228256226,0.4082482904638631
65,6,16,1,0.7620048522949219,0.20412414523193154
65,6,32,1,0.7356997728347778,0.1666666666666667
65,6,3,2,0.8884159922599792,0.7715167498104598
65,6,5,2,0.8116044402122498,0.4714045207910318
65,6,9,2,0.8443595170974731,0.7302967433402217
65,6,17,2,0.7110402584075928,0.0
65,6,33,2,0.7406754493713379,0.15430334996209197
65,6,6,2,0.7275682687759399,0.2886751345948129
65,6,10,2,0.8121716380119324,0.6666666666666669
65,6,18,2,0.7629944682121277,0.0
65,6,34,2,0.9823886752128601,0.912870929175277
65,6,12,2,0.7933887839317322,0.7071067811865477
65,6,20,2,0.7620048522949219,0.20412414523193154
65,6,36,2,0.7669864892959595,0.1825741858350554
65,6,24,2,0.836069643497467,0.6123724356957946
65,6,40,2,0.9425637722015381,0.8164965809277261
65,6,48,2,0.9125963449478149,0.7715167498104598
65,6,7,3,0.8816169500350952,0.7071067811865477
65,6,11,3,0.89730304479599,0.8333333333333336
65,6,19,3,0.89730304479599,0.8333333333333336
65,6,35,3,0.9999999403953552,1.0000000000000002
65,6,13,3,0.89730304479599,0.8333333333333336
65,6,21,3,0.8403856754302979,0.5477225575051663
65,6,37,3,0.7890868186950684,0.3651483716701108
65,6,25,3,0.89730304479599,0.8333333333333336
65,6,41,3,0.8944402933120728,0.6666666666666669
65,6,49,3,0.9576566219329834,0.8333333333333336
65,6,14,3,0.8347197771072388,0.7302967433402217
65,6,22,3,0.7286014556884766,0.1666666666666667
65,6,38,3,0.9493927359580994,0.8333333333333336
65,6,26,3,0.8682410717010498,0.8164965809277261
65,6,42,3,0.9823886752128601,0.912870929175277
65,6,50,3,0.9999999403953552,1.0000000000000002
65,6,28,3,0.8149985671043396,0.4714045207910318
65,6,44,3,0.9425637722015381,0.8164965809277261
65,6,52,3,0.7620048522949219,0.20412414523193154
65,6,56,3,0.9425637722015381,0.8164965809277261
65,6,15,4,0.89730304479599,0.8333333333333336
65,6,23,4,0.9048845767974854,0.5000000000000001
65,6,39,4,0.9583179950714111,0.7302967433402217
65,6,27,4,0.89730304479599,0.8333333333333336
65,6,43,4,0.9958468079566956,0.9258200997725518
65,6,51,4,0.9958468079566956,0.9258200997725518
65,6,29,4,0.89730304479599,0.8333333333333336
65,6,45,4,0.9958468079566956,0.9258200997725518
65,6,53,4,0.9958468079566956,0.9258200997725518
65,6,57,4,0.9958468079566956,0.9258200997725518
65,6,30,4,0.8462167978286743,0.8164965809277261
65,6,46,4,0.9823886752128601,0.912870929175277
65,6,54,4,0.9060842394828796,0.6666666666666669
65,6,58,4,0.9823886752128601,0.912870929175277
65,6,60,4,0.9425637722015381,0.8164965809277261
65,6,31,5,0.9055454730987549,0.912870929175277
65,6,47,5,0.9999999403953552,1.0000000000000002
65,6,55,5,0.9999999403953552,1.0000000000000002
65,6,59,5,0.9958468079566956,0.9258200997725518
65,6,61,5,0.9958468079566956,0.9258200997725518
65,6,62,5,0.9823886752128601,0.912870929175277
66,5,31,5,1.0,1.0000000000000002
66,5,0,0,0.8844307661056519,0.447213595499958
66,5,1,1,1.0,1.0000000000000002
66,5,2,1,0.940491795539856,0.7745966692414836
66,5,4,1,0.9916631579399109,1.0000000000000002
66,5,8,1,0.8482985496520996,0.5070925528371101
66,5,16,1,1.0,1.0000000000000002
66,5,3,2,0.940491795539856,0.7745966692414836
66,5,5,2,0.8894568681716919,0.6000000000000001
66,5,9,2,1.0,1.0000000000000002
66,5,17,2,0.7539544105529785,0.0
66,5,6,2,0.940491795539856,0.7745966692414836
66,5,10,2,1.0,1.0000000000000002
66,5,18,2,1.0,1.0000000000000002
66,5,12,2,0.8838074207305908,0.7745966692414836
66,5,20,2,0.8121880888938904,0.223606797749979
66,5,24,2,0.8808592557907104,0.670820393249937
66,5,7,3,0.9032182693481445,0.670820393249937
66,5,11,3,1.0,1.0000000000000002
66,5,19,3,1.0,1.0000000000000002
66,5,13,3,0.9172635078430176,0.894427190999916
66,5,21,3,0.8723162412643433,0.4000000000000001
66,5,25,3,0.8858170509338379,0.6000000000000001
66,5,14,3,1.0,1.0000000000000002
66,5,22,3,1.0,1.0000000000000002
66,5,26,3,1.0,1.0000000000000002
66,5,28,3,0.8838074207305908,0.7745966692414836
66,5,15,4,1.0,1.0000000000000002
66,5,23,4,1.0,1.0000000000000002
66,5,27,4,1.0,1.0000000000000002
66,5,29,4,0.892242431640625,0.7745966692414836
66,5,30,4,1.0,1.0000000000000002
76,6,63,6,0.9999999403953552,1.0000000000000002
76,6,0,0,0.8883315920829773,0.6123724356957946
76,6,1,1,0.9999999403953552,1.0000000000000002
76,6,2,1,0.9782129526138306,0.9354143466934854
76,6,4,1,0.8814482688903809,0.6123724356957946
76,6,8,1,0.8883315920829773,0.6123724356957946
76,6,16,1,0.9444468021392822,0.8660254037844387
76,6,32,1,0.9444468021392822,0.8660254037844387
76,6,3,2,0.9999999403953552,1.0000000000000002
76,6,5,2,0.9999999403953552,1.0000000000000002
76,6,9,2,0.9409227967262268,0.790569415042095
76,6,17,2,0.9999999403953552,1.0000000000000002
76,6,33,2,0.9999999403953552,1.0000000000000002
76,6,6,2,0.9782129526138306,0.9354143466934854
76,6,10,2,0.9782129526138306,0.9354143466934854
76,6,18,2,0.9782129526138306,0.9354143466934854
76,6,34,2,0.9782129526138306,0.9354143466934854
76,6,12,2,0.8883315920829773,0.6123724356957946
76,6,20,2,0.9393180012702942,0.8660254037844387
76,6,36,2,0.9444468021392822,0.8660254037844387
76,6,24,2,0.9444468021392822,0.8660254037844387
76,6,40,2,0.9444468021392822,0.8660254037844387
76,6,48,2,0.9444468021392822,0.8660254037844387
76,6,7,3,0.9999999403953552,1.0000000000000002
76,6,11,3,0.9999999403953552,1.0000000000000002
76,6,19,3,0.9999999403953552,1.0000000000000002
76,6,35,3,0.9999999403953552,1.0000000000000002
76,6,13,3,0.9999999403953552,1.0000000000000002
76,6,21,3,0.9999999403953552,1.0000000000000002
76,6,37,3,0.9999999403953552,1.0000000000000002
76,6,25,3,0.9999999403953552,1.0000000000000002
76,6,41,3,0.9999999403953552,1.0000000000000002
76,6,49,3,0.9999999403953552,1.0000000000000002
76,6,14,3,0.9782129526138306,0.9354143466934854
76,6,22,3,0.9782129526138306,0.9354143466934854
76,6,38,3,0.9782129526138306,0.9354143466934854
76,6,26,3,0.9782129526138306,0.9354143466934854
76,6,42,3,0.9782129526138306,0.9354143466934854
76,6,50,3,0.9782129526138306,0.9354143466934854
76,6,28,3,0.9444468021392822,0.8660254037844387
76,6,44,3,0.9444468021392822,0.8660254037844387
76,6,52,3,0.9444468021392822,0.8660254037844387
76,6,56,3,0.9444468021392822,0.8660254037844387
76,6,15,4,0.9999999403953552,1.0000000000000002
76,6,23,4,0.9999999403953552,1.0000000000000002
76,6,39,4,0.9999999403953552,1.0000000000000002
76,6,27,4,0.9999999403953552,1.0000000000000002
76,6,43,4,0.9999999403953552,1.0000000000000002
76,6,51,4,0.9999999403953552,1.0000000000000002
76,6,29,4,0.9999999403953552,1.0000000000000002
76,6,45,4,0.9999999403953552,1.0000000000000002
76,6,53,4,0.9999999403953552,1.0000000000000002
76,6,57,4,0.9999999403953552,1.0000000000000002
76,6,30,4,0.9782129526138306,0.9354143466934854
76,6,46,4,0.9782129526138306,0.9354143466934854
76,6,54,4,0.9782129526138306,0.9354143466934854
76,6,58,4,0.9782129526138306,0.9354143466934854
76,6,60,4,0.9444468021392822,0.8660254037844387
76,6,31,5,0.9999999403953552,1.0000000000000002
76,6,47,5,0.9999999403953552,1.0000000000000002
76,6,55,5,0.9999999403953552,1.0000000000000002
76,6,59,5,0.9999999403953552,1.0000000000000002
76,6,61,5,0.9999999403953552,1.0000000000000002
76,6,62,5,0.9782129526138306,0.9354143466934854
80,7,127,7,1.0,1.0000000000000002
80,7,0,0,0.7483140826225281,0.0
80,7,1,1,0.751255214214325,0.0
80,7,2,1,0.9242373704910278,0.7500000000000001
80,7,4,1,0.866686224937439,0.632455532033676
80,7,8,1,0.7341452240943909,0.0
80,7,16,1,0.8292829394340515,0.4264014327112209
80,7,32,1,0.8525584936141968,0.5330017908890261
80,7,64,1,0.806638240814209,0.316227766016838
80,7,3,2,0.8856878876686096,0.5345224838248489
80,7,5,2,0.7453703880310059,0.3535533905932738
80,7,9,2,0.7650173902511597,0.0
80,7,17,2,0.8982064127922058,0.5773502691896258
80,7,33,2,0.9365077614784241,0.7216878364870323
80,7,65,2,0.751255214214325,0.0
80,7,6,2,0.9242373704910278,0.7500000000000001
80,7,10,2,0.9242373704910278,0.7500000000000001
80,7,18,2,0.7918143272399902,0.316227766016838
80,7,34,2,0.9242373704910278,0.7500000000000001
80,7,66,2,0.9242373704910278,0.7500000000000001
80,7,12,2,0.866686224937439,0.632455532033676
80,7,20,2,0.7967820167541504,0.474341649025257
80,7,36,2,0.885216236114502,0.6681531047810612
80,7,68,2,0.866686224937439,0.632455532033676
80,7,24,2,0.760954737663269,0.23570226039551584
80,7,40,2,0.8566099405288696,0.5330017908890261
80,7,72,2,0.7341452240943909,0.0
80,7,48,2,0.8566099405288696,0.5330017908890261
80,7,80,2,0.8292829394340515,0.4264014327112209
80,7,96,2,0.8525584936141968,0.5330017908890261
80,7,7,3,0.8802125453948975,0.632455532033676
80,7,11,3,0.9701483249664307,0.7216878364870323
80,7,19,3,0.9940508008003235,0.8750000000000001
80,7,35,3,1.0,1.0000000000000002
80,7,67,3,0.8856878876686096,0.5345224838248489
80,7,13,3,0.8864779472351074,0.5303300858899107
80,7,21,3,0.8982064127922058,0.5773502691896258
80,7,37,3,0.9365077614784241,0.7216878364870323
80,7,69,3,0.7453703880310059,0.3535533905932738
80,7,25,3,0.8982064127922058,0.5773502691896258
80,7,41,3,0.9310866594314575,0.7216878364870323
80,7,73,3,0.7650173902511597,0.0
80,7,49,3,0.9365077614784241,0.7216878364870323
80,7,81,3,0.8982064127922058,0.5773502691896258
80,7,97,3,0.8670005202293396,0.474341649025257
80,7,14,3,0.9242373704910278,0.7500000000000001
80,7,22,3,0.7918143272399902,0.316227766016838
80,7,38,3,0.9242373704910278,0.7500000000000001
80,7,70,3,0.9242373704910278,0.7500000000000001
80,7,26,3,0.8220134973526001,0.5345224838248489
80,7,42,3,0.9242373704910278,0.7500000000000001
80,7,74,3,0.9242373704910278,0.7500000000000001
80,7,50,3,0.8519961833953857,0.5330017908890261
80,7,82,3,0.7918143272399902,0.316227766016838
80,7,98,3,0.9242373704910278,0.7500000000000001
80,7,28,3,0.7676892280578613,0.3535533905932738
80,7,44,3,0.8831626176834106,0.7216878364870323
80,7,76,3,0.866686224937439,0.632455532033676
80,7,52,3,0.8566099405288696,0.5330017908890261
80,7,84,3,0.760954737663269,0.23570226039551584
80,7,100,3,0.885216236114502,0.6681531047810612
80,7,56,3,0.8566099405288696,0.5330017908890261
80,7,88,3,0.760954737663269,0.23570226039551584
80,7,104,3,0.8566099405288696,0.5330017908890261
80,7,112,3,0.8566099405288696,0.5330017908890261
80,7,15,4,0.9939393997192383,0.8750000000000001
80,7,23,4,0.9940508008003235,0.8750000000000001
80,7,39,4,0.9939393997192383,0.8750000000000001
80,7,71,4,0.8802125453948975,0.632455532033676
80,7,27,4,0.9940508008003235,0.8750000000000001
80,7,43,4,1.0,1.0000000000000002
80,7,75,4,0.9701483249664307,0.7216878364870323
80,7,51,4,1.0,1.0000000000000002
80,7,83,4,0.9940508008003235,0.8750000000000001
80,7,99,4,1.0,1.0000000000000002
80,7,29,4,0.8982064127922058,0.5773502691896258
80,7,45,4,0.9365077614784241,0.7216878364870323
80,7,77,4,0.8864779472351074,0.5303300858899107
80,7,53,4,0.9365077614784241,0.7216878364870323
80,7,85,4,0.8982064127922058,0.5773502691896258
80,7,101,4,0.9365077614784241,0.7216878364870323
80,7,57,4,0.9365077614784241,0.7216878364870323
80,7,89,4,0.8982064127922058,0.5773502691896258
80,7,105,4,0.9310866594314575,0.7216878364870323
80,7,113,4,0.9365077614784241,0.7216878364870323
80,7,30,4,0.7918143272399902,0.316227766016838
80,7,46,4,0.9242373704910278,0.7500000000000001
80,7,78,4,0.9242373704910278,0.7500000000000001
80,7,54,4,0.9326348304748535,0.8249579113843055
80,7,86,4,0.7918143272399902,0.316227766016838
80,7,102,4,0.9004189968109131,0.6681531047810612
80,7,58,4,0.8519961833953857,0.5330017908890261
80,7,90,4,0.7918143272399902,0.316227766016838
80,7,106,4,0.9242373704910278,0.7500000000000001
80,7,114,4,0.8519961833953857,0.5330017908890261
80,7,60,4,0.8566099405288696,0.5330017908890261
80,7,92,4,0.7676892280578613,0.3535533905932738
80,7,108,4,0.8831626176834106,0.7216878364870323
80,7,116,4,0.8566099405288696,0.5330017908890261
80,7,120,4,0.8566099405288696,0.5330017908890261
80,7,31,5,0.9940508008003235,0.8750000000000001
80,7,47,5,0.9940508008003235,0.8750000000000001
80,7,79,5,0.9939393997192383,0.8750000000000001
80,7,55,5,0.9940508008003235,0.8750000000000001
80,7,87,5,0.9940508008003235,0.8750000000000001
80,7,103,5,0.9939393997192383,0.8750000000000001
80,7,59,5,1.0,1.0000000000000002
80,7,91,5,0.9940508008003235,0.8750000000000001
80,7,107,5,1.0,1.0000000000000002
80,7,115,5,1.0,1.0000000000000002
80,7,61,5,0.9365077614784241,0.7216878364870323
80,7,93,5,0.8982064127922058,0.5773502691896258
80,7,109,5,0.9365077614784241,0.7216878364870323
80,7,117,5,0.9365077614784241,0.7216878364870323
80,7,121,5,0.9365077614784241,0.7216878364870323
80,7,62,5,0.9326348304748535,0.8249579113843055
80,7,94,5,0.7918143272399902,0.316227766016838
80,7,110,5,0.9242373704910278,0.7500000000000001
80,7,118,5,0.9326348304748535,0.8249579113843055
80,7,122,5,0.8519961833953857,0.5330017908890261
80,7,124,5,0.8566099405288696,0.5330017908890261
80,7,63,6,1.0,1.0000000000000002
80,7,95,6,0.9940508008003235,0.8750000000000001
80,7,111,6,0.9940508008003235,0.8750000000000001
80,7,119,6,0.9940508008003235,0.8750000000000001
80,7,123,6,1.0,1.0000000000000002
80,7,125,6,0.9365077614784241,0.7216878364870323
80,7,126,6,0.9326348304748535,0.8249579113843055
89,4,15,4,1.000000238418579,1.0
89,4,0,0,0.8311841487884521,0.0
89,4,1,1,0.8905984163284302,0.7071067811865476
89,4,2,1,0.8905984163284302,0.7071067811865476
89,4,4,1,0.9128284454345703,0.75
89,4,8,1,0.9867616891860962,1.0
89,4,3,2,0.8905984163284302,0.7071067811865476
89,4,5,2,0.9285378456115723,0.8660254037844388
89,4,9,2,0.9551891684532166,0.8660254037844388
89,4,6,2,0.8892415165901184,0.75
89,4,10,2,0.9867616891860962,1.0
89,4,12,2,0.9867616891860962,1.0
89,4,7,3,0.9285378456115723,0.8660254037844388
89,4,11,3,0.9551891684532166,0.8660254037844388
89,4,13,3,1.000000238418579,1.0
89,4,14,3,0.9920305609703064,1.0
94,5,31,5,1.0,1.0
94,5,0,0,0.7827996015548706,0.0
94,5,1,1,0.842560350894928,0.0
94,5,2,1,0.9439926147460938,0.9258200997725516
94,5,4,1,0.9439926147460938,0.9258200997725516
94,5,8,1,0.7827996015548706,0.0
94,5,16,1,0.891211748123169,0.7559289460184545
94,5,3,2,0.9384220838546753,0.8017837257372731
94,5,5,2,0.9198174476623535,0.8571428571428574
94,5,9,2,0.9278564453125,0.8017837257372731
94,5,17,2,0.9172046184539795,0.5669467095138409
94,5,6,2,0.9439926147460938,0.9258200997725516
94,5,10,2,0.9439926147460938,0.9258200997725516
94,5,18,2,0.9439926147460938,0.9258200997725516
94,5,12,2,0.9178345203399658,0.8451542547285167
94,5,20,2,0.9178345203399658,0.8451542547285167
94,5,24,2,0.9439926147460938,0.9258200997725516
94,5,7,3,0.9198174476623535,0.8571428571428574
94,5,11,3,0.9384220838546753,0.8017837257372731
94,5,19,3,0.9198174476623535,0.8571428571428574
94,5,13,3,1.0,1.0
94,5,21,3,1.0,1.0
94,5,25,3,0.9384220838546753,0.8017837257372731
94,5,14,3,0.9439926147460938,0.9258200997725516
94,5,22,3,0.9439926147460938,0.9258200997725516
94,5,26,3,0.9439926147460938,0.9258200997725516
94,5,28,3,0.9178345203399658,0.8451542547285167
94,5,15,4,0.9198174476623535,0.8571428571428574
94,5,23,4,1.0,1.0
94,5,27,4,1.0,1.0
94,5,29,4,1.0,1.0
94,5,30,4,0.9439926147460938,0.9258200997725516
102,4,15,4,0.9999998807907104,1.0
102,4,0,0,0.9999998807907104,1.0
102,4,1,1,0.9999998807907104,1.0
102,4,2,1,0.9999998807907104,1.0
102,4,4,1,0.9999998807907104,1.0
102,4,8,1,0.9999998807907104,1.0
102,4,3,2,0.8937188386917114,0.8660254037844388
102,4,5,2,0.9999998807907104,1.0
102,4,9,2,0.9999998807907104,1.0
102,4,6,2,0.9999998807907104,1.0
102,4,10,2,0.9999998807907104,1.0
102,4,12,2,0.9999998807907104,1.0
102,4,7,3,0.9999998807907104,1.0
102,4,11,3,0.9999998807907104,1.0
102,4,13,3,0.9999998807907104,1.0
102,4,14,3,0.9999998807907104,1.0
109,4,15,4,1.0,1.0000000000000002
109,4,0,0,0.7902095317840576,0.0
109,4,1,1,0.94416344165802,0.8164965809277261
109,4,2,1,0.94416344165802,0.8164965809277261
109,4,4,1,0.9386540055274963,0.6666666666666669
109,4,8,1,0.9856778383255005,1.0000000000000002
109,4,3,2,0.94416344165802,0.8164965809277261
109,4,5,2,0.94416344165802,0.8164965809277261
109,4,9,2,0.9785326719284058,1.0000000000000002
109,4,6,2,0.9386540055274963,0.6666666666666669
109,4,10,2,0.9856778383255005,1.0000000000000002
109,4,12,2,0.9856778383255005,1.0000000000000002
109,4,7,3,0.94416344165802,0.8164965809277261
109,4,11,3,1.0,1.0000000000000002
109,4,13,3,0.9785326719284058,1.0000000000000002
109,4,14,3,0.9856778383255005,1.0000000000000002
110,4,15,4,1.0,1.0
110,4,0,0,0.8331747651100159,0.0
110,4,1,1,0.9133893847465515,0.5
110,4,2,1,0.8231188654899597,0.223606797749979
110,4,4,1,0.7803739309310913,0.15075567228888181
110,4,8,1,0.8772753477096558,0.5
110,4,3,2,0.9824990034103394,1.0
110,4,5,2,0.9734388589859009,0.8660254037844388
110,4,9,2,0.9762035608291626,0.8660254037844388
110,4,6,2,0.9105862379074097,0.75
110,4,10,2,0.9039254784584045,0.670820393249937
110,4,12,2,0.8918952345848083,0.5773502691896258
110,4,7,3,1.0,1.0
110,4,11,3,1.0,1.0
110,4,13,3,0.9762035608291626,0.8660254037844388
110,4,14,3,0.9039839506149292,0.670820393249937
111,7,127,7,0.9999998807907104,1.0000000000000002
111,7,0,0,0.7607026100158691,0.3333333333333333
111,7,1,1,0.8202760219573975,0.4714045207910317
111,7,2,1,0.7528457641601562,0.3333333333333333
111,7,4,1,0.8253955841064453,0.3333333333333333
111,7,8,1,0.8489649295806885,0.5
111,7,16,1,0.8927287459373474,0.5
111,7,32,1,0.8942694664001465,0.7559289460184544
111,7,64,1,0.7607026100158691,0.3333333333333333
111,7,3,2,0.8161895275115967,0.4714045207910317
111,7,5,2,0.8504723310470581,0.7071067811865475
111,7,9,2,0.8489649295806885,0.5
111,7,17,2,0.903366208076477,0.629940788348712
111,7,33,2,0.8775347471237183,0.6804138174397717
111,7,65,2,0.8202760219573975,0.4714045207910317
111,7,6,2,0.8504723310470581,0.7071067811865475
111,7,10,2,0.8489649295806885,0.5
111,7,18,2,0.903366208076477,0.629940788348712
111,7,34,2,0.900431215763092,0.816496580927726
111,7,66,2,0.7528457641601562,0.3333333333333333
111,7,12,2,0.8763468861579895,0.7071067811865476
111,7,20,2,0.8841935396194458,0.29814239699997197
111,7,36,2,0.900431215763092,0.816496580927726
111,7,68,2,0.8253955841064453,0.3333333333333333
111,7,24,2,0.9254751205444336,0.7071067811865476
111,7,40,2,0.9174976348876953,0.8249579113843055
111,7,72,2,0.8489649295806885,0.5
111,7,48,2,0.9311285614967346,0.6804138174397717
111,7,80,2,0.844842791557312,0.0
111,7,96,2,0.8942694664001465,0.7559289460184544
111,7,7,3,0.9088320136070251,0.769800358919501
111,7,11,3,0.7941117286682129,0.447213595499958
111,7,19,3,0.9267799854278564,0.447213595499958
111,7,35,3,0.867263674736023,0.5773502691896257
111,7,67,3,0.867263674736023,0.5773502691896257
111,7,13,3,0.8763468861579895,0.7071067811865476
111,7,21,3,0.9137188196182251,0.629940788348712
111,7,37,3,0.900431215763092,0.816496580927726
111,7,69,3,0.8504723310470581,0.7071067811865475
111,7,25,3,0.9270751476287842,0.8249579113843055
111,7,41,3,0.9174976348876953,0.8249579113843055
111,7,73,3,0.8489649295806885,0.5
111,7,49,3,0.9418531656265259,0.7559289460184544
111,7,81,3,0.902992844581604,0.629940788348712
111,7,97,3,0.8775347471237183,0.6804138174397717
111,7,14,3,0.8763468861579895,0.7071067811865476
111,7,22,3,0.9306892156600952,0.7559289460184544
111,7,38,3,0.900431215763092,0.816496580927726
111,7,70,3,0.8504723310470581,0.7071067811865475
111,7,26,3,0.9254751205444336,0.7071067811865476
111,7,42,3,0.9174976348876953,0.8249579113843055
111,7,74,3,0.8489649295806885,0.5
111,7,50,3,0.9418531656265259,0.7559289460184544
111,7,82,3,0.903366208076477,0.629940788348712
111,7,98,3,0.900431215763092,0.816496580927726
111,7,28,3,0.9254751205444336,0.7071067811865476
111,7,44,3,0.9174976348876953,0.8249579113843055
111,7,76,3,0.8763468861579895,0.7071067811865476
111,7,52,3,0.9418531656265259,0.7559289460184544
111,7,84,3,0.8841935396194458,0.29814239699997197
111,7,100,3,0.900431215763092,0.816496580927726
111,7,56,3,0.961773693561554,0.8249579113843055
111,7,88,3,0.9254751205444336,0.7071067811865476
111,7,104,3,0.9174976348876953,0.8249579113843055
111,7,112,3,0.9311285614967346,0.6804138174397717
111,7,15,4,0.9206937551498413,0.8333333333333333
111,7,23,4,0.9282928109169006,0.447213595499958
111,7,39,4,0.957724928855896,0.8249579113843055
111,7,71,4,0.9088320136070251,0.769800358919501
111,7,27,4,0.9593994617462158,0.8888888888888891
111,7,43,4,0.9503017663955688,0.8888888888888891
111,7,75,4,0.7941117286682129,0.447213595499958
111,7,51,4,0.9841338396072388,0.9428090415820635
111,7,83,4,0.9267799854278564,0.447213595499958
111,7,99,4,0.9178906083106995,0.7378647873726218
111,7,29,4,0.9233062267303467,0.8249579113843055
111,7,45,4,0.9174976348876953,0.8249579113843055
111,7,77,4,0.8763468861579895,0.7071067811865476
111,7,53,4,0.9418531656265259,0.7559289460184544
111,7,85,4,0.9137188196182251,0.629940788348712
111,7,101,4,0.900431215763092,0.816496580927726
111,7,57,4,0.9663464426994324,0.9428090415820635
111,7,89,4,0.9270751476287842,0.8249579113843055
111,7,105,4,0.9174976348876953,0.8249579113843055
111,7,113,4,0.9759016036987305,0.8249579113843055
111,7,30,4,0.9270751476287842,0.8249579113843055
111,7,46,4,0.9174976348876953,0.8249579113843055
111,7,78,4,0.8763468861579895,0.7071067811865476
111,7,54,4,0.9418531656265259,0.7559289460184544
111,7,86,4,0.935970664024353,0.7559289460184544
111,7,102,4,0.900431215763092,0.816496580927726
111,7,58,4,0.9663464426994324,0.9428090415820635
111,7,90,4,0.9254751205444336,0.7071067811865476
111,7,106,4,0.9174976348876953,0.8249579113843055
111,7,114,4,0.9418531656265259,0.7559289460184544
111,7,60,4,0.961773693561554,0.8249579113843055
111,7,92,4,0.9254751205444336,0.7071067811865476
111,7,108,4,0.9174976348876953,0.8249579113843055
111,7,116,4,0.9418531656265259,0.7559289460184544
111,7,120,4,0.9663464426994324,0.9428090415820635
111,7,31,5,0.9515315890312195,0.8888888888888891
111,7,47,5,0.9206937551498413,0.8333333333333333
111,7,79,5,0.9206937551498413,0.8333333333333333
111,7,55,5,0.9819254875183105,0.8249579113843055
111,7,87,5,0.9282928109169006,0.447213595499958
111,7,103,5,0.9566822052001953,0.8249579113843055
111,7,59,5,0.9999998807907104,1.0000000000000002
111,7,91,5,0.9593994617462158,0.8888888888888891
111,7,107,5,0.9503017663955688,0.8888888888888891
111,7,115,5,0.9841338396072388,0.9428090415820635
111,7,61,5,0.9663464426994324,0.9428090415820635
111,7,93,5,0.9270751476287842,0.8249579113843055
111,7,109,5,0.9174976348876953,0.8249579113843055
111,7,117,5,0.9418531656265259,0.7559289460184544
111,7,121,5,0.9663464426994324,0.9428090415820635
111,7,62,5,0.961773693561554,0.8249579113843055
111,7,94,5,0.9270751476287842,0.8249579113843055
111,7,110,5,0.9174976348876953,0.8249579113843055
111,7,118,5,0.9418531656265259,0.7559289460184544
111,7,122,5,0.9663464426994324,0.9428090415820635
111,7,124,5,0.961773693561554,0.8249579113843055
111,7,63,6,0.9999998807907104,1.0000000000000002
111,7,95,6,0.9515315890312195,0.8888888888888891
111,7,111,6,0.9206937551498413,0.8333333333333333
111,7,119,6,0.9819254875183105,0.8249579113843055
111,7,123,6,0.9999998807907104,1.0000000000000002
111,7,125,6,0.9663464426994324,0.9428090415820635
111,7,126,6,0.9663464426994324,0.9428090415820635
113,4,15,4,0.9999998807907104,1.0
113,4,0,0,0.7979319095611572,0.0
113,4,1,1,0.8694540858268738,0.3535533905932738
113,4,2,1,0.8728345632553101,0.3535533905932738
113,4,4,1,0.902306318283081,0.7071067811865476
113,4,8,1,0.8060177564620972,0.0
113,4,3,2,0.9418454170227051,0.7071067811865476
113,4,5,2,0.9083197712898254,0.2886751345948129
113,4,9,2,0.8694540858268738,0.3535533905932738
113,4,6,2,0.9284132719039917,0.3535533905932738
113,4,10,2,0.8728345632553101,0.3535533905932738
113,4,12,2,0.902306318283081,0.7071067811865476
113,4,7,3,0.9999998807907104,1.0
113,4,11,3,0.9418454170227051,0.7071067811865476
113,4,13,3,0.8717762231826782,0.0
113,4,14,3,0.9090473651885986,0.2886751345948129
116,4,15,4,1.0000001192092896,1.0000000000000002
116,4,0,0,0.8076412677764893,0.0
116,4,1,1,0.9500253200531006,0.8164965809277261
116,4,2,1,0.8316971063613892,0.16012815380508716
116,4,4,1,0.9238302707672119,0.5773502691896258
116,4,8,1,0.8076412677764893,0.0
116,4,3,2,0.9500253200531006,0.8164965809277261
116,4,5,2,1.0000001192092896,1.0000000000000002
116,4,9,2,0.9500253200531006,0.8164965809277261
116,4,6,2,1.0000001192092896,1.0000000000000002
116,4,10,2,0.8316971063613892,0.16012815380508716
116,4,12,2,0.9238302707672119,0.5773502691896258
116,4,7,3,1.0000001192092896,1.0000000000000002
116,4,11,3,0.9509114027023315,0.8164965809277261
116,4,13,3,1.0000001192092896,1.0000000000000002
116,4,14,3,1.0000001192092896,1.0000000000000002
117,4,15,4,1.000000238418579,1.0
117,4,0,0,0.7854557633399963,0.0
117,4,1,1,0.7939950227737427,0.0
117,4,2,1,0.85512375831604,0.5
117,4,4,1,0.7659844160079956,0.25
117,4,8,1,0.9030911922454834,0.5773502691896258
117,4,3,2,0.8794877529144287,0.5773502691896258
117,4,5,2,0.7826812267303467,0.0
117,4,9,2,0.8880667090415955,0.0
117,4,6,2,0.8217342495918274,0.5
117,4,10,2,0.9697847962379456,0.75
117,4,12,2,0.9030911922454834,0.5773502691896258
117,4,7,3,0.8794877529144287,0.5773502691896258
117,4,11,3,0.9695326089859009,0.75
117,4,13,3,0.9030911922454834,0.5773502691896258
117,4,14,3,0.9697847962379456,0.75
127,7,127,7,1.0,1.0
127,7,0,0,0.8607755899429321,0.3214121732666126
127,7,1,1,1.0,1.0
127,7,2,1,0.854938268661499,0.14625448482542613
127,7,4,1,0.8793532848358154,0.6227991553292185
127,7,8,1,0.9129406809806824,0.7537783614444091
127,7,16,1,0.8562647104263306,0.3481553119113957
127,7,32,1,0.8988524079322815,0.6718710131470251
127,7,64,1,0.8899495601654053,0.7385489458759966
127,7,3,2,0.9716309309005737,0.9045340337332909
127,7,5,2,0.9714300036430359,0.8616404368553294
127,7,9,2,1.0,1.0
127,7,17,2,0.850766658782959,0.5720775535473556
127,7,33,2,0.8690954446792603,0.8040302522073697
127,7,65,2,0.9233737587928772,0.9090909090909092
127,7,6,2,0.9271515011787415,0.9534625892455925
127,7,10,2,0.9271515011787415,0.9534625892455925
127,7,18,2,0.9271515011787415,0.9534625892455925
127,7,34,2,0.9271515011787415,0.9534625892455925
127,7,66,2,0.9271515011787415,0.9534625892455925
127,7,12,2,0.9291558265686035,0.9534625892455925
127,7,20,2,0.8562647104263306,0.3481553119113957
127,7,36,2,0.9291558265686035,0.9534625892455925
127,7,68,2,0.8899495601654053,0.7385489458759966
127,7,24,2,0.8544142246246338,0.3481553119113957
127,7,40,2,0.8886962532997131,0.6227991553292185
127,7,72,2,0.929482102394104,0.9090909090909092
127,7,48,2,0.9444501399993896,0.9534625892455925
127,7,80,2,0.8899495601654053,0.7385489458759966
127,7,96,2,0.929482102394104,0.9090909090909092
127,7,7,3,0.9734444618225098,1.0
127,7,11,3,0.9628387689590454,0.8581163303210333
127,7,19,3,0.9901446104049683,1.0
127,7,35,3,0.9784709215164185,1.0
127,7,67,3,0.919054388999939,0.9090909090909092
127,7,13,3,1.0,1.0
127,7,21,3,0.9889545440673828,0.7977240352174658
127,7,37,3,1.0,1.0
127,7,69,3,1.0,1.0
127,7,25,3,0.9889545440673828,0.7977240352174658
127,7,41,3,1.0,1.0
127,7,73,3,0.9233737587928772,0.9090909090909092
127,7,49,3,0.9257454872131348,0.9090909090909092
127,7,81,3,0.9220519065856934,0.9090909090909092
127,7,97,3,0.8031889200210571,0.0
127,7,14,3,0.9271515011787415,0.9534625892455925
127,7,22,3,0.9444501399993896,0.9534625892455925
127,7,38,3,0.9271515011787415,0.9534625892455925
127,7,70,3,0.9444501399993896,0.9534625892455925
127,7,26,3,0.8590289354324341,0.21320071635561044
127,7,42,3,0.9271515011787415,0.9534625892455925
127,7,74,3,0.9271515011787415,0.9534625892455925
127,7,50,3,0.9271515011787415,0.9534625892455925
127,7,82,3,0.9271515011787415,0.9534625892455925
127,7,98,3,0.9271515011787415,0.9534625892455925
127,7,28,3,0.8099388480186462,0.0
127,7,44,3,0.9291558265686035,0.9534625892455925
127,7,76,3,0.929482102394104,0.9090909090909092
127,7,52,3,0.9444501399993896,0.9534625892455925
127,7,84,3,0.8899495601654053,0.7385489458759966
127,7,100,3,0.929482102394104,0.9090909090909092
127,7,56,3,0.9444501399993896,0.9534625892455925
127,7,88,3,0.9099676609039307,0.7537783614444091
127,7,104,3,0.9444501399993896,0.9534625892455925
127,7,112,3,0.9444501399993896,0.9534625892455925
127,7,15,4,1.0,1.0
127,7,23,4,0.9901446104049683,1.0
127,7,39,4,0.9734444618225098,1.0
127,7,71,4,1.0,1.0
127,7,27,4,0.9608907103538513,0.7462025072446365
127,7,43,4,0.9751982688903809,1.0
127,7,75,4,0.9716309309005737,0.9045340337332909
127,7,51,4,0.9257454872131348,0.9090909090909092
127,7,83,4,0.9716309309005737,0.9045340337332909
127,7,99,4,0.919054388999939,0.9090909090909092
127,7,29,4,0.9889545440673828,0.7977240352174658
127,7,45,4,1.0,1.0
127,7,77,4,0.9941974878311157,1.0
127,7,53,4,1.0,1.0
127,7,85,4,1.0,1.0
127,7,101,4,0.9941974878311157,1.0
127,7,57,4,0.9168573617935181,0.9090909090909092
127,7,89,4,1.0,1.0
127,7,105,4,0.9220519065856934,0.9090909090909092
127,7,113,4,0.9168573617935181,0.9090909090909092
127,7,30,4,0.9444501399993896,0.9534625892455925
127,7,46,4,0.9271515011787415,0.9534625892455925
127,7,78,4,0.9444501399993896,0.9534625892455925
127,7,54,4,0.9444501399993896,0.9534625892455925
127,7,86,4,0.9444501399993896,0.9534625892455925
127,7,102,4,0.9444501399993896,0.9534625892455925
127,7,58,4,0.9271515011787415,0.9534625892455925
127,7,90,4,0.90847247838974,0.8040302522073697
127,7,106,4,0.9271515011787415,0.9534625892455925
127,7,114,4,0.9271515011787415,0.9534625892455925
127,7,60,4,0.9444501399993896,0.9534625892455925
127,7,92,4,0.9444501399993896,0.9534625892455925
127,7,108,4,0.9444501399993896,0.9534625892455925
127,7,116,4,0.9444501399993896,0.9534625892455925
127,7,120,4,0.9444501399993896,0.9534625892455925
127,7,31,5,0.9608907103538513,0.7462025072446365
127,7,47,5,0.9751982688903809,1.0
127,7,79,5,1.0,1.0
127,7,55,5,0.9734444618225098,1.0
127,7,87,5,1.0,1.0
127,7,103,5,1.0,1.0
127,7,59,5,0.9751982688903809,1.0
127,7,91,5,0.9628387689590454,0.8581163303210333
127,7,107,5,0.9751982688903809,1.0
127,7,115,5,0.9168573617935181,0.9090909090909092
127,7,61,5,0.9941974878311157,1.0
127,7,93,5,0.9941974878311157,1.0
127,7,109,5,0.9941974878311157,1.0
127,7,117,5,0.9941974878311157,1.0
127,7,121,5,0.9439667463302612,0.9534625892455925
127,7,62,5,0.9444501399993896,0.9534625892455925
127,7,94,5,0.9444501399993896,0.9534625892455925
127,7,110,5,0.9444501399993896,0.9534625892455925
127,7,118,5,0.9444501399993896,0.9534625892455925
127,7,122,5,0.9271515011787415,0.9534625892455925
127,7,124,5,0.9444501399993896,0.9534625892455925
127,7,63,6,1.0,1.0
127,7,95,6,0.9716309309005737,0.9045340337332909
127,7,111,6,1.0,1.0
127,7,119,6,1.0,1.0
127,7,123,6,1.0,1.0
127,7,125,6,0.9941974878311157,1.0
127,7,126,6,0.9444501399993896,0.9534625892455925
134,5,31,5,1.0,1.0000000000000002
134,5,0,0,0.806991696357727,0.223606797749979
134,5,1,1,0.8132097721099854,0.223606797749979
134,5,2,1,0.8286539912223816,0.4000000000000001
134,5,4,1,1.0,1.0000000000000002
134,5,8,1,0.9219912886619568,0.8000000000000002
134,5,16,1,0.9200265407562256,0.8000000000000002
134,5,3,2,0.8286539912223816,0.4000000000000001
134,5,5,2,0.9392826557159424,0.7302967433402217
134,5,9,2,0.9219912886619568,0.8000000000000002
134,5,17,2,0.9219912886619568,0.8000000000000002
134,5,6,2,1.0,1.0000000000000002
134,5,10,2,0.9219912886619568,0.8000000000000002
134,5,18,2,0.9219912886619568,0.8000000000000002
134,5,12,2,1.0,1.0000000000000002
134,5,20,2,1.0,1.0000000000000002
134,5,24,2,0.9219912886619568,0.8000000000000002
134,5,7,3,0.9447061419487,0.6000000000000001
134,5,11,3,0.9219912886619568,0.8000000000000002
134,5,19,3,0.9219912886619568,0.8000000000000002
134,5,13,3,1.0,1.0000000000000002
134,5,21,3,1.0,1.0000000000000002
134,5,25,3,0.9219912886619568,0.8000000000000002
134,5,14,3,1.0,1.0000000000000002
134,5,22,3,1.0,1.0000000000000002
134,5,26,3,0.9219912886619568,0.8000000000000002
134,5,28,3,1.0,1.0000000000000002
134,5,15,4,1.0,1.0000000000000002
134,5,23,4,1.0,1.0000000000000002
134,5,27,4,0.9219912886619568,0.8000000000000002
134,5,29,4,1.0,1.0000000000000002
134,5,30,4,1.0,1.0000000000000002
139,5,31,5,1.0,1.0000000000000002
139,5,0,0,0.765588641166687,0.0
139,5,1,1,0.765588641166687,0.0
139,5,2,1,0.8060511350631714,0.3651483716701108
139,5,4,1,0.8813623189926147,0.4000000000000001
139,5,8,1,0.8813623189926147,0.4000000000000001
139,5,16,1,0.8372094035148621,0.4000000000000001
139,5,3,2,0.8060511350631714,0.3651483716701108
139,5,5,2,0.8283589482307434,0.4000000000000001
139,5,9,2,0.9847729802131653,0.8000000000000002
139,5,17,2,0.9231051206588745,0.6000000000000001
139,5,6,2,0.9231051206588745,0.6000000000000001
139,5,10,2,0.9231051206588745,0.6000000000000001
139,5,18,2,0.8882322311401367,0.5477225575051663
139,5,12,2,0.8813623189926147,0.4000000000000001
139,5,20,2,0.8492957949638367,0.4000000000000001
139,5,24,2,0.8362487554550171,0.3651483716701108
139,5,7,3,1.0,1.0000000000000002
139,5,11,3,1.0,1.0000000000000002
139,5,19,3,0.906684935092926,0.6761234037828134
139,5,13,3,0.9847729802131653,0.8000000000000002
139,5,21,3,0.9231051206588745,0.6000000000000001
139,5,25,3,0.9847729802131653,0.8000000000000002
139,5,14,3,0.9407877326011658,0.8000000000000002
139,5,22,3,0.9231051206588745,0.6000000000000001
139,5,26,3,0.9847729802131653,0.8000000000000002
139,5,28,3,0.8813623189926147,0.4000000000000001
139,5,15,4,1.0,1.0000000000000002
139,5,23,4,0.9847729802131653,0.8000000000000002
139,5,27,4,0.9847729802131653,0.8000000000000002
139,5,29,4,0.9847729802131653,0.8000000000000002
139,5,30,4,0.9847729802131653,0.8000000000000002
143,5,31,5,0.9999998807907104,1.0000000000000002
143,5,0,0,0.7990937232971191,0.316227766016838
143,5,1,1,0.8413703441619873,0.632455532033676
143,5,2,1,0.8412145972251892,0.447213595499958
143,5,4,1,0.8245890736579895,0.4000000000000001
143,5,8,1,0.7405890226364136,0.0
143,5,16,1,0.8651496171951294,0.447213595499958
143,5,3,2,0.8413703441619873,0.632455532033676
143,5,5,2,0.849977970123291,0.8000000000000002
143,5,9,2,0.8445530533790588,0.447213595499958
143,5,17,2,0.9104757308959961,0.5163977794943224
143,5,6,2,0.849977970123291,0.8000000000000002
143,5,10,2,0.844232439994812,0.670820393249937
143,5,18,2,0.9485056400299072,0.7745966692414836
143,5,12,2,0.7685311436653137,0.5163977794943224
143,5,20,2,0.9465765953063965,0.8000000000000002
143,5,24,2,0.9017851948738098,0.632455532033676
143,5,7,3,0.849977970123291,0.8000000000000002
143,5,11,3,0.844232439994812,0.670820393249937
143,5,19,3,0.9485056400299072,0.7745966692414836
143,5,13,3,0.836632251739502,0.8000000000000002
143,5,21,3,0.9868877530097961,1.0000000000000002
143,5,25,3,0.9393362402915955,0.670820393249937
143,5,14,3,0.861219048500061,0.8000000000000002
143,5,22,3,0.9935178160667419,1.0000000000000002
143,5,26,3,0.981095552444458,0.894427190999916
143,5,28,3,0.9221643209457397,0.7745966692414836
143,5,15,4,0.849977970123291,0.8000000000000002
143,5,23,4,0.9868877530097961,1.0000000000000002
143,5,27,4,0.981095552444458,0.894427190999916
143,5,29,4,0.9999998807907104,1.0000000000000002
143,5,30,4,0.9999998807907104,1.0000000000000002
144,4,15,4,1.0,1.0000000000000002
144,4,0,0,0.9169193506240845,0.8164965809277261
144,4,1,1,0.9169193506240845,0.8164965809277261
144,4,2,1,0.9169193506240845,0.8164965809277261
144,4,4,1,0.9850398302078247,1.0000000000000002
144,4,8,1,0.9169193506240845,0.8164965809277261
144,4,3,2,0.9169193506240845,0.8164965809277261
144,4,5,2,0.9850398302078247,1.0000000000000002
144,4,9,2,0.9169193506240845,0.8164965809277261
144,4,6,2,0.9850398302078247,1.0000000000000002
144,4,10,2,0.9169193506240845,0.8164965809277261
144,4,12,2,0.9850398302078247,1.0000000000000002
144,4,7,3,0.9850398302078247,1.0000000000000002
144,4,11,3,0.9169193506240845,0.8164965809277261
144,4,13,3,0.9850398302078247,1.0000000000000002
144,4,14,3,1.0,1.0000000000000002
147,5,31,5,1.0000001192092896,1.0000000000000002
147,5,0,0,0.7395796775817871,0.0
147,5,1,1,0.9042301177978516,0.3651483716701108
147,5,2,1,0.8871931433677673,0.4082482904638631
147,5,4,1,0.9058386087417603,0.7302967433402217
147,5,8,1,0.8629887104034424,0.20412414523193154
147,5,16,1,0.8543733954429626,0.2886751345948129
147,5,3,2,0.9268348813056946,0.5477225575051663
147,5,5,2,0.9451122283935547,0.7302967433402217
147,5,9,2,0.9042301177978516,0.3651483716701108
147,5,17,2,0.8869187831878662,0.3651483716701108
147,5,6,2,0.9283003211021423,0.8164965809277261
147,5,10,2,0.8871931433677673,0.4082482904638631
147,5,18,2,0.8871931433677673,0.4082482904638631
147,5,12,2,0.8922061920166016,0.6123724356957946
147,5,20,2,0.8922061920166016,0.6123724356957946
147,5,24,2,0.8629887104034424,0.20412414523193154
147,5,7,3,0.9622373580932617,0.912870929175277
147,5,11,3,0.9268348813056946,0.5477225575051663
147,5,19,3,0.9042301177978516,0.3651483716701108
147,5,13,3,0.9451122283935547,0.7302967433402217
147,5,21,3,0.9451122283935547,0.7302967433402217
147,5,25,3,0.9042301177978516,0.3651483716701108
147,5,14,3,0.9283003211021423,0.8164965809277261
147,5,22,3,0.9283003211021423,0.8164965809277261
147,5,26,3,0.8871931433677673,0.4082482904638631
147,5,28,3,0.9283003211021423,0.8164965809277261
147,5,15,4,1.0000001192092896,1.0000000000000002
147,5,23,4,1.0000001192092896,1.0000000000000002
147,5,27,4,1.0000001192092896,1.0000000000000002
147,5,29,4,0.9451122283935547,0.7302967433402217
147,5,30,4,0.9283003211021423,0.8164965809277261
148,5,31,5,1.0,1.0000000000000002
148,5,0,0,0.9924875497817993,1.0000000000000002
148,5,1,1,1.0,1.0000000000000002
148,5,2,1,0.9030675292015076,0.8000000000000002
148,5,4,1,0.9924875497817993,1.0000000000000002
148,5,8,1,0.9924875497817993,1.0000000000000002
148,5,16,1,0.9679313898086548,0.8000000000000002
148,5,3,2,0.8830487132072449,0.8000000000000002
148,5,5,2,0.8830487132072449,0.8000000000000002
148,5,9,2,1.0,1.0000000000000002
148,5,17,2,0.9641014337539673,0.670820393249937
148,5,6,2,0.9030675292015076,0.8000000000000002
148,5,10,2,1.0,1.0000000000000002
148,5,18,2,1.0,1.0000000000000002
148,5,12,2,1.0,1.0000000000000002
148,5,20,2,1.0,1.0000000000000002
148,5,24,2,0.9679313898086548,0.8000000000000002
148,5,7,3,0.8911353349685669,0.894427190999916
148,5,11,3,1.0,1.0000000000000002
148,5,19,3,1.0,1.0000000000000002
148,5,13,3,1.0,1.0000000000000002
148,5,21,3,1.0,1.0000000000000002
148,5,25,3,0.9679313898086548,0.8000000000000002
148,5,14,3,1.0,1.0000000000000002
148,5,22,3,1.0,1.0000000000000002
148,5,26,3,1.0,1.0000000000000002
148,5,28,3,1.0,1.0000000000000002
148,5,15,4,1.0,1.0000000000000002
148,5,23,4,1.0,1.0000000000000002
148,5,27,4,1.0,1.0000000000000002
148,5,29,4,0.9679313898086548,0.8000000000000002
148,5,30,4,1.0,1.0000000000000002
156,6,63,6,1.0,1.0000000000000002
156,6,0,0,0.7919343709945679,0.5477225575051663
156,6,1,1,0.8057323098182678,0.4082482904638631
156,6,2,1,0.7837940454483032,0.5477225575051663
156,6,4,1,0.7837940454483032,0.5477225575051663
156,6,8,1,0.9270171523094177,0.7302967433402217
156,6,16,1,0.9278280735015869,0.7302967433402217
156,6,32,1,0.8074960708618164,0.6666666666666669
156,6,3,2,0.8057323098182678,0.4082482904638631
156,6,5,2,0.8057323098182678,0.4082482904638631
156,6,9,2,0.8838342428207397,0.7302967433402217
156,6,17,2,0.9278280735015869,0.7302967433402217
156,6,33,2,0.815338134765625,0.5477225575051663
156,6,6,2,0.7837940454483032,0.5477225575051663
156,6,10,2,0.9270171523094177,0.7302967433402217
156,6,18,2,0.9278280735015869,0.7302967433402217
156,6,34,2,0.7855385541915894,0.6666666666666669
156,6,12,2,0.9270171523094177,0.7302967433402217
156,6,20,2,0.9278280735015869,0.7302967433402217
156,6,36,2,0.8105246424674988,0.3333333333333334
156,6,24,2,0.9921044111251831,1.0000000000000002
156,6,40,2,0.9017249345779419,0.8333333333333336
156,6,48,2,0.9334312081336975,0.912870929175277
156,6,7,3,0.8057323098182678,0.4082482904638631
156,6,11,3,0.8764610290527344,0.7302967433402217
156,6,19,3,0.9278280735015869,0.7302967433402217
156,6,35,3,0.815338134765625,0.5477225575051663
156,6,13,3,0.9270171523094177,0.7302967433402217
156,6,21,3,0.9278280735015869,0.7302967433402217
156,6,37,3,0.815338134765625,0.5477225575051663
156,6,25,3,0.9921044111251831,1.0000000000000002
156,6,41,3,0.9017249345779419,0.8333333333333336
156,6,49,3,0.9278280735015869,0.7302967433402217
156,6,14,3,0.9270171523094177,0.7302967433402217
156,6,22,3,0.9278280735015869,0.7302967433402217
156,6,38,3,0.8168838620185852,0.7302967433402217
156,6,26,3,0.9921044111251831,1.0000000000000002
156,6,42,3,0.9017249345779419,0.8333333333333336
156,6,50,3,0.9334312081336975,0.912870929175277
156,6,28,3,0.9921044111251831,1.0000000000000002
156,6,44,3,0.9124636054039001,0.8333333333333336
156,6,52,3,0.9541411399841309,0.912870929175277
156,6,56,3,1.0,1.0000000000000002
156,6,15,4,0.9270171523094177,0.7302967433402217
156,6,23,4,0.9278280735015869,0.7302967433402217
156,6,39,4,0.815338134765625,0.5477225575051663
156,6,27,4,0.9921044111251831,1.0000000000000002
156,6,43,4,0.9017249345779419,0.8333333333333336
156,6,51,4,0.9278280735015869,0.7302967433402217
156,6,29,4,0.9921044111251831,1.0000000000000002
156,6,45,4,0.9017249345779419,0.8333333333333336
156,6,53,4,0.9278280735015869,0.7302967433402217
156,6,57,4,1.0,1.0000000000000002
156,6,30,4,0.9888489246368408,0.7216878364870323
156,6,46,4,0.9124636054039001,0.8333333333333336
156,6,54,4,0.9334312081336975,0.912870929175277
156,6,58,4,1.0,1.0000000000000002
156,6,60,4,1.0,1.0000000000000002
156,6,31,5,0.9921044111251831,1.0000000000000002
156,6,47,5,0.9017249345779419,0.8333333333333336
156,6,55,5,0.9278280735015869,0.7302967433402217
156,6,59,5,1.0,1.0000000000000002
156,6,61,5,1.0,1.0000000000000002
156,6,62,5,1.0,1.0000000000000002
157,5,31,5,0.9999999403953552,1.0000000000000002
157,5,0,0,0.8518525958061218,0.5477225575051663
157,5,1,1,0.9131669998168945,0.8000000000000002
157,5,2,1,0.9159845113754272,0.8000000000000002
157,5,4,1,0.8518525958061218,0.5477225575051663
157,5,8,1,0.9282574653625488,0.7302967433402217
157,5,16,1,0.9916322231292725,0.912870929175277
157,5,3,2,0.9128414392471313,0.8000000000000002
157,5,5,2,0.9131669998168945,0.8000000000000002
157,5,9,2,0.9419882893562317,0.8000000000000002
157,5,17,2,0.9999999403953552,1.0000000000000002
157,5,6,2,0.9304240942001343,0.894427190999916
157,5,10,2,0.9373646974563599,0.8000000000000002
157,5,18,2,0.9999999403953552,1.0000000000000002
157,5,12,2,0.9282574653625488,0.7302967433402217
157,5,20,2,0.9916322231292725,0.912870929175277
157,5,24,2,0.9916322231292725,0.912870929175277
157,5,7,3,0.9304240942001343,0.894427190999916
157,5,11,3,0.9373646974563599,0.8000000000000002
157,5,19,3,0.9999999403953552,1.0000000000000002
157,5,13,3,0.9419882893562317,0.8000000000000002
157,5,21,3,0.9999999403953552,1.0000000000000002
157,5,25,3,0.9999999403953552,1.0000000000000002
157,5,14,3,0.9373646974563599,0.8000000000000002
157,5,22,3,0.9999999403953552,1.0000000000000002
157,5,26,3,0.9999999403953552,1.0000000000000002
157,5,28,3,0.9916322231292725,0.912870929175277
157,5,15,4,0.9373646974563599,0.8000000000000002
157,5,23,4,0.9999999403953552,1.0000000000000002
157,5,27,4,0.9999999403953552,1.0000000000000002
157,5,29,4,0.9999999403953552,1.0000000000000002
157,5,30,4,0.9999999403953552,1.0000000000000002
163,4,15,4,1.0,1.0
163,4,0,0,1.0,1.0
163,4,1,1,1.0,1.0
163,4,2,1,1.0,1.0
163,4,4,1,1.0,1.0
163,4,8,1,1.0,1.0
163,4,3,2,1.0,1.0
163,4,5,2,1.0,1.0
163,4,9,2,1.0,1.0
163,4,6,2,1.0,1.0
163,4,10,2,1.0,1.0
163,4,12,2,1.0,1.0
163,4,7,3,1.0,1.0
163,4,11,3,1.0,1.0
163,4,13,3,1.0,1.0
163,4,14,3,1.0,1.0
168,5,31,5,1.0,1.0000000000000002
168,5,0,0,0.8650509119033813,0.7745966692414836
168,5,1,1,0.8857553601264954,0.7302967433402217
168,5,2,1,1.0,1.0000000000000002
168,5,4,1,1.0,1.0000000000000002
168,5,8,1,0.9918984174728394,1.0000000000000002
168,5,16,1,1.0,1.0000000000000002
168,5,3,2,1.0,1.0000000000000002
168,5,5,2,1.0,1.0000000000000002
168,5,9,2,0.9076354503631592,0.912870929175277
168,5,17,2,1.0,1.0000000000000002
168,5,6,2,1.0,1.0000000000000002
168,5,10,2,1.0,1.0000000000000002
168,5,18,2,1.0,1.0000000000000002
168,5,12,2,1.0,1.0000000000000002
168,5,20,2,1.0,1.0000000000000002
168,5,24,2,1.0,1.0000000000000002
168,5,7,3,1.0,1.0000000000000002
168,5,11,3,1.0,1.0000000000000002
168,5,19,3,1.0,1.0000000000000002
168,5,13,3,1.0,1.0000000000000002
168,5,21,3,1.0,1.0000000000000002
168,5,25,3,1.0,1.0000000000000002
168,5,14,3,1.0,1.0000000000000002
168,5,22,3,1.0,1.0000000000000002
168,5,26,3,1.0,1.0000000000000002
168,5,28,3,1.0,1.0000000000000002
168,5,15,4,1.0,1.0000000000000002
168,5,23,4,1.0,1.0000000000000002
168,5,27,4,1.0,1.0000000000000002
168,5,29,4,1.0,1.0000000000000002
168,5,30,4,1.0,1.0000000000000002
170,4,15,4,1.0,1.0
170,4,0,0,0.8557323813438416,0.2886751345948129
170,4,1,1,0.8557323813438416,0.2886751345948129
170,4,2,1,0.861481249332428,0.5773502691896258
170,4,4,1,0.8557323813438416,0.2886751345948129
170,4,8,1,1.0,1.0
170,4,3,2,0.861481249332428,0.5773502691896258
170,4,5,2,0.8557323813438416,0.2886751345948129
170,4,9,2,1.0,1.0
170,4,6,2,0.861481249332428,0.5773502691896258
170,4,10,2,1.0,1.0
170,4,12,2,1.0,1.0
170,4,7,3,0.911125659942627,0.8660254037844388
170,4,11,3,1.0,1.0
170,4,13,3,1.0,1.0
170,4,14,3,1.0,1.0
171,5,31,5,1.0,1.0000000000000002
171,5,0,0,0.8106074929237366,0.316227766016838
171,5,1,1,0.8039097785949707,0.447213595499958
171,5,2,1,0.8933271765708923,0.632455532033676
171,5,4,1,0.7904840111732483,0.223606797749979
171,5,8,1,0.747150182723999,0.447213595499958
171,5,16,1,0.8950939774513245,0.447213595499958
171,5,3,2,0.8933271765708923,0.632455532033676
171,5,5,2,0.7812563180923462,0.316227766016838
171,5,9,2,0.7441720962524414,0.447213595499958
171,5,17,2,0.7815111875534058,0.07784989441615231
171,5,6,2,0.8505958914756775,0.2581988897471612
171,5,10,2,0.8588322401046753,0.670820393249937
171,5,18,2,0.9592304229736328,0.7745966692414836
171,5,12,2,0.7812563180923462,0.316227766016838
171,5,20,2,0.892687201499939,0.6000000000000001
171,5,24,2,0.8892053365707397,0.670820393249937
171,5,7,3,0.8505958914756775,0.2581988897471612
171,5,11,3,0.8588322401046753,0.670820393249937
171,5,19,3,0.9592304229736328,0.7745966692414836
171,5,13,3,0.7787409424781799,0.447213595499958
171,5,21,3,0.8977327346801758,0.5656854249492382
171,5,25,3,0.9138831496238708,0.670820393249937
171,5,14,3,0.8866726160049438,0.670820393249937
171,5,22,3,1.0,1.0000000000000002
171,5,26,3,0.9640145897865295,0.894427190999916
171,5,28,3,0.9141343832015991,0.8000000000000002
171,5,15,4,0.8866726160049438,0.670820393249937
171,5,23,4,1.0,1.0000000000000002
171,5,27,4,0.9640145897865295,0.894427190999916
171,5,29,4,0.8977327346801758,0.5656854249492382
171,5,30,4,1.0,1.0000000000000002
174,4,15,4,1.0,1.0
174,4,0,0,0.9133455753326416,0.5
174,4,1,1,0.9133455753326416,0.5
174,4,2,1,0.943039059638977,0.75
174,4,4,1,0.9133455753326416,0.5
174,4,8,1,0.9719889163970947,0.75
174,4,3,2,0.943039059638977,0.75
174,4,5,2,0.9060269594192505,0.5
174,4,9,2,0.9719889163970947,0.75
174,4,6,2,0.943039059638977,0.75
174,4,10,2,1.0,1.0
174,4,12,2,0.9719889163970947,0.75
174,4,7,3,0.943039059638977,0.75
174,4,11,3,1.0,1.0
174,4,13,3,0.9719889163970947,0.75
174,4,14,3,1.0,1.0
177,5,31,5,1.0,1.0000000000000002
177,5,0,0,1.0,1.0000000000000002
177,5,1,1,0.9403751492500305,0.5477225575051663
177,5,2,1,1.0,1.0000000000000002
177,5,4,1,1.0,1.0000000000000002
177,5,8,1,1.0,1.0000000000000002
177,5,16,1,1.0,1.0000000000000002
177,5,3,2,1.0,1.0000000000000002
177,5,5,2,1.0,1.0000000000000002
177,5,9,2,1.0,1.0000000000000002
177,5,17,2,1.0,1.0000000000000002
177,5,6,2,0.9403751492500305,0.5477225575051663
177,5,10,2,1.0,1.0000000000000002
177,5,18,2,1.0,1.0000000000000002
177,5,12,2,1.0,1.0000000000000002
177,5,20,2,1.0,1.0000000000000002
177,5,24,2,1.0,1.0000000000000002
177,5,7,3,0.9403751492500305,0.5477225575051663
177,5,11,3,1.0,1.0000000000000002
177,5,19,3,1.0,1.0000000000000002
177,5,13,3,1.0,1.0000000000000002
177,5,21,3,1.0,1.0000000000000002
177,5,25,3,1.0,1.0000000000000002
177,5,14,3,1.0,1.0000000000000002
177,5,22,3,1.0,1.0000000000000002
177,5,26,3,1.0,1.0000000000000002
177,5,28,3,1.0,1.0000000000000002
177,5,15,4,1.0,1.0000000000000002
177,5,23,4,1.0,1.0000000000000002
177,5,27,4,1.0,1.0000000000000002
177,5,29,4,1.0,1.0000000000000002
177,5,30,4,1.0,1.0000000000000002
187,4,15,4,0.9999998807907104,1.0
187,4,0,0,0.8317347764968872,0.223606797749979
187,4,1,1,0.8370193243026733,0.3535533905932738
187,4,2,1,0.9126736521720886,0.5773502691896258
187,4,4,1,0.9999998807907104,1.0
187,4,8,1,0.8453086018562317,0.25
187,4,3,2,0.9126736521720886,0.5773502691896258
187,4,5,2,0.9999998807907104,1.0
187,4,9,2,0.8511978387832642,0.3535533905932738
187,4,6,2,0.9999998807907104,1.0
187,4,10,2,0.8952455520629883,0.5773502691896258
187,4,12,2,0.9999998807907104,1.0
187,4,7,3,0.9999998807907104,1.0
187,4,11,3,0.8952455520629883,0.5773502691896258
187,4,13,3,0.9999998807907104,1.0
187,4,14,3,0.9999998807907104,1.0
193,5,31,5,0.9999999403953552,1.0000000000000002
193,5,0,0,0.8801647424697876,0.670820393249937
193,5,1,1,0.8672512769699097,0.5163977794943224
193,5,2,1,0.8903510570526123,0.670820393249937
193,5,4,1,0.8304393291473389,0.4000000000000001
193,5,8,1,0.8935303688049316,0.447213595499958
193,5,16,1,0.9460552334785461,0.894427190999916
193,5,3,2,0.8571960926055908,0.447213595499958
193,5,5,2,0.8449766039848328,0.3651483716701108
193,5,9,2,0.8935303688049316,0.447213595499958
193,5,17,2,0.9460552334785461,0.894427190999916
193,5,6,2,0.8765368461608887,0.5163977794943224
193,5,10,2,0.9129803776741028,0.6000000000000001
193,5,18,2,0.9460552334785461,0.894427190999916
193,5,12,2,0.8963966965675354,0.4000000000000001
193,5,20,2,0.9426628351211548,0.894427190999916
193,5,24,2,0.9315860271453857,0.8000000000000002
193,5,7,3,0.8765368461608887,0.5163977794943224
193,5,11,3,0.9129803776741028,0.6000000000000001
193,5,19,3,0.9460552334785461,0.894427190999916
193,5,13,3,0.8963966965675354,0.4000000000000001
193,5,21,3,0.9426628351211548,0.894427190999916
193,5,25,3,0.9999999403953552,1.0000000000000002
193,5,14,3,0.9214064478874207,0.4000000000000001
193,5,22,3,0.9426628351211548,0.894427190999916
193,5,26,3,0.9999999403953552,1.0000000000000002
193,5,28,3,0.9999999403953552,1.0000000000000002
193,5,15,4,0.9058498740196228,0.3651483716701108
193,5,23,4,0.9426628351211548,0.894427190999916
193,5,27,4,0.9923495054244995,1.0000000000000002
193,5,29,4,0.8832600116729736,0.3380617018914067
193,5,30,4,0.9923495054244995,1.0000000000000002
201,5,31,5,1.0,1.0000000000000002
201,5,0,0,0.7359353303909302,0.0
201,5,1,1,0.7535466551780701,0.0
201,5,2,1,0.9402769804000854,0.632455532033676
201,5,4,1,0.7940390706062317,0.20000000000000004
201,5,8,1,0.7558520436286926,0.0
201,5,16,1,0.8269666433334351,0.5163977794943224
201,5,3,2,0.9402769804000854,0.632455532033676
201,5,5,2,0.7142781019210815,0.1240347345892085
201,5,9,2,0.7806658148765564,0.0
201,5,17,2,0.8367573022842407,0.632455532033676
201,5,6,2,0.9424842000007629,0.670820393249937
201,5,10,2,1.0,1.0000000000000002
201,5,18,2,0.9468525052070618,0.7302967433402217
201,5,12,2,0.9857557415962219,0.8000000000000002
201,5,20,2,0.8367573022842407,0.632455532033676
201,5,24,2,0.9193331599235535,0.670820393249937
201,5,7,3,0.9424842000007629,0.670820393249937
201,5,11,3,0.968861997127533,0.894427190999916
201,5,19,3,0.9448673129081726,0.7302967433402217
201,5,13,3,0.8312841057777405,0.6000000000000001
201,5,21,3,0.8367573022842407,0.632455532033676
201,5,25,3,0.9655052423477173,0.7745966692414836
201,5,14,3,0.9522845149040222,0.8000000000000002
201,5,22,3,0.9791492819786072,0.790569415042095
201,5,26,3,1.0,1.0000000000000002
201,5,28,3,1.0,1.0000000000000002
201,5,15,4,0.9522845149040222,0.8000000000000002
201,5,23,4,0.9791492819786072,0.790569415042095
201,5,27,4,1.0,1.0000000000000002
201,5,29,4,1.0,1.0000000000000002
201,5,30,4,1.0,1.0000000000000002
206,5,31,5,1.0,1.0000000000000002
206,5,0,0,0.8739665746688843,0.7745966692414836
206,5,1,1,0.8248036503791809,0.4000000000000001
206,5,2,1,0.8414033651351929,0.5163977794943224
206,5,4,1,0.9826980233192444,0.8000000000000002
206,5,8,1,0.7993456125259399,0.670820393249937
206,5,16,1,0.961179256439209,0.894427190999916
206,5,3,2,0.8414033651351929,0.5163977794943224
206,5,5,2,0.9127558469772339,0.894427190999916
206,5,9,2,0.7993456125259399,0.670820393249937
206,5,17,2,0.961179256439209,0.894427190999916
206,5,6,2,0.9790289402008057,0.8000000000000002
206,5,10,2,0.9481642246246338,0.670820393249937
206,5,18,2,0.9875707030296326,0.894427190999916
206,5,12,2,0.9127558469772339,0.894427190999916
206,5,20,2,1.0,1.0000000000000002
206,5,24,2,0.961179256439209,0.894427190999916
206,5,7,3,0.9790289402008057,0.8000000000000002
206,5,11,3,0.9481642246246338,0.670820393249937
206,5,19,3,0.9875707030296326,0.894427190999916
206,5,13,3,0.9127558469772339,0.894427190999916
206,5,21,3,1.0,1.0000000000000002
206,5,25,3,0.961179256439209,0.894427190999916
206,5,14,3,0.8059601187705994,0.8000000000000002
206,5,22,3,1.0,1.0000000000000002
206,5,26,3,0.961179256439209,0.894427190999916
206,5,28,3,1.0,1.0000000000000002
206,5,15,4,0.9127558469772339,0.894427190999916
206,5,23,4,1.0,1.0000000000000002
206,5,27,4,0.961179256439209,0.894427190999916
206,5,29,4,1.0,1.0000000000000002
206,5,30,4,1.0,1.0000000000000002
207,6,63,6,1.0000001192092896,1.0000000000000002
207,6,0,0,0.797707200050354,0.5477225575051663
207,6,1,1,0.7738370299339294,0.6123724356957946
207,6,2,1,0.7738370299339294,0.6123724356957946
207,6,4,1,0.7621252536773682,0.5477225575051663
207,6,8,1,0.9237263202667236,0.7302967433402217
207,6,16,1,0.885818362236023,0.8333333333333336
207,6,32,1,0.7738370299339294,0.6123724356957946
207,6,3,2,0.7846115827560425,0.6123724356957946
207,6,5,2,0.7846115827560425,0.6123724356957946
207,6,9,2,0.9138371348381042,0.8164965809277261
207,6,17,2,0.8883857727050781,0.8333333333333336
207,6,33,2,0.7738370299339294,0.6123724356957946
207,6,6,2,0.7605410218238831,0.5477225575051663
207,6,10,2,0.9138371348381042,0.8164965809277261
207,6,18,2,1.0000001192092896,1.0000000000000002
207,6,34,2,0.7738370299339294,0.6123724356957946
207,6,12,2,0.9138371348381042,0.8164965809277261
207,6,20,2,0.885818362236023,0.8333333333333336
207,6,36,2,0.7738370299339294,0.6123724356957946
207,6,24,2,0.9891598224639893,1.0000000000000002
207,6,40,2,0.9138371348381042,0.8164965809277261
207,6,48,2,0.885818362236023,0.8333333333333336
207,6,7,3,0.7846115827560425,0.6123724356957946
207,6,11,3,0.9237263202667236,0.7302967433402217
207,6,19,3,0.8883857727050781,0.8333333333333336
207,6,35,3,0.7846115827560425,0.6123724356957946
207,6,13,3,0.9138371348381042,0.8164965809277261
207,6,21,3,0.8883857727050781,0.8333333333333336
207,6,37,3,0.7846115827560425,0.6123724356957946
207,6,25,3,0.9891598224639893,1.0000000000000002
207,6,41,3,0.9138371348381042,0.8164965809277261
207,6,49,3,0.8714327812194824,0.8333333333333336
207,6,14,3,0.9138371348381042,0.8164965809277261
207,6,22,3,0.8883857727050781,0.8333333333333336
207,6,38,3,0.7846115827560425,0.6123724356957946
207,6,26,3,1.0000001192092896,1.0000000000000002
207,6,42,3,0.9138371348381042,0.8164965809277261
207,6,50,3,1.0000001192092896,1.0000000000000002
207,6,28,3,0.9891598224639893,1.0000000000000002
207,6,44,3,0.9138371348381042,0.8164965809277261
207,6,52,3,0.885818362236023,0.8333333333333336
207,6,56,3,0.9891598224639893,1.0000000000000002
207,6,15,4,0.9138371348381042,0.8164965809277261
207,6,23,4,0.8883857727050781,0.8333333333333336
207,6,39,4,0.7846115827560425,0.6123724356957946
207,6,27,4,1.0000001192092896,1.0000000000000002
207,6,43,4,0.9138371348381042,0.8164965809277261
207,6,51,4,0.8883857727050781,0.8333333333333336
207,6,29,4,0.9891598224639893,1.0000000000000002
207,6,45,4,0.9138371348381042,0.8164965809277261
207,6,53,4,0.8883857727050781,0.8333333333333336
207,6,57,4,0.9891598224639893,1.0000000000000002
207,6,30,4,1.0000001192092896,1.0000000000000002
207,6,46,4,0.9138371348381042,0.8164965809277261
207,6,54,4,0.9891598224639893,1.0000000000000002
207,6,58,4,1.0000001192092896,1.0000000000000002
207,6,60,4,0.9891598224639893,1.0000000000000002
207,6,31,5,1.0000001192092896,1.0000000000000002
207,6,47,5,0.9138371348381042,0.8164965809277261
207,6,55,5,0.8883857727050781,0.8333333333333336
207,6,59,5,1.0000001192092896,1.0000000000000002
207,6,61,5,0.9891598224639893,1.0000000000000002
207,6,62,5,1.0000001192092896,1.0000000000000002
208,6,63,6,1.0000001192092896,1.0000000000000002
208,6,0,0,0.7838525772094727,0.7302967433402217
208,6,1,1,0.8494870662689209,0.6666666666666669
208,6,2,1,0.7838525772094727,0.7302967433402217
208,6,4,1,0.7808142900466919,0.5477225575051663
208,6,8,1,0.9304693937301636,0.8333333333333336
208,6,16,1,1.0000001192092896,1.0000000000000002
208,6,32,1,0.8626292943954468,0.8333333333333336
208,6,3,2,0.7869962453842163,0.7302967433402217
208,6,5,2,0.8494870662689209,0.6666666666666669
208,6,9,2,0.9304693937301636,0.8333333333333336
208,6,17,2,1.0000001192092896,1.0000000000000002
208,6,33,2,0.8626292943954468,0.8333333333333336
208,6,6,2,0.7838525772094727,0.7302967433402217
208,6,10,2,0.7838525772094727,0.7302967433402217
208,6,18,2,1.0000001192092896,1.0000000000000002
208,6,34,2,0.9304693937301636,0.8333333333333336
208,6,12,2,0.9304693937301636,0.8333333333333336
208,6,20,2,1.0000001192092896,1.0000000000000002
208,6,36,2,0.8626292943954468,0.8333333333333336
208,6,24,2,1.0000001192092896,1.0000000000000002
208,6,40,2,0.9304693937301636,0.8333333333333336
208,6,48,2,1.0000001192092896,1.0000000000000002
208,6,7,3,0.7869962453842163,0.7302967433402217
208,6,11,3,0.8313573002815247,0.8333333333333336
208,6,19,3,1.0000001192092896,1.0000000000000002
208,6,35,3,0.8626292943954468,0.8333333333333336
208,6,13,3,0.9304693937301636,0.8333333333333336
208,6,21,3,1.0000001192092896,1.0000000000000002
208,6,37,3,0.8626292943954468,0.8333333333333336
208,6,25,3,1.0000001192092896,1.0000000000000002
208,6,41,3,0.8804565668106079,0.8333333333333336
208,6,49,3,1.0000001192092896,1.0000000000000002
208,6,14,3,0.7838525772094727,0.7302967433402217
208,6,22,3,1.0000001192092896,1.0000000000000002
208,6,38,3,0.9304693937301636,0.8333333333333336
208,6,26,3,1.0000001192092896,1.0000000000000002
208,6,42,3,0.9304693937301636,0.8333333333333336
208,6,50,3,1.0000001192092896,1.0000000000000002
208,6,28,3,1.0000001192092896,1.0000000000000002
208,6,44,3,0.9304693937301636,0.8333333333333336
208,6,52,3,1.0000001192092896,1.0000000000000002
208,6,56,3,1.0000001192092896,1.0000000000000002
208,6,15,4,0.9304693937301636,0.8333333333333336
208,6,23,4,1.0000001192092896,1.0000000000000002
208,6,39,4,0.8626292943954468,0.8333333333333336
208,6,27,4,1.0000001192092896,1.0000000000000002
208,6,43,4,0.9304693937301636,0.8333333333333336
208,6,51,4,1.0000001192092896,1.0000000000000002
208,6,29,4,1.0000001192092896,1.0000000000000002
208,6,45,4,0.9304693937301636,0.8333333333333336
208,6,53,4,1.0000001192092896,1.0000000000000002
208,6,57,4,1.0000001192092896,1.0000000000000002
208,6,30,4,1.0000001192092896,1.0000000000000002
208,6,46,4,0.9304693937301636,0.8333333333333336
208,6,54,4,1.0000001192092896,1.0000000000000002
208,6,58,4,1.0000001192092896,1.0000000000000002
208,6,60,4,1.0000001192092896,1.0000000000000002
208,6,31,5,1.0000001192092896,1.0000000000000002
208,6,47,5,0.9304693937301636,0.8333333333333336
208,6,55,5,1.0000001192092896,1.0000000000000002
208,6,59,5,1.0000001192092896,1.0000000000000002
208,6,61,5,1.0000001192092896,1.0000000000000002
208,6,62,5,1.0000001192092896,1.0000000000000002
209,5,31,5,0.9999998807907104,1.0000000000000002
209,5,0,0,0.8576399087905884,0.632455532033676
209,5,1,1,0.8576399087905884,0.632455532033676
209,5,2,1,0.874111533164978,0.632455532033676
209,5,4,1,0.9604136347770691,0.894427190999916
209,5,8,1,0.9677989482879639,0.894427190999916
209,5,16,1,0.9439359903335571,0.7745966692414836
209,5,3,2,0.874111533164978,0.632455532033676
209,5,5,2,0.9604136347770691,0.894427190999916
209,5,9,2,0.9677989482879639,0.894427190999916
209,5,17,2,0.9439359903335571,0.7745966692414836
209,5,6,2,0.9474649429321289,0.8000000000000002
209,5,10,2,0.9677989482879639,0.894427190999916
209,5,18,2,0.9439359903335571,0.7745966692414836
209,5,12,2,0.9677989482879639,0.894427190999916
209,5,20,2,0.9974691867828369,1.0000000000000002
209,5,24,2,0.9969086050987244,1.0000000000000002
209,5,7,3,0.9604136347770691,0.894427190999916
209,5,11,3,0.9677989482879639,0.894427190999916
209,5,19,3,0.9498422741889954,0.6761234037828134
209,5,13,3,0.9677989482879639,0.894427190999916
209,5,21,3,0.9974691867828369,1.0000000000000002
209,5,25,3,0.9974691867828369,1.0000000000000002
209,5,14,3,0.9677989482879639,0.894427190999916
209,5,22,3,0.9974691867828369,1.0000000000000002
209,5,26,3,0.9974691867828369,1.0000000000000002
209,5,28,3,0.9969086050987244,1.0000000000000002
209,5,15,4,0.9677989482879639,0.894427190999916
209,5,23,4,0.9974691867828369,1.0000000000000002
209,5,27,4,0.9974691867828369,1.0000000000000002
209,5,29,4,0.9969086050987244,1.0000000000000002
209,5,30,4,0.9999998807907104,1.0000000000000002
210,4,15,4,1.0,1.0
210,4,0,0,0.7836565971374512,0.5773502691896258
210,4,1,1,0.7836565971374512,0.5773502691896258
210,4,2,1,0.857675313949585,0.5773502691896258
210,4,4,1,0.9348617792129517,0.8660254037844388
210,4,8,1,0.9501929879188538,0.8660254037844388
210,4,3,2,0.857675313949585,0.5773502691896258
210,4,5,2,0.9348617792129517,0.8660254037844388
210,4,9,2,0.9501929879188538,0.8660254037844388
210,4,6,2,0.9348617792129517,0.8660254037844388
210,4,10,2,0.9214152693748474,0.75
210,4,12,2,1.0,1.0
210,4,7,3,0.9348617792129517,0.8660254037844388
210,4,11,3,0.9501929879188538,0.8660254037844388
210,4,13,3,1.0,1.0
210,4,14,3,1.0,1.0
211,4,15,4,1.0,1.0
211,4,0,0,0.8243797421455383,0.0
211,4,1,1,0.8786017298698425,0.7071067811865476
211,4,2,1,0.8786017298698425,0.7071067811865476
211,4,4,1,1.0,1.0
211,4,8,1,0.8243797421455383,0.0
211,4,3,2,0.8435492515563965,0.5773502691896258
211,4,5,2,1.0,1.0
211,4,9,2,0.8786017298698425,0.7071067811865476
211,4,6,2,1.0,1.0
211,4,10,2,0.8786017298698425,0.7071067811865476
211,4,12,2,1.0,1.0
211,4,7,3,1.0,1.0
211,4,11,3,0.8435492515563965,0.5773502691896258
211,4,13,3,1.0,1.0
211,4,14,3,1.0,1.0
212,4,15,4,1.0,1.0
212,4,0,0,0.7646157741546631,0.0
212,4,1,1,0.8495641946792603,0.8660254037844388
212,4,2,1,0.8732633590698242,0.8660254037844388
212,4,4,1,0.8656835556030273,0.5773502691896258
212,4,8,1,0.9943627715110779,0.75
212,4,3,2,0.8732633590698242,0.8660254037844388
212,4,5,2,0.8656835556030273,0.5773502691896258
212,4,9,2,0.9714776277542114,0.75
212,4,6,2,0.8732633590698242,0.8660254037844388
212,4,10,2,1.0,1.0
212,4,12,2,0.9943627715110779,0.75
212,4,7,3,0.8495641946792603,0.8660254037844388
212,4,11,3,0.9748339653015137,1.0
212,4,13,3,0.9714776277542114,0.75
212,4,14,3,1.0,1.0
214,4,15,4,1.0,1.0
214,4,0,0,0.7788741588592529,0.223606797749979
214,4,1,1,0.8179322481155396,0.3535533905932738
214,4,2,1,1.0,1.0
214,4,4,1,0.982429027557373,0.75
214,4,8,1,0.9545783996582031,0.5773502691896258
214,4,3,2,1.0,1.0
214,4,5,2,0.805035412311554,0.2886751345948129
214,4,9,2,0.9545783996582031,0.5773502691896258
214,4,6,2,1.0,1.0
214,4,10,2,1.0,1.0
214,4,12,2,0.982429027557373,0.75
214,4,7,3,1.0,1.0
214,4,11,3,1.0,1.0
214,4,13,3,0.982429027557373,0.75
214,4,14,3,1.0,1.0
219,5,31,5,1.0000001192092896,1.0000000000000002
219,5,0,0,0.7663334608078003,0.4000000000000001
219,5,1,1,0.7663334608078003,0.4000000000000001
219,5,2,1,0.7663334608078003,0.4000000000000001
219,5,4,1,0.931114912033081,0.7745966692414836
219,5,8,1,0.9133124351501465,0.8000000000000002
219,5,16,1,1.0000001192092896,1.0000000000000002
219,5,3,2,0.7732961177825928,0.5477225575051663
219,5,5,2,0.931114912033081,0.7745966692414836
219,5,9,2,0.7919521927833557,0.4000000000000001
219,5,17,2,1.0000001192092896,1.0000000000000002
219,5,6,2,0.931114912033081,0.7745966692414836
219,5,10,2,0.8999931812286377,0.8000000000000002
219,5,18,2,1.0000001192092896,1.0000000000000002
219,5,12,2,0.9133124351501465,0.8000000000000002
219,5,20,2,1.0000001192092896,1.0000000000000002
219,5,24,2,1.0000001192092896,1.0000000000000002
219,5,7,3,0.931114912033081,0.7745966692414836
219,5,11,3,0.8999931812286377,0.8000000000000002
219,5,19,3,1.0000001192092896,1.0000000000000002
219,5,13,3,0.9133124351501465,0.8000000000000002
219,5,21,3,1.0000001192092896,1.0000000000000002
219,5,25,3,1.0000001192092896,1.0000000000000002
219,5,14,3,0.9133124351501465,0.8000000000000002
219,5,22,3,1.0000001192092896,1.0000000000000002
219,5,26,3,1.0000001192092896,1.0000000000000002
219,5,28,3,1.0000001192092896,1.0000000000000002
219,5,15,4,0.8999931812286377,0.8000000000000002
219,5,23,4,1.0000001192092896,1.0000000000000002
219,5,27,4,1.0000001192092896,1.0000000000000002
219,5,29,4,1.0000001192092896,1.0000000000000002
219,5,30,4,1.0000001192092896,1.0000000000000002
225,6,63,6,1.0,1.0000000000000002
225,6,0,0,0.7198194861412048,0.0
225,6,1,1,0.7880605459213257,0.0
225,6,2,1,0.8704487681388855,0.5000000000000001
225,6,4,1,0.7513530254364014,0.3333333333333334
225,6,8,1,0.7836577892303467,0.14433756729740646
225,6,16,1,0.9026695489883423,0.46291004988627593
225,6,32,1,0.8324903249740601,0.30860669992418394
225,6,3,2,0.9324726462364197,0.8164965809277261
225,6,5,2,0.8522231578826904,0.6123724356957946
225,6,9,2,0.8003091812133789,0.4330127018922194
225,6,17,2,0.958328127861023,0.912870929175277
225,6,33,2,0.8954325318336487,0.7302967433402217
225,6,6,2,0.8606669902801514,0.5477225575051663
225,6,10,2,0.8704487681388855,0.5000000000000001
225,6,18,2,0.9516869187355042,0.7216878364870323
225,6,34,2,0.940435528755188,0.6666666666666669
225,6,12,2,0.7513530254364014,0.3333333333333334
225,6,20,2,0.9516869187355042,0.7216878364870323
225,6,36,2,0.8367337584495544,0.46291004988627593
225,6,24,2,0.9002386331558228,0.46291004988627593
225,6,40,2,0.8324903249740601,0.30860669992418394
225,6,48,2,0.9002386331558228,0.46291004988627593
225,6,7,3,0.9324726462364197,0.8164965809277261
225,6,11,3,0.89332515001297,0.7302967433402217
225,6,19,3,1.0,1.0000000000000002
225,6,35,3,0.9895362854003906,0.8333333333333336
225,6,13,3,0.9109867811203003,0.7302967433402217
225,6,21,3,1.0,1.0000000000000002
225,6,37,3,0.8954325318336487,0.7302967433402217
225,6,25,3,0.958328127861023,0.912870929175277
225,6,41,3,0.8954325318336487,0.7302967433402217
225,6,49,3,0.958328127861023,0.912870929175277
225,6,14,3,0.8606669902801514,0.5477225575051663
225,6,22,3,0.9516869187355042,0.7216878364870323
225,6,38,3,0.9392390251159668,0.5773502691896258
225,6,26,3,0.9516869187355042,0.7216878364870323
225,6,42,3,0.891517162322998,0.6666666666666669
225,6,50,3,0.9489471912384033,0.7715167498104598
225,6,28,3,0.9516869187355042,0.7216878364870323
225,6,44,3,0.851174533367157,0.5477225575051663
225,6,52,3,0.8940645456314087,0.6172133998483679
225,6,56,3,0.8940645456314087,0.6172133998483679
225,6,15,4,0.9324726462364197,0.8164965809277261
225,6,23,4,1.0,1.0000000000000002
225,6,39,4,0.9895362854003906,0.8333333333333336
225,6,27,4,1.0,1.0000000000000002
225,6,43,4,0.9895362854003906,0.8333333333333336
225,6,51,4,1.0,1.0000000000000002
225,6,29,4,1.0,1.0000000000000002
225,6,45,4,0.9895362854003906,0.8333333333333336
225,6,53,4,1.0,1.0000000000000002
225,6,57,4,0.958328127861023,0.912870929175277
225,6,30,4,0.9516869187355042,0.7216878364870323
225,6,46,4,0.940435528755188,0.6666666666666669
225,6,54,4,0.9661462306976318,0.8333333333333336
225,6,58,4,0.9516869187355042,0.7216878364870323
225,6,60,4,0.9516869187355042,0.7216878364870323
225,6,31,5,1.0,1.0000000000000002
225,6,47,5,0.9895362854003906,0.8333333333333336
225,6,55,5,1.0,1.0000000000000002
225,6,59,5,1.0,1.0000000000000002
225,6,61,5,1.0,1.0000000000000002
225,6,62,5,0.9661462306976318,0.8333333333333336
228,4,15,4,1.0,1.0
228,4,0,0,0.7504981160163879,0.0
228,4,1,1,0.8887451887130737,0.5773502691896258
228,4,2,1,0.833174467086792,0.223606797749979
228,4,4,1,0.8421834707260132,0.5
228,4,8,1,0.9474064111709595,0.75
228,4,3,2,0.8706502914428711,0.5
228,4,5,2,1.0,1.0
228,4,9,2,1.0,1.0
228,4,6,2,0.8405834436416626,0.5
228,4,10,2,0.9474064111709595,0.75
228,4,12,2,0.9239904880523682,0.75
228,4,7,3,0.9891552925109863,1.0
228,4,11,3,0.9474064111709595,0.75
228,4,13,3,1.0,1.0
228,4,14,3,0.9239904880523682,0.75
229,4,15,4,1.0,1.0
229,4,0,0,0.7639275789260864,0.0
229,4,1,1,0.8607761859893799,0.7071067811865476
229,4,2,1,0.792322039604187,0.0
229,4,4,1,0.9239407181739807,0.25
229,4,8,1,0.8746254444122314,0.25
229,4,3,2,0.8607761859893799,0.7071067811865476
229,4,5,2,1.0,1.0
229,4,9,2,0.9692261219024658,0.8660254037844388
229,4,6,2,0.935328483581543,0.670820393249937
229,4,10,2,0.8731439113616943,0.5
229,4,12,2,0.935328483581543,0.670820393249937
229,4,7,3,1.0,1.0
229,4,11,3,0.9692261219024658,0.8660254037844388
229,4,13,3,1.0,1.0
229,4,14,3,0.935328483581543,0.670820393249937
230,4,15,4,1.0,1.0
230,4,0,0,0.7542340755462646,0.0
230,4,1,1,0.984676718711853,0.75
230,4,2,1,0.7542340755462646,0.0
230,4,4,1,0.7973929643630981,0.20412414523193154
230,4,8,1,0.7984826564788818,0.0
230,4,3,2,0.946412980556488,0.5773502691896258
230,4,5,2,0.9453220367431641,0.8660254037844388
230,4,9,2,0.984676718711853,0.75
230,4,6,2,0.7583016753196716,0.15811388300841897
230,4,10,2,0.8673779964447021,0.5773502691896258
230,4,12,2,0.8711628913879395,0.4082482904638631
230,4,7,3,0.9453220367431641,0.8660254037844388
230,4,11,3,0.984676718711853,0.75
230,4,13,3,1.0,1.0
230,4,14,3,0.8852164149284363,0.8660254037844388
234,4,15,4,1.0,1.0
234,4,0,0,1.0,1.0
234,4,1,1,0.9641640186309814,0.8660254037844388
234,4,2,1,1.0,1.0
234,4,4,1,1.0,1.0
234,4,8,1,1.0,1.0
234,4,3,2,1.0,1.0
234,4,5,2,1.0,1.0
234,4,9,2,1.0,1.0
234,4,6,2,1.0,1.0
234,4,10,2,1.0,1.0
234,4,12,2,1.0,1.0
234,4,7,3,1.0,1.0
234,4,11,3,1.0,1.0
234,4,13,3,1.0,1.0
234,4,14,3,1.0,1.0
239,5,31,5,0.9999998807907104,1.0000000000000002
239,5,0,0,0.8273098468780518,0.20000000000000004
239,5,1,1,0.8362346887588501,0.4000000000000001
239,5,2,1,0.929973840713501,0.6000000000000001
239,5,4,1,0.9999998807907104,1.0000000000000002
239,5,8,1,0.9377707242965698,0.8000000000000002
239,5,16,1,0.9658957123756409,0.8000000000000002
239,5,3,2,0.8643926382064819,0.6000000000000001
239,5,5,2,0.9230998754501343,0.8000000000000002
239,5,9,2,0.9377707242965698,0.8000000000000002
239,5,17,2,0.9377707242965698,0.8000000000000002
239,5,6,2,0.9999998807907104,1.0000000000000002
239,5,10,2,0.9377707242965698,0.8000000000000002
239,5,18,2,0.9323333501815796,0.8000000000000002
239,5,12,2,0.9999998807907104,1.0000000000000002
239,5,20,2,0.9999998807907104,1.0000000000000002
239,5,24,2,0.9323333501815796,0.8000000000000002
239,5,7,3,0.9230998754501343,0.8000000000000002
239,5,11,3,0.9377707242965698,0.8000000000000002
239,5,19,3,0.9377707242965698,0.8000000000000002
239,5,13,3,0.9230998754501343,0.8000000000000002
239,5,21,3,0.9999998807907104,1.0000000000000002
239,5,25,3,0.9377707242965698,0.8000000000000002
239,5,14,3,0.9999998807907104,1.0000000000000002
239,5,22,3,0.9999998807907104,1.0000000000000002
239,5,26,3,0.9999998807907104,1.0000000000000002
239,5,28,3,0.9999998807907104,1.0000000000000002
239,5,15,4,0.9230998754501343,0.8000000000000002
239,5,23,4,0.9999998807907104,1.0000000000000002
239,5,27,4,0.9377707242965698,0.8000000000000002
239,5,29,4,0.9999998807907104,1.0000000000000002
239,5,30,4,0.9999998807907104,1.0000000000000002
243,5,31,5,1.0,1.0000000000000002
243,5,0,0,0.7666422128677368,0.316227766016838
243,5,1,1,0.940755307674408,0.7745966692414836
243,5,2,1,0.940755307674408,0.7745966692414836
243,5,4,1,0.7844290137290955,0.316227766016838
243,5,8,1,0.8098200559616089,0.670820393249937
243,5,16,1,0.7384413480758667,0.0
243,5,3,2,0.940755307674408,0.7745966692414836
243,5,5,2,0.940755307674408,0.7745966692414836
243,5,9,2,0.9789925813674927,1.0000000000000002
243,5,17,2,0.940755307674408,0.7745966692414836
243,5,6,2,0.940755307674408,0.7745966692414836
243,5,10,2,1.0,1.0000000000000002
243,5,18,2,0.940755307674408,0.7745966692414836
243,5,12,2,0.8362972736358643,0.670820393249937
243,5,20,2,0.7844290137290955,0.316227766016838
243,5,24,2,0.8098200559616089,0.670820393249937
243,5,7,3,0.940755307674408,0.7745966692414836
243,5,11,3,1.0,1.0000000000000002
243,5,19,3,0.940755307674408,0.7745966692414836
243,5,13,3,1.0,1.0000000000000002
243,5,21,3,0.940755307674408,0.7745966692414836
243,5,25,3,0.9789925813674927,1.0000000000000002
243,5,14,3,1.0,1.0000000000000002
243,5,22,3,0.940755307674408,0.7745966692414836
243,5,26,3,1.0,1.0000000000000002
243,5,28,3,0.8362972736358643,0.670820393249937
243,5,15,4,1.0,1.0000000000000002
243,5,23,4,0.940755307674408,0.7745966692414836
243,5,27,4,1.0,1.0000000000000002
243,5,29,4,1.0,1.0000000000000002
243,5,30,4,1.0,1.0000000000000002
246,4,15,4,1.0000001192092896,1.0000000000000002
246,4,0,0,0.8233226537704468,0.5000000000000001
246,4,1,1,0.9848114252090454,1.0000000000000002
246,4,2,1,0.8686177134513855,0.7071067811865476
246,4,4,1,0.8656676411628723,0.7071067811865476
246,4,8,1,0.8686177134513855,0.7071067811865476
246,4,3,2,1.0000001192092896,1.0000000000000002
246,4,5,2,0.9848114252090454,1.0000000000000002
246,4,9,2,0.9848114252090454,1.0000000000000002
246,4,6,2,0.8656676411628723,0.7071067811865476
246,4,10,2,0.8686177134513855,0.7071067811865476
246,4,12,2,0.8686177134513855,0.7071067811865476
246,4,7,3,1.0000001192092896,1.0000000000000002
246,4,11,3,1.0000001192092896,1.0000000000000002
246,4,13,3,0.9848114252090454,1.0000000000000002
246,4,14,3,0.8686177134513855,0.7071067811865476
254,5,31,5,0.9999999403953552,1.0000000000000002
254,5,0,0,0.8850884437561035,0.670820393249937
254,5,1,1,0.9545653462409973,0.894427190999916
254,5,2,1,0.9545653462409973,0.894427190999916
254,5,4,1,0.9545653462409973,0.894427190999916
254,5,8,1,0.9104848504066467,0.8000000000000002
254,5,16,1,0.9999999403953552,1.0000000000000002
254,5,3,2,0.9545653462409973,0.894427190999916
254,5,5,2,0.9545653462409973,0.894427190999916
254,5,9,2,0.9104848504066467,0.8000000000000002
254,5,17,2,0.9999999403953552,1.0000000000000002
254,5,6,2,0.9104848504066467,0.8000000000000002
254,5,10,2,0.9104848504066467,0.8000000000000002
254,5,18,2,0.9999999403953552,1.0000000000000002
254,5,12,2,0.9104848504066467,0.8000000000000002
254,5,20,2,0.9999999403953552,1.0000000000000002
254,5,24,2,0.9999999403953552,1.0000000000000002
254,5,7,3,0.9104848504066467,0.8000000000000002
254,5,11,3,0.9104848504066467,0.8000000000000002
254,5,19,3,0.9999999403953552,1.0000000000000002
254,5,13,3,0.9104848504066467,0.8000000000000002
254,5,21,3,0.9999999403953552,1.0000000000000002
254,5,25,3,0.9999999403953552,1.0000000000000002
254,5,14,3,0.9104848504066467,0.8000000000000002
254,5,22,3,0.9999999403953552,1.0000000000000002
254,5,26,3,0.9999999403953552,1.0000000000000002
254,5,28,3,0.9999999403953552,1.0000000000000002
254,5,15,4,0.9104848504066467,0.8000000000000002
254,5,23,4,0.9999999403953552,1.0000000000000002
254,5,27,4,0.9999999403953552,1.0000000000000002
254,5,29,4,0.9999999403953552,1.0000000000000002
254,5,30,4,0.9999999403953552,1.0000000000000002
260,4,15,4,1.0,1.0
260,4,0,0,0.8601816892623901,0.5
260,4,1,1,0.8601816892623901,0.5
260,4,2,1,0.9903616309165955,1.0
260,4,4,1,0.8601816892623901,0.5
260,4,8,1,0.9431180953979492,0.7071067811865476
260,4,3,2,0.9903616309165955,1.0
260,4,5,2,0.8601816892623901,0.5
260,4,9,2,0.9431180953979492,0.7071067811865476
260,4,6,2,0.8786537647247314,0.75
260,4,10,2,0.9903616309165955,1.0
260,4,12,2,0.9489084482192993,0.8660254037844388
260,4,7,3,0.8786537647247314,0.75
260,4,11,3,0.9903616309165955,1.0
260,4,13,3,0.9489084482192993,0.8660254037844388
260,4,14,3,1.0,1.0
261,4,15,4,1.0,1.0
261,4,0,0,0.9551361799240112,0.7071067811865476
261,4,1,1,0.9551361799240112,0.7071067811865476
261,4,2,1,0.9551361799240112,0.7071067811865476
261,4,4,1,1.0,1.0
261,4,8,1,0.9712989330291748,0.8660254037844388
261,4,3,2,0.9551361799240112,0.7071067811865476
261,4,5,2,0.997279703617096,1.0
261,4,9,2,0.9551361799240112,0.7071067811865476
261,4,6,2,1.0,1.0
261,4,10,2,0.9749120473861694,0.8660254037844388
261,4,12,2,1.0,1.0
261,4,7,3,1.0,1.0
261,4,11,3,0.9551361799240112,0.7071067811865476
261,4,13,3,1.0,1.0
261,4,14,3,1.0,1.0
262,4,15,4,1.0,1.0
262,4,0,0,0.8491420149803162,0.5
262,4,1,1,0.8491420149803162,0.5
262,4,2,1,0.8217021226882935,0.3535533905932738
262,4,4,1,0.8485512733459473,0.5773502691896258
262,4,8,1,0.8422290682792664,0.2886751345948129
262,4,3,2,0.8910336494445801,0.7071067811865476
262,4,5,2,0.8485512733459473,0.5773502691896258
262,4,9,2,0.8395143151283264,0.3535533905932738
262,4,6,2,0.840393602848053,0.5
262,4,10,2,0.7739860415458679,0.25
262,4,12,2,0.9067181348800659,0.5773502691896258
262,4,7,3,0.8890509605407715,0.75
262,4,11,3,0.848197340965271,0.5
262,4,13,3,0.9056854248046875,0.5773502691896258
262,4,14,3,0.9274301528930664,0.75
264,6,63,6,0.9999999403953552,1.0000000000000002
264,6,0,0,0.8090822100639343,0.15430334996209197
264,6,1,1,0.8531962633132935,0.5477225575051663
264,6,2,1,0.8381060361862183,0.3333333333333334
264,6,4,1,0.9134795665740967,0.5477225575051663
264,6,8,1,0.8306185007095337,0.3651483716701108
264,6,16,1,0.881397545337677,0.5773502691896258
264,6,32,1,0.8452035188674927,0.2721655269759087
264,6,3,2,0.937827467918396,0.8164965809277261
264,6,5,2,0.937827467918396,0.8164965809277261
264,6,9,2,0.937827467918396,0.8164965809277261
264,6,17,2,0.9190603494644165,0.8333333333333336
264,6,33,2,0.8505997061729431,0.6172133998483679
264,6,6,2,0.9134795665740967,0.5477225575051663
264,6,10,2,0.9134795665740967,0.5477225575051663
264,6,18,2,0.9803063869476318,0.7715167498104598
264,6,34,2,0.8381060361862183,0.3333333333333334
264,6,12,2,0.9134795665740967,0.5477225575051663
264,6,20,2,0.9803063869476318,0.7715167498104598
264,6,36,2,0.9259142875671387,0.5773502691896258
264,6,24,2,0.8995698094367981,0.6172133998483679
264,6,40,2,0.8413493633270264,0.4330127018922194
264,6,48,2,0.881397545337677,0.5773502691896258
264,6,7,3,0.937827467918396,0.8164965809277261
264,6,11,3,0.937827467918396,0.8164965809277261
264,6,19,3,0.9999999403953552,1.0000000000000002
264,6,35,3,0.9484199285507202,0.7715167498104598
264,6,13,3,0.937827467918396,0.8164965809277261
264,6,21,3,0.9999999403953552,1.0000000000000002
264,6,37,3,0.9484199285507202,0.7715167498104598
264,6,25,3,0.9999999403953552,1.0000000000000002
264,6,41,3,0.9484199285507202,0.7715167498104598
264,6,49,3,0.9190603494644165,0.8333333333333336
264,6,14,3,0.9134795665740967,0.5477225575051663
264,6,22,3,0.9803063869476318,0.7715167498104598
264,6,38,3,0.9259142875671387,0.5773502691896258
264,6,26,3,0.9803063869476318,0.7715167498104598
264,6,42,3,0.9259142875671387,0.5773502691896258
264,6,50,3,0.9803063869476318,0.7715167498104598
264,6,28,3,0.9803063869476318,0.7715167498104598
264,6,44,3,0.9259142875671387,0.5773502691896258
264,6,52,3,0.9803063869476318,0.7715167498104598
264,6,56,3,0.9803063869476318,0.7715167498104598
264,6,15,4,0.937827467918396,0.8164965809277261
264,6,23,4,0.9999999403953552,1.0000000000000002
264,6,39,4,0.9484199285507202,0.7715167498104598
264,6,27,4,0.9999999403953552,1.0000000000000002
264,6,43,4,0.9484199285507202,0.7715167498104598
264,6,51,4,0.9999999403953552,1.0000000000000002
264,6,29,4,0.9999999403953552,1.0000000000000002
264,6,45,4,0.9484199285507202,0.7715167498104598
264,6,53,4,0.9999999403953552,1.0000000000000002
264,6,57,4,0.9999999403953552,1.0000000000000002
264,6,30,4,0.9803063869476318,0.7715167498104598
264,6,46,4,0.9259142875671387,0.5773502691896258
264,6,54,4,0.9803063869476318,0.7715167498104598
264,6,58,4,0.9803063869476318,0.7715167498104598
264,6,60,4,0.9803063869476318,0.7715167498104598
264,6,31,5,0.9999999403953552,1.0000000000000002
264,6,47,5,0.9484199285507202,0.7715167498104598
264,6,55,5,0.9999999403953552,1.0000000000000002
264,6,59,5,0.9999999403953552,1.0000000000000002
264,6,61,5,0.9999999403953552,1.0000000000000002
264,6,62,5,0.9803063869476318,0.7715167498104598
267,5,31,5,1.0,1.0000000000000002
267,5,0,0,0.8912046551704407,0.3651483716701108
267,5,1,1,0.9243384599685669,0.3380617018914067
267,5,2,1,0.9930780529975891,1.0000000000000002
267,5,4,1,0.8912046551704407,0.3651483716701108
267,5,8,1,0.9493572115898132,0.5477225575051663
267,5,16,1,0.9480971097946167,0.5477225575051663
267,5,3,2,0.9930780529975891,1.0000000000000002
267,5,5,2,0.9041459560394287,0.4000000000000001
267,5,9,2,0.9494656324386597,0.6000000000000001
267,5,17,2,0.9094228744506836,0.6000000000000001
267,5,6,2,0.8924968838691711,0.670820393249937
267,5,10,2,1.0,1.0000000000000002
267,5,18,2,0.9930780529975891,1.0000000000000002
267,5,12,2,0.9336449503898621,0.6000000000000001
267,5,20,2,0.9368648529052734,0.6000000000000001
267,5,24,2,0.9368648529052734,0.6000000000000001
267,5,7,3,0.8924968838691711,0.670820393249937
267,5,11,3,1.0,1.0000000000000002
267,5,19,3,0.9930780529975891,1.0000000000000002
267,5,13,3,0.9494656324386597,0.6000000000000001
267,5,21,3,0.9368648529052734,0.6000000000000001
267,5,25,3,0.9368648529052734,0.6000000000000001
267,5,14,3,0.9930780529975891,1.0000000000000002
267,5,22,3,0.9930780529975891,1.0000000000000002
267,5,26,3,1.0,1.0000000000000002
267,5,28,3,0.9368648529052734,0.6000000000000001
267,5,15,4,1.0,1.0000000000000002
267,5,23,4,0.9930780529975891,1.0000000000000002
267,5,27,4,1.0,1.0000000000000002
267,5,29,4,0.9494656324386597,0.6000000000000001
267,5,30,4,0.9930780529975891,1.0000000000000002
268,4,15,4,0.9999999403953552,1.0
268,4,0,0,0.84297114610672,0.2886751345948129
268,4,1,1,0.8413516879081726,0.447213595499958
268,4,2,1,0.8428135514259338,0.447213595499958
268,4,4,1,0.8440033197402954,0.3535533905932738
268,4,8,1,0.8429296612739563,0.2886751345948129
268,4,3,2,0.8353143930435181,0.5773502691896258
268,4,5,2,0.9472224116325378,0.8660254037844388
268,4,9,2,0.8958238959312439,0.670820393249937
268,4,6,2,0.9472224116325378,0.8660254037844388
268,4,10,2,0.8958238959312439,0.670820393249937
268,4,12,2,0.9073994159698486,0.5773502691896258
268,4,7,3,0.9472224116325378,0.8660254037844388
268,4,11,3,0.8958238959312439,0.670820393249937
268,4,13,3,0.9999999403953552,1.0
268,4,14,3,0.9642676115036011,0.75
276,4,15,4,1.0,1.0
276,4,0,0,0.7929828763008118,0.0
276,4,1,1,0.7929828763008118,0.0
276,4,2,1,0.9173348546028137,0.8660254037844388
276,4,4,1,0.8473546504974365,0.447213595499958
276,4,8,1,0.8925533890724182,0.447213595499958
276,4,3,2,0.9173348546028137,0.8660254037844388
276,4,5,2,0.8473546504974365,0.447213595499958
276,4,9,2,0.9071698784828186,0.5
276,4,6,2,0.9173348546028137,0.8660254037844388
276,4,10,2,1.0,1.0
276,4,12,2,0.9169149398803711,0.7071067811865476
276,4,7,3,0.9173348546028137,0.8660254037844388
276,4,11,3,1.0,1.0
276,4,13,3,0.9169149398803711,0.7071067811865476
276,4,14,3,1.0,1.0
279,4,15,4,1.0,1.0
279,4,0,0,0.7823977470397949,0.0
279,4,1,1,0.7823977470397949,0.0
279,4,2,1,0.9099560976028442,0.8660254037844388
279,4,4,1,0.8270550966262817,0.5
279,4,8,1,1.0,1.0
279,4,3,2,0.9099560976028442,0.8660254037844388
279,4,5,2,0.9099560976028442,0.8660254037844388
279,4,9,2,1.0,1.0
279,4,6,2,0.9099560976028442,0.8660254037844388
279,4,10,2,1.0,1.0
279,4,12,2,1.0,1.0
279,4,7,3,0.9099560976028442,0.8660254037844388
279,4,11,3,1.0,1.0
279,4,13,3,1.0,1.0
279,4,14,3,1.0,1.0
285,6,63,6,1.0,1.0000000000000002
285,6,0,0,0.7349225282669067,0.0
285,6,1,1,0.8600871562957764,0.6666666666666669
285,6,2,1,0.7206301093101501,0.0
285,6,4,1,0.8630226850509644,0.4330127018922194
285,6,8,1,0.7349225282669067,0.0
285,6,16,1,0.8184746503829956,0.7715167498104598
285,6,32,1,0.8749158382415771,0.6172133998483679
285,6,3,2,0.8142426609992981,0.5000000000000001
285,6,5,2,0.925668478012085,0.8333333333333336
285,6,9,2,0.8600871562957764,0.6666666666666669
285,6,17,2,0.9285138845443726,0.8333333333333336
285,6,33,2,0.9285138845443726,0.8333333333333336
285,6,6,2,0.925668478012085,0.8333333333333336
285,6,10,2,0.7551074028015137,0.0
285,6,18,2,0.9285138845443726,0.8333333333333336
285,6,34,2,0.8749158382415771,0.6172133998483679
285,6,12,2,0.7639303207397461,0.3333333333333334
285,6,20,2,0.9553452730178833,0.7302967433402217
285,6,36,2,0.879156231880188,0.4082482904638631
285,6,24,2,0.7816483974456787,0.5000000000000001
285,6,40,2,0.8601154685020447,0.4082482904638631
285,6,48,2,0.9285138845443726,0.8333333333333336
285,6,7,3,0.925668478012085,0.8333333333333336
285,6,11,3,0.8142426609992981,0.5000000000000001
285,6,19,3,0.9285138845443726,0.8333333333333336
285,6,35,3,0.9285138845443726,0.8333333333333336
285,6,13,3,0.9553452730178833,0.7302967433402217
285,6,21,3,0.9553452730178833,0.7302967433402217
285,6,37,3,0.9553452730178833,0.7302967433402217
285,6,25,3,0.9285138845443726,0.8333333333333336
285,6,41,3,0.9285138845443726,0.8333333333333336
285,6,49,3,0.9957159757614136,0.8333333333333336
285,6,14,3,0.925668478012085,0.8333333333333336
285,6,22,3,1.0,1.0000000000000002
285,6,38,3,0.9553452730178833,0.7302967433402217
285,6,26,3,0.9285138845443726,0.8333333333333336
285,6,42,3,0.8592792749404907,0.6666666666666669
285,6,50,3,0.9285138845443726,0.8333333333333336
285,6,28,3,0.9553452730178833,0.7302967433402217
285,6,44,3,0.879156231880188,0.4082482904638631
285,6,52,3,1.0,1.0000000000000002
285,6,56,3,0.8868910074234009,0.4082482904638631
285,6,15,4,0.925668478012085,0.8333333333333336
285,6,23,4,0.9553452730178833,0.7302967433402217
285,6,39,4,0.9553452730178833,0.7302967433402217
285,6,27,4,0.9285138845443726,0.8333333333333336
285,6,43,4,0.9285138845443726,0.8333333333333336
285,6,51,4,0.9285138845443726,0.8333333333333336
285,6,29,4,1.0,1.0000000000000002
285,6,45,4,0.9553452730178833,0.7302967433402217
285,6,53,4,1.0,1.0000000000000002
285,6,57,4,0.9957159757614136,0.8333333333333336
285,6,30,4,1.0,1.0000000000000002
285,6,46,4,0.9553452730178833,0.7302967433402217
285,6,54,4,1.0,1.0000000000000002
285,6,58,4,0.8868910074234009,0.4082482904638631
285,6,60,4,1.0,1.0000000000000002
285,6,31,5,0.9553452730178833,0.7302967433402217
285,6,47,5,0.9553452730178833,0.7302967433402217
285,6,55,5,1.0,1.0000000000000002
285,6,59,5,0.9957159757614136,0.8333333333333336
285,6,61,5,1.0,1.0000000000000002
285,6,62,5,1.0,1.0000000000000002
288,5,31,5,1.000000238418579,1.0000000000000002
288,5,0,0,0.9312604665756226,0.632455532033676
288,5,1,1,0.9312604665756226,0.632455532033676
288,5,2,1,0.9312604665756226,0.632455532033676
288,5,4,1,0.9195204973220825,0.6000000000000001
288,5,8,1,0.887570858001709,0.6000000000000001
288,5,16,1,0.889491081237793,0.6000000000000001
288,5,3,2,0.9312604665756226,0.632455532033676
288,5,5,2,0.9195204973220825,0.6000000000000001
288,5,9,2,0.887570858001709,0.6000000000000001
288,5,17,2,0.889491081237793,0.6000000000000001
288,5,6,2,0.9195204973220825,0.6000000000000001
288,5,10,2,0.9312604665756226,0.632455532033676
288,5,18,2,0.889491081237793,0.6000000000000001
288,5,12,2,0.9195204973220825,0.6000000000000001
288,5,20,2,1.000000238418579,1.0000000000000002
288,5,24,2,0.9967725276947021,1.0000000000000002
288,5,7,3,0.9217950105667114,0.6000000000000001
288,5,11,3,0.9312604665756226,0.632455532033676
288,5,19,3,0.889491081237793,0.6000000000000001
288,5,13,3,0.9195204973220825,0.6000000000000001
288,5,21,3,0.9158919453620911,0.8000000000000002
288,5,25,3,0.9238095283508301,0.6761234037828134
288,5,14,3,0.9195204973220825,0.6000000000000001
288,5,22,3,0.9167953729629517,0.8000000000000002
288,5,26,3,0.9967725276947021,1.0000000000000002
288,5,28,3,1.000000238418579,1.0000000000000002
288,5,15,4,0.9195204973220825,0.6000000000000001
288,5,23,4,0.9167953729629517,0.8000000000000002
288,5,27,4,0.9829968214035034,0.894427190999916
288,5,29,4,0.9967725276947021,1.0000000000000002
288,5,30,4,1.000000238418579,1.0000000000000002
291,4,15,4,1.0000001192092896,1.0
291,4,0,0,0.7912163734436035,0.0
291,4,1,1,1.0000001192092896,1.0
291,4,2,1,1.0000001192092896,1.0
291,4,4,1,0.8038949370384216,0.0
291,4,8,1,0.9857107996940613,1.0
291,4,3,2,1.0000001192092896,1.0
291,4,5,2,1.0000001192092896,1.0
291,4,9,2,1.0000001192092896,1.0
291,4,6,2,1.0000001192092896,1.0
291,4,10,2,1.0000001192092896,1.0
291,4,12,2,0.9857107996940613,1.0
291,4,7,3,1.0000001192092896,1.0
291,4,11,3,1.0000001192092896,1.0
291,4,13,3,0.9857107996940613,1.0
291,4,14,3,1.0000001192092896,1.0
292,4,15,4,1.0,1.0
292,4,0,0,0.7656245827674866,0.0
292,4,1,1,0.8309395909309387,0.25
292,4,2,1,0.857886552810669,0.2886751345948129
292,4,4,1,0.8708193302154541,0.447213595499958
292,4,8,1,0.9096129536628723,0.4082482904638631
292,4,3,2,0.9339902997016907,0.7071067811865476
292,4,5,2,0.8734412789344788,0.5
292,4,9,2,0.9096129536628723,0.4082482904638631
292,4,6,2,1.0,1.0
292,4,10,2,0.9457785487174988,0.75
292,4,12,2,1.0,1.0
292,4,7,3,1.0,1.0
292,4,11,3,0.9339902997016907,0.7071067811865476
292,4,13,3,1.0,1.0
292,4,14,3,1.0,1.0
295,6,63,6,0.9999999403953552,1.0000000000000002
295,6,0,0,0.9920715689659119,0.8333333333333336
295,6,1,1,0.9999999403953552,1.0000000000000002
295,6,2,1,0.9920715689659119,0.8333333333333336
295,6,4,1,0.9920715689659119,0.8333333333333336
295,6,8,1,0.9999999403953552,1.0000000000000002
295,6,16,1,0.9999999403953552,1.0000000000000002
295,6,32,1,0.9920715689659119,0.8333333333333336
295,6,3,2,0.9999999403953552,1.0000000000000002
295,6,5,2,0.9999999403953552,1.0000000000000002
295,6,9,2,0.9999999403953552,1.0000000000000002
295,6,17,2,0.9999999403953552,1.0000000000000002
295,6,33,2,0.9999999403953552,1.0000000000000002
295,6,6,2,0.9920715689659119,0.8333333333333336
295,6,10,2,0.9999999403953552,1.0000000000000002
295,6,18,2,0.9999999403953552,1.0000000000000002
295,6,34,2,0.9920715689659119,0.8333333333333336
295,6,12,2,0.9999999403953552,1.0000000000000002
295,6,20,2,0.9999999403953552,1.0000000000000002
295,6,36,2,0.9920715689659119,0.8333333333333336
295,6,24,2,0.9999999403953552,1.0000000000000002
295,6,40,2,0.9999999403953552,1.0000000000000002
295,6,48,2,0.9999999403953552,1.0000000000000002
295,6,7,3,0.9999999403953552,1.0000000000000002
295,6,11,3,0.9999999403953552,1.0000000000000002
295,6,19,3,0.9999999403953552,1.0000000000000002
295,6,35,3,0.9999999403953552,1.0000000000000002
295,6,13,3,0.9999999403953552,1.0000000000000002
295,6,21,3,0.9999999403953552,1.0000000000000002
295,6,37,3,0.9999999403953552,1.0000000000000002
295,6,25,3,0.9999999403953552,1.0000000000000002
295,6,41,3,0.9999999403953552,1.0000000000000002
295,6,49,3,0.9999999403953552,1.0000000000000002
295,6,14,3,0.9999999403953552,1.0000000000000002
295,6,22,3,0.9999999403953552,1.0000000000000002
295,6,38,3,0.9920715689659119,0.8333333333333336
295,6,26,3,0.9999999403953552,1.0000000000000002
295,6,42,3,0.9999999403953552,1.0000000000000002
295,6,50,3,0.9999999403953552,1.0000000000000002
295,6,28,3,0.9999999403953552,1.0000000000000002
295,6,44,3,0.9999999403953552,1.0000000000000002
295,6,52,3,0.9999999403953552,1.0000000000000002
295,6,56,3,0.9999999403953552,1.0000000000000002
295,6,15,4,0.9999999403953552,1.0000000000000002
295,6,23,4,0.9999999403953552,1.0000000000000002
295,6,39,4,0.9999999403953552,1.0000000000000002
295,6,27,4,0.9999999403953552,1.0000000000000002
295,6,43,4,0.9999999403953552,1.0000000000000002
295,6,51,4,0.9999999403953552,1.0000000000000002
295,6,29,4,0.9999999403953552,1.0000000000000002
295,6,45,4,0.9999999403953552,1.0000000000000002
295,6,53,4,0.9999999403953552,1.0000000000000002
295,6,57,4,0.9999999403953552,1.0000000000000002
295,6,30,4,0.9999999403953552,1.0000000000000002
295,6,46,4,0.9999999403953552,1.0000000000000002
295,6,54,4,0.9999999403953552,1.0000000000000002
295,6,58,4,0.9999999403953552,1.0000000000000002
295,6,60,4,0.9999999403953552,1.0000000000000002
295,6,31,5,0.9999999403953552,1.0000000000000002
295,6,47,5,0.9999999403953552,1.0000000000000002
295,6,55,5,0.9999999403953552,1.0000000000000002
295,6,59,5,0.9999999403953552,1.0000000000000002
295,6,61,5,0.9999999403953552,1.0000000000000002
295,6,62,5,0.9999999403953552,1.0000000000000002
297,5,31,5,1.0,1.0
297,5,0,0,0.7816016674041748,0.5
297,5,1,1,0.7816016674041748,0.5
297,5,2,1,0.8512549996376038,0.3535533905932738
297,5,4,1,0.9472453594207764,0.8660254037844388
297,5,8,1,0.895113468170166,0.5
297,5,16,1,0.7816016674041748,0.5
297,5,3,2,0.8512549996376038,0.3535533905932738
297,5,5,2,0.9069746732711792,0.7071067811865476
297,5,9,2,0.9107798933982849,0.7071067811865476
297,5,17,2,0.7816016674041748,0.5
297,5,6,2,0.9472453594207764,0.8660254037844388
297,5,10,2,0.9236374497413635,0.5773502691896258
297,5,18,2,0.8512549996376038,0.3535533905932738
297,5,12,2,1.0,1.0
297,5,20,2,0.9472453594207764,0.8660254037844388
297,5,24,2,0.8913533687591553,0.5
297,5,7,3,0.9417800903320312,0.8660254037844388
297,5,11,3,0.9236374497413635,0.5773502691896258
297,5,19,3,0.8512549996376038,0.3535533905932738
297,5,13,3,1.0,1.0
297,5,21,3,0.9069746732711792,0.7071067811865476
297,5,25,3,0.8913533687591553,0.5
297,5,14,3,1.0,1.0
297,5,22,3,0.9472453594207764,0.8660254037844388
297,5,26,3,0.8913533687591553,0.5
297,5,28,3,0.9517860412597656,0.670820393249937
297,5,15,4,1.0,1.0
297,5,23,4,0.9472453594207764,0.8660254037844388
297,5,27,4,0.9239039421081543,0.5773502691896258
297,5,29,4,0.9093153476715088,0.5
297,5,30,4,0.9517860412597656,0.670820393249937
312,5,31,5,1.0,1.0000000000000002
312,5,0,0,0.7463108897209167,0.0
312,5,1,1,0.7832722663879395,0.14142135623730956
312,5,2,1,0.7654000520706177,0.0
312,5,4,1,0.7482044100761414,0.0
312,5,8,1,0.7370271682739258,0.0
312,5,16,1,0.7396512031555176,0.0
312,5,3,2,0.8401755094528198,0.316227766016838
312,5,5,2,0.870186448097229,0.6000000000000001
312,5,9,2,0.768446683883667,0.0
312,5,17,2,0.7847615480422974,0.0
312,5,6,2,0.8037410378456116,0.2581988897471612
312,5,10,2,0.8288818597793579,0.5163977794943224
312,5,18,2,0.7495792508125305,0.0
312,5,12,2,0.8729643821716309,0.5163977794943224
312,5,20,2,0.7649418115615845,0.0
312,5,24,2,0.7638639211654663,0.0
312,5,7,3,0.9389336705207825,0.632455532033676
312,5,11,3,0.8779007792472839,0.670820393249937
312,5,19,3,0.9389336705207825,0.632455532033676
312,5,13,3,0.9100900888442993,0.8000000000000002
312,5,21,3,0.8634306192398071,0.5656854249492382
312,5,25,3,0.7906215190887451,0.20000000000000004
312,5,14,3,0.8907040357589722,0.670820393249937
312,5,22,3,0.764039158821106,0.223606797749979
312,5,26,3,0.8288818597793579,0.5163977794943224
312,5,28,3,0.89756178855896,0.670820393249937
312,5,15,4,0.9201388955116272,0.8000000000000002
312,5,23,4,0.8942316770553589,0.447213595499958
312,5,27,4,0.9038437604904175,0.5163977794943224
312,5,29,4,0.8969113826751709,0.7745966692414836
312,5,30,4,0.8564545512199402,0.6000000000000001
323,5,31,5,1.0000001192092896,1.0000000000000002
323,5,0,0,0.776793897151947,0.2581988897471612
323,5,1,1,0.776793897151947,0.2581988897471612
323,5,2,1,0.9540524482727051,0.894427190999916
323,5,4,1,0.7899453639984131,0.2581988897471612
323,5,8,1,0.8743054866790771,0.670820393249937
323,5,16,1,0.9764447808265686,0.894427190999916
323,5,3,2,0.9540524482727051,0.894427190999916
323,5,5,2,0.776793897151947,0.2581988897471612
323,5,9,2,0.8743054866790771,0.670820393249937
323,5,17,2,0.9764447808265686,0.894427190999916
323,5,6,2,0.9540524482727051,0.894427190999916
323,5,10,2,1.0000001192092896,1.0000000000000002
323,5,18,2,1.0000001192092896,1.0000000000000002
323,5,12,2,0.9655301570892334,0.8000000000000002
323,5,20,2,0.9655301570892334,0.8000000000000002
323,5,24,2,0.9655301570892334,0.8000000000000002
323,5,7,3,0.9540524482727051,0.894427190999916
323,5,11,3,1.0000001192092896,1.0000000000000002
323,5,19,3,1.0000001192092896,1.0000000000000002
323,5,13,3,0.9655301570892334,0.8000000000000002
323,5,21,3,1.0000001192092896,1.0000000000000002
323,5,25,3,1.0000001192092896,1.0000000000000002
323,5,14,3,1.0000001192092896,1.0000000000000002
323,5,22,3,1.0000001192092896,1.0000000000000002
323,5,26,3,1.0000001192092896,1.0000000000000002
323,5,28,3,0.9655301570892334,0.8000000000000002
323,5,15,4,1.0000001192092896,1.0000000000000002
323,5,23,4,1.0000001192092896,1.0000000000000002
323,5,27,4,1.0000001192092896,1.0000000000000002
323,5,29,4,0.9655301570892334,0.8000000000000002
323,5,30,4,1.0000001192092896,1.0000000000000002
328,5,31,5,0.9999999403953552,1.0000000000000002
328,5,0,0,0.7344194650650024,0.0
328,5,1,1,0.8320482969284058,0.447213595499958
328,5,2,1,0.8320482969284058,0.447213595499958
328,5,4,1,0.8189678192138672,0.447213595499958
328,5,8,1,0.8761221170425415,0.2581988897471612
328,5,16,1,0.8412358164787292,0.20000000000000004
328,5,3,2,0.8320482969284058,0.447213595499958
328,5,5,2,0.7592558860778809,0.0
328,5,9,2,0.8492742776870728,0.2581988897471612
328,5,17,2,0.7604498863220215,0.0
328,5,6,2,0.7557222843170166,0.0
328,5,10,2,0.8174481987953186,0.4000000000000001
328,5,18,2,0.8847006559371948,0.670820393249937
328,5,12,2,0.8693184852600098,0.20000000000000004
328,5,20,2,0.7850747108459473,0.0
328,5,24,2,0.8611273169517517,0.223606797749979
328,5,7,3,0.8320482969284058,0.447213595499958
328,5,11,3,0.9406068921089172,0.8000000000000002
328,5,19,3,0.771446943283081,0.20000000000000004
328,5,13,3,0.8433610796928406,0.2581988897471612
328,5,21,3,0.7794586420059204,0.0
328,5,25,3,0.9213491678237915,0.447213595499958
328,5,14,3,0.9406068921089172,0.8000000000000002
328,5,22,3,0.8135712146759033,0.3651483716701108
328,5,26,3,0.9999999403953552,1.0000000000000002
328,5,28,3,0.8611273169517517,0.223606797749979
328,5,15,4,0.8806091547012329,0.5163977794943224
328,5,23,4,0.771446943283081,0.20000000000000004
328,5,27,4,0.9999999403953552,1.0000000000000002
328,5,29,4,0.9311398267745972,0.4000000000000001
328,5,30,4,0.9999999403953552,1.0000000000000002
344,4,15,4,0.9999998807907104,1.0
344,4,0,0,0.7092589139938354,0.0
344,4,1,1,0.765425980091095,0.2886751345948129
344,4,2,1,0.7813870906829834,0.0
344,4,4,1,0.8346911668777466,0.5773502691896258
344,4,8,1,0.7533188462257385,0.3779644730092273
344,4,3,2,0.8653745651245117,0.5773502691896258
344,4,5,2,0.8346911668777466,0.5773502691896258
344,4,9,2,0.8165480494499207,0.5303300858899107
344,4,6,2,0.8536895513534546,0.3535533905932738
344,4,10,2,0.9405945539474487,0.7559289460184546
344,4,12,2,0.9088518619537354,0.75
344,4,7,3,0.9527500867843628,0.8660254037844388
344,4,11,3,0.9405945539474487,0.7559289460184546
344,4,13,3,0.9538431167602539,0.75
344,4,14,3,0.9123942852020264,0.5773502691896258
346,4,15,4,0.9999999403953552,1.0
346,4,0,0,0.7677216529846191,0.0
346,4,1,1,0.762392520904541,0.3535533905932738
346,4,2,1,0.8618788719177246,0.5
346,4,4,1,0.9191364645957947,0.7071067811865476
346,4,8,1,0.8531456589698792,0.5
346,4,3,2,0.8771058320999146,0.7071067811865476
346,4,5,2,0.910617470741272,0.75
346,4,9,2,0.8476189970970154,0.5
346,4,6,2,0.994789719581604,0.8660254037844388
346,4,10,2,0.9313071966171265,0.7071067811865476
346,4,12,2,0.9191364645957947,0.7071067811865476
346,4,7,3,0.9999999403953552,1.0
346,4,11,3,0.9531025886535645,0.8660254037844388
346,4,13,3,0.910617470741272,0.75
346,4,14,3,0.9999999403953552,1.0
347,4,15,4,1.0,1.0000000000000002
347,4,0,0,0.7598973512649536,0.0
347,4,1,1,0.7962449789047241,0.2581988897471612
347,4,2,1,0.8995177745819092,0.6666666666666669
347,4,4,1,0.8707180023193359,0.2886751345948129
347,4,8,1,0.7710347175598145,0.2886751345948129
347,4,3,2,0.9119971394538879,0.6666666666666669
347,4,5,2,0.8707180023193359,0.2886751345948129
347,4,9,2,0.8052115440368652,0.2886751345948129
347,4,6,2,0.9798104763031006,1.0000000000000002
347,4,10,2,0.9372173547744751,0.6123724356957946
347,4,12,2,0.9059491753578186,0.6666666666666669
347,4,7,3,1.0,1.0000000000000002
347,4,11,3,1.0,1.0000000000000002
347,4,13,3,0.9189294576644897,0.6666666666666669
347,4,14,3,1.0,1.0000000000000002
359,5,31,5,1.0000001192092896,1.0000000000000004
359,5,0,0,1.0000001192092896,1.0000000000000004
359,5,1,1,1.0000001192092896,1.0000000000000004
359,5,2,1,1.0000001192092896,1.0000000000000004
359,5,4,1,1.0000001192092896,1.0000000000000004
359,5,8,1,1.0000001192092896,1.0000000000000004
359,5,16,1,1.0000001192092896,1.0000000000000004
359,5,3,2,1.0000001192092896,1.0000000000000004
359,5,5,2,1.0000001192092896,1.0000000000000004
359,5,9,2,1.0000001192092896,1.0000000000000004
359,5,17,2,1.0000001192092896,1.0000000000000004
359,5,6,2,1.0000001192092896,1.0000000000000004
359,5,10,2,1.0000001192092896,1.0000000000000004
359,5,18,2,1.0000001192092896,1.0000000000000004
359,5,12,2,1.0000001192092896,1.0000000000000004
359,5,20,2,1.0000001192092896,1.0000000000000004
359,5,24,2,1.0000001192092896,1.0000000000000004
359,5,7,3,1.0000001192092896,1.0000000000000004
359,5,11,3,1.0000001192092896,1.0000000000000004
359,5,19,3,1.0000001192092896,1.0000000000000004
359,5,13,3,1.0000001192092896,1.0000000000000004
359,5,21,3,1.0000001192092896,1.0000000000000004
359,5,25,3,1.0000001192092896,1.0000000000000004
359,5,14,3,1.0000001192092896,1.0000000000000004
359,5,22,3,1.0000001192092896,1.0000000000000004
359,5,26,3,1.0000001192092896,1.0000000000000004
359,5,28,3,1.0000001192092896,1.0000000000000004
359,5,15,4,1.0000001192092896,1.0000000000000004
359,5,23,4,1.0000001192092896,1.0000000000000004
359,5,27,4,1.0000001192092896,1.0000000000000004
359,5,29,4,1.0000001192092896,1.0000000000000004
359,5,30,4,1.0000001192092896,1.0000000000000004
360,5,31,5,1.0,1.0000000000000004
360,5,0,0,0.7877558469772339,0.6172133998483679
360,5,1,1,0.7985461950302124,0.7171371656006365
360,5,2,1,0.8977035880088806,0.3779644730092273
360,5,4,1,0.9279263019561768,0.8571428571428575
360,5,8,1,0.8045037984848022,0.5345224838248489
360,5,16,1,0.9233173727989197,0.8017837257372733
360,5,3,2,0.9129221439361572,0.8017837257372733
360,5,5,2,0.9279263019561768,0.8571428571428575
360,5,9,2,0.8288447856903076,0.7142857142857146
360,5,17,2,0.9116199016571045,0.8017837257372733
360,5,6,2,0.8992412090301514,0.7559289460184546
360,5,10,2,0.9279263019561768,0.8571428571428575
360,5,18,2,0.8760292530059814,0.26726124191242445
360,5,12,2,0.9028061032295227,0.8571428571428575
360,5,20,2,0.993973433971405,1.0000000000000004
360,5,24,2,0.9233173727989197,0.8017837257372733
360,5,7,3,0.9279263019561768,0.8571428571428575
360,5,11,3,0.9279263019561768,0.8571428571428575
360,5,19,3,0.9865986704826355,0.9258200997725518
360,5,13,3,0.9028061032295227,0.8571428571428575
360,5,21,3,0.9840601086616516,1.0000000000000004
360,5,25,3,0.9116199016571045,0.8017837257372733
360,5,14,3,0.9028061032295227,0.8571428571428575
360,5,22,3,0.993973433971405,1.0000000000000004
360,5,26,3,0.9031193256378174,0.6546536707079773
360,5,28,3,0.9840601086616516,1.0000000000000004
360,5,15,4,0.9279263019561768,0.8571428571428575
360,5,23,4,0.993973433971405,1.0000000000000004
360,5,27,4,0.9865986704826355,0.9258200997725518
360,5,29,4,0.9840601086616516,1.0000000000000004
360,5,30,4,0.993973433971405,1.0000000000000004
366,5,31,5,1.0,1.0000000000000002
366,5,0,0,0.723296046257019,0.0
366,5,1,1,0.7425134181976318,0.447213595499958
366,5,2,1,0.7429525852203369,0.0
366,5,4,1,0.8250397443771362,0.447213595499958
366,5,8,1,0.7775098085403442,0.223606797749979
366,5,16,1,0.7229976654052734,0.0
366,5,3,2,0.8564938306808472,0.632455532033676
366,5,5,2,0.8357184529304504,0.6000000000000001
366,5,9,2,0.8402142524719238,0.447213595499958
366,5,17,2,0.7425134181976318,0.447213595499958
366,5,6,2,0.8567643165588379,0.6000000000000001
366,5,10,2,0.8665647506713867,0.6000000000000001
366,5,18,2,0.844902753829956,0.447213595499958
366,5,12,2,0.8317756652832031,0.4000000000000001
366,5,20,2,0.906915545463562,0.7745966692414836
366,5,24,2,0.781977653503418,0.316227766016838
366,5,7,3,0.9510118365287781,0.894427190999916
366,5,11,3,1.0,1.0000000000000002
366,5,19,3,0.8564938306808472,0.632455532033676
366,5,13,3,0.8357184529304504,0.6000000000000001
366,5,21,3,0.8942031264305115,0.8000000000000002
366,5,25,3,0.7398889064788818,0.316227766016838
366,5,14,3,0.8567643165588379,0.6000000000000001
366,5,22,3,0.9782743453979492,0.894427190999916
366,5,26,3,0.9843549132347107,0.894427190999916
366,5,28,3,0.906915545463562,0.7745966692414836
366,5,15,4,1.0,1.0000000000000002
366,5,23,4,1.0,1.0000000000000002
366,5,27,4,1.0,1.0000000000000002
366,5,29,4,0.9009838700294495,0.8000000000000002
366,5,30,4,0.9782743453979492,0.894427190999916
368,4,15,4,1.0000001192092896,1.0
368,4,0,0,0.7666283845901489,0.0
368,4,1,1,0.7715351581573486,0.2886751345948129
368,4,2,1,0.8389794826507568,0.7071067811865476
368,4,4,1,0.7452421188354492,0.0
368,4,8,1,0.761573851108551,0.0
368,4,3,2,0.8389794826507568,0.7071067811865476
368,4,5,2,0.7852818965911865,0.5773502691896258
368,4,9,2,0.98537677526474,0.75
368,4,6,2,0.891615629196167,0.8660254037844388
368,4,10,2,0.990824818611145,0.8660254037844388
368,4,12,2,0.9242336750030518,0.7071067811865476
368,4,7,3,0.8896515369415283,0.8660254037844388
368,4,11,3,0.990824818611145,0.8660254037844388
368,4,13,3,1.0000001192092896,1.0
368,4,14,3,1.0000001192092896,1.0
373,6,63,6,0.9999998807907104,1.0000000000000002
373,6,0,0,0.8574639558792114,0.8660254037844387
373,6,1,1,0.9037978649139404,0.8750000000000001
373,6,2,1,0.8465009927749634,0.8660254037844387
373,6,4,1,0.8574639558792114,0.8660254037844387
373,6,8,1,0.8993488550186157,0.8750000000000001
373,6,16,1,0.9825446605682373,1.0000000000000002
373,6,32,1,0.899023175239563,0.9354143466934857
373,6,3,2,0.9037978649139404,0.8750000000000001
373,6,5,2,0.8465009927749634,0.8660254037844387
373,6,9,2,0.8993488550186157,0.8750000000000001
373,6,17,2,0.9825446605682373,1.0000000000000002
373,6,33,2,0.8993488550186157,0.8750000000000001
373,6,6,2,0.8465009927749634,0.8660254037844387
373,6,10,2,0.8477707505226135,0.7500000000000001
373,6,18,2,0.9825446605682373,1.0000000000000002
373,6,34,2,0.90561842918396,0.9354143466934857
373,6,12,2,0.8366213440895081,0.7500000000000001
373,6,20,2,0.9825446605682373,1.0000000000000002
373,6,36,2,0.899023175239563,0.9354143466934857
373,6,24,2,0.9825446605682373,1.0000000000000002
373,6,40,2,0.8993488550186157,0.8750000000000001
373,6,48,2,0.9825446605682373,1.0000000000000002
373,6,7,3,0.8465009927749634,0.8660254037844387
373,6,11,3,0.9037978649139404,0.8750000000000001
373,6,19,3,0.9825446605682373,1.0000000000000002
373,6,35,3,0.90561842918396,0.9354143466934857
373,6,13,3,0.9037978649139404,0.8750000000000001
373,6,21,3,0.9999998807907104,1.0000000000000002
373,6,37,3,0.8855857253074646,0.8750000000000001
373,6,25,3,0.9825446605682373,1.0000000000000002
373,6,41,3,0.8993488550186157,0.8750000000000001
373,6,49,3,0.9825446605682373,1.0000000000000002
373,6,14,3,0.8477707505226135,0.7500000000000001
373,6,22,3,0.9825446605682373,1.0000000000000002
373,6,38,3,0.90561842918396,0.9354143466934857
373,6,26,3,0.9825446605682373,1.0000000000000002
373,6,42,3,0.9037978649139404,0.8750000000000001
373,6,50,3,0.9825446605682373,1.0000000000000002
373,6,28,3,0.9999998807907104,1.0000000000000002
373,6,44,3,0.8993488550186157,0.8750000000000001
373,6,52,3,0.9825446605682373,1.0000000000000002
373,6,56,3,0.9825446605682373,1.0000000000000002
373,6,15,4,0.9037978649139404,0.8750000000000001
373,6,23,4,0.9825446605682373,1.0000000000000002
373,6,39,4,0.90561842918396,0.9354143466934857
373,6,27,4,0.9825446605682373,1.0000000000000002
373,6,43,4,0.9037978649139404,0.8750000000000001
373,6,51,4,0.9825446605682373,1.0000000000000002
373,6,29,4,0.9825446605682373,1.0000000000000002
373,6,45,4,0.9037978649139404,0.8750000000000001
373,6,53,4,0.9825446605682373,1.0000000000000002
373,6,57,4,0.9825446605682373,1.0000000000000002
373,6,30,4,0.9825446605682373,1.0000000000000002
373,6,46,4,0.9037978649139404,0.8750000000000001
373,6,54,4,0.9825446605682373,1.0000000000000002
373,6,58,4,0.9999998807907104,1.0000000000000002
373,6,60,4,0.9825446605682373,1.0000000000000002
373,6,31,5,0.9825446605682373,1.0000000000000002
373,6,47,5,0.9037978649139404,0.8750000000000001
373,6,55,5,0.9999998807907104,1.0000000000000002
373,6,59,5,0.9999998807907104,1.0000000000000002
373,6,61,5,0.9825446605682373,1.0000000000000002
373,6,62,5,0.9999998807907104,1.0000000000000002
374,5,31,5,0.9999998807907104,1.0000000000000002
374,5,0,0,0.7650753855705261,0.0
374,5,1,1,0.7122716903686523,0.20000000000000004
374,5,2,1,0.7964082956314087,0.28629916715693415
374,5,4,1,0.8637436032295227,0.670820393249937
374,5,8,1,0.7650753855705261,0.0
374,5,16,1,0.8397671580314636,0.4000000000000001
374,5,3,2,0.8592089414596558,0.6000000000000001
374,5,5,2,0.8957016468048096,0.8000000000000002
374,5,9,2,0.8597476482391357,0.4000000000000001
374,5,17,2,0.8602110147476196,0.632455532033676
374,5,6,2,0.8190352916717529,0.32274861218395146
374,5,10,2,0.8592089414596558,0.6000000000000001
374,5,18,2,0.9245650768280029,0.7302967433402217
374,5,12,2,0.8718756437301636,0.5477225575051663
374,5,20,2,0.9574925899505615,0.894427190999916
374,5,24,2,0.9016149044036865,0.7302967433402217
374,5,7,3,0.899466872215271,0.8000000000000002
374,5,11,3,0.8555322885513306,0.6000000000000001
374,5,19,3,0.9450820088386536,0.8000000000000002
374,5,13,3,0.8957016468048096,0.8000000000000002
374,5,21,3,0.9916170835494995,1.0000000000000002
374,5,25,3,0.9285120964050293,0.7745966692414836
374,5,14,3,0.8895148038864136,0.7302967433402217
374,5,22,3,0.9999998807907104,1.0000000000000002
374,5,26,3,0.9450820088386536,0.8000000000000002
374,5,28,3,0.9625203013420105,0.894427190999916
374,5,15,4,0.8957016468048096,0.8000000000000002
374,5,23,4,0.9999998807907104,1.0000000000000002
374,5,27,4,0.9450820088386536,0.8000000000000002
374,5,29,4,0.9916170835494995,1.0000000000000002
374,5,30,4,0.9999998807907104,1.0000000000000002
377,5,31,5,1.0,1.0000000000000002
377,5,0,0,0.761982798576355,0.0
377,5,1,1,0.8283039331436157,0.6761234037828134
377,5,2,1,0.9079228043556213,0.894427190999916
377,5,4,1,0.9105064868927002,0.8000000000000002
377,5,8,1,0.8905080556869507,0.8000000000000002
377,5,16,1,1.0,1.0000000000000002
377,5,3,2,0.9079228043556213,0.894427190999916
377,5,5,2,0.9105064868927002,0.8000000000000002
377,5,9,2,0.8905080556869507,0.8000000000000002
377,5,17,2,1.0,1.0000000000000002
377,5,6,2,0.9105064868927002,0.8000000000000002
377,5,10,2,0.8905080556869507,0.8000000000000002
377,5,18,2,1.0,1.0000000000000002
377,5,12,2,0.8905080556869507,0.8000000000000002
377,5,20,2,1.0,1.0000000000000002
377,5,24,2,1.0,1.0000000000000002
377,5,7,3,0.9105064868927002,0.8000000000000002
377,5,11,3,0.8905080556869507,0.8000000000000002
377,5,19,3,1.0,1.0000000000000002
377,5,13,3,0.8905080556869507,0.8000000000000002
377,5,21,3,1.0,1.0000000000000002
377,5,25,3,1.0,1.0000000000000002
377,5,14,3,0.8905080556869507,0.8000000000000002
377,5,22,3,1.0,1.0000000000000002
377,5,26,3,1.0,1.0000000000000002
377,5,28,3,1.0,1.0000000000000002
377,5,15,4,0.8760217428207397,0.7302967433402217
377,5,23,4,1.0,1.0000000000000002
377,5,27,4,1.0,1.0000000000000002
377,5,29,4,1.0,1.0000000000000002
377,5,30,4,1.0,1.0000000000000002
382,6,63,6,1.0,1.0000000000000002
382,6,0,0,0.87335205078125,0.5477225575051663
382,6,1,1,0.8691424131393433,0.7302967433402217
382,6,2,1,0.87335205078125,0.5477225575051663
382,6,4,1,0.774420976638794,0.0
382,6,8,1,0.87335205078125,0.5477225575051663
382,6,16,1,0.770230770111084,0.0
382,6,32,1,1.0,1.0000000000000002
382,6,3,2,0.8753253817558289,0.7302967433402217
382,6,5,2,0.8691083192825317,0.6123724356957946
382,6,9,2,0.8691424131393433,0.7302967433402217
382,6,17,2,0.9505994319915771,0.8333333333333336
382,6,33,2,1.0,1.0000000000000002
382,6,6,2,0.87335205078125,0.5477225575051663
382,6,10,2,0.87335205078125,0.5477225575051663
382,6,18,2,0.9466403126716614,0.6666666666666669
382,6,34,2,0.9966025352478027,0.8333333333333336
382,6,12,2,0.799959659576416,0.0
382,6,20,2,0.770230770111084,0.0
382,6,36,2,0.949481725692749,0.4082482904638631
382,6,24,2,0.770230770111084,0.0
382,6,40,2,1.0,1.0000000000000002
382,6,48,2,1.0,1.0000000000000002
382,6,7,3,0.8571946024894714,0.7071067811865477
382,6,11,3,0.8885451555252075,0.7302967433402217
382,6,19,3,0.9505994319915771,0.8333333333333336
382,6,35,3,1.0,1.0000000000000002
382,6,13,3,0.8753253817558289,0.7302967433402217
382,6,21,3,0.9505994319915771,0.8333333333333336
382,6,37,3,1.0,1.0000000000000002
382,6,25,3,0.9505994319915771,0.8333333333333336
382,6,41,3,1.0,1.0000000000000002
382,6,49,3,1.0,1.0000000000000002
382,6,14,3,0.87335205078125,0.5477225575051663
382,6,22,3,0.8050346374511719,0.3651483716701108
382,6,38,3,0.9966025352478027,0.8333333333333336
382,6,26,3,0.9505994319915771,0.8333333333333336
382,6,42,3,0.9966025352478027,0.8333333333333336
382,6,50,3,0.9966025352478027,0.8333333333333336
382,6,28,3,0.770230770111084,0.0
382,6,44,3,0.949481725692749,0.4082482904638631
382,6,52,3,1.0,1.0000000000000002
382,6,56,3,1.0,1.0000000000000002
382,6,15,4,0.8413666486740112,0.6123724356957946
382,6,23,4,0.8013678789138794,0.5477225575051663
382,6,39,4,1.0,1.0000000000000002
382,6,27,4,0.9505994319915771,0.8333333333333336
382,6,43,4,1.0,1.0000000000000002
382,6,51,4,1.0,1.0000000000000002
382,6,29,4,0.9505994319915771,0.8333333333333336
382,6,45,4,1.0,1.0000000000000002
382,6,53,4,1.0,1.0000000000000002
382,6,57,4,1.0,1.0000000000000002
382,6,30,4,0.9466403126716614,0.6666666666666669
382,6,46,4,0.9966025352478027,0.8333333333333336
382,6,54,4,0.9966025352478027,0.8333333333333336
382,6,58,4,0.9966025352478027,0.8333333333333336
382,6,60,4,1.0,1.0000000000000002
382,6,31,5,0.9505994319915771,0.8333333333333336
382,6,47,5,1.0,1.0000000000000002
382,6,55,5,1.0,1.0000000000000002
382,6,59,5,1.0,1.0000000000000002
382,6,61,5,1.0,1.0000000000000002
382,6,62,5,0.9966025352478027,0.8333333333333336
384,5,31,5,1.0000001192092896,1.0000000000000002
384,5,0,0,0.8072158098220825,0.316227766016838
384,5,1,1,0.8072158098220825,0.316227766016838
384,5,2,1,0.8688567280769348,0.894427190999916
384,5,4,1,0.8688567280769348,0.894427190999916
384,5,8,1,0.8072158098220825,0.316227766016838
384,5,16,1,1.0000001192092896,1.0000000000000002
384,5,3,2,0.8463447690010071,0.894427190999916
384,5,5,2,0.8072158098220825,0.316227766016838
384,5,9,2,0.8072158098220825,0.316227766016838
384,5,17,2,1.0000001192092896,1.0000000000000002
384,5,6,2,0.8688567280769348,0.894427190999916
384,5,10,2,0.8688567280769348,0.894427190999916
384,5,18,2,1.0000001192092896,1.0000000000000002
384,5,12,2,0.8688567280769348,0.894427190999916
384,5,20,2,1.0000001192092896,1.0000000000000002
384,5,24,2,1.0000001192092896,1.0000000000000002
384,5,7,3,0.8463447690010071,0.894427190999916
384,5,11,3,0.8463447690010071,0.894427190999916
384,5,19,3,1.0000001192092896,1.0000000000000002
384,5,13,3,0.8688567280769348,0.894427190999916
384,5,21,3,1.0000001192092896,1.0000000000000002
384,5,25,3,1.0000001192092896,1.0000000000000002
384,5,14,3,0.8688567280769348,0.894427190999916
384,5,22,3,1.0000001192092896,1.0000000000000002
384,5,26,3,1.0000001192092896,1.0000000000000002
384,5,28,3,1.0000001192092896,1.0000000000000002
384,5,15,4,0.8463447690010071,0.894427190999916
384,5,23,4,1.0000001192092896,1.0000000000000002
384,5,27,4,1.0000001192092896,1.0000000000000002
384,5,29,4,1.0000001192092896,1.0000000000000002
384,5,30,4,1.0000001192092896,1.0000000000000002
393,4,15,4,1.0,1.0
393,4,0,0,0.7638059258460999,0.0
393,4,1,1,0.7815634608268738,0.0
393,4,2,1,0.7752915620803833,0.5
393,4,4,1,0.7638059258460999,0.0
393,4,8,1,0.8763794302940369,0.75
393,4,3,2,1.0,1.0
393,4,5,2,0.7815634608268738,0.0
393,4,9,2,0.8338532447814941,0.5773502691896258
393,4,6,2,0.8763794302940369,0.75
393,4,10,2,0.8695726990699768,0.75
393,4,12,2,0.8763794302940369,0.75
393,4,7,3,1.0,1.0
393,4,11,3,1.0,1.0
393,4,13,3,0.8338532447814941,0.5773502691896258
393,4,14,3,0.8695726990699768,0.75
394,4,15,4,1.0000001192092896,1.0
394,4,0,0,0.8143172264099121,0.0
394,4,1,1,0.8143172264099121,0.0
394,4,2,1,0.8053123950958252,0.0
394,4,4,1,0.9238348007202148,0.8660254037844388
394,4,8,1,0.9303867220878601,0.8660254037844388
394,4,3,2,0.8143172264099121,0.0
394,4,5,2,0.9238348007202148,0.8660254037844388
394,4,9,2,0.9303867220878601,0.8660254037844388
394,4,6,2,0.9238348007202148,0.8660254037844388
394,4,10,2,0.941131591796875,1.0
394,4,12,2,1.0000001192092896,1.0
394,4,7,3,0.9238348007202148,0.8660254037844388
394,4,11,3,0.9303867220878601,0.8660254037844388
394,4,13,3,0.9737422466278076,1.0
394,4,14,3,1.0000001192092896,1.0
396,4,15,4,0.9999999403953552,1.0000000000000002
396,4,0,0,0.8975186347961426,0.8164965809277261
396,4,1,1,0.8775954246520996,0.5773502691896258
396,4,2,1,0.8775954246520996,0.5773502691896258
396,4,4,1,0.8787941336631775,0.6666666666666669
396,4,8,1,0.9729710221290588,1.0000000000000002
396,4,3,2,0.8775954246520996,0.5773502691896258
396,4,5,2,0.8787941336631775,0.6666666666666669
396,4,9,2,0.9729710221290588,1.0000000000000002
396,4,6,2,0.8787941336631775,0.6666666666666669
396,4,10,2,0.9819979071617126,1.0000000000000002
396,4,12,2,0.9618825316429138,1.0000000000000002
396,4,7,3,0.8787941336631775,0.6666666666666669
396,4,11,3,0.9819979071617126,1.0000000000000002
396,4,13,3,0.9618825316429138,1.0000000000000002
396,4,14,3,0.9999999403953552,1.0000000000000002
400,5,31,5,1.0,1.0000000000000002
400,5,0,0,0.7617682218551636,0.0
400,5,1,1,0.7617682218551636,0.0
400,5,2,1,0.9048445820808411,0.632455532033676
400,5,4,1,0.766860842704773,0.447213595499958
400,5,8,1,0.8219125270843506,0.3651483716701108
400,5,16,1,0.7461708188056946,0.0
400,5,3,2,0.907311201095581,0.632455532033676
400,5,5,2,0.763007640838623,0.5070925528371101
400,5,9,2,0.8689233064651489,0.447213595499958
400,5,17,2,0.7414734959602356,0.0
400,5,6,2,0.8941224217414856,0.7745966692414836
400,5,10,2,0.9646661281585693,0.670820393249937
400,5,18,2,0.9676786661148071,0.894427190999916
400,5,12,2,0.9496147632598877,0.8000000000000002
400,5,20,2,0.8130480647087097,0.6000000000000001
400,5,24,2,0.9164589047431946,0.632455532033676
400,5,7,3,0.8941224217414856,0.7745966692414836
400,5,11,3,0.9646661281585693,0.670820393249937
400,5,19,3,0.9256044626235962,0.8000000000000002
400,5,13,3,0.9070786237716675,0.8000000000000002
400,5,21,3,0.763007640838623,0.5070925528371101
400,5,25,3,0.9164589047431946,0.632455532033676
400,5,14,3,1.0,1.0000000000000002
400,5,22,3,0.9676786661148071,0.894427190999916
400,5,26,3,0.9961037635803223,0.8000000000000002
400,5,28,3,1.0,1.0000000000000002
400,5,15,4,1.0,1.0000000000000002
400,5,23,4,0.9676786661148071,0.894427190999916
400,5,27,4,0.9961037635803223,0.8000000000000002
400,5,29,4,0.9293224215507507,0.790569415042095
400,5,30,4,1.0,1.0000000000000002
401,5,31,5,1.0,1.0000000000000002
401,5,0,0,0.7484665513038635,0.11322770341445962
401,5,1,1,0.7505896687507629,0.1666666666666667
401,5,2,1,0.869419276714325,0.4082482904638631
401,5,4,1,0.7491089105606079,0.0
401,5,8,1,0.7398957014083862,0.0
401,5,16,1,0.8370454907417297,0.4714045207910318
401,5,3,2,0.8956891298294067,0.6123724356957946
401,5,5,2,0.9035297632217407,0.6123724356957946
401,5,9,2,0.8919187784194946,0.6123724356957946
401,5,17,2,0.8367823362350464,0.5477225575051663
401,5,6,2,0.869419276714325,0.4082482904638631
401,5,10,2,0.8534260392189026,0.4082482904638631
401,5,18,2,0.9056506752967834,0.7302967433402217
401,5,12,2,0.7491089105606079,0.0
401,5,20,2,0.8221670985221863,0.2357022603955159
401,5,24,2,0.9452745914459229,0.8164965809277261
401,5,7,3,0.9120932817459106,0.6123724356957946
401,5,11,3,0.8919187784194946,0.6123724356957946
401,5,19,3,0.9097760319709778,0.7302967433402217
401,5,13,3,0.9463815689086914,0.8164965809277261
401,5,21,3,0.8367823362350464,0.5477225575051663
401,5,25,3,0.9571365118026733,0.8333333333333336
401,5,14,3,0.8534260392189026,0.4082482904638631
401,5,22,3,0.9145256280899048,0.7302967433402217
401,5,26,3,0.9208723306655884,0.7302967433402217
401,5,28,3,0.8701776266098022,0.4714045207910318
401,5,15,4,0.8919187784194946,0.6123724356957946
401,5,23,4,0.9097760319709778,0.7302967433402217
401,5,27,4,0.9208723306655884,0.7302967433402217
401,5,29,4,0.9316150546073914,0.8333333333333336
401,5,30,4,1.0,1.0000000000000002
407,4,15,4,1.0,1.0
407,4,0,0,0.841931939125061,0.0
407,4,1,1,0.9219763278961182,0.7071067811865476
407,4,2,1,0.9088079929351807,0.7071067811865476
407,4,4,1,0.9374635219573975,0.8660254037844388
407,4,8,1,1.0,1.0
407,4,3,2,0.9219763278961182,0.7071067811865476
407,4,5,2,0.9374635219573975,0.8660254037844388
407,4,9,2,1.0,1.0
407,4,6,2,0.9374635219573975,0.8660254037844388
407,4,10,2,1.0,1.0
407,4,12,2,1.0,1.0
407,4,7,3,0.9374635219573975,0.8660254037844388
407,4,11,3,1.0,1.0
407,4,13,3,1.0,1.0
407,4,14,3,1.0,1.0
408,4,15,4,1.0,1.0
408,4,0,0,0.9402127861976624,0.7071067811865476
408,4,1,1,1.0,1.0
408,4,2,1,1.0,1.0
408,4,4,1,1.0,1.0
408,4,8,1,1.0,1.0
408,4,3,2,1.0,1.0
408,4,5,2,1.0,1.0
408,4,9,2,1.0,1.0
408,4,6,2,1.0,1.0
408,4,10,2,1.0,1.0
408,4,12,2,1.0,1.0
408,4,7,3,1.0,1.0
408,4,11,3,1.0,1.0
408,4,13,3,1.0,1.0
408,4,14,3,1.0,1.0
419,4,15,4,0.9999999403953552,1.0
419,4,0,0,0.8051314353942871,0.5773502691896258
419,4,1,1,0.8051314353942871,0.5773502691896258
419,4,2,1,0.8051314353942871,0.5773502691896258
419,4,4,1,0.9528224468231201,0.75
419,4,8,1,0.8676566481590271,0.670820393249937
419,4,3,2,0.8051314353942871,0.5773502691896258
419,4,5,2,0.946590781211853,0.8660254037844388
419,4,9,2,0.8914329409599304,0.75
419,4,6,2,0.9528224468231201,0.75
419,4,10,2,0.8914329409599304,0.75
419,4,12,2,0.9999999403953552,1.0
419,4,7,3,0.946590781211853,0.8660254037844388
419,4,11,3,0.8914329409599304,0.75
419,4,13,3,0.9999999403953552,1.0
419,4,14,3,0.9669069647789001,0.8660254037844388
423,4,15,4,1.0000001192092896,1.0
423,4,0,0,0.8664969801902771,0.5
423,4,1,1,0.8664969801902771,0.5
423,4,2,1,0.8664969801902771,0.5
423,4,4,1,0.8664969801902771,0.5
423,4,8,1,1.0000001192092896,1.0
423,4,3,2,0.8664969801902771,0.5
423,4,5,2,0.8664969801902771,0.5
423,4,9,2,1.0000001192092896,1.0
423,4,6,2,0.9010201096534729,0.75
423,4,10,2,1.0000001192092896,1.0
423,4,12,2,1.0000001192092896,1.0
423,4,7,3,0.9010201096534729,0.75
423,4,11,3,1.0000001192092896,1.0
423,4,13,3,1.0000001192092896,1.0
423,4,14,3,1.0000001192092896,1.0
433,5,31,5,1.0,1.0000000000000002
433,5,0,0,0.8452059030532837,0.5163977794943224
433,5,1,1,0.8553932309150696,0.447213595499958
433,5,2,1,0.7981211543083191,0.5163977794943224
433,5,4,1,0.8832043409347534,0.7745966692414836
433,5,8,1,0.8720884323120117,0.632455532033676
433,5,16,1,0.7638484835624695,0.0
433,5,3,2,0.8890551328659058,0.670820393249937
433,5,5,2,0.9416882395744324,0.894427190999916
433,5,9,2,0.9491943120956421,0.894427190999916
433,5,17,2,0.8553932309150696,0.447213595499958
433,5,6,2,0.8630335927009583,0.670820393249937
433,5,10,2,0.8654432892799377,0.670820393249937
433,5,18,2,0.7981211543083191,0.5163977794943224
433,5,12,2,0.8832043409347534,0.7745966692414836
433,5,20,2,0.8832043409347534,0.7745966692414836
433,5,24,2,0.8720884323120117,0.632455532033676
433,5,7,3,1.0,1.0000000000000002
433,5,11,3,1.0,1.0000000000000002
433,5,19,3,0.8890551328659058,0.670820393249937
433,5,13,3,0.9451574087142944,0.894427190999916
433,5,21,3,0.9416882395744324,0.894427190999916
433,5,25,3,0.9491943120956421,0.894427190999916
433,5,14,3,0.8654432892799377,0.670820393249937
433,5,22,3,0.8630335927009583,0.670820393249937
433,5,26,3,0.8776028156280518,0.670820393249937
433,5,28,3,0.8832043409347534,0.7745966692414836
433,5,15,4,1.0,1.0000000000000002
433,5,23,4,1.0,1.0000000000000002
433,5,27,4,1.0,1.0000000000000002
433,5,29,4,0.9491943120956421,0.894427190999916
433,5,30,4,0.8654432892799377,0.670820393249937
447,4,15,4,1.0000001192092896,1.0
447,4,0,0,0.7880420088768005,0.0
447,4,1,1,0.8029817342758179,0.25
447,4,2,1,0.8993930220603943,0.7071067811865476
447,4,4,1,0.8393845558166504,0.223606797749979
447,4,8,1,0.8370188474655151,0.20412414523193154
447,4,3,2,0.8993930220603943,0.7071067811865476
447,4,5,2,0.9961807131767273,1.0
447,4,9,2,0.8701438903808594,0.4082482904638631
447,4,6,2,0.9961807131767273,1.0
447,4,10,2,0.9961807131767273,1.0
447,4,12,2,0.9667025804519653,0.6123724356957946
447,4,7,3,0.9961807131767273,1.0
447,4,11,3,0.9961807131767273,1.0
447,4,13,3,0.8440626263618469,0.3779644730092273
447,4,14,3,1.0000001192092896,1.0
