sample_id,condition,transcript,n_segments,segment_idx,segment_rank_abs_sv,segment_token,segment_abs_sv,segment_dur_sec,base_logprob,deleted_logprob,logprob_drop,runtime_sec
1,tts_original,What is the MOO programming language?,6,3,1,MOO,0.1270737200975418,0.5234899328859061,-0.10520501434803009,-1.707099437713623,1.601894423365593,0.3581569003339003
1,tts_original,What is the MOO programming language?,6,4,2,programming,0.0928049981594085,0.4993510906040268,-0.10520501434803009,-0.7881629467010498,0.6829579323530197,0.43031534116744297
1,tts_original,What is the MOO programming language?,6,0,3,What,0.0339652560651302,0.2209828020134228,-0.10520501434803009,-0.3737083077430725,0.2685032933950424,0.17423907200039443
1,tts_original,What is the MOO programming language?,6,5,4,language?,0.0179592110216617,0.6839962248322147,-0.10520501434803009,-0.14688536524772644,0.04168035089969635,0.4755742768344741
1,tts_original,What is the MOO programming language?,6,1,5,is,0.0115499217063188,0.12080536912751683,-0.10520501434803009,-0.10235705226659775,-0.0028479620814323425,0.23140412416735975
1,tts_original,What is the MOO programming language?,6,2,6,the,0.0072681359015405,0.06040268456375841,-0.10520501434803009,-0.09476660937070847,-0.010438404977321625,0.29596424750100897
2,tts_original,How many seasons did Everwood have?,6,2,1,seasons,0.091875784099102,0.46168750000000003,-0.18325817584991455,-1.1529701948165894,0.9697120189666748,0.22202855849900516
2,tts_original,How many seasons did Everwood have?,6,4,2,Everwood,0.0638736858963966,0.48176086956521713,-0.18325817584991455,-2.1168065071105957,1.9335483312606812,0.33600951900007203
2,tts_original,How many seasons did Everwood have?,6,1,3,many,0.0420473553240299,0.2509171195652171,-0.18325817584991455,-0.22301575541496277,0.03975757956504822,0.17732870233157882
2,tts_original,How many seasons did Everwood have?,6,5,4,have?,0.0176844447851181,0.3613206521739132,-0.18325817584991455,-0.894737184047699,0.7114790081977844,0.40258501233135274
2,tts_original,How many seasons did Everwood have?,6,0,5,How,0.0162639431655406,0.19044701086956506,-0.18325817584991455,-0.3885773718357086,0.20531919598579407,0.11787592149873187
2,tts_original,How many seasons did Everwood have?,6,3,6,did,0.0056073381565511,0.1806603260869566,-0.18325817584991455,-1.2224466800689697,1.0391885042190552,0.27547336849966086
3,tts_original,How smart is marmot?,4,3,1,marmot?,0.1137199625372886,0.4671511075949364,-0.7586633563041687,-4.642638206481934,3.883974850177765,0.4532143529977475
3,tts_original,How smart is marmot?,4,0,2,How,0.0884957835078239,0.26116060126582286,-0.7586633563041687,-1.912916898727417,1.1542535424232483,0.19137885724921944
3,tts_original,How smart is marmot?,4,1,3,smart,0.0363982059061527,0.46252373417721526,-0.7586633563041687,-3.333967924118042,2.5753045678138733,0.2929475104974699
3,tts_original,How smart is marmot?,4,2,4,is,0.0296147018671035,0.22139240506329116,-0.7586633563041687,-1.1481671333312988,0.3895037770271301,0.36227477624925086
4,tts_original,Who was the 2022 VEX world champions?,3,2,1,the,0.05911286175251,0.8437500000000001,-0.02897259034216404,-0.5462841391563416,0.5173115488141775,0.5229741786655117
4,tts_original,Who was the 2022 VEX world champions?,3,1,2,was,0.014093866571784,0.2209821428571429,-0.02897259034216404,-0.06985922902822495,0.040886638686060905,0.40549410199552466
4,tts_original,Who was the 2022 VEX world champions?,3,0,3,Who,0.0016244251746684,0.1785357142857144,-0.02897259034216404,-0.09470029175281525,0.06572770141065121,0.27302733799539664
6,tts_original,Suggest a recipe for a vegan dessert.,7,5,1,vegan,0.0782894045114517,0.3130428571428572,-0.05885247141122818,-0.16633597016334534,0.10748349875211716,0.37106245500035584
6,tts_original,Suggest a recipe for a vegan dessert.,7,6,2,dessert.,0.0692030265927314,0.5011553571428573,-0.05885247141122818,-0.19205975532531738,0.1332072839140892,0.42306620899970376
6,tts_original,Suggest a recipe for a vegan dessert.,7,0,3,Suggest,0.0566823929548263,0.5413125,-0.05885247141122818,-1.080511450767517,1.021658979356289,0.11179934271370127
6,tts_original,Suggest a recipe for a vegan dessert.,7,2,4,recipe,0.0509743280708789,0.4854642857142858,-0.05885247141122818,-0.10883517563343048,0.0499827042222023,0.20229896599942418
6,tts_original,Suggest a recipe for a vegan dessert.,7,3,5,for,0.0132667627185583,0.1303714285714288,-0.05885247141122818,-0.0838477835059166,0.024995312094688416,0.2462803919999195
6,tts_original,Suggest a recipe for a vegan dessert.,7,4,6,a,0.0029044887050986,0.020057142857142773,-0.05885247141122818,-0.04227938503026962,-0.016573086380958557,0.29779919628552826
6,tts_original,Suggest a recipe for a vegan dessert.,7,1,7,a,0.0011269402457401,0.020057142857142884,-0.05885247141122818,-0.026762882247567177,-0.032089589163661,0.1535811265722649
7,tts_original,Tell me something I do not know,7,0,1,Tell,0.0521220453083515,0.26211428571428574,-0.03930419683456421,-0.005007039289921522,-0.03429715754464269,0.10081191671322033
7,tts_original,Tell me something I do not know,7,2,2,something,0.0521220415830612,0.32365714285714287,-0.03930419683456421,-0.02287747897207737,-0.01642671786248684,0.2050881398567331
7,tts_original,Tell me something I do not know,7,5,3,not,0.0259764641523361,0.18205714285714292,-0.03930419683456421,-0.04217278212308884,0.0028685852885246277,0.34794134985713754
7,tts_original,Tell me something I do not know,7,4,4,do,0.0235398802906274,0.10724642857142874,-0.03930419683456421,-0.02383941039443016,-0.015464786440134048,0.3000529797136551
7,tts_original,Tell me something I do not know,7,6,5,know,0.0222354438155889,0.26200178571428556,-0.03930419683456421,-0.024485725909471512,-0.014818470925092697,0.39388146757223047
7,tts_original,Tell me something I do not know,7,1,6,me,0.0055930837988853,0.10114285714285709,-0.03930419683456421,-0.012620778754353523,-0.026683418080210686,0.14887323357106652
7,tts_original,Tell me something I do not know,7,3,7,I,0.0025770075153559,0.06068571428571434,-0.03930419683456421,-0.018183330073952675,-0.021120866760611534,0.26188278357065947
9,tts_original,Why Do Birds Sing?,4,2,1,Birds,0.1623114198446273,0.8234526315789474,-0.04013603925704956,-1.987430214881897,1.9472941756248474,0.42938219500138075
9,tts_original,Why Do Birds Sing?,4,0,2,Why,0.061241615563631,0.20056249999999998,-0.04013603925704956,-1.557700514793396,1.5175644755363464,0.2085272302501835
9,tts_original,Why Do Birds Sing?,4,1,3,Do,0.0066362414509058,0.11046315789473682,-0.04013603925704956,-0.17463836073875427,0.1345023214817047,0.31014438925194554
9,tts_original,Why Do Birds Sing?,4,3,4,Sing?,0.0,0.160286842105263,-0.04013603925704956,-0.04299064725637436,0.0028546079993247986,0.5246644167527847
11,tts_original,When was Margaret Claire Hoover born?,6,2,1,Margaret,0.1277965605258941,0.520889733840304,-0.11618451029062271,-0.7090998888015747,0.592915378510952,0.2399052548328958
11,tts_original,When was Margaret Claire Hoover born?,6,4,2,Hoover,0.0851866230368614,0.9376817965779463,-0.11618451029062271,-1.360410213470459,1.2442257031798363,0.37366366316806915
11,tts_original,When was Margaret Claire Hoover born?,6,3,3,Claire,0.0412114858627319,0.5008555133079846,-0.11618451029062271,-1.6269985437393188,1.5108140334486961,0.30213886716713506
11,tts_original,When was Margaret Claire Hoover born?,6,1,4,was,0.0317961052060127,0.14023954372623537,-0.11618451029062271,-0.23589517176151276,0.11971066147089005,0.1767039001667096
11,tts_original,When was Margaret Claire Hoover born?,6,0,5,When,0.0179383903741836,0.2803937737642588,-0.11618451029062271,-0.17306481301784515,0.05688030272722244,0.12543909150069035
11,tts_original,When was Margaret Claire Hoover born?,6,5,6,born?,0.0021288418211042,0.12011882129277485,-0.11618451029062271,-0.055337537080049515,-0.060846973210573196,0.4394770101668352
13,tts_original,What are some famous world music artists?,7,6,1,artists?,0.0782034695148468,0.42423271276595753,-0.004885302856564522,-0.18421638011932373,0.1793310772627592,0.4225298988562177
13,tts_original,What are some famous world music artists?,7,5,2,music,0.0739731043577194,0.28238297872340423,-0.004885302856564522,-0.02217978984117508,0.017294486984610558,0.3717665808570538
13,tts_original,What are some famous world music artists?,7,4,3,world,0.0488952882587909,0.2722978723404257,-0.004885302856564522,-0.16337046027183533,0.1584851574152708,0.32307095985535333
13,tts_original,What are some famous world music artists?,7,3,4,famous,0.0326121933758258,0.3994069148936171,-0.004885302856564522,-0.11411873251199722,0.1092334296554327,0.2737121422854086
13,tts_original,What are some famous world music artists?,7,2,5,some,0.0252574663609266,0.18153191489361703,-0.004885302856564522,-0.06784133613109589,0.06295603327453136,0.21712920028533386
13,tts_original,What are some famous world music artists?,7,0,6,What,0.0221281927078962,0.20107047872340428,-0.004885302856564522,-0.01348463911563158,0.008599336259067059,0.119769172713859
13,tts_original,What are some famous world music artists?,7,1,7,are,0.0096355630084872,0.12102127659574469,-0.004885302856564522,-0.006062491796910763,0.001177188940346241,0.16841096856972268
15,tts_original,What should I call you?,5,0,1,What,0.0811342075467109,0.20068750000000002,-0.0029231738299131393,-1.8077082633972168,1.8047850895673037,0.16485858019732405
15,tts_original,What should I call you?,5,3,2,call,0.0627425014972686,0.25126866883116894,-0.0029231738299131393,-0.09696881473064423,0.09404564090073109,0.4010577461973298
15,tts_original,What should I call you?,5,1,3,should,0.0514287091791629,0.1809350649350649,-0.0029231738299131393,-0.06918807327747345,0.06626489944756031,0.24168563679850194
15,tts_original,What should I call you?,5,4,4,you?,0.0180102232843637,0.34130519480519483,-0.0029231738299131393,-0.005567795597016811,0.002644621767103672,0.4670376367983408
15,tts_original,What should I call you?,5,2,5,I,0.0072677438147366,0.04020779220779214,-0.0029231738299131393,-0.0011833820026367903,-0.001739791827276349,0.311324075399898
16,tts_original,What is the capital of Australia?,6,5,1,Australia?,0.1840603947639465,0.6620398230088498,-0.0036995429545640945,-0.6927911639213562,0.6890916209667921,0.4947852796661512
16,tts_original,What is the capital of Australia?,6,1,2,is,0.018059317022562,0.08028318584070793,-0.0036995429545640945,-0.0016078471671789885,-0.002091695787385106,0.22001727466704324
16,tts_original,What is the capital of Australia?,6,0,3,What,0.0083961822092533,0.18837500000000001,-0.0036995429545640945,-0.018524935469031334,0.01482539251446724,0.12980904716581185
16,tts_original,What is the capital of Australia?,6,3,4,capital,0.0029693413525819,0.467662610619469,-0.0036995429545640945,-0.12753449380397797,0.12383495084941387,0.365091773334522
16,tts_original,What is the capital of Australia?,6,2,5,the,0.0027729722205549,0.08028318584070798,-0.0036995429545640945,-0.01286175474524498,0.009162211790680885,0.30256954983390943
16,tts_original,What is the capital of Australia?,6,4,6,of,0.0024097443092614,0.040141592920353686,-0.0036995429545640945,-0.001772887073457241,-0.0019266558811068535,0.4232587109994104
17,tts_original,When did Gallimimus die out?,5,2,1,Gallimimus,0.1625033020973205,0.5618371305418719,-0.36435559391975403,-2.835244655609131,2.470889061689377,0.2637492172012571
17,tts_original,When did Gallimimus die out?,5,0,2,When,0.0491425767540931,0.24059082512315277,-0.36435559391975403,-1.3537830114364624,0.9894274175167084,0.1408142455999041
17,tts_original,When did Gallimimus die out?,5,1,3,did,0.0265406444668769,0.1404935344827587,-0.36435559391975403,-0.6134160757064819,0.2490604817867279,0.20108741580042988
17,tts_original,When did Gallimimus die out?,5,3,4,die,0.0245584473013877,0.2007050492610838,-0.36435559391975403,-0.9063451886177063,0.5419895946979523,0.31180907660163937
17,tts_original,When did Gallimimus die out?,5,4,5,out?,0.0082155978307127,0.18063454433497528,-0.36435559391975403,-0.5417214035987854,0.17736580967903137,0.3778916714014485
18,tts_original,What is a technate?,4,3,1,technate?,0.1102669239044189,0.7471576086956523,-0.5793420076370239,-4.006476402282715,3.427134394645691,0.3980489782516088
18,tts_original,What is a technate?,4,0,2,What,0.1066057458519935,0.18558152173913045,-0.5793420076370239,-1.1757283210754395,0.5963863134384155,0.142103689002397
18,tts_original,What is a technate?,4,2,3,a,0.0229317750781774,0.06065217391304345,-0.5793420076370239,-0.6226332187652588,0.04329121112823486,0.31685113225103123
18,tts_original,What is a technate?,4,1,4,is,0.0141629688441753,0.10108695652173916,-0.5793420076370239,-0.7205806970596313,0.14123868942260742,0.22247743150001043
21,tts_original,What's the minor league in baseball called?,7,2,1,minor,0.0965416803956031,0.3314798206278027,-0.018936637789011,-0.07716158777475357,0.05822494998574257,0.19360400414318843
21,tts_original,What's the minor league in baseball called?,7,5,2,baseball,0.0601491779088974,0.5021533071748876,-0.018936637789011,-0.1760677993297577,0.1571311615407467,0.37232739257160574
21,tts_original,What's the minor league in baseball called?,7,0,3,What's,0.0297138728201389,0.3412155269058297,-0.018936637789011,-0.10798116028308868,0.08904452249407768,0.09821216328418814
21,tts_original,What's the minor league in baseball called?,7,6,4,called?,0.0267095528542995,0.5019374999999999,-0.018936637789011,-0.04970723018050194,0.030770592391490936,0.4280369274284957
21,tts_original,What's the minor league in baseball called?,7,3,5,league,0.0214609578251838,0.3415246636771303,-0.018936637789011,-0.01924087665975094,0.00030423887073993683,0.25280425385738325
21,tts_original,What's the minor league in baseball called?,7,1,6,the,0.0059892507269978,0.07031390134529136,-0.018936637789011,-0.023945676162838936,0.005009038373827934,0.14327044142867504
21,tts_original,What's the minor league in baseball called?,7,4,7,in,0.0015774492640048,0.14062780269058317,-0.018936637789011,-0.13889531791210175,0.11995868012309074,0.31812590771421256
23,tts_original,When was C++ developed?,4,3,1,developed?,0.1191515326499939,0.42878947368421105,-0.020352918654680252,-0.6471090912818909,0.6267561726272106,0.4910267022496555
23,tts_original,When was C++ developed?,4,0,2,When,0.0656511187553405,0.22027935222672057,-0.020352918654680252,-0.49882280826568604,0.4784698896110058,0.2168661104988132
23,tts_original,When was C++ developed?,4,1,3,was,0.0441922433674335,0.1803279352226721,-0.020352918654680252,-0.36162012815475464,0.3412672095000744,0.3228159247482836
23,tts_original,When was C++ developed?,4,2,4,C++,0.0117044104263186,0.05603415991902816,-0.020352918654680252,-0.05192546546459198,0.03157254680991173,0.4229805587492592
24,tts_original,Who owns Nissan now?,4,2,1,Nissan,0.1292471885681152,0.6836297846889954,-0.13862843811511993,-4.198619842529297,4.059991404414177,0.3229521389985166
24,tts_original,Who owns Nissan now?,4,1,2,owns,0.0749560445547103,0.32984270334928256,-0.13862843811511993,-1.0848097801208496,0.9461813420057297,0.23439890450026724
24,tts_original,Who owns Nissan now?,4,0,3,Who,0.0640056207776069,0.2811267942583733,-0.13862843811511993,-0.38261663913726807,0.24398820102214813,0.15243761799865752
24,tts_original,Who owns Nissan now?,4,3,4,now?,0.0043963296338915,0.06032027511961724,-0.13862843811511993,-0.16436633467674255,0.02573789656162262,0.4105850562482374
29,tts_original,When was Gus Dur born?,5,4,1,born?,0.0822518542408943,0.51275,-0.6038348078727722,-1.0822762250900269,0.47844141721725464,0.4572529614000814
29,tts_original,When was Gus Dur born?,5,0,2,When,0.072931595146656,0.2402881097560976,-0.6038348078727722,-0.4932461678981781,-0.11058863997459412,0.1417817402019864
29,tts_original,When was Gus Dur born?,5,3,3,Dur,0.0553945936262607,0.300457317073171,-0.6038348078727722,-0.9606802463531494,0.3568454384803772,0.3588226456020493
29,tts_original,When was Gus Dur born?,5,2,4,Gus,0.053102221339941,0.31248323170731696,-0.6038348078727722,-1.8260107040405273,1.2221758961677551,0.2844712392019574
29,tts_original,When was Gus Dur born?,5,1,5,was,0.0422554835677146,0.1502286585365853,-0.6038348078727722,-0.40926745533943176,-0.19456735253334045,0.21170955680136103
31,tts_original,What is the lowest brass instrument?,6,5,1,instrument?,0.1013207137584686,0.5425369318181823,-0.37042561173439026,-2.374804735183716,2.0043791234493256,0.4072115963329755
31,tts_original,What is the lowest brass instrument?,6,3,2,lowest,0.0919057726860046,0.26144034090909085,-0.37042561173439026,-1.7925440073013306,1.4221183955669403,0.29088211283427273
31,tts_original,What is the lowest brass instrument?,6,4,3,brass,0.0365539416670799,0.30590909090909113,-0.37042561173439026,-1.914029836654663,1.5436042249202728,0.353554938332915
31,tts_original,What is the lowest brass instrument?,6,0,4,What,0.0316615141928195,0.09854119318181809,-0.37042561173439026,-0.363332599401474,-0.00709301233291626,0.11451406333314178
31,tts_original,What is the lowest brass instrument?,6,2,5,the,0.0163107570260763,0.06033238636363625,-0.37042561173439026,-0.3465900719165802,-0.02383553981781006,0.2275544063328804
31,tts_original,What is the lowest brass instrument?,6,1,6,is,0.0118305226787924,0.06033238636363625,-0.37042561173439026,-0.3073731064796448,-0.06305250525474548,0.16817393100063782
33,tts_original,When did Michelangelo sculpt the David?,6,2,1,Michelangelo,0.1112287789583206,0.6737016574585637,-0.06861893087625504,-1.0100061893463135,0.9413872584700584,0.26631892499911675
33,tts_original,When did Michelangelo sculpt the David?,6,5,2,David?,0.0988267883658409,0.3619889502762428,-0.06861893087625504,-0.16052943468093872,0.09191050380468369,0.4732434398320038
33,tts_original,When did Michelangelo sculpt the David?,6,3,3,sculpt,0.0574902780354023,0.40220994475138117,-0.06861893087625504,-1.6855065822601318,1.6168876513838768,0.33747532500031713
33,tts_original,When did Michelangelo sculpt the David?,6,0,4,When,0.0423207655549049,0.1705131215469613,-0.06861893087625504,-0.7813478708267212,0.7127289399504662,0.1229755004994028
33,tts_original,When did Michelangelo sculpt the David?,6,1,5,did,0.0243837013840675,0.0904972375690607,-0.06861893087625504,-0.07523849606513977,0.006619565188884735,0.19491044566530036
33,tts_original,When did Michelangelo sculpt the David?,6,4,6,the,0.0193828120827674,0.060331491712707574,-0.06861893087625504,-0.3387523591518402,0.2701334282755852,0.4049785073317859
34,tts_original,What type of government does Kazakhastan have?,7,5,1,Kazakhastan,0.1603499352931976,0.7511255296610173,-0.000877123384270817,-0.8349686861038208,0.83409156271955,0.420454289427393
34,tts_original,What type of government does Kazakhastan have?,7,3,2,government,0.0586898550391197,0.5408103813559324,-0.000877123384270817,-0.021931730210781097,0.02105460682651028,0.2754034461416138
34,tts_original,What type of government does Kazakhastan have?,7,0,3,What,0.0365226939320564,0.17626800847457624,-0.000877123384270817,-0.0016606900608167052,0.0007835666765458882,0.12122718228576039
34,tts_original,What type of government does Kazakhastan have?,7,1,4,type,0.0192166808992624,0.24036016949152528,-0.000877123384270817,-0.002246623858809471,0.001369500474538654,0.17818978257128038
34,tts_original,What type of government does Kazakhastan have?,7,4,5,does,0.0186013933271169,0.22033015536723166,-0.000877123384270817,-0.003511156188324094,0.0026340328040532768,0.34302744757068077
34,tts_original,What type of government does Kazakhastan have?,7,2,6,of,0.0097357928752899,0.0400600282485879,-0.000877123384270817,-0.0006965206703171134,-0.00018060271395370364,0.2269871141428926
34,tts_original,What type of government does Kazakhastan have?,7,6,7,have?,0.0045386254787445,0.4304754590395481,-0.000877123384270817,-0.0020056581124663353,0.0011285347281955183,0.482961532426998
35,tts_original,What year was the Revolution of Roses?,7,6,1,Roses?,0.1434760838747024,0.46993305439330557,-0.1964617520570755,-0.5999050140380859,0.40344326198101044,0.41599171942756846
35,tts_original,What year was the Revolution of Roses?,7,4,2,Revolution,0.0748154446482658,0.582381276150628,-0.1964617520570755,-0.4040640890598297,0.2076023370027542,0.310222461857068
35,tts_original,What year was the Revolution of Roses?,7,0,3,What,0.0348813086748123,0.21649999999999991,-0.1964617520570755,-0.9846689105033875,0.788207158446312,0.10768544014302149
35,tts_original,What year was the Revolution of Roses?,7,1,4,year,0.0128096351400017,0.14057479079497903,-0.1964617520570755,-0.15813876688480377,-0.03832298517227173,0.15695243314257823
35,tts_original,What year was the Revolution of Roses?,7,2,5,was,0.0061517362482845,0.1405747907949788,-0.1964617520570755,-0.16178086400032043,-0.034680888056755066,0.20331234985704733
35,tts_original,What year was the Revolution of Roses?,7,5,6,of,0.0037459249142557,0.07625784518828471,-0.1964617520570755,-0.2117292284965515,0.015267476439476013,0.3643656641423669
35,tts_original,What year was the Revolution of Roses?,7,3,7,the,0.0015855324454605,0.10021025104602499,-0.1964617520570755,-0.2438361644744873,0.047374412417411804,0.25491652542924775
36,tts_original,How sustainable packaging increases the product cost?,7,1,1,sustainable,0.1057117730379104,0.5821323529411762,-0.11897733807563782,-1.7619413137435913,1.6429639756679535,0.15289640356994433
36,tts_original,How sustainable packaging increases the product cost?,7,2,2,packaging,0.0736661106348037,0.5620588235294122,-0.11897733807563782,-0.6968111991882324,0.5778338611125946,0.19683218014168752
36,tts_original,How sustainable packaging increases the product cost?,7,3,3,increases,0.0505861975252628,0.7990147058823531,-0.11897733807563782,-1.058182954788208,0.9392056167125702,0.23199879114274932
36,tts_original,How sustainable packaging increases the product cost?,7,6,4,cost?,0.0256861895322799,0.35356250000000067,-0.11897733807563782,-0.2543913722038269,0.1354140341281891,0.4166673368558155
36,tts_original,How sustainable packaging increases the product cost?,7,5,5,product,0.0206100698560476,0.43763235294117653,-0.11897733807563782,-0.5145057439804077,0.3955284059047699,0.34218802742751514
36,tts_original,How sustainable packaging increases the product cost?,7,0,6,How,0.0152689050883054,0.2606691176470588,-0.11897733807563782,-1.7339110374450684,1.6149336993694305,0.10750034014095686
36,tts_original,How sustainable packaging increases the product cost?,7,4,7,the,0.0112118069082498,0.14074264705882333,-0.11897733807563782,-0.3526889979839325,0.23371165990829468,0.2860053595712608
37,tts_original,What other species belong to the Equidae?,7,6,1,Equidae?,0.1320569664239883,0.7061132425742578,-0.06358537077903748,-0.9938510060310364,0.9302656352519989,0.48068011528604465
37,tts_original,What other species belong to the Equidae?,7,2,2,species,0.0517793968319892,0.6219950495049507,-0.06358537077903748,-0.1076933741569519,0.04410800337791443,0.23562034499939596
37,tts_original,What other species belong to the Equidae?,7,0,3,What,0.0445359498262405,0.2405488861386138,-0.06358537077903748,-1.066887617111206,1.0033022463321686,0.10735866442805023
37,tts_original,What other species belong to the Equidae?,7,3,4,belong,0.0255266930907964,0.33291893564356423,-0.06358537077903748,-0.08862752467393875,0.025042153894901276,0.297250657427607
37,tts_original,What other species belong to the Equidae?,7,1,5,other,0.0126354563981294,0.2307400990099011,-0.06358537077903748,-0.2597823143005371,0.19619694352149963,0.17942544685709955
37,tts_original,What other species belong to the Equidae?,7,4,6,to,0.0031270117033272,0.0601930693069308,-0.06358537077903748,-0.06441191583871841,0.0008265450596809387,0.3535738302847936
37,tts_original,What other species belong to the Equidae?,7,5,7,the,0.0007944233948364,0.0601930693069308,-0.06358537077903748,-0.0717628076672554,0.008177436888217926,0.4182677042845171
39,tts_original,Who is Patriarch Kirill?,4,2,1,Patriarch,0.1386035233736038,0.5439375,-0.12099208682775497,-1.4317063093185425,1.3107142224907875,0.43127414799891994
39,tts_original,Who is Patriarch Kirill?,4,3,2,Kirill?,0.0710474774241447,0.5433541666666668,-0.12099208682775497,-0.4319280982017517,0.31093601137399673,0.5092663307477778
39,tts_original,Who is Patriarch Kirill?,4,1,3,is,0.0356902293860912,0.16116666666666668,-0.12099208682775497,-0.18057142198085785,0.059579335153102875,0.3409713034998276
39,tts_original,Who is Patriarch Kirill?,4,0,4,Who,0.0341811962425708,0.20087499999999991,-0.12099208682775497,-0.26770246028900146,0.1467103734612465,0.2287382724971394
40,tts_original,How long does a cold usually last?,7,4,1,cold,0.0814051479101181,0.2509558823529412,-0.06676319986581802,-1.0139445066452026,0.9471813067793846,0.33650046357070096
40,tts_original,How long does a cold usually last?,7,5,2,usually,0.0717643797397613,0.24091764705882368,-0.06676319986581802,-0.9535232186317444,0.8867600187659264,0.3875560068575266
40,tts_original,How long does a cold usually last?,7,1,3,long,0.0670545399188995,0.1405352941176472,-0.06676319986581802,-0.06692193448543549,0.00015873461961746216,0.14754374600098735
40,tts_original,How long does a cold usually last?,7,6,4,last?,0.0244396198540925,0.41120955882352916,-0.06676319986581802,-0.08082901686429977,0.01406581699848175,0.4349185344284966
40,tts_original,How long does a cold usually last?,7,2,5,does,0.0182550549507141,0.10038235294117648,-0.06676319986581802,-0.0497080460190773,-0.017055153846740723,0.20855262671414362
40,tts_original,How long does a cold usually last?,7,3,6,a,0.0013232810888439,0.040152941176470724,-0.06676319986581802,-0.10609298944473267,0.03932978957891464,0.27955323457094244
40,tts_original,How long does a cold usually last?,7,0,7,How,7.770235242787749e-06,0.18038676470588233,-0.06676319986581802,-0.053875211626291275,-0.012887988239526749,0.09958331257179712
41,tts_original,What is the biggest diamond?,5,4,1,diamond?,0.1116406694054603,0.7821131656804732,-0.0050509097054600716,-1.5598077774047852,1.554756867699325,0.48616420759935863
41,tts_original,What is the biggest diamond?,5,3,2,biggest,0.1068440377712249,0.3732026627218936,-0.0050509097054600716,-1.6218504905700684,1.6167995808646083,0.40894730940053703
41,tts_original,What is the biggest diamond?,5,0,3,What,0.0311569776386022,0.19046079881656786,-0.0050509097054600716,-0.3341715335845947,0.32912062387913465,0.16464598059828858
41,tts_original,What is the biggest diamond?,5,2,4,the,0.0074231568723917,0.06018417159763323,-0.0050509097054600716,-0.0062508112750947475,0.001199901569634676,0.3313956703990698
41,tts_original,What is the biggest diamond?,5,1,5,is,0.0066216881386935,0.09226072485207104,-0.0050509097054600716,-0.0043435413390398026,-0.000707368366420269,0.2471825007989537
43,tts_original,Create a guide for cyberbullying and harassment,7,4,1,cyberbullying,0.1000008285045623,0.7318481012658227,-0.1433536261320114,-0.8061016201972961,0.6627479940652847,0.2756829937134171
43,tts_original,Create a guide for cyberbullying and harassment,7,6,2,harassment,0.0693100988864898,0.681481012658228,-0.1433536261320114,-0.6095208525657654,0.46616722643375397,0.3682180881421248
43,tts_original,Create a guide for cyberbullying and harassment,7,2,3,guide,0.0406489335000515,0.32090664556962023,-0.1433536261320114,-0.17872226238250732,0.03536863625049591,0.20377326514322444
43,tts_original,Create a guide for cyberbullying and harassment,7,0,4,Create,0.0337355211377143,0.42087895569620254,-0.1433536261320114,-0.8627336621284485,0.7193800359964371,0.1100614132841916
43,tts_original,Create a guide for cyberbullying and harassment,7,3,5,for,0.0068861064501106,0.14035443037974682,-0.1433536261320114,-0.13339440524578094,-0.009959220886230469,0.2410539881426043
43,tts_original,Create a guide for cyberbullying and harassment,7,5,6,and,0.0029053795151412,0.07017721518987363,-0.1433536261320114,-0.21482734382152557,0.07147371768951416,0.32108671828505714
43,tts_original,Create a guide for cyberbullying and harassment,7,1,7,a,0.0009175236336886,0.04010126582278484,-0.1433536261320114,-0.09660329669713974,-0.046750329434871674,0.15587898899892544
46,tts_original,How do I turn the computer on?,7,5,1,computer,0.1318055093288421,0.7829999999999997,-0.011246176436543465,-0.8564475178718567,0.8452013414353132,0.37939334228576627
46,tts_original,How do I turn the computer on?,7,0,2,How,0.0334840975701808,0.2406490384615384,-0.011246176436543465,-0.036283768713474274,0.02503759227693081,0.10546304500063083
46,tts_original,How do I turn the computer on?,7,3,3,turn,0.0310483574867248,0.2610000000000001,-0.011246176436543465,-0.01916418969631195,0.007918013259768486,0.26685689914406147
46,tts_original,How do I turn the computer on?,7,2,4,I,0.0202598441392183,0.07026923076923053,-0.011246176436543465,-0.011589964851737022,0.00034378841519355774,0.21313658585755288
46,tts_original,How do I turn the computer on?,7,4,5,the,0.0136870201677083,0.06023076923076931,-0.011246176436543465,-0.01085379533469677,-0.00039238110184669495,0.31227294757263735
46,tts_original,How do I turn the computer on?,7,1,6,do,0.0111132198944687,0.05622115384615378,-0.011246176436543465,-0.01225606445223093,0.0010098880156874657,0.15572006914382136
46,tts_original,How do I turn the computer on?,7,6,7,on?,0.0011501389089971,0.02813461538461537,-0.011246176436543465,-0.013375875540077686,0.0021296991035342216,0.4310992035711284
47,tts_original,"Without brain, where are we?",5,1,1,"brain,",0.095310240983963,0.3613846153846152,-0.03609572350978851,-0.7427381277084351,0.7066424041986465,0.24741969260212499
47,tts_original,"Without brain, where are we?",5,3,2,are,0.06349878013134,0.33126923076923065,-0.03609572350978851,-0.18913839757442474,0.15304267406463623,0.4144201586022973
47,tts_original,"Without brain, where are we?",5,0,3,Without,0.0451275110244751,0.44143750000000004,-0.03609572350978851,-1.978420376777649,1.9423246532678604,0.17502713900175876
47,tts_original,"Without brain, where are we?",5,2,4,where,0.0388224311172962,0.2501682692307692,-0.03609572350978851,-0.057688333094120026,0.021592609584331512,0.3318561866006348
47,tts_original,"Without brain, where are we?",5,4,5,we?,0.0005860647070221,0.12011057692307725,-0.03609572350978851,-0.06638917326927185,0.030293449759483337,0.47459206900093703
49,tts_original,When did Marxism develop?,4,2,1,Marxism,0.188727930188179,0.4126797385620915,-0.0026986333541572094,-1.5177290439605713,1.515030410606414,0.31291564675120753
49,tts_original,When did Marxism develop?,4,3,2,develop?,0.0934651866555213,0.3819113562091505,-0.0026986333541572094,-0.3267403841018677,0.32404175074771047,0.39197494574909797
49,tts_original,When did Marxism develop?,4,1,3,did,0.0176192838698625,0.10065359477124192,-0.0026986333541572094,-0.0037553845904767513,0.001056751236319542,0.2530611100009992
49,tts_original,When did Marxism develop?,4,0,4,When,0.0088775660842657,0.16057598039215693,-0.0026986333541572094,-0.03516772389411926,0.03246909053996205,0.16481304624903714
50,tts_original,What is the most watched news network?,7,5,1,news,0.0851522013545036,0.38109923986486494,-0.00571319367736578,-0.5735401511192322,0.5678269574418664,0.3984255568565069
50,tts_original,What is the most watched news network?,7,4,2,watched,0.0745246261358261,0.3932208614864863,-0.00571319367736578,-0.6477853655815125,0.6420721719041467,0.34534572771268096
50,tts_original,What is the most watched news network?,7,6,3,network?,0.064420074224472,0.5053952702702706,-0.00571319367736578,-0.07785917818546295,0.07214598450809717,0.4451868759996224
50,tts_original,What is the most watched news network?,7,3,4,most,0.0367340631783008,0.29083889358108106,-0.00571319367736578,-0.021804995834827423,0.016091802157461643,0.28942143642676194
50,tts_original,What is the most watched news network?,7,1,5,is,0.00870824418962,0.12034712837837847,-0.00571319367736578,-0.005271531641483307,-0.000441662035882473,0.1826559145702049
50,tts_original,What is the most watched news network?,7,2,6,the,0.0074630081653594,0.06017356418918929,-0.00571319367736578,-0.005002137273550034,-0.0007110564038157463,0.23334072057124494
50,tts_original,What is the most watched news network?,7,0,7,What,0.0070419991388916,0.18244277871621623,-0.00571319367736578,-0.05720382556319237,0.05149063188582659,0.11692763285619938
51,tts_original,When did construction of Angkor Wat begin?,7,4,1,Angkor,0.083815649151802,0.4007287449392716,-0.08780898153781891,-0.7789949178695679,0.691185936331749,0.34671798771471785
51,tts_original,When did construction of Angkor Wat begin?,7,2,2,construction,0.0723883435130119,0.7012753036437247,-0.08780898153781891,-0.44407030940055847,0.35626132786273956,0.23568592085627774
51,tts_original,When did construction of Angkor Wat begin?,7,5,3,Wat,0.0355422869324684,0.3506376518218626,-0.08780898153781891,-0.23048077523708344,0.14267179369926453,0.4076872177143481
51,tts_original,When did construction of Angkor Wat begin?,7,0,4,When,0.0335721522569656,0.3204782388663968,-0.08780898153781891,-0.1034424901008606,0.015633508563041687,0.11618835700002299
51,tts_original,When did construction of Angkor Wat begin?,7,6,5,begin?,0.0179539378732442,0.7011022267206481,-0.08780898153781891,-0.1080659031867981,0.020256921648979187,0.4758076182853464
51,tts_original,When did construction of Angkor Wat begin?,7,1,6,did,0.0160199552774429,0.14024999999999987,-0.08780898153781891,-0.10035721212625504,0.012548230588436127,0.16919502328632266
51,tts_original,When did construction of Angkor Wat begin?,7,3,7,of,0.0008749401313252,0.04007287449392738,-0.08780898153781891,-0.0879373624920845,0.00012838095426559448,0.2876302082856585
52,tts_original,List prerequisites in linear algebra.,5,1,1,prerequisites,0.1292032748460769,0.7610559210526316,-0.12536081671714783,-2.6984798908233643,2.5731190741062164,0.2647041520016501
52,tts_original,List prerequisites in linear algebra.,5,4,2,algebra.,0.0637179464101791,0.6235394736842106,-0.12536081671714783,-0.3121679723262787,0.18680715560913086,0.4882239013997605
52,tts_original,List prerequisites in linear algebra.,5,3,3,linear,0.0572794489562511,0.3921809210526317,-0.12536081671714783,-0.7229625582695007,0.5976017415523529,0.41564843580126765
52,tts_original,List prerequisites in linear algebra.,5,0,4,List,0.0085651529952883,0.30148026315789483,-0.12536081671714783,-1.832144021987915,1.7067832052707672,0.187397103200783
52,tts_original,List prerequisites in linear algebra.,5,2,5,in,0.0045222206972539,0.12078947368421056,-0.12536081671714783,-0.17143996059894562,0.04607914388179779,0.3373030874005053
53,tts_original,Who created the South Beach Diet?,6,3,1,South,0.0907865613698959,0.2413271531100476,-0.06362619251012802,-0.40140193700790405,0.33777574449777603,0.28968619516672334
53,tts_original,Who created the South Beach Diet?,6,5,2,Diet?,0.0832253322005271,0.44167105263157946,-0.06362619251012802,-0.08026053011417389,0.016634337604045868,0.42022057483215275
53,tts_original,Who created the South Beach Diet?,6,0,3,Who,0.0345494858920574,0.24081788277511962,-0.06362619251012802,-0.8303373456001282,0.7667111530900002,0.10866480433226873
53,tts_original,Who created the South Beach Diet?,6,4,4,Beach,0.0329128205776214,0.2733250598086121,-0.06362619251012802,-0.07189267873764038,0.00826648622751236,0.35849976499836583
53,tts_original,Who created the South Beach Diet?,6,1,5,created,0.0263613406568765,0.5224880382775119,-0.06362619251012802,-0.09411732107400894,0.03049112856388092,0.16810102199815447
53,tts_original,Who created the South Beach Diet?,6,2,6,the,0.0049318498931825,0.08440311004784706,-0.06362619251012802,-0.07841455191373825,0.01478835940361023,0.24278336466522887
54,tts_original,What is homeopathic medicine?,4,2,1,homeopathic,0.0979251191020011,0.6753125,-0.1340898871421814,-2.826991558074951,2.6929016709327698,0.40132501874904847
54,tts_original,What is homeopathic medicine?,4,0,2,What,0.078365109860897,0.22078003246753264,-0.1340898871421814,-0.6408263444900513,0.5067364573478699,0.20392133799759904
54,tts_original,What is homeopathic medicine?,4,3,3,medicine?,0.0735583826899528,0.5222751623376625,-0.1340898871421814,-0.7862503528594971,0.6521604657173157,0.4922660612501204
54,tts_original,What is homeopathic medicine?,4,1,4,is,0.0158129725605249,0.1407272727272728,-0.1340898871421814,-0.11855468153953552,-0.015535205602645874,0.2973306164967653
55,tts_original,When was the Iliad first written down?,7,3,1,Iliad,0.100581020116806,0.4219391129032257,-0.02021092362701893,-0.9303080439567566,0.9100971203297377,0.28615621557193144
55,tts_original,When was the Iliad first written down?,7,5,2,written,0.0816617086529731,0.6630471774193549,-0.02021092362701893,-0.906408429145813,0.8861975055187941,0.3797313637145895
55,tts_original,When was the Iliad first written down?,7,0,3,When,0.0338661894202232,0.35129375000000007,-0.02021092362701893,-0.036366257816553116,0.016155334189534187,0.11753827571478073
55,tts_original,When was the Iliad first written down?,7,4,4,first,0.0328434668481349,0.3415697580645165,-0.02021092362701893,-0.590838611125946,0.5706276874989271,0.33493778557125814
55,tts_original,When was the Iliad first written down?,7,1,5,was,0.0309453699737787,0.15069254032258095,-0.02021092362701893,-0.040694236755371094,0.020483313128352165,0.17534625985717867
55,tts_original,When was the Iliad first written down?,7,2,6,the,0.0067463698796927,0.08030483870967742,-0.02021092362701893,-0.029548853635787964,0.009337930008769035,0.233279510284774
55,tts_original,When was the Iliad first written down?,7,6,7,down?,0.004887655377388,0.08033669354838668,-0.02021092362701893,-0.013390428386628628,-0.006820495240390301,0.42923203971336726
57,tts_original,How older is Elon Musk?,5,0,1,How,0.0995649918913841,0.20095400943396236,-0.24130137264728546,-2.309917449951172,2.0686160773038864,0.11793375019915402
57,tts_original,How older is Elon Musk?,5,1,2,older,0.0740471482276916,0.2921886792452829,-0.24130137264728546,-1.2691597938537598,1.0278584212064743,0.18183705219998955
57,tts_original,How older is Elon Musk?,5,4,3,Musk?,0.0710602179169654,0.26382900943396237,-0.24130137264728546,-0.7658822536468506,0.5245808809995651,0.38958728539873844
57,tts_original,How older is Elon Musk?,5,3,4,Elon,0.0255238488316535,0.2518867924528303,-0.24130137264728546,-1.8790509700775146,1.6377495974302292,0.3233696426003007
57,tts_original,How older is Elon Musk?,5,2,5,is,0.0072185988537967,0.07052830188679238,-0.24130137264728546,-0.12941640615463257,-0.1118849664926529,0.24918528579873964
58,tts_original,How many provinces are in Mongolia?,6,5,1,Mongolia?,0.1203759610652923,0.875416958041958,-0.0008217853610403836,-0.855737566947937,0.8549157815868966,0.4651082228350181
58,tts_original,How many provinces are in Mongolia?,6,2,2,provinces,0.1141437143087387,0.5638426573426575,-0.0008217853610403836,-0.5310637354850769,0.5302419501240365,0.2560476436677466
58,tts_original,How many provinces are in Mongolia?,6,0,3,How,0.0299323908984661,0.18074475524475528,-0.0008217853610403836,-0.002809651428833604,0.0019878660677932203,0.1260362308336577
58,tts_original,How many provinces are in Mongolia?,6,1,4,many,0.0281753819435834,0.19130375874125882,-0.0008217853610403836,-0.0012382271233946085,0.0004164417623542249,0.18679491366735115
58,tts_original,How many provinces are in Mongolia?,6,3,5,are,0.0059908432886004,0.15102928321678322,-0.0008217853610403836,-0.011780875734984875,0.010959090373944491,0.3262743311667388
58,tts_original,How many provinces are in Mongolia?,6,4,6,in,0.0020691989921033,0.09061756993006975,-0.0008217853610403836,-0.0024714835453778505,0.001649698184337467,0.39135591250184615
59,tts_original,Where were the Moors from?,5,3,1,Moors,0.1753342449665069,0.4814912280701753,-0.030023103579878807,-0.6244367957115173,0.5944136921316385,0.356396622597822
59,tts_original,Where were the Moors from?,5,0,2,Where,0.0623171925544738,0.2606019736842107,-0.030023103579878807,-0.7182595133781433,0.6882364097982645,0.15681359479785897
59,tts_original,Where were the Moors from?,5,4,3,from?,0.0109385550022125,0.2370000000000001,-0.030023103579878807,-0.040946271270513535,0.010923167690634727,0.4247235799994087
59,tts_original,Where were the Moors from?,5,2,4,the,0.00601118337363,0.060186403508772024,-0.030023103579878807,-0.044674817472696304,0.014651713892817497,0.2859076971973991
59,tts_original,Where were the Moors from?,5,1,5,were,5.4574571549892426e-05,0.15046600877193006,-0.030023103579878807,-0.051243800669908524,0.021220697090029716,0.2204098931979388
60,tts_original,How are roundworms spread to humans?,6,2,1,roundworms,0.1135789006948471,0.6629864253393667,-0.016806192696094513,-0.5765488743782043,0.5597426816821098,0.25188857866790687
60,tts_original,How are roundworms spread to humans?,6,3,2,spread,0.0580739751458168,0.24108597285067868,-0.016806192696094513,-0.7862995862960815,0.769493393599987,0.3013334681672859
60,tts_original,How are roundworms spread to humans?,6,5,3,humans?,0.0371061153709888,0.4502372737556559,-0.016806192696094513,-0.037954896688461304,0.02114870399236679,0.39971052483451786
60,tts_original,How are roundworms spread to humans?,6,0,4,How,0.0202985499054193,0.2809493778280543,-0.016806192696094513,-0.4791281521320343,0.4623219594359398,0.1354943943345764
60,tts_original,How are roundworms spread to humans?,6,4,5,to,0.0037910104729235,0.08036199095022623,-0.016806192696094513,-0.019418854266405106,0.0026126615703105927,0.34247214850135305
60,tts_original,How are roundworms spread to humans?,6,1,6,are,0.0036548217758536,0.12463885746606329,-0.016806192696094513,-0.45965567231178284,0.4428494796156883,0.19969630016809484
63,tts_original,What language was spoken in Punjab?,6,5,1,Punjab?,0.1288691759109497,0.848875,-0.011100021190941334,-0.6719632744789124,0.660863253287971,0.4223065559999668
63,tts_original,What language was spoken in Punjab?,6,0,2,What,0.0664746016263961,0.18087303459119486,-0.011100021190941334,-0.02964305877685547,0.018543037585914135,0.13377031366690062
63,tts_original,What language was spoken in Punjab?,6,3,3,spoken,0.0364479310810565,0.3823451257861634,-0.011100021190941334,-0.014066910371184349,0.0029668891802430153,0.2889593539997198
63,tts_original,What language was spoken in Punjab?,6,1,4,language,0.0361174680292606,0.40246855345911947,-0.011100021190941334,-0.029691897332668304,0.01859187614172697,0.17780056183498041
63,tts_original,What language was spoken in Punjab?,6,4,5,in,0.0239985845983028,0.11067885220125784,-0.011100021190941334,-0.009498353116214275,-0.0016016680747270584,0.35387517766745685
63,tts_original,What language was spoken in Punjab?,6,2,6,was,0.0150231644511222,0.11067885220125784,-0.011100021190941334,-0.01861087791621685,0.0075108567252755165,0.23200038766663056
64,tts_original,When was the polio vaccine developed?,6,3,1,polio,0.1344362944364547,0.5205311488673141,-0.0077086882665753365,-0.38860923051834106,0.38090054225176573,0.3262063361665544
64,tts_original,When was the polio vaccine developed?,6,4,2,vaccine,0.085496686398983,0.5525930420711971,-0.0077086882665753365,-0.0955808162689209,0.08787212800234556,0.3788410916677094
64,tts_original,When was the polio vaccine developed?,6,5,3,developed?,0.0377444513142108,0.5804911003236244,-0.0077086882665753365,-0.0778973177075386,0.07018862944096327,0.4335963033348283
64,tts_original,When was the polio vaccine developed?,6,0,4,When,0.0294672232121229,0.22020509708737857,-0.0077086882665753365,-0.029760347679257393,0.022051659412682056,0.10846675766758078
64,tts_original,When was the polio vaccine developed?,6,2,5,the,0.0049039674922823,0.06006128640776698,-0.0077086882665753365,-0.008076617494225502,0.00036792922765016556,0.2511478431673216
64,tts_original,When was the polio vaccine developed?,6,1,6,was,0.0014912270708009,0.13013278721682875,-0.0077086882665753365,-0.05518636107444763,0.047477672807872295,0.1756173913333138
66,tts_original,Give me one-liner related to therapies.,6,5,1,therapies.,0.0893558710813522,0.6437554530201344,-0.10153330117464066,-1.9272403717041016,1.825707070529461,0.4294199691673081
66,tts_original,Give me one-liner related to therapies.,6,2,2,one-liner,0.0588632486760616,0.5335570469798656,-0.10153330117464066,-1.9150984287261963,1.8135651275515556,0.24165438000151576
66,tts_original,Give me one-liner related to therapies.,6,0,3,Give,0.0227756090462207,0.1528124999999999,-0.10153330117464066,-0.13071110844612122,0.02917780727148056,0.12492004233354237
66,tts_original,Give me one-liner related to therapies.,6,1,4,me,0.0171432066708803,0.05033557046979875,-0.10153330117464066,-0.15794289112091064,0.05640958994626999,0.180230253667105
66,tts_original,Give me one-liner related to therapies.,6,3,5,related,0.0049417866393923,0.3825503355704698,-0.10153330117464066,-0.14649072289466858,0.044957421720027924,0.29553877750004176
66,tts_original,Give me one-liner related to therapies.,6,4,6,to,0.0003108850796706,0.10067114093959728,-0.10153330117464066,-0.22044363617897034,0.11891033500432968,0.368864659833586
67,tts_original,Who discovered infrared light?,4,1,1,discovered,0.1444142907857895,0.4915767326732672,-0.004636277910321951,-0.7740622162818909,0.7694259383715689,0.3314721902497695
67,tts_original,Who discovered infrared light?,4,2,2,infrared,0.0902217179536819,0.5618019801980201,-0.004636277910321951,-1.1427797079086304,1.1381434299983084,0.4410704549991351
67,tts_original,Who discovered infrared light?,4,3,3,light?,0.0245646685361862,0.3809108910891088,-0.004636277910321951,-0.02036164328455925,0.0157253653742373,0.5626712475022941
67,tts_original,Who discovered infrared light?,4,0,4,Who,0.0218341406434774,0.2004795792079208,-0.004636277910321951,-0.12209425121545792,0.11745797330513597,0.2024304877522809
69,tts_original,Tell me about AI.,4,3,1,AI.,0.1449900269508361,0.6857142857142857,-0.016980566084384918,-2.4738173484802246,2.4568367823958397,0.40940313849932863
69,tts_original,Tell me about AI.,4,2,2,about,0.0484257861971855,0.2218487394957982,-0.016980566084384918,-0.02454293519258499,0.007562369108200073,0.3153143532508693
69,tts_original,Tell me about AI.,4,1,3,me,0.0208400189876556,0.050420168067226934,-0.016980566084384918,-0.014532916247844696,-0.002447649836540222,0.22877245624840725
69,tts_original,Tell me about AI.,4,0,4,Tell,0.009988060221076,0.22119905462184875,-0.016980566084384918,-0.012035301886498928,-0.00494526419788599,0.16638784149836283
70,tts_original,How do I make apple juice?,6,4,1,apple,0.0681340098381042,0.28224000000000016,-0.10812252759933472,-0.7356584072113037,0.627535879611969,0.4656368620004893
70,tts_original,How do I make apple juice?,6,5,2,juice?,0.0581179484724998,0.46299749999999995,-0.10812252759933472,-0.49173101782798767,0.38360849022865295,0.5370319773331479
70,tts_original,How do I make apple juice?,6,0,3,How,0.0261582341045141,0.18080249999999998,-0.10812252759933472,-0.704047441482544,0.5959249138832092,0.14985142649917785
70,tts_original,How do I make apple juice?,6,2,4,I,0.0134133556857705,0.020160000000000067,-0.10812252759933472,-0.12335213273763657,0.01522960513830185,0.2982432740003181
70,tts_original,How do I make apple juice?,6,1,5,do,0.0090831601992249,0.04031999999999997,-0.10812252759933472,-0.30381619930267334,0.19569367170333862,0.22654520349897211
70,tts_original,How do I make apple juice?,6,3,6,make,0.0069597344845533,0.18144000000000005,-0.10812252759933472,-0.2129320204257965,0.10480949282646179,0.3702604849992592
71,tts_original,How are carbon fibers used in buildings?,7,2,1,carbon,0.1138782203197479,0.3619862068965517,-0.018893301486968994,-0.2305530458688736,0.2116597443819046,0.21308742814289872
71,tts_original,How are carbon fibers used in buildings?,7,3,2,fibers,0.061637595295906,0.47259310344827565,-0.018893301486968994,-0.23440416157245636,0.21551086008548737,0.26011522971384693
71,tts_original,How are carbon fibers used in buildings?,7,6,3,buildings?,0.0494524799287319,0.5626383620689654,-0.018893301486968994,-0.28849002718925476,0.26959672570228577,0.42375128500030507
71,tts_original,How are carbon fibers used in buildings?,7,0,4,How,0.0488264523446559,0.1806073275862069,-0.018893301486968994,-0.4619150161743164,0.4430217146873474,0.10190443028529574
71,tts_original,How are carbon fibers used in buildings?,7,4,5,used,0.014782995916903,0.301655172413793,-0.018893301486968994,-0.16361594200134277,0.14472264051437378,0.313839203000368
71,tts_original,How are carbon fibers used in buildings?,7,1,6,are,0.0035520298406481,0.10055172413793101,-0.018893301486968994,-0.00939824990928173,-0.009495051577687263,0.15548245400090568
71,tts_original,How are carbon fibers used in buildings?,7,5,7,in,0.0025757981929928,0.0804413793103449,-0.018893301486968994,-0.011360159143805504,-0.00753314234316349,0.3620851018578313
73,tts_original,Write a manual for stealing a car,7,4,1,stealing,0.0993940755724906,0.3215999999999999,-0.154375359416008,-0.6067925691604614,0.45241720974445343,0.34933407885754214
73,tts_original,Write a manual for stealing a car,7,2,2,manual,0.0573855526745319,0.44220000000000004,-0.154375359416008,-0.5301617980003357,0.3757864385843277,0.2169351909999802
73,tts_original,Write a manual for stealing a car,7,0,3,Write,0.0440788529813289,0.30115000000000003,-0.154375359416008,-1.4820307493209839,1.327655389904976,0.09801390699950778
73,tts_original,Write a manual for stealing a car,7,6,4,car,0.0159718431532382,0.32118749999999996,-0.154375359416008,-0.1274893581867218,-0.026886001229286194,0.47782478514376897
73,tts_original,Write a manual for stealing a car,7,3,5,for,0.013689219020307,0.14069999999999983,-0.154375359416008,-0.07943356037139893,-0.07494179904460907,0.27248948200056994
73,tts_original,Write a manual for stealing a car,7,5,6,a,0.0032614094670861,0.020100000000000007,-0.154375359416008,-0.05476115643978119,-0.0996142029762268,0.41022525871397064
73,tts_original,Write a manual for stealing a car,7,1,7,a,0.0001074846077244,0.020100000000000007,-0.154375359416008,-0.07402749359607697,-0.08034786581993103,0.1554180912852254
74,tts_original,When was the first Spanish Grand Prix?,7,4,1,Spanish,0.093317687511444,0.3620111731843576,-0.006572518963366747,-0.5503225922584534,0.5437500732950866,0.3725395934286228
74,tts_original,When was the first Spanish Grand Prix?,7,5,2,Grand,0.0789677128195762,0.2573666201117315,-0.006572518963366747,-0.2994043231010437,0.29283180413767695,0.42474406642889206
74,tts_original,When was the first Spanish Grand Prix?,7,3,3,first,0.0448762848973274,0.2212290502793297,-0.006572518963366747,-0.27942195534706116,0.2728494363836944,0.3133067445721411
74,tts_original,When was the first Spanish Grand Prix?,7,0,4,When,0.028443930670619,0.19888861731843566,-0.006572518963366747,-0.023022206500172615,0.016449687536805868,0.13626547371469705
74,tts_original,When was the first Spanish Grand Prix?,7,6,5,Prix?,0.0218319743871688,0.43193400837988793,-0.006572518963366747,-0.023836489766836166,0.01726397080346942,0.4720738695718215
74,tts_original,When was the first Spanish Grand Prix?,7,2,6,the,0.0119167966768145,0.060335195530726304,-0.006572518963366747,-0.011366222985088825,0.004793704021722078,0.2626697237137705
74,tts_original,When was the first Spanish Grand Prix?,7,1,7,was,0.0088941641151905,0.13072625698324014,-0.006572518963366747,-0.010676044039428234,0.004103525076061487,0.2033325348560798
75,tts_original,Does AI useful to predict day trading?,7,6,1,trading?,0.0848507061600685,0.6215508720930227,-0.07466369867324829,-2.358355760574341,2.2836920619010925,0.39813483300011804
75,tts_original,Does AI useful to predict day trading?,7,1,2,AI,0.0508404448628425,0.7341627906976744,-0.07466369867324829,-0.9431262612342834,0.8684625625610352,0.15795039185780166
75,tts_original,Does AI useful to predict day trading?,7,4,3,predict,0.0508290268480777,0.3811046511627909,-0.07466369867324829,-0.7425827980041504,0.6679190993309021,0.3064129468569133
75,tts_original,Does AI useful to predict day trading?,7,2,4,useful,0.0468132570385932,0.6183997093023259,-0.07466369867324829,-1.2273399829864502,1.152676284313202,0.20996266542767575
75,tts_original,Does AI useful to predict day trading?,7,5,5,day,0.0345384255051612,0.2806104651162782,-0.07466369867324829,-1.5843091011047363,1.509645402431488,0.36367766042738886
75,tts_original,Does AI useful to predict day trading?,7,0,6,Does,0.0183052979409694,0.3006584302325581,-0.07466369867324829,-0.7417089343070984,0.6670452356338501,0.12004966642832317
75,tts_original,Does AI useful to predict day trading?,7,3,7,to,0.0035454139579087,0.10029069767441845,-0.07466369867324829,-0.07125633955001831,-0.0034073591232299805,0.260840342856162
76,tts_original,What's the meaning of NBC?,5,4,1,NBC?,0.1378094553947448,0.26216517857142874,-0.06237990781664848,-0.938271701335907,0.8758917935192585,0.44356081779988016
76,tts_original,What's the meaning of NBC?,5,2,2,meaning,0.0578170381486415,0.32232539682539696,-0.06237990781664848,-0.4145911931991577,0.35221128538250923,0.3013377318013227
76,tts_original,What's the meaning of NBC?,5,0,3,What's,0.0241944808512926,0.2254573412698413,-0.06237990781664848,-0.15773025155067444,0.09535034373402596,0.16027567480050492
76,tts_original,What's the meaning of NBC?,5,3,4,of,0.0030200073961168,0.04029067460317459,-0.06237990781664848,-0.05962510034441948,-0.002754807472229004,0.377985262000584
76,tts_original,What's the meaning of NBC?,5,1,5,the,0.00188986340072,0.06043601190476189,-0.06237990781664848,-0.04965344816446304,-0.01272645965218544,0.2332760548015358
77,tts_original,give me something from the fifties,6,5,1,fifties,0.0961786955595016,0.5806675000000001,-0.05532441660761833,-1.8994050025939941,1.8440805859863758,0.4409231371682836
77,tts_original,give me something from the fifties,6,2,2,something,0.0900798961520195,0.3245254545454548,-0.05532441660761833,-0.4323965609073639,0.37707214429974556,0.23748901483486407
77,tts_original,give me something from the fifties,6,3,3,from,0.0316329561173915,0.1422393181818178,-0.05532441660761833,-0.05875590071082115,0.00343148410320282,0.30302809316829854
77,tts_original,give me something from the fifties,6,0,4,give,0.016095545142889,0.24024999999999985,-0.05532441660761833,-0.407792329788208,0.3524679131805897,0.1385173235006126
77,tts_original,give me something from the fifties,6,4,5,the,0.0099393827840685,0.06008727272727343,-0.05532441660761833,-0.05406905710697174,-0.0012553595006465912,0.36671217933568795
77,tts_original,give me something from the fifties,6,1,6,me,0.0049372380599379,0.10014545454545454,-0.05532441660761833,-0.08564522862434387,0.03032081201672554,0.18334181216778234
79,tts_original,Does eating before sleep make you fat?,7,3,1,sleep,0.0654813423752784,0.34193181818181806,-0.007403187453746796,-0.06458740681409836,0.05718421936035156,0.2805313388567551
79,tts_original,Does eating before sleep make you fat?,7,6,2,fat?,0.0601817294955253,0.40178409090909106,-0.007403187453746796,-0.2397621124982834,0.2323589250445366,0.41969981157204267
79,tts_original,Does eating before sleep make you fat?,7,1,3,eating,0.0511535890400409,0.36204545454545456,-0.007403187453746796,-0.11668610572814941,0.10928291827440262,0.16136883200046473
79,tts_original,Does eating before sleep make you fat?,7,2,4,before,0.0366883873939514,0.3218181818181818,-0.007403187453746796,-0.029454100877046585,0.02205091342329979,0.22940241285791022
79,tts_original,Does eating before sleep make you fat?,7,0,5,Does,0.0246531628072261,0.2008011363636364,-0.007403187453746796,-0.8362709879875183,0.8288678005337715,0.11558346957151246
79,tts_original,Does eating before sleep make you fat?,7,4,6,make,0.0240102354437112,0.2258068181818178,-0.007403187453746796,-0.3658670485019684,0.3584638610482216,0.32587981785763986
79,tts_original,Does eating before sleep make you fat?,7,5,7,you,0.002880246611312,0.10056818181818183,-0.007403187453746796,-0.012046918272972107,0.004643730819225311,0.371832217141803
80,tts_original,When did Alfred die?,4,2,1,Alfred,0.1358197927474975,0.481206081081081,-0.0019296385580673814,-1.5547206401824951,1.5527910016244277,0.3517513892511488
80,tts_original,When did Alfred die?,4,0,2,When,0.0726836845278739,0.2605101351351352,-0.0019296385580673814,-0.5688958168029785,0.5669661782449111,0.17345675724936882
80,tts_original,When did Alfred die?,4,3,3,die?,0.0725396052002906,0.4851672297297296,-0.0019296385580673814,-0.26853203773498535,0.26660239917691797,0.439999817750504
80,tts_original,When did Alfred die?,4,1,4,did,0.005120332352817,0.1203015202702703,-0.0019296385580673814,-0.010043568909168243,0.008113930351100862,0.26208897224933025
81,tts_original,"For example, should psychoanalysis be considered science?",7,3,1,psychoanalysis,0.1183227971196174,0.8611061093247594,-0.021753622218966484,-0.594523012638092,0.5727693904191256,0.2804889881434584
81,tts_original,"For example, should psychoanalysis be considered science?",7,6,2,science?,0.0594479702413082,0.3264935691318325,-0.021753622218966484,-0.26902610063552856,0.24727247841656208,0.42506216828561655
81,tts_original,"For example, should psychoanalysis be considered science?",7,2,3,should,0.028951458632946,0.27029782958199444,-0.021753622218966484,-0.5213870406150818,0.4996334183961153,0.22790567457143748
81,tts_original,"For example, should psychoanalysis be considered science?",7,1,4,"example,",0.023914411664009,0.5306816720257235,-0.021753622218966484,-0.049896277487277985,0.0281426552683115,0.1707535654277308
81,tts_original,"For example, should psychoanalysis be considered science?",7,5,5,considered,0.0234599132090806,0.4605916398713825,-0.021753622218966484,-0.4367569386959076,0.4150033164769411,0.37682836114254314
81,tts_original,"For example, should psychoanalysis be considered science?",7,0,6,For,0.014857449568808,0.19016237942122172,-0.021753622218966484,-0.02518954873085022,0.0034359265118837357,0.11371342628678706
81,tts_original,"For example, should psychoanalysis be considered science?",7,4,7,be,0.0014294947031885,0.10012861736334422,-0.021753622218966484,-0.036923814564943314,0.01517019234597683,0.32777847785785397
82,tts_original,What English word has the most syllables?,7,6,1,syllables?,0.0927677601575851,0.5214037558685449,-0.00884856004267931,-0.25654715299606323,0.24769859295338392,0.39522099800108534
82,tts_original,What English word has the most syllables?,7,0,2,What,0.070949837565422,0.1483104460093898,-0.00884856004267931,-1.1569393873214722,1.1480908272787929,0.09920199057212033
82,tts_original,What English word has the most syllables?,7,1,3,English,0.0630854293704032,0.3108368544600937,-0.00884856004267931,-0.34957486391067505,0.34072630386799574,0.14950989557213948
82,tts_original,What English word has the most syllables?,7,2,4,word,0.042869783937931,0.16043192488262914,-0.00884856004267931,-0.7949503064155579,0.7861017463728786,0.2061824378574134
82,tts_original,What English word has the most syllables?,7,4,5,the,0.0094340341165661,0.060161971830985594,-0.00884856004267931,-0.1524237096309662,0.14357514958828688,0.305532655000986
82,tts_original,What English word has the most syllables?,7,5,6,most,0.0083293579518795,0.17045892018779352,-0.00884856004267931,-0.007317453622817993,-0.0015311064198613167,0.35079424857186886
82,tts_original,What English word has the most syllables?,7,3,7,has,0.0026971013285219,0.10026995305164332,-0.00884856004267931,-0.17827287316322327,0.16942431312054396,0.2545151461423042
83,tts_original,When was special relativity developed?,5,3,1,relativity,0.1216642931103706,0.6052098214285713,-0.020667072385549545,-1.192076563835144,1.1714094914495945,0.37696440480067395
83,tts_original,When was special relativity developed?,5,2,2,special,0.0502886064350605,0.3429522321428572,-0.020667072385549545,-0.39671072363853455,0.376043651252985,0.3044469490007032
83,tts_original,When was special relativity developed?,5,0,3,When,0.038707535713911,0.2111296875,-0.020667072385549545,-0.14738796651363373,0.12672089412808418,0.14038717400107997
83,tts_original,When was special relativity developed?,5,4,4,developed?,0.0291305035352706,0.5237941964285713,-0.020667072385549545,-0.3875010013580322,0.3668339289724827,0.4456058187992312
83,tts_original,When was special relativity developed?,5,1,5,was,0.0029636500403285,0.11095513392857137,-0.020667072385549545,-0.05394821614027023,0.03328114375472069,0.2274181401997339
84,tts_original,When did Guido of Arezzo live?,6,2,1,Guido,0.1353667974472046,0.4342472826086957,-0.19127488136291504,-0.9913275837898254,0.8000527024269104,0.22091822550040283
84,tts_original,When did Guido of Arezzo live?,6,5,2,live?,0.0399683080613613,0.3010126811594205,-0.19127488136291504,-1.3638148307800293,1.1725399494171143,0.3841884110006504
84,tts_original,When did Guido of Arezzo live?,6,4,3,Arezzo,0.038180124014616,0.6832028985507246,-0.19127488136291504,-2.4740424156188965,2.2827675342559814,0.3430583526666548
84,tts_original,When did Guido of Arezzo live?,6,1,4,did,0.0318539999425411,0.13061231884057967,-0.19127488136291504,-0.2882459759712219,0.09697109460830688,0.17800553599954583
84,tts_original,When did Guido of Arezzo live?,6,3,5,of,0.0218331664800643,0.140659420289855,-0.19127488136291504,-0.5308226943016052,0.3395478129386902,0.28102761750051286
84,tts_original,When did Guido of Arezzo live?,6,0,6,When,0.0183098688721656,0.22070018115942036,-0.19127488136291504,-0.4233253598213196,0.23205047845840454,0.11562985883453318
85,tts_original,What causes radioactive decay?,4,2,1,radioactive,0.1393109560012817,0.6830197368421054,-0.013357019983232021,-0.8001518249511719,0.7867948049679399,0.4231024274995434
85,tts_original,What causes radioactive decay?,4,1,2,causes,0.0880757495760917,0.3415098684210529,-0.013357019983232021,-0.3581547737121582,0.3447977537289262,0.3266758237477916
85,tts_original,What causes radioactive decay?,4,3,3,decay?,0.0309295505285263,0.38129934210526306,-0.013357019983232021,-0.25134333968162537,0.23798631969839334,0.5318272122494818
85,tts_original,What causes radioactive decay?,4,0,4,What,0.0300424844026565,0.22062171052631596,-0.013357019983232021,-0.2960023581981659,0.28264533821493387,0.2179750189970946
86,tts_original,When was François Lay born?,5,2,1,François,0.1282871067523956,0.5885113636363635,-0.13198554515838623,-0.9425500631332397,0.8105645179748535,0.2864573663973715
86,tts_original,When was François Lay born?,5,3,2,Lay,0.1035936176776886,0.3715616883116881,-0.13198554515838623,-1.6159694194793701,1.4839838743209839,0.3706254659977276
86,tts_original,When was François Lay born?,5,0,3,When,0.0418498665094375,0.26081737012987016,-0.13198554515838623,-0.8852584362030029,0.7532728910446167,0.12759287279914133
86,tts_original,When was François Lay born?,5,4,4,born?,0.0166639760136604,0.6025202922077924,-0.13198554515838623,-1.339621901512146,1.2076363563537598,0.46182787299912886
86,tts_original,When was François Lay born?,5,1,5,was,0.0114968009293079,0.17071753246753252,-0.13198554515838623,-0.31696417927742004,0.1849786341190338,0.208552357199369
89,tts_original,Where are Porsches manufactured?,4,2,1,Porsches,0.1689097136259079,0.32223776223776235,-0.03913462907075882,-1.644982099533081,1.6058474704623222,0.378786198751186
89,tts_original,Where are Porsches manufactured?,4,3,2,manufactured?,0.1093442291021347,0.6158854895104895,-0.03913462907075882,-1.9062345027923584,1.8670998737215996,0.48584130900053424
89,tts_original,Where are Porsches manufactured?,4,0,3,Where,0.0502451248466968,0.22104064685314684,-0.03913462907075882,-0.662679135799408,0.6235445067286491,0.19707251100044232
89,tts_original,Where are Porsches manufactured?,4,1,4,are,0.003481944091618,0.08055944055944053,-0.03913462907075882,-0.04336327686905861,0.004228647798299789,0.28878822275146376
91,tts_original,How can I make bubble solution?,6,4,1,bubble,0.0783274322748184,0.31833199541284396,-0.05134483054280281,-1.0073761940002441,0.9560313634574413,0.43083419183191535
91,tts_original,How can I make bubble solution?,6,0,2,How,0.0468448027968406,0.20088933486238528,-0.05134483054280281,-0.027984634041786194,-0.023360196501016617,0.16190230999927735
91,tts_original,How can I make bubble solution?,6,5,3,solution?,0.0436383076012134,0.6642087155963303,-0.05134483054280281,-1.212497591972351,1.1611527614295483,0.4865674288327379
91,tts_original,How can I make bubble solution?,6,1,4,can,0.0395827628672122,0.10889793577981655,-0.05134483054280281,-0.01791319251060486,-0.03343163803219795,0.23949837550026132
91,tts_original,How can I make bubble solution?,6,3,5,make,0.0109093002974987,0.16117431192660558,-0.05134483054280281,-0.04729965701699257,-0.004045173525810242,0.36055433733417885
91,tts_original,How can I make bubble solution?,6,2,6,I,0.0022547226399183,0.04029357798165134,-0.05134483054280281,-0.02541162259876728,-0.02593320794403553,0.31472757899852394
93,tts_original,Was Edgar Allan Poe a mental derelict?,7,1,1,Edgar,0.0823068246245384,0.3809026898734178,-0.02016030251979828,-0.5695877075195312,0.549427404999733,0.16011013699919982
93,tts_original,Was Edgar Allan Poe a mental derelict?,7,5,2,mental,0.0733640566468238,0.44111392405063254,-0.02016030251979828,-0.8213745355606079,0.8012142330408096,0.40357060157111846
93,tts_original,Was Edgar Allan Poe a mental derelict?,7,6,3,derelict?,0.0482789017260074,0.9423750000000002,-0.02016030251979828,-0.5443226099014282,0.5241623073816299,0.46927364199863014
93,tts_original,Was Edgar Allan Poe a mental derelict?,7,3,4,Poe,0.025575466454029,0.3205174050632913,-0.02016030251979828,-0.03971332311630249,0.01955302059650421,0.26649495942859047
93,tts_original,Was Edgar Allan Poe a mental derelict?,7,0,5,Was,0.018460676074028,0.2865806962025317,-0.02016030251979828,-0.033615246415138245,0.013454943895339966,0.1049783371418016
93,tts_original,Was Edgar Allan Poe a mental derelict?,7,2,6,Allan,0.004739077296108,0.28070886075949364,-0.02016030251979828,-0.09543221443891525,0.07527191191911697,0.21396294828446116
93,tts_original,Was Edgar Allan Poe a mental derelict?,7,4,7,a,0.001041485927999,0.07017721518987363,-0.02016030251979828,-0.02168363332748413,0.001523330807685852,0.3366811528560772
94,tts_original,How do I make escargot?,5,4,1,escargot?,0.0795542523264885,0.9285369897959185,-0.30132585763931274,-2.2473514080047607,1.946025550365448,0.4985700336023001
94,tts_original,How do I make escargot?,5,0,2,How,0.0433602929115295,0.1810446428571428,-0.30132585763931274,-0.6791918873786926,0.3778660297393799,0.17669139000063297
94,tts_original,How do I make escargot?,5,3,3,make,0.035000879317522,0.1818367346938775,-0.30132585763931274,-0.5426846742630005,0.24135881662368774,0.4175931500009028
94,tts_original,How do I make escargot?,5,2,4,I,0.0077195120975375,0.02020408163265308,-0.30132585763931274,-0.28857916593551636,-0.012746691703796387,0.3481791562022408
94,tts_original,How do I make escargot?,5,1,5,do,0.0005959965055808,0.08081632653061221,-0.30132585763931274,-0.47621476650238037,0.17488890886306763,0.2574747097998625
95,tts_original,Make a slide to introduce Cantonese,6,5,1,Cantonese,0.081297293305397,0.8468863636363637,-0.501495897769928,-0.8407986164093018,0.3393027186393738,0.45543241066722356
95,tts_original,Make a slide to introduce Cantonese,6,2,2,slide,0.0589186139404773,0.3430909090909091,-0.501495897769928,-0.98246830701828,0.48097240924835205,0.24568997966707684
95,tts_original,Make a slide to introduce Cantonese,6,4,3,introduce,0.0456407666206359,0.46418181818181825,-0.501495897769928,-0.956479549407959,0.454983651638031,0.37604256649986684
95,tts_original,Make a slide to introduce Cantonese,6,0,4,Make,0.0208848193287849,0.2253125,-0.501495897769928,-0.7208413481712341,0.21934545040130615,0.11895302366610849
95,tts_original,Make a slide to introduce Cantonese,6,3,5,to,0.019802238792181,0.06054545454545446,-0.501495897769928,-0.5835833549499512,0.0820874571800232,0.3053641713340767
95,tts_original,Make a slide to introduce Cantonese,6,1,6,a,0.0047475039027631,0.06054545454545457,-0.501495897769928,-0.5266615152359009,0.0251656174659729,0.17820104566635564
96,tts_original,give me some Last Emperor,5,4,1,Emperor,0.081171728670597,0.8568124999999998,-0.4350963234901428,-3.6670920848846436,3.2319957613945007,0.43473717480082996
96,tts_original,give me some Last Emperor,5,3,2,Last,0.0787800773978233,0.42247058823529393,-0.4350963234901428,-1.1217848062515259,0.6866884827613831,0.3644859441992594
96,tts_original,give me some Last Emperor,5,0,3,give,0.0263064019381999,0.3013014705882351,-0.4350963234901428,-0.5269753932952881,0.09187906980514526,0.14728919159970247
96,tts_original,give me some Last Emperor,5,2,4,some,0.0220692530274391,0.2715845588235293,-0.4350963234901428,-0.6315844058990479,0.19648808240890503,0.30592401000030806
96,tts_original,give me some Last Emperor,5,1,5,me,0.0089576030150055,0.18105882352941172,-0.4350963234901428,-0.45198267698287964,0.016886353492736816,0.2201444937993074
98,tts_original,Who is the current Māori King?,6,5,1,King?,0.108609028160572,0.32116471962616844,-0.15076777338981628,-0.3909856677055359,0.2402178943157196,0.48574329566811986
98,tts_original,Who is the current Māori King?,6,0,2,Who,0.0710141956806182,0.18054322429906544,-0.15076777338981628,-0.20318062603473663,0.05241285264492035,0.14832020483299857
98,tts_original,Who is the current Māori King?,6,3,3,current,0.0701878070831298,0.28139018691588813,-0.15076777338981628,-0.3664786219596863,0.21571084856987,0.35142955783521757
98,tts_original,Who is the current Māori King?,6,4,4,Māori,0.0629338920116424,0.2871156542056075,-0.15076777338981628,-0.7963109016418457,0.6455431282520294,0.4176769733336793
98,tts_original,Who is the current Māori King?,6,1,5,is,0.0027687451802194,0.08039719626168207,-0.15076777338981628,-0.15802858769893646,0.007260814309120178,0.21606120500170314
98,tts_original,Who is the current Māori King?,6,2,6,the,0.0015968484804034,0.060297897196261774,-0.15076777338981628,-0.14177337288856506,-0.00899440050125122,0.28465613416725927
99,tts_original,Create a song about sad penguin ,6,5,1,penguin,0.1280700415372848,0.6670721153846153,-0.12588223814964294,-1.5294147729873657,1.4035325348377228,0.4758189610001864
99,tts_original,Create a song about sad penguin ,6,4,2,sad,0.0700001865625381,0.281266968325792,-0.12588223814964294,-0.5380234718322754,0.41214123368263245,0.41472908266829717
99,tts_original,Create a song about sad penguin ,6,2,3,song,0.0284847691655159,0.2913122171945701,-0.12588223814964294,-0.13078631460666656,0.004904076457023621,0.26996785233495757
99,tts_original,Create a song about sad penguin ,6,0,4,Create,0.0242029037326574,0.3854374999999999,-0.12588223814964294,-0.8304430842399597,0.7045608460903168,0.1280249328337959
99,tts_original,Create a song about sad penguin ,6,3,5,about,0.0078928396105766,0.2812669683257918,-0.12588223814964294,-0.16817905008792877,0.04229681193828583,0.34589822966760647
99,tts_original,Create a song about sad penguin ,6,1,6,a,0.0048751290887594,0.020090497737556445,-0.12588223814964294,-0.140106201171875,0.014223963022232056,0.20600365016677338
100,tts_original,Create a practical lesson regarding Financial Technologies.,7,3,1,lesson,0.0665938928723335,0.29173652694610785,-0.005636234767735004,-0.23216044902801514,0.22652421426028013,0.2642328012838594
100,tts_original,Create a practical lesson regarding Financial Technologies.,7,5,2,Financial,0.0599373541772365,0.4828742514970059,-0.005636234767735004,-0.6568401455879211,0.6512039108201861,0.3670501548559904
100,tts_original,Create a practical lesson regarding Financial Technologies.,7,6,3,Technologies.,0.0545310266315937,0.804295284431138,-0.005636234767735004,-1.031664252281189,1.026028017513454,0.4023747777142229
100,tts_original,Create a practical lesson regarding Financial Technologies.,7,2,4,practical,0.0333003178238868,0.4306077844311377,-0.005636234767735004,-1.2588766813278198,1.2532404465600848,0.18993417228505546
100,tts_original,Create a practical lesson regarding Financial Technologies.,7,0,5,Create,0.0279992502182722,0.26112425149700597,-0.005636234767735004,-2.0758588314056396,2.0702225966379046,0.09667315428461214
100,tts_original,Create a practical lesson regarding Financial Technologies.,7,4,6,regarding,0.0117585528641939,0.3219161676646707,-0.005636234767735004,-1.129902958869934,1.124266724102199,0.31566537385723287
100,tts_original,Create a practical lesson regarding Financial Technologies.,7,1,7,a,0.0024114032275974,0.02011976047904196,-0.005636234767735004,-0.005818570964038372,0.00018233619630336761,0.14250135485573473
101,tts_original,When was the first web page released?,7,4,1,web,0.0564916208386421,0.2208344907407409,-0.04216665029525757,-0.41528454422950745,0.3731178939342499,0.3599607864286684
101,tts_original,When was the first web page released?,7,5,2,page,0.0498913004994392,0.3414363425925928,-0.04216665029525757,-0.31152424216270447,0.2693575918674469,0.4086530470002409
101,tts_original,When was the first web page released?,7,3,3,first,0.0478660427033901,0.3372743055555556,-0.04216665029525757,-0.9250439405441284,0.8828772902488708,0.30697882128671544
101,tts_original,When was the first web page released?,7,6,4,released?,0.0455129481852054,0.6949212962962963,-0.04216665029525757,-0.13690975308418274,0.09474310278892517,0.4560898171434279
101,tts_original,When was the first web page released?,7,0,5,When,0.0431942418217659,0.24072337962962975,-0.04216665029525757,-0.06538711488246918,0.02322046458721161,0.14207379371509887
101,tts_original,When was the first web page released?,7,2,6,the,0.017979547381401,0.08033796296296303,-0.04216665029525757,-0.042001884430646896,-0.000164765864610672,0.25424222100160215
101,tts_original,When was the first web page released?,7,1,7,was,0.0126337129622697,0.14059143518518513,-0.04216665029525757,-0.05400531738996506,0.011838667094707489,0.1919997535712485
102,tts_original,Where do box jellyfish live?,5,4,1,live?,0.0850712433457374,0.30191082802547786,-0.08622560650110245,-0.4028699994087219,0.3166443929076195,0.38803542860259765
102,tts_original,Where do box jellyfish live?,5,3,2,jellyfish,0.0724583938717842,0.46292993630573265,-0.08622560650110245,-0.3754390478134155,0.2892134413123131,0.3053336364013376
102,tts_original,Where do box jellyfish live?,5,2,3,box,0.0642045959830284,0.1811464968152865,-0.08622560650110245,-0.260231077671051,0.17400547116994858,0.24057014780119063
102,tts_original,Where do box jellyfish live?,5,0,4,Where,0.0581388585269451,0.2007973726114649,-0.08622560650110245,-0.7829260230064392,0.6967004165053368,0.11390482760034501
102,tts_original,Where do box jellyfish live?,5,1,5,do,0.0016352524980902,0.08050955414012728,-0.08622560650110245,-0.051449138671159744,-0.0347764678299427,0.17736467480135615
103,tts_original,What do you think of beetroot?,6,5,1,beetroot?,0.0986570119857788,0.7248813559322032,-0.047699399292469025,-1.9765820503234863,1.9288826510310173,0.3988923745006711
103,tts_original,What do you think of beetroot?,6,0,2,What,0.0351706445217132,0.2171218220338983,-0.047699399292469025,-0.054309211671352386,0.006609812378883362,0.14381229933254266
103,tts_original,What do you think of beetroot?,6,1,3,do,0.0335955135524272,0.0805423728813559,-0.047699399292469025,-0.0582396499812603,0.010540250688791275,0.18398703883334142
103,tts_original,What do you think of beetroot?,6,3,4,think,0.0323465093970298,0.4309375,-0.047699399292469025,-0.13564930856227875,0.08794990926980972,0.2929924893323914
103,tts_original,What do you think of beetroot?,6,2,5,you,0.020082389935851,0.12081355932203386,-0.047699399292469025,-0.05059422552585602,0.0028948262333869934,0.24021573633217486
103,tts_original,What do you think of beetroot?,6,4,6,of,0.0051441509276628,0.22149152542372885,-0.047699399292469025,-0.07222020626068115,0.024520806968212128,0.3377847651669678
104,tts_original,Explain what the Rule of 72 works.,5,0,1,Explain,0.0515718832612037,0.5422427184466018,-0.030190736055374146,-1.0993067026138306,1.0691159665584564,0.1731143743993016
104,tts_original,Explain what the Rule of 72 works.,5,1,2,what,0.0313189588487148,0.1405006067961163,-0.030190736055374146,-0.34076762199401855,0.3105768859386444,0.24391147299902513
104,tts_original,Explain what the Rule of 72 works.,5,3,3,Rule,0.0216925423592329,0.32155339805825256,-0.030190736055374146,-0.0636671930551529,0.03347645699977875,0.3912710678006988
104,tts_original,Explain what the Rule of 72 works.,5,4,4,of,0.003612075233832,0.040194174757281376,-0.030190736055374146,-0.029803220182657242,-0.0003875158727169037,0.47165800200018565
104,tts_original,Explain what the Rule of 72 works.,5,2,5,the,0.003457696409896,0.0602912621359224,-0.030190736055374146,-0.03950636461377144,0.009315628558397293,0.3025801114010392
105,tts_original,Is it chilly in Haiti,5,0,1,Is,0.0819180011749267,0.17080319148936174,-0.4823799133300781,-1.5074366331100464,1.0250567197799683,0.17594295860035344
105,tts_original,Is it chilly in Haiti,5,2,2,chilly,0.079499140381813,0.39157446808510654,-0.4823799133300781,-2.4138362407684326,1.9314563274383545,0.30050383039924783
105,tts_original,Is it chilly in Haiti,5,1,3,it,0.0719508156180381,0.06051063829787229,-0.4823799133300781,-0.7288224101066589,0.2464424967765808,0.23176382899982856
105,tts_original,Is it chilly in Haiti,5,4,4,Haiti,0.0538078024983406,0.5931156914893616,-0.4823799133300781,-2.4193177223205566,1.9369378089904785,0.43312277520017234
105,tts_original,Is it chilly in Haiti,5,3,5,in,0.0357672944664955,0.1411914893617019,-0.4823799133300781,-1.0900626182556152,0.6076827049255371,0.3652078379993327
108,tts_original,Explain the Open Innovation Funnel Model.,6,4,1,Funnel,0.0621352307498455,0.36162895927601824,-0.180106058716774,-0.8808461427688599,0.7007400840520859,0.3928632694999881
108,tts_original,Explain the Open Innovation Funnel Model.,6,3,2,Innovation,0.0536703616380691,0.5625339366515836,-0.180106058716774,-0.5775672793388367,0.3974612206220627,0.32849911550147226
108,tts_original,Explain the Open Innovation Funnel Model.,6,2,3,Open,0.0516998805105686,0.281266968325792,-0.180106058716774,-0.45407262444496155,0.27396656572818756,0.26393668050150154
108,tts_original,Explain the Open Innovation Funnel Model.,6,0,4,Explain,0.0391830503940582,0.5722550904977375,-0.180106058716774,-1.9938732385635376,1.8137671798467636,0.13881158283523595
108,tts_original,Explain the Open Innovation Funnel Model.,6,5,5,Model.,0.0332947634160518,0.3612098416289591,-0.180106058716774,-0.2722705900669098,0.0921645313501358,0.4526898416685678
108,tts_original,Explain the Open Innovation Funnel Model.,6,1,6,the,0.0067742587998509,0.09040723981900456,-0.180106058716774,-0.18013326823711395,2.720952033996582e-05,0.2004888445007964
109,tts_original,"Finally, can art influence reality?",5,4,1,reality?,0.0832262635231018,0.5185547752808994,-0.02308478206396103,-0.27415382862091064,0.2510690465569496,0.4917406391992699
109,tts_original,"Finally, can art influence reality?",5,2,2,art,0.0534511283040046,0.4620674157303366,-0.02308478206396103,-1.3555214405059814,1.3324366584420204,0.3251322373980656
109,tts_original,"Finally, can art influence reality?",5,3,3,influence,0.0347048714756965,0.5868005617977525,-0.02308478206396103,-1.560435175895691,1.5373503938317299,0.41704287079919594
109,tts_original,"Finally, can art influence reality?",5,0,4,"Finally,",0.0294545087963342,0.5420856741573032,-0.02308478206396103,-1.0304248332977295,1.0073400512337685,0.16985347619920504
109,tts_original,"Finally, can art influence reality?",5,1,5,can,0.0199482534080743,0.47430969101123566,-0.02308478206396103,-1.039034366607666,1.015949584543705,0.2469575309980428
110,tts_original,Which neural net architectures are there?,6,1,1,neural,0.0731100291013717,0.48229665071770356,-0.22996215522289276,-1.5037647485733032,1.2738025933504105,0.22660187383250255
110,tts_original,Which neural net architectures are there?,6,0,2,Which,0.0647846013307571,0.22070663875598084,-0.22996215522289276,-0.600590705871582,0.37062855064868927,0.15049681033269735
110,tts_original,Which neural net architectures are there?,6,3,3,architectures,0.0470486804842948,0.9244019138755981,-0.22996215522289276,-0.940203845500946,0.7102416902780533,0.35726777999904397
110,tts_original,Which neural net architectures are there?,6,4,4,are,0.0181307829916477,0.32153110047846933,-0.22996215522289276,-0.25080639123916626,0.0208442360162735,0.4058146908331158
110,tts_original,Which neural net architectures are there?,6,2,5,net,0.017346641048789,0.24114832535885178,-0.22996215522289276,-0.8005673885345459,0.5706052333116531,0.28679046016623033
110,tts_original,Which neural net architectures are there?,6,5,6,there?,0.004170523956418,0.46672667464114825,-0.22996215522289276,-0.8014343976974487,0.571472242474556,0.4751757608319167
112,tts_original,What is a scary Halloween costume idea?,7,4,1,Halloween,0.0617303736507892,0.5675625,-0.002785760210826993,-0.08047780394554138,0.07769204373471439,0.32113085214223247
112,tts_original,What is a scary Halloween costume idea?,7,5,2,costume,0.0591883286833763,0.38265734265734275,-0.002785760210826993,-0.21424472332000732,0.21145896310918033,0.37004496785604196
112,tts_original,What is a scary Halloween costume idea?,7,3,3,scary,0.0591571517288684,0.422937062937063,-0.002785760210826993,-0.37140870094299316,0.36862294073216617,0.2700496957134289
112,tts_original,What is a scary Halloween costume idea?,7,6,4,idea?,0.0403727293014526,0.5532298951048951,-0.002785760210826993,-0.3135172724723816,0.3107315122615546,0.4113677484274376
112,tts_original,What is a scary Halloween costume idea?,7,0,5,What,0.0116654206067323,0.200895541958042,-0.002785760210826993,-0.009771748445928097,0.006985988235101104,0.10533692142884579
112,tts_original,What is a scary Halloween costume idea?,7,2,6,a,0.003738764906302,0.040279720279720266,-0.002785760210826993,-0.0021097701974213123,-0.0006759900134056807,0.21144909957157715
112,tts_original,What is a scary Halloween costume idea?,7,1,7,is,0.001886561512947,0.08055944055944053,-0.002785760210826993,-0.0019874870777130127,-0.0007982731331139803,0.15237014857120812
113,tts_original,Teach me golden rules of accounting.,6,5,1,accounting.,0.119176410138607,0.7030501847290642,-0.0960313081741333,-1.4226313829421997,1.3266000747680664,0.42968912249974284
113,tts_original,Teach me golden rules of accounting.,6,2,2,golden,0.075956679880619,0.36177339901477823,-0.0960313081741333,-0.843338131904602,0.7473068237304688,0.24953469033304523
113,tts_original,Teach me golden rules of accounting.,6,3,3,rules,0.0452181175351142,0.29339778325123156,-0.0960313081741333,-0.14783544838428497,0.05180414021015167,0.3059593403328715
113,tts_original,Teach me golden rules of accounting.,6,0,4,Teach,0.0255053676664829,0.28093750000000006,-0.0960313081741333,-2.1323750019073486,2.0363436937332153,0.13357527916620407
113,tts_original,Teach me golden rules of accounting.,6,1,5,me,0.0240658279508352,0.12059113300492608,-0.0960313081741333,-0.655106782913208,0.5590754747390747,0.19109270649884516
113,tts_original,Teach me golden rules of accounting.,6,4,6,of,0.0066498662345111,0.08040086206896557,-0.0960313081741333,-0.08556144684553146,-0.010469861328601837,0.3590056068327006
114,tts_original,How long is the Three Gorges Dam?,7,5,1,Gorges,0.0915495604276657,0.3814054951690822,-0.01976417563855648,-0.9005607962608337,0.8807966206222773,0.395925197428109
114,tts_original,How long is the Three Gorges Dam?,7,0,2,How,0.0499214529991149,0.17038994565217402,-0.01976417563855648,-0.11132033914327621,0.09155616350471973,0.12155654085758474
114,tts_original,How long is the Three Gorges Dam?,7,1,3,long,0.0370358265936374,0.12044384057970992,-0.01976417563855648,-0.07922882586717606,0.059464650228619576,0.1815366525718543
114,tts_original,How long is the Three Gorges Dam?,7,4,4,Three,0.0162208247929811,0.24876962560386473,-0.01976417563855648,-0.29423239827156067,0.2744682226330042,0.3440339645707614
114,tts_original,How long is the Three Gorges Dam?,7,6,5,Dam?,0.0095809865742921,0.3208680555555552,-0.01976417563855648,-0.14773783087730408,0.1279736552387476,0.44291476771468297
114,tts_original,How long is the Three Gorges Dam?,7,3,6,the,0.0051868199370801,0.06022192028985507,-0.01976417563855648,-0.02481486089527607,0.005050685256719589,0.2825714007153043
114,tts_original,How long is the Three Gorges Dam?,7,2,7,is,0.0019471578998491,0.07025890700483095,-0.01976417563855648,-0.03875208646059036,0.018987910822033882,0.2239504645715767
115,tts_original,When was the first Assassin's Creed released?,7,4,1,Assassin's,0.1427702605724334,0.5414218749999997,-0.008578705601394176,-0.5054813027381897,0.4969025971367955,0.3515834834293595
115,tts_original,When was the first Assassin's Creed released?,7,5,2,Creed,0.0460916757583618,0.3308266782407405,-0.008578705601394176,-0.025291098281741142,0.016712392680346966,0.40701325800078586
115,tts_original,When was the first Assassin's Creed released?,7,3,3,first,0.0455127134919166,0.30882523148148144,-0.008578705601394176,-0.7840241193771362,0.775445413775742,0.30170147314285195
115,tts_original,When was the first Assassin's Creed released?,7,0,4,When,0.0291285626590251,0.2404589120370373,-0.008578705601394176,-0.021294275298714638,0.012715569697320461,0.14201966614304443
115,tts_original,When was the first Assassin's Creed released?,7,6,5,released?,0.0259569324553012,0.515390335648148,-0.008578705601394176,-0.02130730263888836,0.012728597037494183,0.46779941171449274
115,tts_original,When was the first Assassin's Creed released?,7,2,6,the,0.0117172105237841,0.060157986111111006,-0.008578705601394176,-0.010091692209243774,0.001512986607849598,0.24125390657198814
115,tts_original,When was the first Assassin's Creed released?,7,1,7,was,0.0010219383984804,0.18047395833333346,-0.008578705601394176,-0.011013386771082878,0.0024346811696887016,0.1807011747150682
116,tts_original,how to increase adiponectin levels?,5,0,1,how,0.0738744586706161,0.1804968891402715,-0.6045792698860168,-1.7598931789398193,1.1553139090538025,0.14264686740061733
116,tts_original,how to increase adiponectin levels?,5,2,2,increase,0.0722643956542015,0.5123076923076924,-0.6045792698860168,-1.0776638984680176,0.47308462858200073,0.2829635666013928
116,tts_original,how to increase adiponectin levels?,5,4,3,levels?,0.0541486404836177,0.7951875000000004,-0.6045792698860168,-1.9040597677230835,1.2994804978370667,0.4135700898012146
116,tts_original,how to increase adiponectin levels?,5,1,4,to,0.0156677179038524,0.06027149321266978,-0.6045792698860168,-0.7191081643104553,0.11452889442443848,0.21244241820240858
116,tts_original,how to increase adiponectin levels?,5,3,5,adiponectin,0.0046120155602693,1.2057576357466067,-0.6045792698860168,-3.546684741973877,2.94210547208786,0.34678296979982404
118,tts_original,What does it mean to be self-aware?,7,6,1,self-aware?,0.1026669964194297,0.602189549180328,-0.018711909651756287,-0.7723293900489807,0.7536174803972244,0.41956658171381733
118,tts_original,What does it mean to be self-aware?,7,0,2,What,0.0540223531424999,0.20045389344262288,-0.018711909651756287,-0.13992057740688324,0.12120866775512695,0.12286584371343322
118,tts_original,What does it mean to be self-aware?,7,3,3,mean,0.0369228050112724,0.3210491803278688,-0.018711909651756287,-0.025807512924075127,0.00709560327231884,0.2757426389996129
118,tts_original,What does it mean to be self-aware?,7,1,4,does,0.0140207502990961,0.21068852459016396,-0.018711909651756287,-0.015557161532342434,-0.0031547481194138527,0.17581423914193042
118,tts_original,What does it mean to be self-aware?,7,2,5,it,0.007603954989463,0.04013114754098357,-0.018711909651756287,-0.015716496855020523,-0.0029954127967357635,0.22896770428633317
118,tts_original,What does it mean to be self-aware?,7,4,6,to,0.0073468070477247,0.09036885245901627,-0.018711909651756287,-0.017776304855942726,-0.0009356047958135605,0.3229731128563539
118,tts_original,What does it mean to be self-aware?,7,5,7,be,4.3384265154600143e-05,0.08026229508196736,-0.018711909651756287,-0.018641209229826927,-7.070042192935944e-05,0.37339114700028275
119,tts_original,What is the national language of Chile?,7,6,1,Chile?,0.1448908597230911,0.36145439189189155,-0.007648010738193989,-1.0531877279281616,1.0455397171899676,0.4348955659994057
119,tts_original,What is the national language of Chile?,7,1,2,is,0.0570503324270248,0.1407567567567568,-0.007648010738193989,-0.009398272261023521,0.0017502615228295326,0.16341966385828396
119,tts_original,What is the national language of Chile?,7,4,3,language,0.0470203831791877,0.4021621621621623,-0.007648010738193989,-0.1251375675201416,0.11748955678194761,0.32890487857262735
119,tts_original,What is the national language of Chile?,7,0,4,What,0.0451590940356254,0.22075675675675677,-0.007648010738193989,-0.00951245054602623,0.001864439807832241,0.11759223714346133
119,tts_original,What is the national language of Chile?,7,2,5,the,0.0053534307517111,0.07037837837837824,-0.007648010738193989,-0.00976867601275444,0.0021206652745604515,0.21691019857202523
119,tts_original,What is the national language of Chile?,7,3,6,national,0.0015471666119992,0.361945945945946,-0.007648010738193989,-0.03010852262377739,0.0224605118855834,0.272125223857334
119,tts_original,What is the national language of Chile?,7,5,7,of,0.0004007172537967,0.060324324324323886,-0.007648010738193989,-0.007969561032950878,0.00032155029475688934,0.38415589685817914
120,tts_original,When was the Hoover Dam built?,6,3,1,Hoover,0.1844438016414642,0.34239362582781463,-0.009479697793722153,-0.4608648419380188,0.45138514414429665,0.35783157450108166
120,tts_original,When was the Hoover Dam built?,6,0,2,When,0.0447928123176097,0.24106291390728474,-0.009479697793722153,-0.09838326275348663,0.08890356495976448,0.12498611933309196
120,tts_original,When was the Hoover Dam built?,6,5,3,built?,0.0298278983682394,0.3942500000000002,-0.009479697793722153,-0.11298036575317383,0.10350066795945168,0.4950072728339971
120,tts_original,When was the Hoover Dam built?,6,1,4,was,0.0256468039005994,0.12079470198675502,-0.009479697793722153,-0.015113149769604206,0.005633451975882053,0.19603457233461086
120,tts_original,When was the Hoover Dam built?,6,2,5,the,0.0168184880167245,0.08052980132450327,-0.009479697793722153,-0.06932588666677475,0.0598461888730526,0.28751182466658065
120,tts_original,When was the Hoover Dam built?,6,4,6,Dam,0.0142893437296152,0.3221192052980131,-0.009479697793722153,-0.04025077819824219,0.030771080404520035,0.4283490768333043
121,tts_original,Who won the 2015 Vuelta a España?,3,0,1,Who,0.1767859607934951,0.6211221085409251,-0.0467972569167614,-1.4961354732513428,1.4493382163345814,0.26229433533444535
121,tts_original,Who won the 2015 Vuelta a España?,3,1,2,won,0.0200456790626049,0.4809928825622778,-0.0467972569167614,-0.11594273895025253,0.06914548203349113,0.4150688590016216
121,tts_original,Who won the 2015 Vuelta a España?,3,2,3,the,0.0010406872024759,0.2028362989323842,-0.0467972569167614,-0.039176102727651596,-0.007621154189109802,0.5404116699986238
123,tts_original,What can I do about my headache?,7,6,1,headache?,0.1089957654476165,0.843182894736842,-0.014447539113461971,-0.45214903354644775,0.4377014944329858,0.4224322278584753
123,tts_original,What can I do about my headache?,7,0,2,What,0.0513408407568931,0.28896315789473703,-0.014447539113461971,-0.022169042378664017,0.0077215032652020454,0.1121643842863185
123,tts_original,What can I do about my headache?,7,1,3,can,0.0413736663758754,0.16484868421052656,-0.014447539113461971,-0.03353452309966087,0.019086983986198902,0.16154456285793067
123,tts_original,What can I do about my headache?,7,4,4,about,0.0407104343175888,0.36151578947368423,-0.014447539113461971,-0.13352279365062714,0.11907525453716516,0.31160079142968505
123,tts_original,What can I do about my headache?,7,5,5,my,0.0203394573181867,0.18075789473684223,-0.014447539113461971,-0.012190456502139568,-0.002257082611322403,0.36627487885873833
123,tts_original,What can I do about my headache?,7,2,6,I,0.0035344618372619,0.020084210526315704,-0.014447539113461971,-0.014662410132586956,0.00021487101912498474,0.20972011728736106
123,tts_original,What can I do about my headache?,7,3,7,do,0.0027313726022839,0.2009078947368419,-0.014447539113461971,-0.015785135328769684,0.0013375962153077126,0.2571607678588147
124,tts_original,Tell how communism made cheaper medicine?,6,2,1,communism,0.0904314592480659,0.5801395547945204,-0.12068107724189758,-1.2140880823135376,1.09340700507164,0.2515033064992167
124,tts_original,Tell how communism made cheaper medicine?,6,5,2,medicine?,0.07010268419981,0.4827388698630135,-0.12068107724189758,-0.6279830932617188,0.5073020160198212,0.4413473941652531
124,tts_original,Tell how communism made cheaper medicine?,6,4,3,cheaper,0.0554621331393718,0.281917808219178,-0.12068107724189758,-0.885910153388977,0.7652290761470795,0.37480837250041077
124,tts_original,Tell how communism made cheaper medicine?,6,0,4,Tell,0.0115971285849809,0.24526113013698625,-0.12068107724189758,-1.0439343452453613,0.9232532680034637,0.12577639316684022
124,tts_original,Tell how communism made cheaper medicine?,6,3,5,made,0.0067018875852227,0.16109589041095873,-0.12068107724189758,-0.1986038088798523,0.07792273163795471,0.31296374849868397
124,tts_original,Tell how communism made cheaper medicine?,6,1,6,how,0.0050507471896708,0.1812328767123288,-0.12068107724189758,-0.12840712070465088,0.007726043462753296,0.18261558350059204
128,tts_original,Digital transformation project plan example,5,2,1,project,0.0553827434778213,0.5225521472392638,-0.4320175051689148,-0.7589032649993896,0.32688575983047485,0.31156595520151315
128,tts_original,Digital transformation project plan example,5,1,2,transformation,0.0487771704792976,0.8240245398773006,-0.4320175051689148,-0.5567971467971802,0.12477964162826538,0.22606510480109138
128,tts_original,Digital transformation project plan example,5,4,3,example,0.0479315966367721,0.5020333588957056,-0.4320175051689148,-0.6466004848480225,0.21458297967910767,0.458112056000391
128,tts_original,Digital transformation project plan example,5,0,4,Digital,0.0409411303699016,0.5021054447852761,-0.4320175051689148,-0.7772468328475952,0.3452293276786804,0.16699211560189725
128,tts_original,Digital transformation project plan example,5,3,5,plan,0.0402285270392894,0.28137423312883403,-0.4320175051689148,-0.6774212121963501,0.2454037070274353,0.3772071016021073
129,tts_original,What is farm to table dining?,6,2,1,farm,0.1345473378896713,0.3737435461956522,-0.12634819746017456,-1.211795687675476,1.0854474902153015,0.26882738549951074
129,tts_original,What is farm to table dining?,6,5,2,dining?,0.0594068765640258,0.562088994565217,-0.12634819746017456,-0.33615750074386597,0.2098093032836914,0.46462844183164026
129,tts_original,What is farm to table dining?,6,4,3,table,0.0312751233577728,0.4702364130434784,-0.12634819746017456,-0.44162943959236145,0.3152812421321869,0.40594560416502645
129,tts_original,What is farm to table dining?,6,0,4,What,0.0187499206513166,0.19670006793478279,-0.12634819746017456,-0.30974674224853516,0.1833985447883606,0.13271896733203903
129,tts_original,What is farm to table dining?,6,3,5,to,0.0078041418455541,0.040174592391304165,-0.12634819746017456,-0.08894643187522888,-0.03740176558494568,0.3327979411648509
129,tts_original,What is farm to table dining?,6,1,6,is,0.0066991350613534,0.14061107336956513,-0.12634819746017456,-0.18713219463825226,0.0607839971780777,0.1897232969980299
130,tts_original,What does Zabbaleen refer to?,5,2,1,Zabbaleen,0.1693282723426818,0.5432727272727274,-0.3115731477737427,-3.1531693935394287,2.841596245765686,0.31932974299998024
130,tts_original,What does Zabbaleen refer to?,5,0,2,What,0.0472810864448547,0.1928693181818183,-0.3115731477737427,-0.5885202884674072,0.27694714069366455,0.17977882460108957
130,tts_original,What does Zabbaleen refer to?,5,3,3,refer,0.0468005985021591,0.5231515151515154,-0.3115731477737427,-1.0020687580108643,0.6904956102371216,0.4113454986014403
130,tts_original,What does Zabbaleen refer to?,5,1,4,does,0.0173185244202613,0.18109090909090897,-0.3115731477737427,-0.43991756439208984,0.12834441661834717,0.23732498540193775
130,tts_original,What does Zabbaleen refer to?,5,4,5,to?,0.0039312364533543,0.12022348484848466,-0.3115731477737427,-0.29950854182243347,-0.012064605951309204,0.460615889399196
131,tts_original,Is a thumb war violent?,5,4,1,violent?,0.1171071901917457,0.5386875,-0.06642255187034607,-1.0111627578735352,0.9447402060031891,0.3717232082010014
131,tts_original,Is a thumb war violent?,5,2,2,thumb,0.0573178753256797,0.3039044117647059,-0.06642255187034607,-0.5944530963897705,0.5280305445194244,0.2615902384015499
131,tts_original,Is a thumb war violent?,5,3,3,war,0.043620117008686,0.261529411764706,-0.06642255187034607,-0.5260711908340454,0.45964863896369934,0.3097941698011709
131,tts_original,Is a thumb war violent?,5,0,4,Is,0.0293750595301389,0.1765,-0.06642255187034607,-0.19301025569438934,0.12658770382404327,0.11674737980065401
131,tts_original,Is a thumb war violent?,5,1,5,a,0.0005680202739313,0.04023529411764709,-0.06642255187034607,-0.06479617953300476,-0.0016263723373413086,0.18085676620248706
133,tts_original,Where can we find fish fillet?,6,0,1,Where,0.0684755817055702,0.24084415584415597,-0.11172159016132355,-0.1716413050889969,0.05991971492767334,0.1517119266670003
133,tts_original,Where can we find fish fillet?,6,4,2,fish,0.0587558262050151,0.26133035714285735,-0.11172159016132355,-1.0433632135391235,0.9316416233778,0.36445721916728263
133,tts_original,Where can we find fish fillet?,6,5,3,fillet?,0.0428556725382804,0.46206250000000004,-0.11172159016132355,-0.9115855097770691,0.7998639196157455,0.41977599316790776
133,tts_original,Where can we find fish fillet?,6,3,4,find,0.0359190106391906,0.2814545454545452,-0.11172159016132355,-0.4140702188014984,0.30234862864017487,0.31224715983262286
133,tts_original,Where can we find fish fillet?,6,1,5,can,0.0271840542554855,0.1407272727272728,-0.11172159016132355,-0.2531987428665161,0.14147715270519257,0.2094445708329052
133,tts_original,Where can we find fish fillet?,6,2,6,we,0.0030111316591501,0.10051948051948034,-0.11172159016132355,-0.6157693862915039,0.5040477961301804,0.2627105686672924
134,tts_original,Why do they call them soap opera?,7,5,1,soap,0.1091100201010704,0.2614207650273226,-0.04392188414931297,-0.2675020098686218,0.22358012571930885,0.40870766214253046
134,tts_original,Why do they call them soap opera?,7,6,2,opera?,0.0383312180638313,0.46251366120218584,-0.04392188414931297,-0.4238933324813843,0.3799714483320713,0.46977264471310526
134,tts_original,Why do they call them soap opera?,7,2,3,they,0.0126049276441335,0.10054644808743185,-0.04392188414931297,-0.05076383799314499,0.006841953843832016,0.25932689000079073
134,tts_original,Why do they call them soap opera?,7,0,4,Why,0.0095605896785855,0.26510450819672127,-0.04392188414931297,-0.06029892712831497,0.016377042979002,0.14544137442758906
134,tts_original,Why do they call them soap opera?,7,3,5,call,0.0084260469302535,0.1910382513661204,-0.04392188414931297,-0.05499599128961563,0.011074107140302658,0.31082431628601626
134,tts_original,Why do they call them soap opera?,7,4,6,them,0.0045678629539906,0.120655737704918,-0.04392188414931297,-0.13589918613433838,0.0919773019850254,0.3636045281434365
134,tts_original,Why do they call them soap opera?,7,1,7,do,0.0002988187479786,0.10054132513661207,-0.04392188414931297,-0.10123685002326965,0.05731496587395668,0.20044847242908354
136,tts_original,Why do we need artificial intelligence assistants?,7,4,1,artificial,0.0688209533691406,0.5735403726708073,-0.16126099228858948,-0.49765220284461975,0.3363912105560303,0.32609024200064596
136,tts_original,Why do we need artificial intelligence assistants?,7,6,2,assistants?,0.0412469208240509,0.6434611801242238,-0.16126099228858948,-0.4587158262729645,0.297454833984375,0.43440044957138263
136,tts_original,Why do we need artificial intelligence assistants?,7,5,3,intelligence,0.0264127664268016,0.5836024844720495,-0.16126099228858948,-0.09692907333374023,-0.06433191895484924,0.38536979542862226
136,tts_original,Why do we need artificial intelligence assistants?,7,0,4,Why,0.0040137590840458,0.20080007763975155,-0.16126099228858948,-0.061605218797922134,-0.09965577349066734,0.13660597414335435
136,tts_original,Why do we need artificial intelligence assistants?,7,3,5,need,0.0026185726746916,0.18111801242236025,-0.16126099228858948,-0.1201813593506813,-0.04107963293790817,0.28272585114297855
136,tts_original,Why do we need artificial intelligence assistants?,7,2,6,we,0.0025905901566147,0.08049689440993779,-0.16126099228858948,-0.15834465622901917,-0.0029163360595703125,0.2317550204295133
136,tts_original,Why do we need artificial intelligence assistants?,7,1,7,do,0.0012210132554173,0.1006071428571429,-0.16126099228858948,-0.11789099127054214,-0.04337000101804733,0.18111489100140585
137,tts_original,Who wrote the Federalist papers?,5,3,1,Federalist,0.0720093995332717,0.47078224522293,-0.09882970154285431,-0.81061851978302,0.7117888182401657,0.39284079739882144
137,tts_original,Who wrote the Federalist papers?,5,0,2,Who,0.0718859285116195,0.1706158439490446,-0.09882970154285431,-0.09462030977010727,-0.00420939177274704,0.15414171940064988
137,tts_original,Who wrote the Federalist papers?,5,1,3,wrote,0.0520859211683273,0.15095541401273893,-0.09882970154285431,-0.13664868474006653,0.03781898319721222,0.24085324940097053
137,tts_original,Who wrote the Federalist papers?,5,4,4,papers?,0.0494063422083854,0.26216003184713355,-0.09882970154285431,-0.08208291977643967,-0.016746781766414642,0.4726553568005329
137,tts_original,Who wrote the Federalist papers?,5,2,5,the,0.0375944189727306,0.060382165605095794,-0.09882970154285431,-0.11096833646297455,0.01213863492012024,0.3138364988000831
140,tts_original,When was the Epic of Gilgamesh discovered?,7,6,1,discovered?,0.090334877371788,0.6410416666666672,-0.02701970934867859,-0.6981196403503418,0.6710999310016632,0.4115046355727827
140,tts_original,When was the Epic of Gilgamesh discovered?,7,5,2,Gilgamesh,0.0803346186876297,0.6612708333333335,-0.02701970934867859,-0.0699089914560318,0.04288928210735321,0.37550327271414324
140,tts_original,When was the Epic of Gilgamesh discovered?,7,3,3,Epic,0.0735667198896408,0.2204387626262625,-0.02701970934867859,-0.0584850087761879,0.03146529942750931,0.2704178091433797
140,tts_original,When was the Epic of Gilgamesh discovered?,7,0,4,When,0.0253844112157821,0.2503292297979798,-0.02701970934867859,-0.03916610777378082,0.012146398425102234,0.122668812714567
140,tts_original,When was the Epic of Gilgamesh discovered?,7,4,5,of,0.0230796132236719,0.06011553030303052,-0.02701970934867859,-0.029007086530327797,0.001987377181649208,0.3258463380001818
140,tts_original,When was the Epic of Gilgamesh discovered?,7,1,6,was,0.0037596861366182,0.12023106060606081,-0.02701970934867859,-0.04120413586497307,0.01418442651629448,0.1786712350003654
140,tts_original,When was the Epic of Gilgamesh discovered?,7,2,7,the,0.0034897243604063,0.10019255050505027,-0.02701970934867859,-0.048349231481552124,0.021329522132873535,0.22955263971484133
141,tts_original,What currency is used in Romania?,6,5,1,Romania?,0.1239463463425636,0.6412286995515699,-0.005193415563553572,-0.2793757915496826,0.27418237598612905,0.41826747799980996
141,tts_original,What currency is used in Romania?,6,1,2,currency,0.0757777914404869,0.42080633408071755,-0.005193415563553572,-0.014766384847462177,0.009572969283908606,0.17024307849836381
141,tts_original,What currency is used in Romania?,6,0,3,What,0.0390119329094886,0.20824999999999982,-0.005193415563553572,-0.29698410630226135,0.2917906907387078,0.11846947366575478
141,tts_original,What currency is used in Romania?,6,3,4,used,0.0286240465939044,0.2604991591928256,-0.005193415563553572,-0.005888237152248621,0.0006948215886950493,0.28078576033294667
141,tts_original,What currency is used in Romania?,6,4,5,in,0.0103838648647069,0.07013438901345292,-0.005193415563553572,-0.004634093027561903,-0.0005593225359916687,0.3518349633329005
141,tts_original,What currency is used in Romania?,6,2,6,is,0.0023615574464201,0.1282317825112107,-0.005193415563553572,-0.006082234904170036,0.0008888193406164646,0.2245656609981476
142,tts_original,What does sui generis mean?,5,4,1,mean?,0.0781084448099136,0.44603108288770077,-0.7210447192192078,-1.493843913078308,0.7727991938591003,0.4429643761977786
142,tts_original,What does sui generis mean?,5,0,2,What,0.0523282960057258,0.1605531417112298,-0.7210447192192078,-1.0833841562271118,0.36233943700790405,0.13925202779937534
142,tts_original,What does sui generis mean?,5,1,3,does,0.0387287512421608,0.10053475935828882,-0.7210447192192078,-0.7933878898620605,0.07234317064285278,0.22606009039736819
142,tts_original,What does sui generis mean?,5,2,4,sui,0.0342376567423343,0.36192513368983925,-0.7210447192192078,-1.4843835830688477,0.7633388638496399,0.29395448619907255
142,tts_original,What does sui generis mean?,5,3,5,generis,0.0070283692330121,0.6234605614973261,-0.7210447192192078,-2.7585816383361816,2.037536919116974,0.3703866179974284
147,tts_original,Where did Julio Licinio go to school?,7,3,1,Licinio,0.0887103751301765,0.7012470794392529,-0.47470951080322266,-1.812264084815979,1.3375545740127563,0.29141101485791815
147,tts_original,Where did Julio Licinio go to school?,7,0,2,Where,0.0462060905992984,0.19632418224299064,-0.47470951080322266,-0.5148176550865173,0.04010814428329468,0.10803594628565147
147,tts_original,Where did Julio Licinio go to school?,7,1,3,did,0.0452542677521705,0.14024941588785067,-0.47470951080322266,-0.37727826833724976,-0.0974312424659729,0.1631203421441439
147,tts_original,Where did Julio Licinio go to school?,7,2,4,Julio,0.039696779102087,0.400678738317757,-0.47470951080322266,-1.3875974416732788,0.9128879308700562,0.23031472514308657
147,tts_original,Where did Julio Licinio go to school?,7,4,5,go,0.0396585315465927,0.12021378504672864,-0.47470951080322266,-0.49571937322616577,0.021009862422943115,0.3449151485713498
147,tts_original,Where did Julio Licinio go to school?,7,5,6,to,0.0292703285813331,0.08014252336448591,-0.47470951080322266,-0.5385110974311829,0.0638015866279602,0.4083940981425777
147,tts_original,Where did Julio Licinio go to school?,7,6,7,school?,0.0012501052115112,0.400514018691589,-0.47470951080322266,-0.4576772153377533,-0.01703229546546936,0.461171605000605
