sample_id,dataset_config,boundary_idx,transcript,audio_column,raw_time_sec,refined_time_sec,raw_flux,refined_flux,delta_time_ms
0,single_sentence_500,0,OH OH I I,audio__original,0.540877,0.460875,60.49445724487305,42.65960693359375,-80.00200000000007
0,single_sentence_500,1,OH OH I I,audio__original,0.681104,0.761234,24.275047302246094,1.1245933771133423,80.12999999999992
0,single_sentence_500,2,OH OH I I,audio__original,1.342175,0.9615,2.776298999786377,0.050236765295267105,-380.6749999999999
0,single_sentence_500,3,OH OH I I,audio__original,1.442338,1.522468,11.912994384765625,1.5028256177902222,80.13000000000004
0,single_sentence_500,4,OH OH I I,audio__original,1.903084,1.658625,15.333250045776367,0.02061125449836254,-244.45899999999997
0,single_sentence_500,5,OH OH I I,audio__original,1.923117,2.023279,25.67351531982422,4.064355373382568,100.16200000000009
0,single_sentence_500,6,OH OH I I,audio__original,2.884675,2.143474,3.7335400581359863,0.8046144843101501,-741.2010000000002
0,single_sentence_500,7,OH OH I I,audio__original,2.984838,2.984838,0.07981011271476746,0.07981011271476746,0.0
1,single_sentence_500,0,AND NOW I SAID,audio__original,0.583085,0.503062,17.668031692504883,0.16626273095607758,-80.02299999999995
1,single_sentence_500,1,AND NOW I SAID,audio__original,0.683617,0.683617,32.7038459777832,32.7038459777832,0.0
1,single_sentence_500,2,AND NOW I SAID,audio__original,0.764043,0.743936,44.18689727783203,63.74833679199219,-20.106999999999985
1,single_sentence_500,3,AND NOW I SAID,audio__original,0.904787,1.005319,121.2257308959961,1.9361004829406738,100.53200000000007
1,single_sentence_500,4,AND NOW I SAID,audio__original,1.266702,1.125957,0.4833100438117981,0.16419528424739838,-140.7449999999999
1,single_sentence_500,5,AND NOW I SAID,audio__original,1.306915,1.306915,14.664665222167969,14.664665222167969,0.0
1,single_sentence_500,6,AND NOW I SAID,audio__original,1.44766,1.38734,10.107990264892578,31.405500411987305,-60.31999999999993
1,single_sentence_500,7,AND NOW I SAID,audio__original,1.749255,1.749255,0.07287110388278961,0.07287110388278961,0.0
2,single_sentence_500,0,I AM VERY GLAD,audio__original,0.38181,0.38181,1.528908610343933,1.528908610343933,0.0
2,single_sentence_500,1,I AM VERY GLAD,audio__original,0.401905,0.452143,1.1333060264587402,1.0437897443771362,50.23800000000001
2,single_sentence_500,2,I AM VERY GLAD,audio__original,0.602857,0.562667,21.486431121826172,5.66755485534668,-40.18999999999995
2,single_sentence_500,3,I AM VERY GLAD,audio__original,0.683238,0.713381,11.990492820739746,25.644439697265625,30.14300000000003
2,single_sentence_500,4,I AM VERY GLAD,audio__original,1.085143,0.915937,80.97350311279297,0.09448589384555817,-169.20599999999996
2,single_sentence_500,5,I AM VERY GLAD,audio__original,1.326286,1.366476,32.882320404052734,14.07153606414795,40.18999999999995
2,single_sentence_500,6,I AM VERY GLAD,audio__original,1.466952,1.414625,102.56279754638672,0.9516953229904175,-52.32700000000001
2,single_sentence_500,7,I AM VERY GLAD,audio__original,2.009524,2.0695,0.000427392718847841,6.073978511267342e-05,59.976000000000255
3,single_sentence_500,0,MINSTREL A D J,audio__original,0.482182,0.402125,5.474331855773926,0.5618276596069336,-80.05699999999999
3,single_sentence_500,1,MINSTREL A D J,audio__original,0.944273,1.004545,21.754018783569336,0.4924153685569763,60.27199999999999
3,single_sentence_500,2,MINSTREL A D J,audio__original,1.446545,1.321,104.28120422363281,0.015106739476323128,-125.54500000000002
3,single_sentence_500,3,MINSTREL A D J,audio__original,1.466636,1.506818,105.34404754638672,87.37023162841797,40.18199999999994
3,single_sentence_500,4,MINSTREL A D J,audio__original,1.526909,1.526909,3.153563976287842,3.153563976287842,0.0
3,single_sentence_500,5,MINSTREL A D J,audio__original,1.547,1.547,1.8311505317687988,1.8311505317687988,0.0
3,single_sentence_500,6,MINSTREL A D J,audio__original,1.607273,1.587182,16.97496223449707,19.149389266967773,-20.09099999999986
3,single_sentence_500,7,MINSTREL A D J,audio__original,1.627364,1.695312,14.758424758911133,0.013231349177658558,67.9479999999999
4,single_sentence_500,0,NOW TO BED BOY,audio__original,0.442056,0.522,16.276010513305664,148.14999389648438,79.94400000000002
4,single_sentence_500,1,NOW TO BED BOY,audio__original,0.622897,0.723364,163.8980712890625,1.9749681949615479,100.46699999999997
4,single_sentence_500,2,NOW TO BED BOY,audio__original,0.803738,0.763551,6.709810733795166,1.9734411239624023,-40.18699999999997
4,single_sentence_500,3,NOW TO BED BOY,audio__original,0.864019,0.884112,10.542473793029785,8.163286209106445,20.09300000000003
4,single_sentence_500,4,NOW TO BED BOY,audio__original,0.984579,0.924299,115.47821807861328,3.3898844718933105,-60.28
4,single_sentence_500,5,NOW TO BED BOY,audio__original,1.225701,1.265888,1.3593415021896362,0.33794084191322327,40.18699999999997
4,single_sentence_500,6,NOW TO BED BOY,audio__original,1.426636,1.306075,183.3853759765625,0.22020894289016724,-120.56099999999992
4,single_sentence_500,7,NOW TO BED BOY,audio__original,1.667757,1.667757,40.79341506958008,40.79341506958008,0.0
5,single_sentence_500,0,O LOVE O TROTH,audio__original,0.38152,0.3015,92.72251892089844,0.14933288097381592,-80.02000000000004
5,single_sentence_500,1,O LOVE O TROTH,audio__original,0.42168,0.502,164.9373016357422,70.80683135986328,80.32000000000001
5,single_sentence_500,2,O LOVE O TROTH,audio__original,0.6024,0.57228,57.8753776550293,41.774166107177734,-30.120000000000037
5,single_sentence_500,3,O LOVE O TROTH,audio__original,0.84336,0.9036,0.49544602632522583,0.6145848035812378,60.23999999999996
5,single_sentence_500,4,O LOVE O TROTH,audio__original,1.48592,1.4,78.10749816894531,0.048257485032081604,-85.92
5,single_sentence_500,5,O LOVE O TROTH,audio__original,1.506,1.58632,198.53134155273438,10.92551040649414,80.31999999999995
5,single_sentence_500,6,O LOVE O TROTH,audio__original,1.7068,1.62648,8.818034172058105,4.665707111358643,-80.32000000000016
5,single_sentence_500,7,O LOVE O TROTH,audio__original,2.06824,2.148188,1.4249508380889893,0.11388647556304932,79.94800000000035
6,single_sentence_500,0,EVER YOUR'S W H,audio__original,0.5225,0.4425,66.0484848022461,0.24188680946826935,-79.99999999999996
6,single_sentence_500,1,EVER YOUR'S W H,audio__original,0.703365,0.743375,10.340800285339355,2.30820894241333,40.00999999999999
6,single_sentence_500,2,EVER YOUR'S W H,audio__original,0.823942,0.763654,19.502952575683594,2.5616400241851807,-60.2879999999999
6,single_sentence_500,3,EVER YOUR'S W H,audio__original,1.145481,1.225865,19.999330520629883,3.2960169315338135,80.38400000000001
6,single_sentence_500,4,EVER YOUR'S W H,audio__original,2.210577,1.802375,5.009154796600342,0.10576345026493073,-408.2019999999997
6,single_sentence_500,5,EVER YOUR'S W H,audio__original,2.250769,2.793365,18.926206588745117,2.0809757709503174,542.5960000000001
6,single_sentence_500,6,EVER YOUR'S W H,audio__original,2.87375,2.87375,0.40072259306907654,0.40072259306907654,0.0
6,single_sentence_500,7,EVER YOUR'S W H,audio__original,2.893846,2.893846,0.6011656522750854,0.6011656522750854,0.0
7,single_sentence_500,0,HE SAID WHY YOU,audio__original,0.281892,0.201875,0.41074374318122864,0.0065720900893211365,-80.01699999999998
7,single_sentence_500,1,HE SAID WHY YOU,audio__original,0.342297,0.442312,1.9451618194580078,0.7478806376457214,100.01499999999996
7,single_sentence_500,2,HE SAID WHY YOU,audio__original,0.563784,0.483243,22.537029266357422,37.949951171875,-80.54099999999997
7,single_sentence_500,3,HE SAID WHY YOU,audio__original,0.825541,0.845676,0.6978812217712402,0.4363764822483063,20.135000000000012
7,single_sentence_500,4,HE SAID WHY YOU,audio__original,1.671216,1.1945,52.933349609375,0.01083520520478487,-476.7160000000001
7,single_sentence_500,5,HE SAID WHY YOU,audio__original,1.852432,1.973243,14.600257873535156,2.3165764808654785,120.811
7,single_sentence_500,6,HE SAID WHY YOU,audio__original,2.053784,2.050187,0.0041834404692053795,0.0041834404692053795,-3.5969999999996283
7,single_sentence_500,7,HE SAID WHY YOU,audio__original,2.114189,2.053784,0.055031586438417435,0.0041834404692053795,-60.405000000000264
8,single_sentence_500,0,I KNEW YOU ALSO,audio__original,0.58478,0.50475,12.364500045776367,0.058903768658638,-80.02999999999993
8,single_sentence_500,1,I KNEW YOU ALSO,audio__original,0.604945,0.635192,61.878116607666016,61.14221954345703,30.247000000000025
8,single_sentence_500,2,I KNEW YOU ALSO,audio__original,0.766264,0.746099,95.11101531982422,51.01446533203125,-20.16499999999999
8,single_sentence_500,3,I KNEW YOU ALSO,audio__original,0.927582,0.967912,10.902243614196777,4.494781017303467,40.32999999999998
8,single_sentence_500,4,I KNEW YOU ALSO,audio__original,1.048571,1.038489,84.16288757324219,31.783464431762695,-10.081999999999924
8,single_sentence_500,5,I KNEW YOU ALSO,audio__original,1.129231,1.149396,43.80336380004883,106.6878433227539,20.16499999999999
8,single_sentence_500,6,I KNEW YOU ALSO,audio__original,1.270385,1.25022,72.20857238769531,54.204063415527344,-20.16499999999999
8,single_sentence_500,7,I KNEW YOU ALSO,audio__original,1.754341,1.786312,0.029479240998625755,0.0,31.97099999999997
9,single_sentence_500,0,TIED TO A WOMAN,audio__original,0.502016,0.422,12.930845260620117,11.175405502319336,-80.01600000000003
9,single_sentence_500,1,TIED TO A WOMAN,audio__original,0.863468,0.903629,0.0860004723072052,0.3043271601200104,40.161
9,single_sentence_500,2,TIED TO A WOMAN,audio__original,1.184758,1.103938,7.177091598510742,2.7494319510878995e-05,-80.8199999999999
9,single_sentence_500,3,TIED TO A WOMAN,audio__original,1.265081,1.265081,1.8605120182037354,1.8605120182037354,0.0
9,single_sentence_500,4,TIED TO A WOMAN,audio__original,1.405645,1.405645,6.314941883087158,6.314941883087158,0.0
9,single_sentence_500,5,TIED TO A WOMAN,audio__original,1.425726,1.425726,6.001923084259033,6.001923084259033,0.0
9,single_sentence_500,6,TIED TO A WOMAN,audio__original,1.526129,1.506048,3.0630791187286377,2.4966633319854736,-20.081000000000017
9,single_sentence_500,7,TIED TO A WOMAN,audio__original,2.008065,2.088062,0.00031728658359497786,6.352156196953729e-05,79.99699999999964
10,single_sentence_500,0,TO A MAN REVIEW,audio__original,0.180506,0.1005,31.301284790039062,0.007989774458110332,-80.006
10,single_sentence_500,1,TO A MAN REVIEW,audio__original,0.240674,0.240674,9.480762481689453,9.480762481689453,0.0
10,single_sentence_500,2,TO A MAN REVIEW,audio__original,0.361011,0.361011,65.30010223388672,65.30010223388672,0.0
10,single_sentence_500,3,TO A MAN REVIEW,audio__original,0.381067,0.381067,6.788981914520264,6.788981914520264,0.0
10,single_sentence_500,4,TO A MAN REVIEW,audio__original,0.501404,0.461292,28.4164981842041,14.978850364685059,-40.11199999999998
10,single_sentence_500,5,TO A MAN REVIEW,audio__original,0.661854,0.701966,3.9471280574798584,6.467584609985352,40.111999999999924
10,single_sentence_500,6,TO A MAN REVIEW,audio__original,2.547135,2.370312,136.6351318359375,0.0026373681612312794,-176.82299999999972
10,single_sentence_500,7,TO A MAN REVIEW,audio__original,2.88809,2.968062,59.49140167236328,27.40199851989746,79.97200000000015
11,single_sentence_500,0,AN AS FOR FEEDIN,audio__original,0.501359,0.421312,0.028135495260357857,0.00059511698782444,-80.04699999999998
11,single_sentence_500,1,AN AS FOR FEEDIN,audio__original,0.581576,0.60163,34.14956283569336,19.290882110595703,20.054000000000016
11,single_sentence_500,2,AN AS FOR FEEDIN,audio__original,0.762065,0.661793,43.6390380859375,118.36292266845703,-100.27200000000003
11,single_sentence_500,3,AN AS FOR FEEDIN,audio__original,0.9225,0.962609,4.2184977531433105,0.3180100917816162,40.10900000000006
11,single_sentence_500,4,AN AS FOR FEEDIN,audio__original,1.022772,1.022772,0.20365312695503235,0.20365312695503235,0.0
11,single_sentence_500,5,AN AS FOR FEEDIN,audio__original,1.123043,1.143098,69.20885467529297,4.5593180656433105,20.054999999999936
11,single_sentence_500,6,AN AS FOR FEEDIN,audio__original,1.263424,1.23925,73.52017211914062,0.2441597580909729,-24.17400000000014
11,single_sentence_500,7,AN AS FOR FEEDIN,audio__original,1.564239,1.644187,1.3970667123794556,0.6666128039360046,79.94800000000014
12,single_sentence_500,0,AND OH ANNE DEAR,audio__original,0.422211,0.374188,63.36262512207031,0.013033278286457062,-48.02299999999998
12,single_sentence_500,1,AND OH ANNE DEAR,audio__original,0.522737,0.562947,29.96742820739746,3.3368537425994873,40.209999999999965
12,single_sentence_500,2,AND OH ANNE DEAR,audio__original,0.743895,0.663062,11.656623840332031,0.09729767590761185,-80.83299999999993
12,single_sentence_500,3,AND OH ANNE DEAR,audio__original,0.844421,0.904737,5.546330451965332,40.42810821533203,60.31600000000004
12,single_sentence_500,4,AND OH ANNE DEAR,audio__original,1.085684,1.005,3.957214832305908,0.023461930453777313,-80.6840000000002
12,single_sentence_500,5,AND OH ANNE DEAR,audio__original,1.266632,1.326947,1.0061832666397095,47.59724807739258,60.31500000000012
12,single_sentence_500,6,AND OH ANNE DEAR,audio__original,1.467684,1.383125,10.820159912109375,0.18041390180587769,-84.55900000000005
12,single_sentence_500,7,AND OH ANNE DEAR,audio__original,1.648632,1.728625,49.121734619140625,11.944488525390625,79.99299999999998
13,single_sentence_500,0,AND WOOD AND SEA,audio__original,0.280603,0.200563,61.61165237426758,0.17943374812602997,-80.04
13,single_sentence_500,1,AND WOOD AND SEA,audio__original,0.380819,0.380819,44.25090408325195,44.25090408325195,0.0
13,single_sentence_500,2,AND WOOD AND SEA,audio__original,0.481034,0.460991,24.58705711364746,36.18379592895508,-20.043000000000035
13,single_sentence_500,3,AND WOOD AND SEA,audio__original,0.701509,0.741595,2.760880708694458,32.88711166381836,40.085999999999956
13,single_sentence_500,4,AND WOOD AND SEA,audio__original,1.1625,1.069813,85.1390380859375,0.04686405509710312,-92.68700000000018
13,single_sentence_500,5,AND WOOD AND SEA,audio__original,1.262716,1.274687,1.126114845275879,15.3733491897583,11.970999999999954
13,single_sentence_500,6,AND WOOD AND SEA,audio__original,1.443103,1.322845,118.15353393554688,264.423583984375,-120.25799999999998
13,single_sentence_500,7,AND WOOD AND SEA,audio__original,1.823922,1.903875,0.4474122226238251,0.02208482101559639,79.95299999999995
14,single_sentence_500,0,ELEVEN P M MAJOR,audio__original,0.301786,0.22175,27.327146530151367,0.04363379254937172,-80.036
14,single_sentence_500,1,ELEVEN P M MAJOR,audio__original,0.64381,0.704167,129.16651916503906,10.377297401428223,60.35699999999999
14,single_sentence_500,2,ELEVEN P M MAJOR,audio__original,0.784643,0.732313,6.739727973937988,0.27767977118492126,-52.329999999999984
14,single_sentence_500,3,ELEVEN P M MAJOR,audio__original,0.824881,0.824881,41.104122161865234,41.104122161865234,0.0
14,single_sentence_500,4,ELEVEN P M MAJOR,audio__original,1.166905,1.166905,3.804537296295166,3.804537296295166,0.0
14,single_sentence_500,5,ELEVEN P M MAJOR,audio__original,1.187024,1.2675,2.781235456466675,4.118453502655029,80.476
14,single_sentence_500,6,ELEVEN P M MAJOR,audio__original,2.615476,2.328313,172.61798095703125,0.0018371377373114228,-287.16300000000007
14,single_sentence_500,7,ELEVEN P M MAJOR,audio__original,2.977619,3.057562,2.006566047668457,0.039609894156455994,79.9430000000001
15,single_sentence_500,0,HOW WAS THAT HOW,audio__original,0.602812,0.522813,2.0531740188598633,0.012264569289982319,-79.99900000000004
15,single_sentence_500,1,HOW WAS THAT HOW,audio__original,0.703281,0.713328,30.433591842651367,17.205148696899414,10.046999999999917
15,single_sentence_500,2,HOW WAS THAT HOW,audio__original,0.763563,0.763563,15.107525825500488,15.107525825500488,0.0
15,single_sentence_500,3,HOW WAS THAT HOW,audio__original,0.864031,0.884125,1.1702723503112793,0.651458203792572,20.094000000000058
15,single_sentence_500,4,HOW WAS THAT HOW,audio__original,0.9645,0.924312,11.089656829833984,0.21585731208324432,-40.188
15,single_sentence_500,5,HOW WAS THAT HOW,audio__original,1.165437,1.173437,0.03494386002421379,0.021103305742144585,8.000000000000007
15,single_sentence_500,6,HOW WAS THAT HOW,audio__original,2.712656,1.670125,109.87045288085938,0.00029946467839181423,-1042.531
15,single_sentence_500,7,HOW WAS THAT HOW,audio__original,3.174812,3.214812,0.02462238073348999,0.0016906725941225886,39.99999999999959
16,single_sentence_500,0,I SLEEP ON A BED,audio__original,0.561522,0.4815,103.4314193725586,0.2127171754837036,-80.02199999999998
16,single_sentence_500,1,I SLEEP ON A BED,audio__original,0.581576,0.661793,203.87562561035156,5.736179351806641,80.21699999999998
16,single_sentence_500,2,I SLEEP ON A BED,audio__original,0.762065,0.762065,22.766292572021484,22.766292572021484,0.0
16,single_sentence_500,3,I SLEEP ON A BED,audio__original,1.042826,1.042826,0.018516257405281067,0.018516257405281067,0.0
16,single_sentence_500,4,I SLEEP ON A BED,audio__original,1.123043,1.102989,94.15293884277344,72.34574890136719,-20.054000000000016
16,single_sentence_500,5,I SLEEP ON A BED,audio__original,1.203261,1.24337,22.969905853271484,25.665441513061523,40.10900000000017
16,single_sentence_500,6,I SLEEP ON A BED,audio__original,1.484022,1.351562,42.54970169067383,0.06648573279380798,-132.46000000000004
16,single_sentence_500,7,I SLEEP ON A BED,audio__original,1.504076,1.644457,38.96918487548828,0.6669436097145081,140.38100000000009
16,single_sentence_500,8,I SLEEP ON A BED,audio__original,1.764783,1.764783,0.1303330957889557,0.1303330957889557,0.0
16,single_sentence_500,9,I SLEEP ON A BED,audio__original,1.824946,1.824946,0.0200076624751091,0.0200076624751091,0.0
17,single_sentence_500,0,IT IS THE DELUGE,audio__original,0.281029,0.201,14.353418350219727,0.00024266548280138522,-80.02899999999997
17,single_sentence_500,1,IT IS THE DELUGE,audio__original,0.361324,0.381397,0.011244049295783043,0.017830535769462585,20.073000000000008
17,single_sentence_500,2,IT IS THE DELUGE,audio__original,0.622279,0.513563,54.72686004638672,5.9702128055505455e-05,-108.71600000000004
17,single_sentence_500,3,IT IS THE DELUGE,audio__original,0.782868,0.823015,0.4634788930416107,0.6182067394256592,40.14700000000004
17,single_sentence_500,4,IT IS THE DELUGE,audio__original,0.943456,0.943456,7.848257064819336,7.848257064819336,0.0
17,single_sentence_500,5,IT IS THE DELUGE,audio__original,1.003676,1.003676,0.17704832553863525,0.17704832553863525,0.0
17,single_sentence_500,6,IT IS THE DELUGE,audio__original,1.385074,1.263875,22.807369232177734,3.393307633814402e-05,-121.19899999999984
17,single_sentence_500,7,IT IS THE DELUGE,audio__original,2.248235,2.328187,0.0008499133982695639,4.965805055689998e-05,79.95199999999957
18,single_sentence_500,0,LOOK AT THAT MAN,audio__original,0.642857,0.650813,4.3826212882995605,1.3674051761627197,7.955999999999963
18,single_sentence_500,1,LOOK AT THAT MAN,audio__original,0.84375,0.84375,0.14919452369213104,0.14919452369213104,0.0
18,single_sentence_500,2,LOOK AT THAT MAN,audio__original,1.024554,0.964286,21.240764617919922,0.3557535409927368,-60.26799999999999
18,single_sentence_500,3,LOOK AT THAT MAN,audio__original,1.084821,1.084821,0.32136186957359314,0.32136186957359314,0.0
18,single_sentence_500,4,LOOK AT THAT MAN,audio__original,1.145089,1.125,371.8810729980469,18.4506778717041,-20.089000000000024
18,single_sentence_500,5,LOOK AT THAT MAN,audio__original,1.265625,1.265625,0.4299240708351135,0.4299240708351135,0.0
18,single_sentence_500,6,LOOK AT THAT MAN,audio__original,1.40625,1.366071,66.18611907958984,29.715227127075195,-40.17899999999997
18,single_sentence_500,7,LOOK AT THAT MAN,audio__original,1.566964,1.646937,29.493606567382812,3.1246120929718018,79.97300000000007
19,single_sentence_500,0,NO SAID THE TREE,audio__original,0.643609,0.563562,17.769254684448242,0.4974009096622467,-80.04699999999998
19,single_sentence_500,1,NO SAID THE TREE,audio__original,0.764286,1.126316,248.64474487304688,5.549891471862793,362.0300000000001
19,single_sentence_500,2,NO SAID THE TREE,audio__original,1.709586,1.535125,81.25186920166016,0.041380494832992554,-174.46099999999998
19,single_sentence_500,3,NO SAID THE TREE,audio__original,1.870489,1.870489,0.08936423808336258,0.08936423808336258,0.0
19,single_sentence_500,4,NO SAID THE TREE,audio__original,1.910714,1.910714,12.804707527160645,12.804707527160645,0.0
19,single_sentence_500,5,NO SAID THE TREE,audio__original,1.971053,1.971053,1.5600464344024658,1.5600464344024658,0.0
19,single_sentence_500,6,NO SAID THE TREE,audio__original,2.051504,2.011278,25.883331298828125,70.69380187988281,-40.2260000000001
19,single_sentence_500,7,NO SAID THE TREE,audio__original,2.493985,2.573937,0.6865602135658264,0.3819018304347992,79.95200000000003
20,single_sentence_500,0,ONCE UPON A TIME,audio__original,0.544402,0.464375,32.73515701293945,0.003160871798172593,-80.02700000000007
20,single_sentence_500,1,ONCE UPON A TIME,audio__original,0.746033,0.766196,3.4318532943725586,2.3195858001708984,20.163000000000043
20,single_sentence_500,2,ONCE UPON A TIME,audio__original,0.826685,0.826685,5.99181604385376,5.99181604385376,0.0
20,single_sentence_500,3,ONCE UPON A TIME,audio__original,1.068641,1.088804,3.804161310195923,1.5146770477294922,20.163000000000153
20,single_sentence_500,4,ONCE UPON A TIME,audio__original,1.169457,1.169457,49.22365188598633,49.22365188598633,0.0
20,single_sentence_500,5,ONCE UPON A TIME,audio__original,1.18962,1.18962,0.856093168258667,0.856093168258667,0.0
20,single_sentence_500,6,ONCE UPON A TIME,audio__original,1.330761,1.229946,12.144688606262207,2.7480530738830566,-100.8150000000001
20,single_sentence_500,7,ONCE UPON A TIME,audio__original,1.794511,1.8545,0.00794687308371067,0.0022524825762957335,59.98900000000007
21,single_sentence_500,0,TO DAY I SHOUTED,audio__original,0.42375,0.343687,10.804983139038086,0.02296282909810543,-80.06299999999999
21,single_sentence_500,1,TO DAY I SHOUTED,audio__original,0.464107,0.504464,23.49146270751953,13.371587753295898,40.357000000000035
21,single_sentence_500,2,TO DAY I SHOUTED,audio__original,0.605357,0.524643,113.59170532226562,4.0175909996032715,-80.71400000000007
21,single_sentence_500,3,TO DAY I SHOUTED,audio__original,0.786964,0.867679,23.698991775512695,3.73673152923584,80.71499999999997
21,single_sentence_500,4,TO DAY I SHOUTED,audio__original,1.210714,1.081125,8.630340576171875,0.06868232786655426,-129.58900000000017
21,single_sentence_500,5,TO DAY I SHOUTED,audio__original,1.230893,1.27125,20.32852554321289,6.470510482788086,40.35699999999998
21,single_sentence_500,6,TO DAY I SHOUTED,audio__original,1.351964,1.331786,7.891499996185303,17.118040084838867,-20.17800000000003
21,single_sentence_500,7,TO DAY I SHOUTED,audio__original,1.816071,1.896062,0.03723016753792763,0.017113279551267624,79.99099999999993
22,single_sentence_500,0,AND LOVE BE FALSE,audio__original,0.261681,0.205625,50.25372314453125,0.08467967063188553,-56.056
22,single_sentence_500,1,AND LOVE BE FALSE,audio__original,0.382457,0.382457,5.934371471405029,5.934371471405029,0.0
22,single_sentence_500,2,AND LOVE BE FALSE,audio__original,0.543491,0.503233,55.64977264404297,25.29129409790039,-40.2579999999999
22,single_sentence_500,3,AND LOVE BE FALSE,audio__original,0.805172,0.845431,0.6549144387245178,0.1353352665901184,40.25900000000004
22,single_sentence_500,4,AND LOVE BE FALSE,audio__original,1.046724,0.946078,57.883235931396484,0.03266613557934761,-100.64600000000002
22,single_sentence_500,5,AND LOVE BE FALSE,audio__original,1.086983,1.1675,33.19381332397461,1.03755784034729,80.51699999999995
22,single_sentence_500,6,AND LOVE BE FALSE,audio__original,1.409052,1.32775,96.7675552368164,0.30156707763671875,-81.30199999999999
22,single_sentence_500,7,AND LOVE BE FALSE,audio__original,1.872026,1.872026,12.809508323669434,12.809508323669434,0.0
23,single_sentence_500,0,AND SO IN MY VIEW,audio__original,0.443929,0.363875,2.8321759700775146,0.0008097843965515494,-80.05400000000002
23,single_sentence_500,1,AND SO IN MY VIEW,audio__original,0.565,0.597,0.7732894420623779,0.23586460947990417,32.00000000000003
23,single_sentence_500,2,AND SO IN MY VIEW,audio__original,0.746607,0.645714,0.7439566850662231,3.100640296936035,-100.89300000000001
23,single_sentence_500,3,AND SO IN MY VIEW,audio__original,0.8475,1.0475,24.49703025817871,0.26026272773742676,200.00000000000006
23,single_sentence_500,4,AND SO IN MY VIEW,audio__original,1.331786,1.266375,1.7944884300231934,0.0005702130729332566,-65.41099999999989
23,single_sentence_500,5,AND SO IN MY VIEW,audio__original,1.392321,1.392321,0.06247599422931671,0.06247599422931671,0.0
23,single_sentence_500,6,AND SO IN MY VIEW,audio__original,1.533571,1.452857,6.25354528427124,0.17467989027500153,-80.71399999999996
23,single_sentence_500,7,AND SO IN MY VIEW,audio__original,1.614286,1.674821,24.39822769165039,4.146872043609619,60.53499999999978
23,single_sentence_500,8,AND SO IN MY VIEW,audio__original,1.816071,1.755536,0.3602123260498047,0.1333201676607132,-60.535000000000004
23,single_sentence_500,9,AND SO IN MY VIEW,audio__original,1.9775,2.057437,0.4092586934566498,0.5171179175376892,79.93700000000015
24,single_sentence_500,0,AND WHAT A SCREAM,audio__original,0.362755,0.28275,76.08171081542969,0.009822252206504345,-80.005
24,single_sentence_500,1,AND WHAT A SCREAM,audio__original,0.46352,0.473597,3.3753366470336914,1.0601093769073486,10.077000000000002
24,single_sentence_500,2,AND WHAT A SCREAM,audio__original,0.705357,0.634821,10.688621520996094,0.478385329246521,-70.53600000000004
24,single_sentence_500,3,AND WHAT A SCREAM,audio__original,0.886735,0.906888,0.392508864402771,0.4379550516605377,20.152999999999977
24,single_sentence_500,4,AND WHAT A SCREAM,audio__original,1.027806,1.027806,24.811216354370117,24.811216354370117,0.0
24,single_sentence_500,5,AND WHAT A SCREAM,audio__original,1.047959,1.047959,54.17285919189453,54.17285919189453,0.0
24,single_sentence_500,6,AND WHAT A SCREAM,audio__original,1.189031,1.189031,6.6715216636657715,6.6715216636657715,0.0
24,single_sentence_500,7,AND WHAT A SCREAM,audio__original,1.692857,1.772812,0.9396021962165833,0.22312584519386292,79.955
25,single_sentence_500,0,BY WHAT RIGHT SIR,audio__original,0.541174,0.461125,87.65495300292969,0.037367284297943115,-80.04900000000004
25,single_sentence_500,1,BY WHAT RIGHT SIR,audio__original,0.641391,0.741609,18.939916610717773,0.3905069828033447,100.21799999999992
25,single_sentence_500,2,BY WHAT RIGHT SIR,audio__original,0.881913,0.833688,4.636163234710693,0.4756631553173065,-48.224999999999966
25,single_sentence_500,3,BY WHAT RIGHT SIR,audio__original,1.042261,1.042261,0.05650544911623001,0.05650544911623001,0.0
25,single_sentence_500,4,BY WHAT RIGHT SIR,audio__original,1.242696,1.122435,16.586267471313477,0.9181122183799744,-120.26099999999995
25,single_sentence_500,5,BY WHAT RIGHT SIR,audio__original,1.463174,1.463174,0.11812128126621246,0.11812128126621246,0.0
25,single_sentence_500,6,BY WHAT RIGHT SIR,audio__original,1.643565,1.593457,3.4224603176116943,1.191161036491394,-50.10800000000004
25,single_sentence_500,7,BY WHAT RIGHT SIR,audio__original,1.803913,1.883875,30.923200607299805,0.3166038691997528,79.96199999999986
26,single_sentence_500,0,DEATH OF A FRIEND,audio__original,0.402752,0.32275,65.03369140625,0.04945531487464905,-80.00200000000002
26,single_sentence_500,1,DEATH OF A FRIEND,audio__original,0.624266,0.664541,12.968746185302734,0.8568823933601379,40.27500000000006
26,single_sentence_500,2,DEATH OF A FRIEND,audio__original,0.805505,0.805505,33.743953704833984,33.743953704833984,0.0
26,single_sentence_500,3,DEATH OF A FRIEND,audio__original,0.865917,0.865917,0.8595967292785645,0.8595967292785645,0.0
26,single_sentence_500,4,DEATH OF A FRIEND,audio__original,0.946468,0.946468,2.6334776878356934,2.6334776878356934,0.0
26,single_sentence_500,5,DEATH OF A FRIEND,audio__original,0.966606,0.966606,5.053725242614746,5.053725242614746,0.0
26,single_sentence_500,6,DEATH OF A FRIEND,audio__original,1.107569,1.057225,0.27426785230636597,2.2792179584503174,-50.343999999999944
26,single_sentence_500,7,DEATH OF A FRIEND,audio__original,1.69156,1.7355,0.073601134121418,0.006093855947256088,43.94000000000009
27,single_sentence_500,0,FACE AND FIGURE I,audio__original,0.32053,0.2405,110.38478088378906,1.3394103050231934,-80.02999999999999
27,single_sentence_500,1,FACE AND FIGURE I,audio__original,0.58096,0.600993,22.31033706665039,23.60774803161621,20.032999999999966
27,single_sentence_500,2,FACE AND FIGURE I,audio__original,0.721192,0.649062,14.068277359008789,0.14117810130119324,-72.13000000000002
27,single_sentence_500,3,FACE AND FIGURE I,audio__original,0.841391,0.861424,0.589200496673584,15.84667682647705,20.032999999999966
27,single_sentence_500,4,FACE AND FIGURE I,audio__original,0.981623,0.957562,5.260467529296875,2.594179153442383,-24.061
27,single_sentence_500,5,FACE AND FIGURE I,audio__original,1.22202,1.262086,2.3344311714172363,1.2878745794296265,40.06599999999993
27,single_sentence_500,6,FACE AND FIGURE I,audio__original,2.644371,1.382285,40.40113830566406,0.04312952607870102,-1262.086
27,single_sentence_500,7,FACE AND FIGURE I,audio__original,2.664404,2.584375,38.306583404541016,13.603090286254883,-80.02900000000012
28,single_sentence_500,0,I GIVE MY CONSENT,audio__original,0.544463,0.624437,187.67491149902344,16.447694778442383,79.97399999999999
28,single_sentence_500,1,I GIVE MY CONSENT,audio__original,0.564628,0.665455,92.44255828857422,14.94878101348877,100.827
28,single_sentence_500,2,I GIVE MY CONSENT,audio__original,0.766281,0.733938,11.438514709472656,0.7116384506225586,-32.34300000000001
28,single_sentence_500,3,I GIVE MY CONSENT,audio__original,0.967934,0.988099,0.2832438051700592,0.13511428236961365,20.16499999999999
28,single_sentence_500,4,I GIVE MY CONSENT,audio__original,1.230083,1.088926,64.1749496459961,22.023635864257812,-141.15699999999998
28,single_sentence_500,5,I GIVE MY CONSENT,audio__original,1.330909,1.41157,70.10025024414062,1.6088756322860718,80.66100000000009
28,single_sentence_500,6,I GIVE MY CONSENT,audio__original,1.512397,1.472066,1.446168303489685,17.6528263092041,-40.3309999999999
28,single_sentence_500,7,I GIVE MY CONSENT,audio__original,2.157686,2.237625,0.002431955887004733,0.0020382145885378122,79.93899999999998
29,single_sentence_500,0,IT IS REMARKED BY,audio__original,0.5418,0.46175,0.2963501214981079,0.16837118566036224,-80.04999999999995
29,single_sentence_500,1,IT IS REMARKED BY,audio__original,0.602,0.602,49.28840637207031,49.28840637207031,0.0
29,single_sentence_500,2,IT IS REMARKED BY,audio__original,0.642133,0.642133,249.0983123779297,249.0983123779297,0.0
29,single_sentence_500,3,IT IS REMARKED BY,audio__original,0.7224,0.732433,18.65751075744629,22.61681365966797,10.032999999999959
29,single_sentence_500,4,IT IS REMARKED BY,audio__original,0.7826,0.7826,45.47786331176758,45.47786331176758,0.0
29,single_sentence_500,5,IT IS REMARKED BY,audio__original,1.123733,1.123733,3.19146466255188,3.19146466255188,0.0
29,single_sentence_500,6,IT IS REMARKED BY,audio__original,1.4448,1.4448,0.4820411205291748,0.4820411205291748,0.0
29,single_sentence_500,7,IT IS REMARKED BY,audio__original,1.484933,1.484933,0.4422312080860138,0.4422312080860138,0.0
30,single_sentence_500,0,MAGNIFICENT A D J,audio__original,0.644354,0.564312,45.83334732055664,0.8836395740509033,-80.04199999999994
30,single_sentence_500,1,MAGNIFICENT A D J,audio__original,1.389388,1.42966,4.998801231384277,1.320605754852295,40.27199999999986
30,single_sentence_500,2,MAGNIFICENT A D J,audio__original,2.134422,1.598375,31.752849578857422,0.00230058329179883,-536.0469999999997
30,single_sentence_500,3,MAGNIFICENT A D J,audio__original,2.154558,2.174694,38.8914909362793,23.58406639099121,20.13599999999993
30,single_sentence_500,4,MAGNIFICENT A D J,audio__original,2.19483,2.19483,0.6712594032287598,0.6712594032287598,0.0
30,single_sentence_500,5,MAGNIFICENT A D J,audio__original,2.214966,2.370938,0.16878773272037506,0.012300712056457996,155.9720000000002
30,single_sentence_500,6,MAGNIFICENT A D J,audio__original,2.778776,2.778776,0.06908572465181351,0.06908572465181351,0.0
30,single_sentence_500,7,MAGNIFICENT A D J,audio__original,2.798912,2.878875,0.0680425837635994,0.044213879853487015,79.96299999999978
31,single_sentence_500,0,SO IT SEEMS TO ME,audio__original,0.645664,0.645664,40.146202087402344,40.146202087402344,0.0
31,single_sentence_500,1,SO IT SEEMS TO ME,audio__original,0.706195,0.706195,12.498865127563477,12.498865127563477,0.0
31,single_sentence_500,2,SO IT SEEMS TO ME,audio__original,0.827257,0.827257,22.259401321411133,22.259401321411133,0.0
31,single_sentence_500,3,SO IT SEEMS TO ME,audio__original,0.867611,0.867611,0.5709945559501648,0.5709945559501648,0.0
31,single_sentence_500,4,SO IT SEEMS TO ME,audio__original,0.948319,0.928142,81.95979309082031,67.58574676513672,-20.177
31,single_sentence_500,5,SO IT SEEMS TO ME,audio__original,1.190442,1.210619,81.90140533447266,153.9342041015625,20.17699999999989
31,single_sentence_500,6,SO IT SEEMS TO ME,audio__original,1.27115,1.250973,184.7731170654297,84.64596557617188,-20.177000000000113
31,single_sentence_500,7,SO IT SEEMS TO ME,audio__original,1.331681,1.715044,1.4613498449325562,0.2191079556941986,383.3630000000001
31,single_sentence_500,8,SO IT SEEMS TO ME,audio__original,1.815929,1.815929,0.06681099534034729,0.06681099534034729,0.0
31,single_sentence_500,9,SO IT SEEMS TO ME,audio__original,1.856283,1.93625,0.018135327845811844,0.05722308158874512,79.96700000000013
32,single_sentence_500,0,VERY WELL HE SAID,audio__original,0.66495,0.584937,10.44593334197998,1.5234304666519165,-80.013
32,single_sentence_500,1,VERY WELL HE SAID,audio__original,0.90675,0.94705,2.36155104637146,0.7069103121757507,40.300000000000004
32,single_sentence_500,2,VERY WELL HE SAID,audio__original,1.0478,0.999375,15.987324714660645,0.796562135219574,-48.425000000000054
32,single_sentence_500,3,VERY WELL HE SAID,audio__original,1.26945,1.30975,4.533666610717773,0.5110105276107788,40.300000000000004
32,single_sentence_500,4,VERY WELL HE SAID,audio__original,1.3702,1.35005,2.311898708343506,3.194575548171997,-20.150000000000112
32,single_sentence_500,5,VERY WELL HE SAID,audio__original,1.4105,1.4508,0.228256493806839,1.1328980922698975,40.300000000000004
32,single_sentence_500,6,VERY WELL HE SAID,audio__original,1.612,1.4911,7.263382911682129,0.5556797385215759,-120.9
32,single_sentence_500,7,VERY WELL HE SAID,audio__original,2.015,2.015,0.08498656004667282,0.08498656004667282,0.0
33,single_sentence_500,0,BUT NOW IN A FLASH,audio__original,0.480828,0.400813,0.23494935035705566,0.02165350876748562,-80.015
33,single_sentence_500,1,BUT NOW IN A FLASH,audio__original,0.560966,0.570983,5.394044399261475,3.6130974292755127,10.017000000000053
33,single_sentence_500,2,BUT NOW IN A FLASH,audio__original,0.701207,0.621069,2.87576961517334,15.819308280944824,-80.13800000000005
33,single_sentence_500,3,BUT NOW IN A FLASH,audio__original,0.881517,1.021759,7.522684574127197,0.9556499719619751,140.24200000000008
33,single_sentence_500,4,BUT NOW IN A FLASH,audio__original,1.883241,1.153938,21.261579513549805,0.02304292656481266,-729.303
33,single_sentence_500,5,BUT NOW IN A FLASH,audio__original,1.92331,1.933328,1.1649192571640015,1.472582221031189,10.01799999999986
33,single_sentence_500,6,BUT NOW IN A FLASH,audio__original,2.003448,2.003448,1.6858621835708618,1.6858621835708618,0.0
33,single_sentence_500,7,BUT NOW IN A FLASH,audio__original,2.023483,2.023483,0.676903486251831,0.676903486251831,0.0
33,single_sentence_500,8,BUT NOW IN A FLASH,audio__original,2.183759,2.175562,8.510971069335938,0.47761765122413635,-8.196999999999566
33,single_sentence_500,9,BUT NOW IN A FLASH,audio__original,2.604483,2.524437,29.959903717041016,6.040864944458008,-80.04600000000028
34,single_sentence_500,0,BUT YOU DON'T MEAN,audio__original,0.585686,0.505625,13.788862228393555,0.00044538304791785777,-80.06100000000005
34,single_sentence_500,1,BUT YOU DON'T MEAN,audio__original,0.686667,0.706863,1.031581163406372,0.1273604929447174,20.19599999999999
34,single_sentence_500,2,BUT YOU DON'T MEAN,audio__original,0.807843,0.747255,2.609344244003296,4.40475606918335,-60.58799999999997
34,single_sentence_500,3,BUT YOU DON'T MEAN,audio__original,0.888627,0.92902,3.58793044090271,1.982702374458313,40.393000000000015
34,single_sentence_500,4,BUT YOU DON'T MEAN,audio__original,1.03,0.989608,18.644874572753906,0.0034144192468374968,-40.39199999999998
34,single_sentence_500,5,BUT YOU DON'T MEAN,audio__original,1.332941,1.348937,0.04148139804601669,0.03729097172617912,15.996000000000121
34,single_sentence_500,6,BUT YOU DON'T MEAN,audio__original,1.514706,1.373333,2.649390935897827,0.1697370409965515,-141.3730000000002
34,single_sentence_500,7,BUT YOU DON'T MEAN,audio__original,1.979216,2.059188,0.00030653056455776095,0.00019559497013688087,79.97199999999971
35,single_sentence_500,0,DONE THE LATIN YES,audio__original,0.681118,0.645062,2.650529384613037,0.0297455545514822,-36.055999999999976
35,single_sentence_500,1,DONE THE LATIN YES,audio__original,0.841382,0.851398,3.5458924770355225,4.45333194732666,10.016000000000025
35,single_sentence_500,2,DONE THE LATIN YES,audio__original,0.90148,0.90148,11.079144477844238,11.079144477844238,0.0
35,single_sentence_500,3,DONE THE LATIN YES,audio__original,0.961579,0.961579,9.57398796081543,9.57398796081543,0.0
35,single_sentence_500,4,DONE THE LATIN YES,audio__original,1.041711,1.021678,22.547590255737305,9.782888412475586,-20.032999999999966
35,single_sentence_500,5,DONE THE LATIN YES,audio__original,1.322171,1.38227,8.172759056091309,3.0299906730651855,60.099000000000125
35,single_sentence_500,6,DONE THE LATIN YES,audio__original,2.624309,1.6625,63.22064208984375,0.0013131687883287668,-961.8089999999997
35,single_sentence_500,7,DONE THE LATIN YES,audio__original,2.824638,2.904625,7.9764018058776855,0.02678539603948593,79.98699999999958
36,single_sentence_500,0,EMILY AT THIS TIME,audio__original,0.582762,0.50275,109.20233917236328,0.008253732696175575,-80.01199999999997
36,single_sentence_500,1,EMILY AT THIS TIME,audio__original,0.864095,0.964571,84.63607025146484,4.478582382202148,100.47600000000001
36,single_sentence_500,2,EMILY AT THIS TIME,audio__original,1.346381,1.161063,64.96145629882812,0.00394674064591527,-185.3180000000001
36,single_sentence_500,3,EMILY AT THIS TIME,audio__original,1.406667,1.426762,0.6893328428268433,0.8064274191856384,20.095000000000198
36,single_sentence_500,4,EMILY AT THIS TIME,audio__original,1.466952,1.446857,107.89022827148438,0.20079711079597473,-20.094999999999974
36,single_sentence_500,5,EMILY AT THIS TIME,audio__original,1.607619,1.627714,2.3689398765563965,0.4444877505302429,20.095000000000198
36,single_sentence_500,6,EMILY AT THIS TIME,audio__original,1.72819,1.667905,57.71351623535156,3.955172300338745,-60.284999999999926
36,single_sentence_500,7,EMILY AT THIS TIME,audio__original,1.909048,1.989,17.823986053466797,3.2135672569274902,79.95200000000003
37,single_sentence_500,0,HE KNOWS THEM BOTH,audio__original,0.564421,0.484375,0.06771495193243027,0.05401766672730446,-80.04599999999995
37,single_sentence_500,1,HE KNOWS THEM BOTH,audio__original,0.624895,0.624895,43.63854217529297,43.63854217529297,0.0
37,single_sentence_500,2,HE KNOWS THEM BOTH,audio__original,0.685368,0.685368,11.0392427444458,11.0392427444458,0.0
37,single_sentence_500,3,HE KNOWS THEM BOTH,audio__original,0.866789,0.866789,8.392594337463379,8.392594337463379,0.0
37,single_sentence_500,4,HE KNOWS THEM BOTH,audio__original,0.907105,0.907105,0.05744190141558647,0.05744190141558647,0.0
37,single_sentence_500,5,HE KNOWS THEM BOTH,audio__original,1.028053,1.048211,77.74369049072266,14.241568565368652,20.157999999999898
37,single_sentence_500,6,HE KNOWS THEM BOTH,audio__original,1.149,1.092563,66.13230895996094,6.2117695808410645,-56.43700000000007
37,single_sentence_500,7,HE KNOWS THEM BOTH,audio__original,1.572316,1.592313,0.004148933570832014,0.01236515212804079,19.997000000000043
38,single_sentence_500,0,I DO THINK THIS IS,audio__original,0.643333,0.563312,55.692989349365234,0.0388016551733017,-80.02100000000002
38,single_sentence_500,1,I DO THINK THIS IS,audio__original,0.663438,0.743854,54.16879653930664,8.21955680847168,80.41600000000004
38,single_sentence_500,2,I DO THINK THIS IS,audio__original,0.824271,0.808187,5.617339134216309,0.05912508815526962,-16.08399999999999
38,single_sentence_500,3,I DO THINK THIS IS,audio__original,0.884583,0.944896,1.8455898761749268,8.732998847961426,60.31299999999995
38,single_sentence_500,4,I DO THINK THIS IS,audio__original,1.005208,0.997125,0.1894017457962036,0.3300633430480957,-8.083000000000062
38,single_sentence_500,5,I DO THINK THIS IS,audio__original,1.145938,1.145938,0.2421654909849167,0.2421654909849167,0.0
38,single_sentence_500,6,I DO THINK THIS IS,audio__original,1.20625,1.186146,90.78639221191406,0.37117964029312134,-20.10400000000012
38,single_sentence_500,7,I DO THINK THIS IS,audio__original,1.326875,1.326875,1.252785086631775,1.252785086631775,0.0
38,single_sentence_500,8,I DO THINK THIS IS,audio__original,1.387188,1.367083,0.8032311201095581,1.6800129413604736,-20.10500000000004
38,single_sentence_500,9,I DO THINK THIS IS,audio__original,1.4475,1.5275,1.6174581050872803,0.005870583932846785,80.00000000000007
39,single_sentence_500,0,I HAVE SAID ENOUGH,audio__original,0.606186,0.526125,38.19858169555664,0.0017751135164871812,-80.06100000000005
39,single_sentence_500,1,I HAVE SAID ENOUGH,audio__original,0.626392,0.646598,47.695472717285156,29.213233947753906,20.206000000000056
39,single_sentence_500,2,I HAVE SAID ENOUGH,audio__original,0.707216,0.697113,31.99744415283203,20.268692016601562,-10.102999999999973
39,single_sentence_500,3,I HAVE SAID ENOUGH,audio__original,0.828454,0.828454,9.782890319824219,9.782890319824219,0.0
39,single_sentence_500,4,I HAVE SAID ENOUGH,audio__original,0.969897,0.889072,14.216545104980469,18.22834014892578,-80.82500000000003
39,single_sentence_500,5,I HAVE SAID ENOUGH,audio__original,1.151753,1.151753,9.254711151123047,9.254711151123047,0.0
39,single_sentence_500,6,I HAVE SAID ENOUGH,audio__original,1.232577,1.212371,37.7103157043457,20.53074836730957,-20.205999999999946
39,single_sentence_500,7,I HAVE SAID ENOUGH,audio__original,1.778144,1.786125,0.0037315390072762966,0.002700429642572999,7.981000000000016
40,single_sentence_500,0,I WILL PRACTICE IT,audio__original,0.626327,0.546312,237.4644317626953,0.021868765354156494,-80.01499999999994
40,single_sentence_500,1,I WILL PRACTICE IT,audio__original,0.646531,0.686939,74.75055694580078,44.38664627075195,40.408
40,single_sentence_500,2,I WILL PRACTICE IT,audio__original,0.727347,0.715125,3.862107515335083,1.6621321439743042,-12.221999999999955
40,single_sentence_500,3,I WILL PRACTICE IT,audio__original,0.868776,0.868776,0.0002874743950087577,0.0002874743950087577,0.0
40,single_sentence_500,4,I WILL PRACTICE IT,audio__original,0.949592,0.909184,7.411187648773193,12.502296447753906,-40.408
40,single_sentence_500,5,I WILL PRACTICE IT,audio__original,1.313265,1.313265,1.2634035348892212,1.2634035348892212,0.0
40,single_sentence_500,6,I WILL PRACTICE IT,audio__original,1.394082,1.394082,124.21619415283203,124.21619415283203,0.0
40,single_sentence_500,7,I WILL PRACTICE IT,audio__original,1.616327,1.696312,7.321768498513848e-05,3.7781865103170276e-05,79.98499999999997
41,single_sentence_500,0,IN SKY SEA FLOWERS,audio__original,0.361788,0.31375,32.2049560546875,0.056181058287620544,-48.038000000000025
41,single_sentence_500,1,IN SKY SEA FLOWERS,audio__original,0.442185,0.482384,0.1304013580083847,1.416579246520996,40.198999999999984
41,single_sentence_500,2,IN SKY SEA FLOWERS,audio__original,0.60298,0.60298,7.339344501495361,7.339344501495361,0.0
41,single_sentence_500,3,IN SKY SEA FLOWERS,audio__original,0.90447,1.065265,6.914195537567139,0.8066499829292297,160.7949999999999
41,single_sentence_500,4,IN SKY SEA FLOWERS,audio__original,1.628046,1.425875,4.267004489898682,0.001210011076182127,-202.1710000000001
41,single_sentence_500,5,IN SKY SEA FLOWERS,audio__original,1.788841,1.929536,1.1738991737365723,0.05241849645972252,140.69500000000002
41,single_sentence_500,6,IN SKY SEA FLOWERS,audio__original,2.452119,2.117938,29.736364364624023,0.0005638869479298592,-334.18100000000004
41,single_sentence_500,7,IN SKY SEA FLOWERS,audio__original,2.914404,2.978375,29.75442123413086,0.002249697223305702,63.971000000000004
42,single_sentence_500,0,IT IS PERHAPS WELL,audio__original,0.46125,0.38125,64.95960998535156,0.005083911586552858,-80.00000000000001
42,single_sentence_500,1,IT IS PERHAPS WELL,audio__original,0.541467,0.541467,8.457517623901367,8.457517623901367,0.0
42,single_sentence_500,2,IT IS PERHAPS WELL,audio__original,0.621685,0.581576,6.656715393066406,10.565469741821289,-40.10900000000006
42,single_sentence_500,3,IT IS PERHAPS WELL,audio__original,0.721957,0.721957,46.25282669067383,46.25282669067383,0.0
42,single_sentence_500,4,IT IS PERHAPS WELL,audio__original,0.802174,0.778062,1.5884828567504883,0.0626160204410553,-24.112000000000023
42,single_sentence_500,5,IT IS PERHAPS WELL,audio__original,1.223315,1.24337,105.025390625,12.433515548706055,20.055000000000156
42,single_sentence_500,6,IT IS PERHAPS WELL,audio__original,1.323587,1.3075,8.4089994430542,0.04172358289361,-16.08699999999996
42,single_sentence_500,7,IT IS PERHAPS WELL,audio__original,1.584293,1.66425,4.874073028564453,0.25285595655441284,79.95700000000005
43,single_sentence_500,0,MARY JANE IS A MAN,audio__original,0.661587,0.661587,68.61001586914062,68.61001586914062,0.0
43,single_sentence_500,1,MARY JANE IS A MAN,audio__original,0.882115,0.912187,2.4505045413970947,3.9557743072509766,30.07199999999999
43,single_sentence_500,2,MARY JANE IS A MAN,audio__original,1.022452,0.99238,7.377564907073975,40.76881790161133,-30.071999999999875
43,single_sentence_500,3,MARY JANE IS A MAN,audio__original,1.263029,1.273053,3.857281446456909,8.228917121887207,10.024000000000033
43,single_sentence_500,4,MARY JANE IS A MAN,audio__original,1.363269,1.343221,40.08196258544922,40.34440231323242,-20.048000000000066
43,single_sentence_500,5,MARY JANE IS A MAN,audio__original,1.543702,1.623894,30.270771026611328,5.405190944671631,80.19200000000004
43,single_sentence_500,6,MARY JANE IS A MAN,audio__original,3.448269,2.384187,35.3381233215332,0.002545964438468218,-1064.0819999999999
43,single_sentence_500,7,MARY JANE IS A MAN,audio__original,3.468317,3.708894,51.25996017456055,0.018210114911198616,240.57700000000006
43,single_sentence_500,8,MARY JANE IS A MAN,audio__original,3.789087,3.789087,0.013381056487560272,0.013381056487560272,0.0
43,single_sentence_500,9,MARY JANE IS A MAN,audio__original,3.849231,3.849231,0.012628882192075253,0.012628882192075253,0.0
44,single_sentence_500,0,MISSUS L H HORNSBY,audio__original,0.362842,0.282813,14.48067569732666,0.08424597233533859,-80.02900000000001
44,single_sentence_500,1,MISSUS L H HORNSBY,audio__original,0.604737,0.624895,11.164875030517578,5.918551921844482,20.15800000000001
44,single_sentence_500,2,MISSUS L H HORNSBY,audio__original,0.806316,0.66925,23.927579879760742,0.05519786849617958,-137.06600000000003
44,single_sentence_500,3,MISSUS L H HORNSBY,audio__original,0.826474,0.866789,167.752685546875,2.0722692012786865,40.31499999999999
44,single_sentence_500,4,MISSUS L H HORNSBY,audio__original,1.088526,0.886947,6.694554328918457,0.7214255928993225,-201.57900000000006
44,single_sentence_500,5,MISSUS L H HORNSBY,audio__original,1.108684,1.128842,3.0635628700256348,1.1698849201202393,20.157999999999898
44,single_sentence_500,6,MISSUS L H HORNSBY,audio__original,1.189316,1.169158,2.453470230102539,26.318828582763672,-20.158000000000122
44,single_sentence_500,7,MISSUS L H HORNSBY,audio__original,1.592474,1.512438,17.544475555419922,0.719952404499054,-80.036
45,single_sentence_500,0,ONCE YOUNG NOW OLD,audio__original,0.440909,0.360875,12.091978073120117,0.04635527357459068,-80.03399999999999
45,single_sentence_500,1,ONCE YOUNG NOW OLD,audio__original,0.641322,0.651343,4.608933448791504,5.543650150299072,10.021000000000058
45,single_sentence_500,2,ONCE YOUNG NOW OLD,audio__original,0.76157,0.7335,12.440841674804688,1.165515661239624,-28.06999999999993
45,single_sentence_500,3,ONCE YOUNG NOW OLD,audio__original,1.002066,1.042149,0.17210997641086578,0.054963596165180206,40.08300000000009
45,single_sentence_500,4,ONCE YOUNG NOW OLD,audio__original,1.683471,1.142355,16.28738784790039,0.0023438301868736744,-541.116
45,single_sentence_500,5,ONCE YOUNG NOW OLD,audio__original,1.803719,1.863843,8.61718463897705,29.943605422973633,60.123999999999846
45,single_sentence_500,6,ONCE YOUNG NOW OLD,audio__original,2.044215,1.923967,3.8248045444488525,33.81061553955078,-120.2479999999999
45,single_sentence_500,7,ONCE YOUNG NOW OLD,audio__original,2.384917,2.384917,0.0037661981768906116,0.0037661981768906116,0.0
46,single_sentence_500,0,SATURDAY NIGHT W H,audio__original,0.601531,0.5215,60.377593994140625,16.077430725097656,-80.03100000000008
46,single_sentence_500,1,SATURDAY NIGHT W H,audio__original,1.002551,1.012577,26.21984100341797,19.01938247680664,10.02600000000009
46,single_sentence_500,2,SATURDAY NIGHT W H,audio__original,1.122857,1.092781,30.55225944519043,13.590328216552734,-30.075999999999993
46,single_sentence_500,3,SATURDAY NIGHT W H,audio__original,1.403571,1.403571,0.8718105554580688,0.8718105554580688,0.0
46,single_sentence_500,4,SATURDAY NIGHT W H,audio__original,2.787092,1.74,32.32975387573242,0.07432471960783005,-1047.0919999999999
46,single_sentence_500,5,SATURDAY NIGHT W H,audio__original,2.847245,3.17525,48.090396881103516,0.09271810203790665,328.0050000000001
46,single_sentence_500,6,SATURDAY NIGHT W H,audio__original,3.448776,3.440812,0.27612027525901794,0.5008585453033447,-7.96399999999986
46,single_sentence_500,7,SATURDAY NIGHT W H,audio__original,3.468827,3.448776,0.658147394657135,0.27612027525901794,-20.05100000000004
47,single_sentence_500,0,SHE'S A HANDY MAID,audio__original,0.542842,0.462813,86.81307983398438,6.7996826171875,-80.02900000000007
47,single_sentence_500,1,SHE'S A HANDY MAID,audio__original,0.743895,0.743895,349.1978454589844,349.1978454589844,0.0
47,single_sentence_500,2,SHE'S A HANDY MAID,audio__original,0.784105,0.784105,25.8813419342041,25.8813419342041,0.0
47,single_sentence_500,3,SHE'S A HANDY MAID,audio__original,0.804211,0.804211,30.68902015686035,30.68902015686035,0.0
47,single_sentence_500,4,SHE'S A HANDY MAID,audio__original,0.965053,0.914789,49.59003448486328,25.60158348083496,-50.26400000000009
47,single_sentence_500,5,SHE'S A HANDY MAID,audio__original,1.266632,1.286737,48.99078369140625,11.296947479248047,20.10500000000004
47,single_sentence_500,6,SHE'S A HANDY MAID,audio__original,1.407368,1.367158,14.59873104095459,57.41606140136719,-40.20999999999986
47,single_sentence_500,7,SHE'S A HANDY MAID,audio__original,1.729053,1.741,8.067042350769043,2.8271517753601074,11.947000000000152
48,single_sentence_500,0,SO HERE I AM AGAIN,audio__original,0.642105,0.682063,37.799354553222656,5.239052772521973,39.95799999999994
48,single_sentence_500,1,SO HERE I AM AGAIN,audio__original,0.7625,1.023355,14.028421401977539,0.9567559361457825,260.8550000000001
48,single_sentence_500,2,SO HERE I AM AGAIN,audio__original,1.846053,1.504934,9.600170135498047,0.008671993389725685,-341.11899999999997
48,single_sentence_500,3,SO HERE I AM AGAIN,audio__original,1.986513,1.986513,5.304466247558594,5.304466247558594,0.0
48,single_sentence_500,4,SO HERE I AM AGAIN,audio__original,2.066776,2.056743,7.1725664138793945,4.54338264465332,-10.032999999999959
48,single_sentence_500,5,SO HERE I AM AGAIN,audio__original,2.086842,2.096875,3.305027484893799,6.8942484855651855,10.032999999999959
48,single_sentence_500,6,SO HERE I AM AGAIN,audio__original,2.207237,2.177138,6.232609272003174,6.7868828773498535,-30.09900000000032
48,single_sentence_500,7,SO HERE I AM AGAIN,audio__original,2.2875,2.3075,0.2899717390537262,0.17643491923809052,20.000000000000018
48,single_sentence_500,8,SO HERE I AM AGAIN,audio__original,2.387829,2.387829,8.194161415100098,8.194161415100098,0.0
48,single_sentence_500,9,SO HERE I AM AGAIN,audio__original,2.889474,2.889474,0.016076458618044853,0.016076458618044853,0.0
49,single_sentence_500,0,TAKE A CUP OF RICE,audio__original,0.583034,0.503,1.4029834270477295,0.00011012265895260498,-80.03400000000005
49,single_sentence_500,1,TAKE A CUP OF RICE,audio__original,0.74387,0.74387,2.3000500202178955,2.3000500202178955,0.0
49,single_sentence_500,2,TAKE A CUP OF RICE,audio__original,0.804184,0.804184,4.323617935180664,4.323617935180664,0.0
49,single_sentence_500,3,TAKE A CUP OF RICE,audio__original,0.824289,0.824289,0.06062362715601921,0.06062362715601921,0.0
49,single_sentence_500,4,TAKE A CUP OF RICE,audio__original,0.924812,0.864498,1.727209210395813,0.002571115968748927,-60.31399999999998
49,single_sentence_500,5,TAKE A CUP OF RICE,audio__original,1.065544,1.065544,8.58220664667897e-06,8.58220664667897e-06,0.0
49,single_sentence_500,6,TAKE A CUP OF RICE,audio__original,1.166067,1.166067,4.99020528793335,4.99020528793335,0.0
49,single_sentence_500,7,TAKE A CUP OF RICE,audio__original,1.206276,1.206276,0.37054482102394104,0.37054482102394104,0.0
49,single_sentence_500,8,TAKE A CUP OF RICE,audio__original,1.326904,1.286695,23.79800033569336,19.08362579345703,-40.20900000000016
49,single_sentence_500,9,TAKE A CUP OF RICE,audio__original,1.809414,1.813375,2.1010273485444486e-06,5.649982881550386e-08,3.9609999999998813
50,single_sentence_500,0,THE GK FORTY THREE,audio__original,0.441111,0.397062,0.04898291453719139,0.05571339279413223,-44.04899999999995
50,single_sentence_500,1,THE GK FORTY THREE,audio__original,0.501263,0.521313,36.88955307006836,3.2169153690338135,20.05000000000001
50,single_sentence_500,2,THE GK FORTY THREE,audio__original,0.621566,0.565375,79.26488494873047,5.729501724243164,-56.19099999999999
50,single_sentence_500,3,THE GK FORTY THREE,audio__original,0.882222,1.042626,66.60602569580078,12.180848121643066,160.4040000000001
50,single_sentence_500,4,THE GK FORTY THREE,audio__original,1.142879,1.082727,1.1237400770187378,0.6794798374176025,-60.15199999999999
50,single_sentence_500,5,THE GK FORTY THREE,audio__original,1.363434,1.375438,1.3488332033157349,0.3823966383934021,12.003999999999904
50,single_sentence_500,6,THE GK FORTY THREE,audio__original,1.443636,1.403535,1.8715850114822388,1.047074317932129,-40.10099999999994
50,single_sentence_500,7,THE GK FORTY THREE,audio__original,1.644141,1.644141,17.84122085571289,17.84122085571289,0.0
51,single_sentence_500,0,WHICH HE COULD NOT,audio__original,0.641882,0.561875,73.54121398925781,14.979487419128418,-80.00699999999993
51,single_sentence_500,1,WHICH HE COULD NOT,audio__original,0.782294,0.792324,122.11112213134766,111.3730239868164,10.029999999999983
51,single_sentence_500,2,WHICH HE COULD NOT,audio__original,0.882588,0.882588,21.721054077148438,21.721054077148438,0.0
51,single_sentence_500,3,WHICH HE COULD NOT,audio__original,0.922706,0.922706,174.37228393554688,174.37228393554688,0.0
51,single_sentence_500,4,WHICH HE COULD NOT,audio__original,1.043059,1.012971,20.954479217529297,7.35757303237915,-30.087999999999894
51,single_sentence_500,5,WHICH HE COULD NOT,audio__original,1.183471,1.183471,18.045724868774414,18.045724868774414,0.0
51,single_sentence_500,6,WHICH HE COULD NOT,audio__original,1.323882,1.283765,178.49880981445312,64.74114990234375,-40.11699999999996
51,single_sentence_500,7,WHICH HE COULD NOT,audio__original,1.604706,1.604706,2.1951632499694824,2.1951632499694824,0.0
52,single_sentence_500,0,AFTER A FEW SECONDS,audio__original,0.583053,0.503,12.382410049438477,0.1643369197845459,-80.05300000000004
52,single_sentence_500,1,AFTER A FEW SECONDS,audio__original,0.784105,0.804211,25.081682205200195,6.497199535369873,20.10599999999996
52,single_sentence_500,2,AFTER A FEW SECONDS,audio__original,0.844421,0.844421,10.33806324005127,10.33806324005127,0.0
52,single_sentence_500,3,AFTER A FEW SECONDS,audio__original,0.864526,0.864526,2.2753524780273438,2.2753524780273438,0.0
52,single_sentence_500,4,AFTER A FEW SECONDS,audio__original,0.965053,0.924842,8.568352699279785,33.24864196777344,-40.211
52,single_sentence_500,5,AFTER A FEW SECONDS,audio__original,1.065579,1.075632,32.909664154052734,40.45046615600586,10.052999999999868
52,single_sentence_500,6,AFTER A FEW SECONDS,audio__original,1.166105,1.166105,4.494339942932129,4.494339942932129,0.0
52,single_sentence_500,7,AFTER A FEW SECONDS,audio__original,1.588316,1.508312,114.0946273803711,0.7166357636451721,-80.00399999999996
53,single_sentence_500,0,AHEM A COMMON RUMOR,audio__original,0.18072,0.100687,16.659833908081055,0.00177837535738945,-80.03299999999999
53,single_sentence_500,1,AHEM A COMMON RUMOR,audio__original,0.42168,0.52208,10.13004207611084,0.02905355952680111,100.39999999999999
53,single_sentence_500,2,AHEM A COMMON RUMOR,audio__original,1.14456,0.63025,5.574709415435791,9.008956840261817e-05,-514.3100000000001
53,single_sentence_500,3,AHEM A COMMON RUMOR,audio__original,1.16464,1.16464,0.0449233315885067,0.0449233315885067,0.0
53,single_sentence_500,4,AHEM A COMMON RUMOR,audio__original,1.28512,1.2048,9.258417129516602,0.028293050825595856,-80.31999999999995
53,single_sentence_500,5,AHEM A COMMON RUMOR,audio__original,1.56624,1.59636,11.505099296569824,19.429298400878906,30.119999999999926
53,single_sentence_500,6,AHEM A COMMON RUMOR,audio__original,1.66664,1.6566,24.957426071166992,24.023635864257812,-10.039999999999827
53,single_sentence_500,7,AHEM A COMMON RUMOR,audio__original,1.92768,2.007625,0.24846979975700378,0.0014178021810948849,79.94499999999994
54,single_sentence_500,0,ALL ARE MAN HUNTERS,audio__original,0.644772,0.644772,472.66552734375,472.66552734375,0.0
54,single_sentence_500,1,ALL ARE MAN HUNTERS,audio__original,0.785816,0.805965,68.8514175415039,49.44397735595703,20.149000000000083
54,single_sentence_500,2,ALL ARE MAN HUNTERS,audio__original,0.886562,0.866413,74.3668441772461,105.83100891113281,-20.148999999999972
54,single_sentence_500,3,ALL ARE MAN HUNTERS,audio__original,0.967158,0.967158,16.496200561523438,16.496200561523438,0.0
54,single_sentence_500,4,ALL ARE MAN HUNTERS,audio__original,1.047755,1.027606,12.490506172180176,22.718624114990234,-20.148999999999972
54,single_sentence_500,5,ALL ARE MAN HUNTERS,audio__original,1.188799,1.228813,15.938976287841797,0.3552881181240082,40.013999999999996
54,single_sentence_500,6,ALL ARE MAN HUNTERS,audio__original,1.289545,1.269395,2.0552334785461426,1.5083746910095215,-20.149999999999892
54,single_sentence_500,7,ALL ARE MAN HUNTERS,audio__original,1.672378,1.592375,2.129483938217163,0.07346726208925247,-80.00299999999983
55,single_sentence_500,0,AND DON'T YER SPEAK,audio__original,0.563415,0.511375,90.90921783447266,0.004798445384949446,-52.03999999999998
55,single_sentence_500,1,AND DON'T YER SPEAK,audio__original,0.643902,0.664024,3.3030178546905518,1.2403233051300049,20.12199999999997
55,single_sentence_500,2,AND DON'T YER SPEAK,audio__original,0.704268,0.688187,137.19305419921875,0.18650458753108978,-16.08100000000001
55,single_sentence_500,3,AND DON'T YER SPEAK,audio__original,0.865244,0.865244,1.3956011533737183,1.3956011533737183,0.0
55,single_sentence_500,4,AND DON'T YER SPEAK,audio__original,0.905488,0.885366,37.00373077392578,24.751262664794922,-20.12199999999997
55,single_sentence_500,5,AND DON'T YER SPEAK,audio__original,1.006098,1.02622,58.14694595336914,79.66746520996094,20.12199999999997
55,single_sentence_500,6,AND DON'T YER SPEAK,audio__original,1.066463,1.066463,9.257622718811035,9.257622718811035,0.0
55,single_sentence_500,7,AND DON'T YER SPEAK,audio__original,1.287805,1.25975,0.00023381153005175292,6.035498358869518e-07,-28.055000000000163
56,single_sentence_500,0,AND I BOUGHT THINGS,audio__original,0.32252,0.2625,21.151275634765625,0.032343827188014984,-60.01999999999996
56,single_sentence_500,1,AND I BOUGHT THINGS,audio__original,0.443465,0.463622,4.24920654296875,48.68370819091797,20.156999999999982
56,single_sentence_500,2,AND I BOUGHT THINGS,audio__original,0.624882,0.532062,10.960332870483398,0.04434649646282196,-92.82000000000001
56,single_sentence_500,3,AND I BOUGHT THINGS,audio__original,0.645039,0.705,10.233663558959961,8.030311584472656,59.96099999999993
56,single_sentence_500,4,AND I BOUGHT THINGS,audio__original,0.967559,0.84225,7.188453197479248,0.05541670694947243,-125.3089999999999
56,single_sentence_500,5,AND I BOUGHT THINGS,audio__original,1.269921,1.269921,0.5287073850631714,0.5287073850631714,0.0
56,single_sentence_500,6,AND I BOUGHT THINGS,audio__original,1.451339,1.350551,4.630133628845215,0.4092954993247986,-100.78799999999988
56,single_sentence_500,7,AND I BOUGHT THINGS,audio__original,1.874646,1.794625,6.877852439880371,0.9121074080467224,-80.02100000000011
57,single_sentence_500,0,AT YOUR SERVICE SIR,audio__original,0.642462,0.722437,19.137197494506836,0.15744459629058838,79.97500000000002
57,single_sentence_500,1,AT YOUR SERVICE SIR,audio__original,0.742846,0.742846,1.6647942066192627,1.6647942066192627,0.0
57,single_sentence_500,2,AT YOUR SERVICE SIR,audio__original,0.843231,0.843063,1.5568639039993286,1.5568639039993286,-0.16799999999994597
57,single_sentence_500,3,AT YOUR SERVICE SIR,audio__original,0.983769,1.003846,7.097445487976074,1.6641719341278076,20.077000000000012
57,single_sentence_500,4,AT YOUR SERVICE SIR,audio__original,1.124308,1.124308,2.1239302158355713,2.1239302158355713,0.0
57,single_sentence_500,5,AT YOUR SERVICE SIR,audio__original,1.545923,1.566,7.2085442543029785,6.272416114807129,20.077000000000123
57,single_sentence_500,6,AT YOUR SERVICE SIR,audio__original,1.726615,1.726615,0.28450673818588257,0.28450673818588257,0.0
57,single_sentence_500,7,AT YOUR SERVICE SIR,audio__original,2.168308,2.168308,0.013486805371940136,0.013486805371940136,0.0
58,single_sentence_500,0,BUT NO HAND SHAKING,audio__original,0.462277,0.38225,56.48477554321289,0.5713238716125488,-80.02700000000002
58,single_sentence_500,1,BUT NO HAND SHAKING,audio__original,0.562772,0.562772,2.3656253814697266,2.3656253814697266,0.0
58,single_sentence_500,2,BUT NO HAND SHAKING,audio__original,0.663267,0.623069,189.22401428222656,5.308095932006836,-40.198000000000064
58,single_sentence_500,3,BUT NO HAND SHAKING,audio__original,0.723564,0.773812,22.416101455688477,9.64303970336914,50.24800000000007
58,single_sentence_500,4,BUT NO HAND SHAKING,audio__original,0.944653,0.924554,40.180694580078125,7.803977966308594,-20.09899999999998
58,single_sentence_500,5,BUT NO HAND SHAKING,audio__original,1.205941,1.306436,75.44998168945312,9.52441692352295,100.495
58,single_sentence_500,6,BUT NO HAND SHAKING,audio__original,1.406931,1.376782,17.36690330505371,10.718315124511719,-30.14899999999998
58,single_sentence_500,7,BUT NO HAND SHAKING,audio__original,1.748614,1.828563,29.2794246673584,5.412109375,79.94900000000004
59,single_sentence_500,0,DON CLAVIJO BEING A,audio__original,0.463966,0.399938,10.735424041748047,0.013611461967229843,-64.02799999999998
59,single_sentence_500,1,DON CLAVIJO BEING A,audio__original,0.625345,0.66569,31.761913299560547,45.782447814941406,40.34499999999996
59,single_sentence_500,2,DON CLAVIJO BEING A,audio__original,0.746379,0.706034,12.501916885375977,0.8687530755996704,-40.34499999999996
59,single_sentence_500,3,DON CLAVIJO BEING A,audio__original,1.08931,1.210345,149.90989685058594,17.75922966003418,121.035
59,single_sentence_500,4,DON CLAVIJO BEING A,audio__original,1.351552,1.307,98.39125061035156,0.01046669576317072,-44.55200000000015
59,single_sentence_500,5,DON CLAVIJO BEING A,audio__original,1.533103,1.54319,57.50756072998047,48.28081130981445,10.086999999999957
59,single_sentence_500,6,DON CLAVIJO BEING A,audio__original,1.694483,1.694483,0.1740676611661911,0.1740676611661911,0.0
59,single_sentence_500,7,DON CLAVIJO BEING A,audio__original,1.714655,1.734625,0.10230981558561325,0.024709371849894524,19.97000000000004
60,single_sentence_500,0,FOR ASKED THE INCAS,audio__original,0.625284,0.54525,144.22564697265625,0.2304706871509552,-80.03399999999993
60,single_sentence_500,1,FOR ASKED THE INCAS,audio__original,0.786648,0.846625,145.651123046875,11.385313034057617,59.97699999999995
60,single_sentence_500,2,FOR ASKED THE INCAS,audio__original,0.968182,0.8875,35.92336654663086,31.723119735717773,-80.68200000000003
60,single_sentence_500,3,FOR ASKED THE INCAS,audio__original,1.109375,1.109375,0.08529885858297348,0.08529885858297348,0.0
60,single_sentence_500,4,FOR ASKED THE INCAS,audio__original,1.149716,1.149716,38.76144027709961,38.76144027709961,0.0
60,single_sentence_500,5,FOR ASKED THE INCAS,audio__original,1.210227,1.210227,4.897862434387207,4.897862434387207,0.0
60,single_sentence_500,6,FOR ASKED THE INCAS,audio__original,1.290909,1.250568,10.048067092895508,28.84078025817871,-40.34100000000018
60,single_sentence_500,7,FOR ASKED THE INCAS,audio__original,1.633807,1.67375,54.44279861450195,0.10255245864391327,39.94300000000006
61,single_sentence_500,0,HE NODS HIS CONSENT,audio__original,0.40084,0.356812,0.5347906351089478,0.0014793409500271082,-44.027999999999956
61,single_sentence_500,1,HE NODS HIS CONSENT,audio__original,0.440924,0.440924,40.98097229003906,40.98097229003906,0.0
61,single_sentence_500,2,HE NODS HIS CONSENT,audio__original,0.601261,0.561176,90.23712921142578,15.267662048339844,-40.085000000000036
61,single_sentence_500,3,HE NODS HIS CONSENT,audio__original,0.921933,0.962017,7.9023613929748535,9.084575653076172,40.08400000000001
61,single_sentence_500,4,HE NODS HIS CONSENT,audio__original,1.042185,1.022143,2.7862961292266846,1.3845641613006592,-20.041999999999895
61,single_sentence_500,5,HE NODS HIS CONSENT,audio__original,1.162437,1.182479,19.833885192871094,5.850259780883789,20.042000000000115
61,single_sentence_500,6,HE NODS HIS CONSENT,audio__original,1.242605,1.222563,9.40343189239502,0.2120112180709839,-20.041999999999895
61,single_sentence_500,7,HE NODS HIS CONSENT,audio__original,1.924034,2.004,0.007430670317262411,9.720708931126865e-07,79.96599999999998
62,single_sentence_500,0,HER AUNT INDEED AND,audio__original,0.624471,0.544438,0.34302639961242676,6.94234186084941e-05,-80.03300000000002
62,single_sentence_500,1,HER AUNT INDEED AND,audio__original,0.705048,0.705048,3.9034085273742676,3.9034085273742676,0.0
62,single_sentence_500,2,HER AUNT INDEED AND,audio__original,0.805769,0.745337,126.89888763427734,11.227863311767578,-60.43199999999993
62,single_sentence_500,3,HER AUNT INDEED AND,audio__original,0.966923,0.966923,4.351971626281738,4.351971626281738,0.0
62,single_sentence_500,4,HER AUNT INDEED AND,audio__original,1.0475,1.0475,20.69793701171875,20.69793701171875,0.0
62,single_sentence_500,5,HER AUNT INDEED AND,audio__original,1.530962,1.57125,0.740990936756134,0.6110533475875854,40.2880000000001
62,single_sentence_500,6,HER AUNT INDEED AND,audio__original,1.732404,1.631683,38.47572326660156,0.6701673865318298,-100.72100000000006
62,single_sentence_500,7,HER AUNT INDEED AND,audio__original,1.994279,1.97825,0.0004035491729155183,0.00019195694767404348,-16.028999999999847
63,single_sentence_500,0,I'VE ONLY JUST COME,audio__original,0.464381,0.384375,89.8569107055664,14.039183616638184,-80.00599999999997
63,single_sentence_500,1,I'VE ONLY JUST COME,audio__original,0.646095,0.646095,72.9816665649414,72.9816665649414,0.0
63,single_sentence_500,2,I'VE ONLY JUST COME,audio__original,0.726857,0.686476,69.53182983398438,1.263175129890442,-40.381
63,single_sentence_500,3,I'VE ONLY JUST COME,audio__original,1.009524,1.029714,0.5614815354347229,3.66863751411438,20.18999999999993
63,single_sentence_500,4,I'VE ONLY JUST COME,audio__original,1.150857,1.110476,11.967982292175293,0.5390374660491943,-40.381
63,single_sentence_500,5,I'VE ONLY JUST COME,audio__original,1.372952,1.393143,0.06245045363903046,0.0033027874305844307,20.19100000000007
63,single_sentence_500,6,I'VE ONLY JUST COME,audio__original,1.534476,1.417312,4.347472190856934,0.0011591801885515451,-117.16400000000004
63,single_sentence_500,7,I'VE ONLY JUST COME,audio__original,1.897905,1.977875,0.0004508492420427501,0.00037955757579766214,79.9700000000001
64,single_sentence_500,0,IT IS A DUTY SAID I,audio__original,0.60566,0.525625,23.553281784057617,0.04543091356754303,-80.03499999999997
64,single_sentence_500,1,IT IS A DUTY SAID I,audio__original,0.646038,0.656132,7.524770736694336,41.57169723510742,10.094000000000047
64,single_sentence_500,2,IT IS A DUTY SAID I,audio__original,0.706604,0.686415,108.55044555664062,84.78314208984375,-20.189000000000014
64,single_sentence_500,3,IT IS A DUTY SAID I,audio__original,0.807547,0.807547,67.39128875732422,67.39128875732422,0.0
64,single_sentence_500,4,IT IS A DUTY SAID I,audio__original,0.868113,0.868113,110.80530548095703,110.80530548095703,0.0
64,single_sentence_500,5,IT IS A DUTY SAID I,audio__original,0.888302,0.888302,13.773483276367188,13.773483276367188,0.0
64,single_sentence_500,6,IT IS A DUTY SAID I,audio__original,0.969057,0.948868,39.892826080322266,22.539066314697266,-20.1889999999999
64,single_sentence_500,7,IT IS A DUTY SAID I,audio__original,1.211321,1.292075,4.217609882354736,0.04159095883369446,80.75399999999999
64,single_sentence_500,8,IT IS A DUTY SAID I,audio__original,1.433396,1.352642,6.385930061340332,0.06098302826285362,-80.75399999999999
64,single_sentence_500,9,IT IS A DUTY SAID I,audio__original,1.574717,1.816981,21.406827926635742,1.3300403356552124,242.26400000000004
64,single_sentence_500,10,IT IS A DUTY SAID I,audio__original,1.938113,1.938113,0.010122167877852917,0.010122167877852917,0.0
64,single_sentence_500,11,IT IS A DUTY SAID I,audio__original,1.958302,1.958302,0.012589989230036736,0.012589989230036736,0.0
65,single_sentence_500,0,NO ITS NOT TOO SOON,audio__original,0.703153,0.623125,38.50997543334961,0.1860750913619995,-80.02799999999999
65,single_sentence_500,1,NO ITS NOT TOO SOON,audio__original,0.783514,0.924144,63.56317138671875,0.7780098915100098,140.6299999999999
65,single_sentence_500,2,NO ITS NOT TOO SOON,audio__original,0.984414,0.984414,8.189471244812012,8.189471244812012,0.0
65,single_sentence_500,3,NO ITS NOT TOO SOON,audio__original,1.104955,1.104955,8.738577842712402,8.738577842712402,0.0
65,single_sentence_500,4,NO ITS NOT TOO SOON,audio__original,1.145135,1.145135,48.46385192871094,48.46385192871094,0.0
65,single_sentence_500,5,NO ITS NOT TOO SOON,audio__original,1.245586,1.245586,0.02767357788980007,0.02767357788980007,0.0
65,single_sentence_500,6,NO ITS NOT TOO SOON,audio__original,1.305856,1.285766,9.238056182861328,0.8918818831443787,-20.08999999999994
65,single_sentence_500,7,NO ITS NOT TOO SOON,audio__original,1.426396,1.446486,21.527299880981445,47.555267333984375,20.08999999999994
65,single_sentence_500,8,NO ITS NOT TOO SOON,audio__original,1.506757,1.506757,6.770462512969971,6.770462512969971,0.0
65,single_sentence_500,9,NO ITS NOT TOO SOON,audio__original,1.747838,1.827813,0.37632209062576294,0.07740147411823273,79.97499999999991
66,single_sentence_500,0,OH YES THAT IS WELL,audio__original,0.560819,0.480812,6.43699312210083,0.024588504806160927,-80.00699999999993
66,single_sentence_500,1,OH YES THAT IS WELL,audio__original,0.660965,0.701023,7.3429999351501465,2.173301935195923,40.05799999999993
66,single_sentence_500,2,OH YES THAT IS WELL,audio__original,0.80117,0.785125,68.70953369140625,1.9557723999023438,-16.045000000000087
66,single_sentence_500,3,OH YES THAT IS WELL,audio__original,1.06155,1.141667,44.924625396728516,25.780181884765625,80.11699999999999
66,single_sentence_500,4,OH YES THAT IS WELL,audio__original,2.443567,1.377875,135.84864807128906,0.0012888733763247728,-1065.6919999999998
66,single_sentence_500,5,OH YES THAT IS WELL,audio__original,2.563743,2.57575,70.1003646850586,7.372709274291992,12.007000000000101
66,single_sentence_500,6,OH YES THAT IS WELL,audio__original,2.64386,2.64386,3.545036554336548,3.545036554336548,0.0
66,single_sentence_500,7,OH YES THAT IS WELL,audio__original,2.723977,2.723977,16.72886848449707,16.72886848449707,0.0
66,single_sentence_500,8,OH YES THAT IS WELL,audio__original,2.784064,2.784064,26.2122802734375,26.2122802734375,0.0
66,single_sentence_500,9,OH YES THAT IS WELL,audio__original,3.024415,3.104375,15.84555721282959,0.44444912672042847,79.96000000000025
67,single_sentence_500,0,RUN MASSA HARRY RUN,audio__original,0.622719,0.542687,1.199652910232544,0.009282018058001995,-80.032
67,single_sentence_500,1,RUN MASSA HARRY RUN,audio__original,0.803509,0.903947,1.38565993309021,0.36535513401031494,100.43799999999992
67,single_sentence_500,2,RUN MASSA HARRY RUN,audio__original,1.667281,1.0605,1.702942967414856,0.004459395073354244,-606.7810000000001
67,single_sentence_500,3,RUN MASSA HARRY RUN,audio__original,1.908333,1.968596,3.540787935256958,5.900570392608643,60.262999999999955
67,single_sentence_500,4,RUN MASSA HARRY RUN,audio__original,2.048947,1.988684,8.07487964630127,6.452829360961914,-60.263000000000176
67,single_sentence_500,5,RUN MASSA HARRY RUN,audio__original,2.310088,2.410526,0.10931289196014404,0.005036213900893927,100.43800000000003
67,single_sentence_500,6,RUN MASSA HARRY RUN,audio__original,2.932807,2.470789,85.39937591552734,0.0025603286921977997,-462.01800000000003
67,single_sentence_500,7,RUN MASSA HARRY RUN,audio__original,3.334561,3.4145,0.6338688731193542,0.004135234747081995,79.93899999999998
68,single_sentence_500,0,SO LET A SAGE DWELL,audio__original,0.6231,0.543063,15.031599044799805,0.2727392017841339,-80.03700000000002
68,single_sentence_500,1,SO LET A SAGE DWELL,audio__original,0.7035,0.7839,92.90901947021484,16.21956443786621,80.40000000000003
68,single_sentence_500,2,SO LET A SAGE DWELL,audio__original,0.8442,0.832125,5.895977020263672,1.7412323951721191,-12.074999999999946
68,single_sentence_500,3,SO LET A SAGE DWELL,audio__original,0.9648,0.9648,9.711265563964844,9.711265563964844,0.0
68,single_sentence_500,4,SO LET A SAGE DWELL,audio__original,1.0251,1.0251,26.013893127441406,26.013893127441406,0.0
68,single_sentence_500,5,SO LET A SAGE DWELL,audio__original,1.0452,1.0452,39.95138931274414,39.95138931274414,0.0
68,single_sentence_500,6,SO LET A SAGE DWELL,audio__original,1.1256,1.1055,202.4611053466797,14.883691787719727,-20.10000000000001
68,single_sentence_500,7,SO LET A SAGE DWELL,audio__original,1.4271,1.4673,14.960495948791504,0.11803559958934784,40.20000000000002
68,single_sentence_500,8,SO LET A SAGE DWELL,audio__original,1.5477,1.5075,4.961797714233398,1.59794282913208,-40.20000000000002
68,single_sentence_500,9,SO LET A SAGE DWELL,audio__original,1.809,1.889,38.1773681640625,3.033088445663452,80.00000000000007
69,single_sentence_500,0,THE MAN IN THE MOON,audio__original,0.625391,0.545375,4.575830459594727,0.2954646646976471,-80.01599999999998
69,single_sentence_500,1,THE MAN IN THE MOON,audio__original,0.685913,0.706087,89.74369049072266,77.16069030761719,20.174000000000024
69,single_sentence_500,2,THE MAN IN THE MOON,audio__original,0.82713,0.79687,90.29633331298828,72.25222778320312,-30.260000000000066
69,single_sentence_500,3,THE MAN IN THE MOON,audio__original,1.049043,1.099478,59.61134338378906,45.97689437866211,50.43500000000001
69,single_sentence_500,4,THE MAN IN THE MOON,audio__original,1.230609,1.210435,20.95771026611328,7.89956521987915,-20.174000000000134
69,single_sentence_500,5,THE MAN IN THE MOON,audio__original,1.29113,1.301217,50.019935607910156,40.951229095458984,10.086999999999957
69,single_sentence_500,6,THE MAN IN THE MOON,audio__original,1.371826,1.361739,103.02676391601562,86.81741333007812,-10.086999999999957
69,single_sentence_500,7,THE MAN IN THE MOON,audio__original,1.432348,1.432348,85.20145416259766,85.20145416259766,0.0
69,single_sentence_500,8,THE MAN IN THE MOON,audio__original,1.513043,1.49287,60.00400161743164,67.33589172363281,-20.172999999999995
69,single_sentence_500,9,THE MAN IN THE MOON,audio__original,2.138435,2.158375,0.10108182579278946,0.023953674361109734,19.94000000000007
70,single_sentence_500,0,THERE JUST IN FRONT,audio__original,0.443708,0.363687,73.73338317871094,0.02219865843653679,-80.02100000000002
70,single_sentence_500,1,THERE JUST IN FRONT,audio__original,0.625225,0.665562,10.708005905151367,0.46803754568099976,40.336999999999954
70,single_sentence_500,2,THERE JUST IN FRONT,audio__original,0.907584,0.766404,118.50475311279297,0.02897212654352188,-141.17999999999998
70,single_sentence_500,3,THERE JUST IN FRONT,audio__original,1.10927,1.12525,0.9340121746063232,0.05787929892539978,15.980000000000105
70,single_sentence_500,4,THERE JUST IN FRONT,audio__original,1.189944,1.169775,4.904791831970215,22.234235763549805,-20.168999999999883
70,single_sentence_500,5,THERE JUST IN FRONT,audio__original,1.250449,1.260534,1.2044117450714111,3.075024127960205,10.085000000000122
70,single_sentence_500,6,THERE JUST IN FRONT,audio__original,1.391629,1.391629,1.6980020999908447,1.6980020999908447,0.0
70,single_sentence_500,7,THERE JUST IN FRONT,audio__original,1.593315,1.541313,38.26293182373047,0.014594784006476402,-52.0020000000001
71,single_sentence_500,0,TOM THE PIPER'S SON,audio__original,0.40396,0.323937,2.024395227432251,0.002113817259669304,-80.02300000000001
71,single_sentence_500,1,TOM THE PIPER'S SON,audio__original,0.626139,0.656436,77.6566162109375,0.3875604569911957,30.29700000000002
71,single_sentence_500,2,TOM THE PIPER'S SON,audio__original,0.727129,0.727129,18.078981399536133,18.078981399536133,0.0
71,single_sentence_500,3,TOM THE PIPER'S SON,audio__original,0.787723,0.787723,0.9495676755905151,0.9495676755905151,0.0
71,single_sentence_500,4,TOM THE PIPER'S SON,audio__original,0.868515,0.828119,2.337141752243042,0.050227802246809006,-40.39599999999999
71,single_sentence_500,5,TOM THE PIPER'S SON,audio__original,1.272475,1.696634,15.577817916870117,0.20111259818077087,424.15899999999993
71,single_sentence_500,6,TOM THE PIPER'S SON,audio__original,1.777426,1.777426,0.034831780940294266,0.034831780940294266,0.0
71,single_sentence_500,7,TOM THE PIPER'S SON,audio__original,1.83802,1.83802,0.004627445247024298,0.004627445247024298,0.0
72,single_sentence_500,0,WHEN IT IS POSSIBLE,audio__original,0.42104,0.341,43.66236877441406,0.10665341466665268,-80.04
72,single_sentence_500,1,WHEN IT IS POSSIBLE,audio__original,0.581436,0.59146,63.92802810668945,41.190677642822266,10.024000000000033
72,single_sentence_500,2,WHEN IT IS POSSIBLE,audio__original,0.681683,0.661634,93.89161682128906,44.88313674926758,-20.048999999999985
72,single_sentence_500,3,WHEN IT IS POSSIBLE,audio__original,0.761881,0.761881,2.15208101272583,2.15208101272583,0.0
72,single_sentence_500,4,WHEN IT IS POSSIBLE,audio__original,0.862129,0.82203,79.61193084716797,85.60181427001953,-40.099
72,single_sentence_500,5,WHEN IT IS POSSIBLE,audio__original,1.002475,1.022525,10.042543411254883,10.92527961730957,20.0499999999999
72,single_sentence_500,6,WHEN IT IS POSSIBLE,audio__original,1.182921,1.070625,12.29112434387207,0.026267580687999725,-112.29599999999995
72,single_sentence_500,7,WHEN IT IS POSSIBLE,audio__original,1.864604,1.944562,0.1817566156387329,0.15347419679164886,79.95799999999997
73,single_sentence_500,0,WHY THIS WAS MACKAY,audio__original,0.62496,0.62496,5.546089172363281,5.546089172363281,0.0
73,single_sentence_500,1,WHY THIS WAS MACKAY,audio__original,0.78624,0.84672,17.50782012939453,3.7553584575653076,60.479999999999976
73,single_sentence_500,2,WHY THIS WAS MACKAY,audio__original,1.3104,1.17936,0.04483647644519806,0.036596864461898804,-131.04000000000005
73,single_sentence_500,3,WHY THIS WAS MACKAY,audio__original,1.43136,1.44144,0.4063524901866913,0.4591975808143616,10.080000000000089
73,single_sentence_500,4,WHY THIS WAS MACKAY,audio__original,1.512,1.50192,8.612936019897461,6.831322193145752,-10.080000000000089
73,single_sentence_500,5,WHY THIS WAS MACKAY,audio__original,1.59264,1.60272,3.419851303100586,0.26312941312789917,10.079999999999867
73,single_sentence_500,6,WHY THIS WAS MACKAY,audio__original,1.69344,1.68336,18.399978637695312,11.097938537597656,-10.080000000000089
73,single_sentence_500,7,WHY THIS WAS MACKAY,audio__original,2.15712,2.15712,0.09576620906591415,0.09576620906591415,0.0
74,single_sentence_500,0,YOUR FRIEND AS EVER,audio__original,0.50133,0.421312,1.003806471824646,0.007667832542210817,-80.01800000000003
74,single_sentence_500,1,YOUR FRIEND AS EVER,audio__original,0.621649,0.641702,9.832174301147461,1.4980647563934326,20.052999999999987
74,single_sentence_500,2,YOUR FRIEND AS EVER,audio__original,0.741968,0.681809,4.665831565856934,1.8596715927124023,-60.15899999999996
74,single_sentence_500,3,YOUR FRIEND AS EVER,audio__original,1.00266,1.062819,1.2430263757705688,6.469794750213623,60.15899999999985
74,single_sentence_500,4,YOUR FRIEND AS EVER,audio__original,1.183138,1.122979,8.39334774017334,0.7827847003936768,-60.15900000000008
74,single_sentence_500,5,YOUR FRIEND AS EVER,audio__original,1.283404,1.303457,59.96088790893555,52.576171875,20.053000000000097
74,single_sentence_500,6,YOUR FRIEND AS EVER,audio__original,1.403723,1.343564,21.72187614440918,5.653471946716309,-60.15900000000008
74,single_sentence_500,7,YOUR FRIEND AS EVER,audio__original,1.744628,1.824625,0.02238607220351696,0.002270730445161462,79.99699999999987
75,single_sentence_500,0,A DANGEROUS AGE WELL,audio__original,0.363871,0.283813,23.656892776489258,0.0008943700231611729,-80.05800000000002
75,single_sentence_500,1,A DANGEROUS AGE WELL,audio__original,0.384086,0.384086,2.757345199584961,2.757345199584961,0.0
75,single_sentence_500,2,A DANGEROUS AGE WELL,audio__original,0.464946,0.424516,53.70844268798828,0.3826464116573334,-40.43000000000002
75,single_sentence_500,3,A DANGEROUS AGE WELL,audio__original,0.849032,0.849032,0.8290131688117981,0.8290131688117981,0.0
75,single_sentence_500,4,A DANGEROUS AGE WELL,audio__original,0.950108,0.909677,28.367664337158203,36.46719741821289,-40.431
75,single_sentence_500,5,A DANGEROUS AGE WELL,audio__original,1.172473,1.212903,4.1957526206970215,1.9207302331924438,40.429999999999964
75,single_sentence_500,6,A DANGEROUS AGE WELL,audio__original,1.556559,1.362,10.927717208862305,0.0015383507125079632,-194.5589999999999
75,single_sentence_500,7,A DANGEROUS AGE WELL,audio__original,1.71828,1.79825,0.849678635597229,0.021164773032069206,79.96999999999987
76,single_sentence_500,0,ANDERS FACE GREW RED,audio__original,0.320741,0.240687,230.99386596679688,0.005315225105732679,-80.05399999999999
76,single_sentence_500,1,ANDERS FACE GREW RED,audio__original,0.641481,0.661528,15.461357116699219,5.6872639656066895,20.047000000000036
76,single_sentence_500,2,ANDERS FACE GREW RED,audio__original,0.781806,0.717625,42.274322509765625,0.15851746499538422,-64.18100000000004
76,single_sentence_500,3,ANDERS FACE GREW RED,audio__original,1.002315,1.022361,9.751359939575195,4.564723491668701,20.046000000000006
76,single_sentence_500,4,ANDERS FACE GREW RED,audio__original,1.142639,1.0865,1.7381995916366577,0.0020779985934495926,-56.13899999999994
76,single_sentence_500,5,ANDERS FACE GREW RED,audio__original,1.303009,1.363148,53.71226119995117,32.58135986328125,60.13899999999994
76,single_sentence_500,6,ANDERS FACE GREW RED,audio__original,1.523519,1.473403,137.41236877441406,40.10242462158203,-50.11600000000005
76,single_sentence_500,7,ANDERS FACE GREW RED,audio__original,1.944491,2.008437,0.0014017092762514949,6.303981353994459e-05,63.945999999999835
77,single_sentence_500,0,ARRIVES THE SNOW AND,audio__original,0.361687,0.281687,26.110620498657227,0.0013648964231833816,-79.99999999999996
77,single_sentence_500,1,ARRIVES THE SNOW AND,audio__original,0.783656,0.783656,1.2676297426223755,1.2676297426223755,0.0
77,single_sentence_500,2,ARRIVES THE SNOW AND,audio__original,0.884125,0.884125,10.692886352539062,10.692886352539062,0.0
77,single_sentence_500,3,ARRIVES THE SNOW AND,audio__original,0.944406,0.944406,3.949726104736328,3.949726104736328,0.0
77,single_sentence_500,4,ARRIVES THE SNOW AND,audio__original,1.004687,1.004687,1.6165438890457153,1.6165438890457153,0.0
77,single_sentence_500,5,ARRIVES THE SNOW AND,audio__original,1.265906,1.366375,11.656850814819336,0.030060943216085434,100.46899999999992
77,single_sentence_500,6,ARRIVES THE SNOW AND,audio__original,2.572,1.76675,34.13264465332031,0.0015707907732576132,-805.25
77,single_sentence_500,7,ARRIVES THE SNOW AND,audio__original,2.953781,3.03375,0.0028862059116363525,0.003103792667388916,79.96899999999974
78,single_sentence_500,0,BUT I AM QUAITE APPY,audio__original,0.301613,0.253563,123.24129486083984,0.00042139901779592037,-48.05000000000004
78,single_sentence_500,1,BUT I AM QUAITE APPY,audio__original,0.422258,0.42625,0.14168469607830048,0.08766602724790573,3.9919999999999956
78,single_sentence_500,2,BUT I AM QUAITE APPY,audio__original,0.542903,0.462473,7.87185001373291,29.2916316986084,-80.43
78,single_sentence_500,3,BUT I AM QUAITE APPY,audio__original,0.563011,0.603226,6.651543617248535,4.946938514709473,40.215
78,single_sentence_500,4,BUT I AM QUAITE APPY,audio__original,0.723871,0.69371,19.716703414916992,9.440028190612793,-30.160999999999994
78,single_sentence_500,5,BUT I AM QUAITE APPY,audio__original,0.784194,0.804301,11.976123809814453,9.930901527404785,20.1070000000001
78,single_sentence_500,6,BUT I AM QUAITE APPY,audio__original,0.965161,0.93275,8.583094596862793,0.0315144807100296,-32.41100000000008
78,single_sentence_500,7,BUT I AM QUAITE APPY,audio__original,1.166237,1.166237,0.0768636167049408,0.0768636167049408,0.0
78,single_sentence_500,8,BUT I AM QUAITE APPY,audio__original,1.266774,1.226559,15.298154830932617,22.443159103393555,-40.21500000000011
78,single_sentence_500,9,BUT I AM QUAITE APPY,audio__original,1.749355,1.829312,0.006591442972421646,0.0032189348712563515,79.95700000000005
79,single_sentence_500,0,DID THEY LAUGH AT ME,audio__original,0.562828,0.534813,30.445316314697266,0.004026789218187332,-28.01500000000001
79,single_sentence_500,1,DID THEY LAUGH AT ME,audio__original,0.663333,0.683434,0.1639746129512787,0.021470502018928528,20.101000000000035
79,single_sentence_500,2,DID THEY LAUGH AT ME,audio__original,0.723636,0.703535,274.975341796875,42.60993194580078,-20.100999999999924
79,single_sentence_500,3,DID THEY LAUGH AT ME,audio__original,0.824141,0.834192,5.1370625495910645,16.824440002441406,10.051000000000032
79,single_sentence_500,4,DID THEY LAUGH AT ME,audio__original,0.964848,0.924646,7.735852241516113,2.9040310382843018,-40.20200000000007
79,single_sentence_500,5,DID THEY LAUGH AT ME,audio__original,1.18596,1.221937,1.0275747776031494,0.5970814824104309,35.977000000000146
79,single_sentence_500,6,DID THEY LAUGH AT ME,audio__original,1.447273,1.407071,0.6340152621269226,0.26248300075531006,-40.20200000000007
79,single_sentence_500,7,DID THEY LAUGH AT ME,audio__original,1.507576,1.648283,0.3599260449409485,1.1648863554000854,140.7069999999999
79,single_sentence_500,8,DID THEY LAUGH AT ME,audio__original,1.728687,1.728687,0.02967875637114048,0.02967875637114048,0.0
79,single_sentence_500,9,DID THEY LAUGH AT ME,audio__original,1.768889,1.848875,0.0015378074022009969,0.04486117139458656,79.98600000000012
80,single_sentence_500,0,HE TECK DAT TIME TOO,audio__original,0.402062,0.322,0.19556985795497894,4.431888555700425e-06,-80.06199999999997
80,single_sentence_500,1,HE TECK DAT TIME TOO,audio__original,0.442268,0.52268,102.97091674804688,0.002692870097234845,80.41200000000003
80,single_sentence_500,2,HE TECK DAT TIME TOO,audio__original,0.603093,0.542784,166.1895294189453,0.0012227054685354233,-60.30899999999995
80,single_sentence_500,3,HE TECK DAT TIME TOO,audio__original,0.703608,0.759625,0.9194818735122681,0.0007291976362466812,56.01699999999998
80,single_sentence_500,4,HE TECK DAT TIME TOO,audio__original,0.804124,0.784021,41.87984085083008,7.7533721923828125,-20.10299999999998
80,single_sentence_500,5,HE TECK DAT TIME TOO,audio__original,0.944845,0.944845,0.00183834508061409,0.00183834508061409,0.0
80,single_sentence_500,6,HE TECK DAT TIME TOO,audio__original,1.085567,0.985052,5.869659423828125,8.918932914733887,-100.51499999999992
80,single_sentence_500,7,HE TECK DAT TIME TOO,audio__original,1.387113,1.42732,78.69459533691406,1.3715459108352661,40.20699999999988
80,single_sentence_500,8,HE TECK DAT TIME TOO,audio__original,1.527835,1.467526,4.968709945678711,1.3560477495193481,-60.30899999999995
80,single_sentence_500,9,HE TECK DAT TIME TOO,audio__original,1.668557,1.7485,56.12498474121094,39.16224670410156,79.94299999999987
81,single_sentence_500,0,IT IS IN FACT STATED,audio__original,0.242424,0.162375,31.070171356201172,0.022188449278473854,-80.049
81,single_sentence_500,1,IT IS IN FACT STATED,audio__original,0.30303,0.30303,59.601768493652344,59.601768493652344,0.0
81,single_sentence_500,2,IT IS IN FACT STATED,audio__original,0.383838,0.363636,188.0641326904297,362.00714111328125,-20.201999999999998
81,single_sentence_500,3,IT IS IN FACT STATED,audio__original,0.565657,0.626263,8.817106246948242,27.53815269470215,60.60600000000005
81,single_sentence_500,4,IT IS IN FACT STATED,audio__original,0.707071,0.666667,19.021251678466797,12.877002716064453,-40.403999999999996
81,single_sentence_500,5,IT IS IN FACT STATED,audio__original,0.767677,0.787879,27.397924423217773,3.220771312713623,20.20199999999994
81,single_sentence_500,6,IT IS IN FACT STATED,audio__original,0.969697,0.848485,133.22239685058594,0.5445066094398499,-121.21199999999999
81,single_sentence_500,7,IT IS IN FACT STATED,audio__original,1.191919,1.212121,0.08757700026035309,0.2416708618402481,20.202000000000055
81,single_sentence_500,8,IT IS IN FACT STATED,audio__original,1.414141,1.383838,1.5891491174697876,2.4864494800567627,-30.30300000000019
81,single_sentence_500,9,IT IS IN FACT STATED,audio__original,1.919192,1.919192,0.2090427130460739,0.2090427130460739,0.0
82,single_sentence_500,0,JUST SO MONSIEUR FIX,audio__original,0.382096,0.362063,192.29339599609375,0.03170495480298996,-20.032999999999966
82,single_sentence_500,1,JUST SO MONSIEUR FIX,audio__original,0.522868,0.532923,25.994338989257812,49.82941436767578,10.055000000000035
82,single_sentence_500,2,JUST SO MONSIEUR FIX,audio__original,0.623419,0.583199,18.314861297607422,17.61665153503418,-40.21999999999992
82,single_sentence_500,3,JUST SO MONSIEUR FIX,audio__original,0.70386,0.764191,48.99201583862305,122.02486419677734,60.33099999999991
82,single_sentence_500,4,JUST SO MONSIEUR FIX,audio__original,0.884853,0.874798,19.055126190185547,7.036369800567627,-10.055000000000035
82,single_sentence_500,5,JUST SO MONSIEUR FIX,audio__original,1.287059,1.327279,39.670143127441406,27.083860397338867,40.22000000000014
82,single_sentence_500,6,JUST SO MONSIEUR FIX,audio__original,2.111581,1.892062,339.2762756347656,0.02402200922369957,-219.51900000000023
82,single_sentence_500,7,JUST SO MONSIEUR FIX,audio__original,2.312684,2.268625,98.78048706054688,0.1781741976737976,-44.05899999999985
83,single_sentence_500,0,LADY DEAR OUR THANKS,audio__original,0.341619,0.341619,72.80664825439453,72.80664825439453,0.0
83,single_sentence_500,1,LADY DEAR OUR THANKS,audio__original,0.622952,0.703333,1.4108784198760986,1.0573304891586304,80.38100000000003
83,single_sentence_500,2,LADY DEAR OUR THANKS,audio__original,0.80381,0.755375,31.590707778930664,0.28589412569999695,-48.435
83,single_sentence_500,3,LADY DEAR OUR THANKS,audio__original,1.004762,1.024857,10.993849754333496,13.83021354675293,20.094999999999974
83,single_sentence_500,4,LADY DEAR OUR THANKS,audio__original,1.145429,1.105238,12.068103790283203,36.45853042602539,-40.19100000000009
83,single_sentence_500,5,LADY DEAR OUR THANKS,audio__original,1.245905,1.266,8.906332015991211,3.751437187194824,20.094999999999974
83,single_sentence_500,6,LADY DEAR OUR THANKS,audio__original,1.406667,1.326286,17.42774200439453,0.20459796488285065,-80.38099999999982
83,single_sentence_500,7,LADY DEAR OUR THANKS,audio__original,1.808571,1.728563,4.203542709350586,1.550485372543335,-80.00799999999985
84,single_sentence_500,0,LEARNED AS THE MUSES,audio__original,0.422052,0.342,23.122957229614258,1.1086970567703247,-80.05199999999995
84,single_sentence_500,1,LEARNED AS THE MUSES,audio__original,0.824005,0.844,12.304010391235352,1.2210726737976074,19.994999999999983
84,single_sentence_500,2,LEARNED AS THE MUSES,audio__original,0.944592,0.924494,14.135591506958008,11.3571195602417,-20.09799999999995
84,single_sentence_500,3,LEARNED AS THE MUSES,audio__original,1.065178,1.085275,6.789575099945068,2.2519516944885254,20.09700000000003
84,single_sentence_500,4,LEARNED AS THE MUSES,audio__original,1.165666,1.165666,88.43573760986328,88.43573760986328,0.0
84,single_sentence_500,5,LEARNED AS THE MUSES,audio__original,1.246057,1.246057,0.9958760142326355,0.9958760142326355,0.0
84,single_sentence_500,6,LEARNED AS THE MUSES,audio__original,1.326448,1.30635,1.058658242225647,0.41839125752449036,-20.09800000000017
85,single_sentence_500,0,LOOK CLOSELY AT LIFE,audio__original,0.361651,0.281625,0.7146841883659363,0.005054072476923466,-80.02599999999998
85,single_sentence_500,1,LOOK CLOSELY AT LIFE,audio__original,0.522385,0.550375,0.01506124809384346,0.0026777638122439384,27.98999999999996
85,single_sentence_500,2,LOOK CLOSELY AT LIFE,audio__original,0.663028,0.602752,0.20972000062465668,0.32345491647720337,-60.275999999999996
85,single_sentence_500,3,LOOK CLOSELY AT LIFE,audio__original,1.185413,1.205505,0.31173574924468994,0.256489634513855,20.092
85,single_sentence_500,4,LOOK CLOSELY AT LIFE,audio__original,1.285872,1.285872,0.3929748237133026,0.3929748237133026,0.0
85,single_sentence_500,5,LOOK CLOSELY AT LIFE,audio__original,1.346147,1.358188,0.023437855765223503,0.006664283573627472,12.040999999999968
85,single_sentence_500,6,LOOK CLOSELY AT LIFE,audio__original,1.506881,1.506881,0.5949485301971436,0.5949485301971436,0.0
85,single_sentence_500,7,LOOK CLOSELY AT LIFE,audio__original,1.808257,1.88825,0.04335647448897362,0.015802592039108276,79.99299999999998
86,single_sentence_500,0,MARY CAREY CORY CALL,audio__original,0.624627,0.544625,9.496241569519043,4.4125237464904785,-80.00200000000002
86,single_sentence_500,1,MARY CAREY CORY CALL,audio__original,0.846269,0.926866,10.689897537231445,1.701495885848999,80.59699999999992
86,single_sentence_500,2,MARY CAREY CORY CALL,audio__original,1.08806,0.967164,11.18417739868164,0.17717604339122772,-120.896
86,single_sentence_500,3,MARY CAREY CORY CALL,audio__original,1.329851,1.410448,3.9014899730682373,1.9028990268707275,80.59700000000004
86,single_sentence_500,4,MARY CAREY CORY CALL,audio__original,1.491045,1.48275,4.454057693481445,1.1636278629302979,-8.294999999999941
86,single_sentence_500,5,MARY CAREY CORY CALL,audio__original,1.752985,1.833582,2.219449043273926,1.4366414546966553,80.59700000000004
86,single_sentence_500,6,MARY CAREY CORY CALL,audio__original,1.934328,1.853731,18.832855224609375,2.7338931560516357,-80.59700000000004
86,single_sentence_500,7,MARY CAREY CORY CALL,audio__original,2.135821,2.215813,3.765005111694336,3.3802647590637207,79.99199999999985
87,single_sentence_500,0,MEANS NEWS PATTEN ME,audio__original,0.260839,0.180812,0.08376479893922806,0.004217623732984066,-80.02699999999999
87,single_sentence_500,1,MEANS NEWS PATTEN ME,audio__original,0.541742,0.581871,2.3200488090515137,0.592388391494751,40.12900000000008
87,single_sentence_500,2,MEANS NEWS PATTEN ME,audio__original,0.682194,0.609938,1.159919023513794,0.04258612170815468,-72.25599999999999
87,single_sentence_500,3,MEANS NEWS PATTEN ME,audio__original,1.043355,1.143677,0.3070080280303955,1.9488341808319092,100.32200000000002
87,single_sentence_500,4,MEANS NEWS PATTEN ME,audio__original,1.765677,1.644062,28.66697883605957,0.003910038620233536,-121.61500000000002
87,single_sentence_500,5,MEANS NEWS PATTEN ME,audio__original,2.046581,2.146903,0.19303207099437714,0.09035751968622208,100.3219999999998
87,single_sentence_500,6,MEANS NEWS PATTEN ME,audio__original,2.427806,2.243125,2.480546236038208,0.011784322559833527,-184.68099999999987
87,single_sentence_500,7,MEANS NEWS PATTEN ME,audio__original,2.88929,2.96925,0.010130887851119041,0.01741499826312065,79.96000000000025
88,single_sentence_500,0,NO SIR CERTAINLY NOT,audio__original,0.462754,0.462754,65.96394348144531,65.96394348144531,0.0
88,single_sentence_500,1,NO SIR CERTAINLY NOT,audio__original,0.563353,0.563353,59.9473876953125,59.9473876953125,0.0
88,single_sentence_500,2,NO SIR CERTAINLY NOT,audio__original,0.885269,0.83497,63.31759262084961,81.02930450439453,-50.298999999999985
88,single_sentence_500,3,NO SIR CERTAINLY NOT,audio__original,1.066347,1.146826,1.7237889766693115,0.8551288843154907,80.47899999999997
88,single_sentence_500,4,NO SIR CERTAINLY NOT,audio__original,1.790659,1.247425,264.24560546875,0.08538208901882172,-543.234
88,single_sentence_500,5,NO SIR CERTAINLY NOT,audio__original,2.313772,2.323832,1.5591599941253662,0.5130895376205444,10.059999999999736
88,single_sentence_500,6,NO SIR CERTAINLY NOT,audio__original,2.434491,2.374132,7.901438236236572,0.6477239727973938,-60.35900000000005
88,single_sentence_500,7,NO SIR CERTAINLY NOT,audio__original,2.716168,2.680125,0.16525617241859436,0.01808282919228077,-36.04300000000027
89,single_sentence_500,0,NO WHERE SAID DROUET,audio__original,0.601027,0.533,47.9018669128418,0.013767922297120094,-68.02699999999994
89,single_sentence_500,1,NO WHERE SAID DROUET,audio__original,0.681164,0.861473,253.76235961914062,0.7693773508071899,180.30900000000005
89,single_sentence_500,2,NO WHERE SAID DROUET,audio__original,1.081849,1.02975,0.3886730372905731,0.3133352994918823,-52.09900000000012
89,single_sentence_500,3,NO WHERE SAID DROUET,audio__original,1.32226,1.422432,36.19241714477539,1.1347612142562866,100.17199999999993
89,single_sentence_500,4,NO WHERE SAID DROUET,audio__original,2.023459,1.782687,7.168332576751709,0.0013520554639399052,-240.772
89,single_sentence_500,5,NO WHERE SAID DROUET,audio__original,2.163699,2.183733,1.8334171772003174,0.7293305993080139,20.03400000000033
89,single_sentence_500,6,NO WHERE SAID DROUET,audio__original,2.223801,2.223801,1.5813130140304565,1.5813130140304565,0.0
89,single_sentence_500,7,NO WHERE SAID DROUET,audio__original,2.684589,2.764562,0.004228703677654266,0.00030275830067694187,79.9730000000003
90,single_sentence_500,0,NOW DURING THIS TIME,audio__original,0.684435,0.684435,116.3156967163086,116.3156967163086,0.0
90,single_sentence_500,1,NOW DURING THIS TIME,audio__original,0.845478,0.94613,54.87993240356445,18.690128326416016,100.65200000000007
90,single_sentence_500,2,NOW DURING THIS TIME,audio__original,1.066913,1.054625,13.803661346435547,0.03146513178944588,-12.288000000000077
90,single_sentence_500,3,NOW DURING THIS TIME,audio__original,1.328609,1.348739,1.588579773902893,8.244451522827148,20.12999999999998
90,single_sentence_500,4,NOW DURING THIS TIME,audio__original,1.449391,1.40913,21.87725257873535,5.068484306335449,-40.2610000000001
90,single_sentence_500,5,NOW DURING THIS TIME,audio__original,1.610435,1.630565,10.600926399230957,13.856555938720703,20.12999999999998
90,single_sentence_500,6,NOW DURING THIS TIME,audio__original,1.811739,1.690957,12.889204978942871,0.08122006058692932,-120.78199999999994
90,single_sentence_500,7,NOW DURING THIS TIME,audio__original,2.073435,2.153375,1.1429011821746826,0.03864950314164162,79.94000000000013
91,single_sentence_500,0,NOW THAT TOO IS OVER,audio__original,0.541788,0.46175,2.6977272033691406,0.10612169653177261,-80.03800000000005
91,single_sentence_500,1,NOW THAT TOO IS OVER,audio__original,0.722384,0.792616,17.79299545288086,6.013023853302002,70.23199999999996
91,single_sentence_500,2,NOW THAT TOO IS OVER,audio__original,1.003311,0.963179,57.82466506958008,1.2657450437545776,-40.132000000000055
91,single_sentence_500,3,NOW THAT TOO IS OVER,audio__original,1.183907,1.22404,0.2252155840396881,2.253779888153076,40.132999999999974
91,single_sentence_500,4,NOW THAT TOO IS OVER,audio__original,1.404636,1.284238,9.887834548950195,0.7351691722869873,-120.39800000000001
91,single_sentence_500,5,NOW THAT TOO IS OVER,audio__original,1.565166,1.625364,1.2286678552627563,1.3936361074447632,60.19799999999997
91,single_sentence_500,6,NOW THAT TOO IS OVER,audio__original,1.765828,1.755795,33.9500846862793,16.634626388549805,-10.032999999999959
91,single_sentence_500,7,NOW THAT TOO IS OVER,audio__original,1.886225,1.90225,332.989501953125,8.161853790283203,16.024999999999956
91,single_sentence_500,8,NOW THAT TOO IS OVER,audio__original,2.046755,1.946424,15.525500297546387,11.558504104614258,-100.33100000000017
91,single_sentence_500,9,NOW THAT TOO IS OVER,audio__original,2.608609,2.608609,0.836295485496521,0.836295485496521,0.0
92,single_sentence_500,0,O THOR THE THUNDERER,audio__original,0.482975,0.402938,2.7463910579681396,49.033287048339844,-80.03699999999996
92,single_sentence_500,1,O THOR THE THUNDERER,audio__original,0.523223,0.724463,3.4815516471862793,2.6160457134246826,201.23999999999998
92,single_sentence_500,2,O THOR THE THUNDERER,audio__original,0.905579,0.88075,256.23687744140625,0.1649790108203888,-24.82899999999999
92,single_sentence_500,3,O THOR THE THUNDERER,audio__original,1.187314,1.348306,5.6181769371032715,1.19401216506958,160.99200000000002
92,single_sentence_500,4,O THOR THE THUNDERER,audio__original,1.489174,1.424688,1.7490935325622559,0.027497710660099983,-64.48600000000005
92,single_sentence_500,5,O THOR THE THUNDERER,audio__original,1.549545,1.589793,6.798563003540039,1.4770981073379517,40.24800000000006
92,single_sentence_500,6,O THOR THE THUNDERER,audio__original,1.710537,1.661938,136.0013427734375,0.15083785355091095,-48.59900000000006
92,single_sentence_500,7,O THOR THE THUNDERER,audio__original,2.354504,2.4345,0.01273890770971775,0.004409273620694876,79.99599999999995
93,single_sentence_500,0,OH YES HE IS OLD MAN,audio__original,0.464554,0.3845,244.15696716308594,0.0007036412716843188,-80.05400000000002
93,single_sentence_500,1,OH YES HE IS OLD MAN,audio__original,0.545347,0.555446,110.26779174804688,60.042911529541016,10.098999999999968
93,single_sentence_500,2,OH YES HE IS OLD MAN,audio__original,0.666535,0.646337,27.312448501586914,95.92721557617188,-20.197999999999936
93,single_sentence_500,3,OH YES HE IS OLD MAN,audio__original,0.828119,0.868515,15.068602561950684,10.32950210571289,40.39599999999999
93,single_sentence_500,4,OH YES HE IS OLD MAN,audio__original,0.929109,0.908911,57.55367660522461,1.5767899751663208,-20.197999999999936
93,single_sentence_500,5,OH YES HE IS OLD MAN,audio__original,0.989703,1.02,108.73957061767578,143.12734985351562,30.29700000000002
93,single_sentence_500,6,OH YES HE IS OLD MAN,audio__original,1.110891,1.090693,45.693111419677734,41.562320709228516,-20.19800000000016
93,single_sentence_500,7,OH YES HE IS OLD MAN,audio__original,1.232079,1.232079,8.502365112304688,8.502365112304688,0.0
93,single_sentence_500,8,OH YES HE IS OLD MAN,audio__original,1.333069,1.32297,33.72692108154297,31.788898468017578,-10.09900000000008
93,single_sentence_500,9,OH YES HE IS OLD MAN,audio__original,1.474455,1.484554,0.5554502010345459,2.3069751262664795,10.098999999999858
93,single_sentence_500,10,OH YES HE IS OLD MAN,audio__original,1.575446,1.555248,18.135055541992188,10.49586296081543,-20.197999999999936
93,single_sentence_500,11,OH YES HE IS OLD MAN,audio__original,1.918812,1.93075,0.07700805366039276,0.021358123049139977,11.938000000000004
94,single_sentence_500,0,ONE YOUNG PINE THREE,audio__original,0.300373,0.220312,25.33047103881836,0.009760723449289799,-80.06099999999999
94,single_sentence_500,1,ONE YOUNG PINE THREE,audio__original,0.420522,0.480597,0.6809245347976685,0.029169052839279175,60.07499999999999
94,single_sentence_500,2,ONE YOUNG PINE THREE,audio__original,2.062562,0.78075,116.5673828125,0.0024311093147844076,-1281.8119999999997
94,single_sentence_500,3,ONE YOUNG PINE THREE,audio__original,2.222761,2.302861,17.21138572692871,1.0180861949920654,80.09999999999984
94,single_sentence_500,4,ONE YOUNG PINE THREE,audio__original,2.443035,2.346938,168.05303955078125,0.0278004202991724,-96.09699999999988
94,single_sentence_500,5,ONE YOUNG PINE THREE,audio__original,2.703358,2.763433,4.101644992828369,1.1784038543701172,60.074999999999875
94,single_sentence_500,6,ONE YOUNG PINE THREE,audio__original,3.504353,2.891563,75.94696044921875,0.004379668738692999,-612.79
94,single_sentence_500,7,ONE YOUNG PINE THREE,audio__original,3.98495,3.98495,0.020346499979496002,0.020346499979496002,0.0
95,single_sentence_500,0,SO IT IS SAID ANDERS,audio__original,0.402804,0.32275,6.67368745803833,0.003729259129613638,-80.05400000000002
95,single_sentence_500,1,SO IT IS SAID ANDERS,audio__original,0.483364,0.519375,32.845664978027344,12.571159362792969,36.01100000000002
95,single_sentence_500,2,SO IT IS SAID ANDERS,audio__original,0.604206,0.604206,65.39960479736328,65.39960479736328,0.0
95,single_sentence_500,3,SO IT IS SAID ANDERS,audio__original,0.644486,0.644486,19.077436447143555,19.077436447143555,0.0
95,single_sentence_500,4,SO IT IS SAID ANDERS,audio__original,0.745187,0.714977,15.644258499145508,12.234269142150879,-30.210000000000072
95,single_sentence_500,5,SO IT IS SAID ANDERS,audio__original,0.926449,1.007009,1.3046901226043701,0.9466825127601624,80.56000000000007
95,single_sentence_500,6,SO IT IS SAID ANDERS,audio__original,1.389673,1.14375,3.13342022895813,3.4319335100008175e-05,-245.9229999999999
95,single_sentence_500,7,SO IT IS SAID ANDERS,audio__original,1.530654,1.530654,20.575454711914062,20.575454711914062,0.0
95,single_sentence_500,8,SO IT IS SAID ANDERS,audio__original,1.611215,1.591075,36.14810562133789,32.782527923583984,-20.140000000000047
95,single_sentence_500,9,SO IT IS SAID ANDERS,audio__original,2.034159,2.074125,0.004492694512009621,8.993997471407056e-05,39.966000000000165
96,single_sentence_500,0,THE COMMON HOUSE FLY,audio__original,0.443173,0.363125,8.34630012512207,0.014330473728477955,-80.048
96,single_sentence_500,1,THE COMMON HOUSE FLY,audio__original,0.503606,0.52375,0.2273094207048416,0.12922661006450653,20.14400000000005
96,single_sentence_500,2,THE COMMON HOUSE FLY,audio__original,0.765481,0.564038,4.2916412353515625,0.21000780165195465,-201.44299999999993
96,single_sentence_500,3,THE COMMON HOUSE FLY,audio__original,1.087788,1.138149,0.13361892104148865,0.5840756297111511,50.361000000000104
96,single_sentence_500,4,THE COMMON HOUSE FLY,audio__original,1.309375,1.228798,34.41608810424805,0.5316935777664185,-80.5769999999999
96,single_sentence_500,5,THE COMMON HOUSE FLY,audio__original,1.530962,1.551106,13.18077278137207,1.4247581958770752,20.144000000000162
96,single_sentence_500,6,THE COMMON HOUSE FLY,audio__original,1.631683,1.623375,1.8030529022216797,0.2701321542263031,-8.307999999999982
96,single_sentence_500,7,THE COMMON HOUSE FLY,audio__original,1.792837,1.872812,3.691653251647949,0.23543505370616913,79.97499999999991
97,single_sentence_500,0,THE HUNTER WENT AWAY,audio__original,0.583295,0.50325,0.05621718987822533,0.012519227340817451,-80.04500000000003
97,single_sentence_500,1,THE HUNTER WENT AWAY,audio__original,0.643636,0.66375,73.61820983886719,30.445085525512695,20.113999999999965
97,single_sentence_500,2,THE HUNTER WENT AWAY,audio__original,0.703977,0.703977,78.40599060058594,78.40599060058594,0.0
97,single_sentence_500,3,THE HUNTER WENT AWAY,audio__original,0.925227,0.935284,39.16289520263672,21.04829978942871,10.056999999999983
97,single_sentence_500,4,THE HUNTER WENT AWAY,audio__original,0.985568,0.985568,28.056474685668945,28.056474685668945,0.0
97,single_sentence_500,5,THE HUNTER WENT AWAY,audio__original,1.146477,1.146477,3.4493632316589355,3.4493632316589355,0.0
97,single_sentence_500,6,THE HUNTER WENT AWAY,audio__original,1.206818,1.186705,14.41624927520752,13.736772537231445,-20.11300000000005
97,single_sentence_500,7,THE HUNTER WENT AWAY,audio__original,1.649318,1.729313,0.005395309068262577,0.0006687414133921266,79.99500000000003
98,single_sentence_500,0,THE LOVE THE PASSION,audio__original,0.462924,0.382875,6.928768157958984,9.94332913251128e-06,-80.04899999999998
98,single_sentence_500,1,THE LOVE THE PASSION,audio__original,0.543432,0.553496,17.239526748657227,17.40885353088379,10.063999999999961
98,single_sentence_500,2,THE LOVE THE PASSION,audio__original,0.664195,0.603814,205.14869689941406,22.039207458496094,-60.381000000000014
98,single_sentence_500,3,THE LOVE THE PASSION,audio__original,0.865466,0.925847,0.06711721420288086,0.12565506994724274,60.381000000000014
98,single_sentence_500,4,THE LOVE THE PASSION,audio__original,1.549788,1.25075,0.19667069613933563,9.7550200734986e-06,-299.0379999999999
98,single_sentence_500,5,THE LOVE THE PASSION,audio__original,1.630297,1.64625,0.02915039099752903,0.016965115442872047,15.952999999999884
98,single_sentence_500,6,THE LOVE THE PASSION,audio__original,1.791314,1.670551,52.53871154785156,0.019792811945080757,-120.76300000000018
98,single_sentence_500,7,THE LOVE THE PASSION,audio__original,2.274364,2.354312,3.220559665351175e-05,1.4728607311553787e-05,79.94800000000035
99,single_sentence_500,0,THERE WAS NO MAN SIR,audio__original,0.462614,0.382563,8.456562995910645,0.7534388899803162,-80.05100000000004
99,single_sentence_500,1,THERE WAS NO MAN SIR,audio__original,0.623523,0.643636,7.267434120178223,1.8938590288162231,20.112999999999936
99,single_sentence_500,2,THERE WAS NO MAN SIR,audio__original,0.724091,0.683864,13.011788368225098,0.5441124439239502,-40.22700000000001
99,single_sentence_500,3,THERE WAS NO MAN SIR,audio__original,0.905114,0.925227,95.26667022705078,108.29766845703125,20.11300000000005
99,single_sentence_500,4,THERE WAS NO MAN SIR,audio__original,1.025795,1.015739,0.5713762044906616,0.40323203802108765,-10.056000000000065
99,single_sentence_500,5,THERE WAS NO MAN SIR,audio__original,1.126364,1.206818,36.47594451904297,6.165008544921875,80.45400000000002
99,single_sentence_500,6,THERE WAS NO MAN SIR,audio__original,1.367727,1.317443,11.440447807312012,26.83670997619629,-50.28399999999999
99,single_sentence_500,7,THERE WAS NO MAN SIR,audio__original,1.568864,1.664875,13.758710861206055,0.7071620225906372,96.01100000000007
99,single_sentence_500,8,THERE WAS NO MAN SIR,audio__original,1.870568,1.709659,12.859931945800781,85.34111022949219,-160.90899999999996
99,single_sentence_500,9,THERE WAS NO MAN SIR,audio__original,2.031477,2.031477,5.44201135635376,5.44201135635376,0.0
100,single_sentence_500,0,TO THESE THREE SIRES,audio__original,0.625299,0.54525,314.95074462890625,0.13040615618228912,-80.04900000000004
100,single_sentence_500,1,TO THESE THREE SIRES,audio__original,0.685812,0.726154,13.42663288116455,1.3052968978881836,40.34199999999999
100,single_sentence_500,2,TO THESE THREE SIRES,audio__original,0.827009,0.7785,7.2671709060668945,0.3049238324165344,-48.50900000000002
100,single_sentence_500,3,TO THESE THREE SIRES,audio__original,1.089231,1.129573,327.2005310058594,13.698987007141113,40.34199999999988
100,single_sentence_500,4,TO THESE THREE SIRES,audio__original,1.250598,1.197938,86.4791488647461,0.38802698254585266,-52.66000000000015
100,single_sentence_500,5,TO THESE THREE SIRES,audio__original,1.432137,1.452125,3.347141981124878,4.4048590660095215,19.988000000000117
100,single_sentence_500,6,TO THESE THREE SIRES,audio__original,1.633846,1.625,42.631568908691406,19.194385528564453,-8.84599999999991
100,single_sentence_500,7,TO THESE THREE SIRES,audio__original,2.158291,2.23825,34.13397979736328,3.411198377609253,79.95899999999966
101,single_sentence_500,0,WHAT I BUY EM OF HIM,audio__original,0.240517,0.1605,61.352413177490234,0.14042536914348602,-80.01700000000001
101,single_sentence_500,1,WHAT I BUY EM OF HIM,audio__original,0.481034,0.481034,0.0037492255214601755,0.0037492255214601755,0.0
101,single_sentence_500,2,WHAT I BUY EM OF HIM,audio__original,0.861853,0.677375,54.62769317626953,0.002888937946408987,-184.47800000000004
101,single_sentence_500,3,WHAT I BUY EM OF HIM,audio__original,0.881897,0.962069,81.62332916259766,1.4419469833374023,80.17199999999991
101,single_sentence_500,4,WHAT I BUY EM OF HIM,audio__original,1.082328,1.058125,248.4031524658203,2.3734493255615234,-24.202999999999975
101,single_sentence_500,5,WHAT I BUY EM OF HIM,audio__original,1.202586,1.242672,39.28411102294922,17.436452865600586,40.08600000000007
101,single_sentence_500,6,WHAT I BUY EM OF HIM,audio__original,1.342888,1.322845,93.97274017333984,21.251066207885742,-20.043000000000035
101,single_sentence_500,7,WHAT I BUY EM OF HIM,audio__original,1.403017,1.563362,7.895256996154785,12.623258590698242,160.34499999999997
101,single_sentence_500,8,WHAT I BUY EM OF HIM,audio__original,1.763793,1.643534,14.407852172851562,8.61587142944336,-120.2589999999999
101,single_sentence_500,9,WHAT I BUY EM OF HIM,audio__original,1.884052,1.954203,16.280752182006836,20.62195587158203,70.15099999999985
101,single_sentence_500,10,WHAT I BUY EM OF HIM,audio__original,2.144612,2.144612,0.02161722630262375,0.02161722630262375,0.0
101,single_sentence_500,11,WHAT I BUY EM OF HIM,audio__original,2.204741,2.224687,0.0075585246086120605,0.002134480280801654,19.94600000000002
102,single_sentence_500,0,WITH THIS HE LEFT ME,audio__original,0.505208,0.425187,1.3382089138031006,0.0007226923480629921,-80.02100000000002
102,single_sentence_500,1,WITH THIS HE LEFT ME,audio__original,0.646667,0.656771,0.2510194778442383,0.255146861076355,10.104000000000003
102,single_sentence_500,2,WITH THIS HE LEFT ME,audio__original,0.747708,0.707292,38.398502349853516,0.979740560054779,-40.41600000000001
102,single_sentence_500,3,WITH THIS HE LEFT ME,audio__original,0.909375,0.929583,12.59855842590332,27.693073272705078,20.208000000000006
102,single_sentence_500,4,WITH THIS HE LEFT ME,audio__original,0.990208,0.990208,5.315903186798096,5.315903186798096,0.0
102,single_sentence_500,5,WITH THIS HE LEFT ME,audio__original,1.071042,1.071042,8.752007484436035,8.752007484436035,0.0
102,single_sentence_500,6,WITH THIS HE LEFT ME,audio__original,1.151875,1.111458,75.44091033935547,12.260244369506836,-40.41699999999992
102,single_sentence_500,7,WITH THIS HE LEFT ME,audio__original,1.353958,1.353958,8.643434524536133,8.643434524536133,0.0
102,single_sentence_500,8,WITH THIS HE LEFT ME,audio__original,1.455,1.434792,10.94401741027832,0.2068166881799698,-20.208000000000006
102,single_sentence_500,9,WITH THIS HE LEFT ME,audio__original,1.515625,1.435625,2.600041151046753,0.2068166881799698,-80.00000000000007
103,single_sentence_500,0,A FRENCHMAN YOUR NAME,audio__original,0.40146,0.321437,112.76747131347656,0.2628047466278076,-80.02300000000001
103,single_sentence_500,1,A FRENCHMAN YOUR NAME,audio__original,0.421533,0.441606,137.76690673828125,180.4182891845703,20.073000000000008
103,single_sentence_500,2,A FRENCHMAN YOUR NAME,audio__original,0.501825,0.481752,2.5051076412200928,0.2402174174785614,-20.07299999999995
103,single_sentence_500,3,A FRENCHMAN YOUR NAME,audio__original,0.943431,1.00365,3.678169012069702,4.293741226196289,60.21899999999991
103,single_sentence_500,4,A FRENCHMAN YOUR NAME,audio__original,1.726277,1.180187,5.2875213623046875,0.03406911343336105,-546.0899999999999
103,single_sentence_500,5,A FRENCHMAN YOUR NAME,audio__original,1.886861,1.906934,32.4772834777832,28.40819549560547,20.073000000000008
103,single_sentence_500,6,A FRENCHMAN YOUR NAME,audio__original,2.027372,1.997263,20.553707122802734,17.849140167236328,-30.109000000000165
103,single_sentence_500,7,A FRENCHMAN YOUR NAME,audio__original,2.308394,2.228375,5.511784076690674,8.737059593200684,-80.01899999999962
104,single_sentence_500,0,AND ALL I'M SORRY FOR,audio__original,0.484571,0.404562,6.389063358306885,0.19951137900352478,-80.009
104,single_sentence_500,1,AND ALL I'M SORRY FOR,audio__original,0.585524,0.585524,14.943303108215332,14.943303108215332,0.0
104,single_sentence_500,2,AND ALL I'M SORRY FOR,audio__original,0.767238,0.686476,104.45819854736328,22.93457794189453,-80.762
104,single_sentence_500,3,AND ALL I'M SORRY FOR,audio__original,0.928762,0.938857,18.73067283630371,5.356102466583252,10.095000000000077
104,single_sentence_500,4,AND ALL I'M SORRY FOR,audio__original,1.029714,1.029714,30.738096237182617,30.738096237182617,0.0
104,single_sentence_500,5,AND ALL I'M SORRY FOR,audio__original,1.150857,1.160952,2.831357002258301,2.456026077270508,10.094999999999965
104,single_sentence_500,6,AND ALL I'M SORRY FOR,audio__original,1.272,1.25181,3.08203387260437,1.7708224058151245,-20.18999999999993
104,single_sentence_500,7,AND ALL I'M SORRY FOR,audio__original,1.554667,1.595048,7.151371002197266,0.6940260529518127,40.381
104,single_sentence_500,8,AND ALL I'M SORRY FOR,audio__original,1.71619,1.671375,8.23291015625,0.0757918655872345,-44.81500000000005
104,single_sentence_500,9,AND ALL I'M SORRY FOR,audio__original,1.897905,1.949875,12.784306526184082,12.69659423828125,51.97000000000007
105,single_sentence_500,0,AND JOY THAT IT BROKE,audio__original,0.201852,0.133813,66.70259094238281,0.3749139904975891,-68.03900000000002
105,single_sentence_500,1,AND JOY THAT IT BROKE,audio__original,0.302778,0.302778,422.2444763183594,422.2444763183594,0.0
105,single_sentence_500,2,AND JOY THAT IT BROKE,audio__original,0.444074,0.363333,109.71330261230469,6.340266227722168,-80.74100000000001
105,single_sentence_500,3,AND JOY THAT IT BROKE,audio__original,0.686296,0.847778,103.89886474609375,1.8689502477645874,161.48200000000003
105,single_sentence_500,4,AND JOY THAT IT BROKE,audio__original,1.190926,1.05275,58.702423095703125,0.08067687600851059,-138.17599999999985
105,single_sentence_500,5,AND JOY THAT IT BROKE,audio__original,1.291852,1.301944,9.823233604431152,25.204177856445312,10.09199999999999
105,single_sentence_500,6,AND JOY THAT IT BROKE,audio__original,1.352407,1.352407,119.39974212646484,119.39974212646484,0.0
105,single_sentence_500,7,AND JOY THAT IT BROKE,audio__original,1.412963,1.412963,6.188779354095459,6.188779354095459,0.0
105,single_sentence_500,8,AND JOY THAT IT BROKE,audio__original,1.574444,1.5095,158.5581512451172,0.4736822545528412,-64.94399999999989
105,single_sentence_500,9,AND JOY THAT IT BROKE,audio__original,1.978148,1.974125,0.3207325041294098,0.2254696488380432,-4.02300000000011
106,single_sentence_500,0,AND RUINED LONG SINCE,audio__original,0.261111,0.205063,67.59734344482422,0.0007191066979430616,-56.04799999999999
106,single_sentence_500,1,AND RUINED LONG SINCE,audio__original,0.381624,0.381624,8.334131240844727,8.334131240844727,0.0
106,single_sentence_500,2,AND RUINED LONG SINCE,audio__original,0.522222,0.461966,8.773479461669922,2.667872905731201,-60.25599999999998
106,single_sentence_500,3,AND RUINED LONG SINCE,audio__original,0.903846,0.903846,3.265995502471924,3.265995502471924,0.0
106,single_sentence_500,4,AND RUINED LONG SINCE,audio__original,1.205128,1.004274,293.1480712890625,0.0008229448576457798,-200.8540000000001
106,single_sentence_500,5,AND RUINED LONG SINCE,audio__original,1.426068,1.50641,0.1307961791753769,3.868643283843994,80.34200000000014
106,single_sentence_500,6,AND RUINED LONG SINCE,audio__original,1.667094,1.667094,5.636641979217529,5.636641979217529,0.0
106,single_sentence_500,7,AND RUINED LONG SINCE,audio__original,2.008547,1.9285,5.933043956756592,0.2742387652397156,-80.04699999999998
107,single_sentence_500,0,AND THERE WAS MY AUNT,audio__original,0.523514,0.4435,0.0919666588306427,0.03174949437379837,-80.01400000000002
107,single_sentence_500,1,AND THERE WAS MY AUNT,audio__original,0.604054,0.604054,10.675305366516113,10.675305366516113,0.0
107,single_sentence_500,2,AND THERE WAS MY AUNT,audio__original,0.644324,0.632188,167.201904296875,5.420656204223633,-12.136000000000035
107,single_sentence_500,3,AND THERE WAS MY AUNT,audio__original,0.765135,0.765135,4.065909385681152,4.065909385681152,0.0
107,single_sentence_500,4,AND THERE WAS MY AUNT,audio__original,0.78527,0.78527,7.6456685066223145,7.6456685066223145,0.0
107,single_sentence_500,5,AND THERE WAS MY AUNT,audio__original,0.865811,0.865811,12.470914840698242,12.470914840698242,0.0
107,single_sentence_500,6,AND THERE WAS MY AUNT,audio__original,0.946351,0.926216,2.624887228012085,93.50074005126953,-20.135000000000012
107,single_sentence_500,7,AND THERE WAS MY AUNT,audio__original,0.986622,1.026892,5.190834045410156,6.101999282836914,40.26999999999992
107,single_sentence_500,8,AND THERE WAS MY AUNT,audio__original,1.107432,1.07723,20.856435775756836,0.7749242782592773,-30.202000000000062
107,single_sentence_500,9,AND THERE WAS MY AUNT,audio__original,1.288649,1.368625,0.49178579449653625,0.1606893688440323,79.97600000000004
108,single_sentence_500,0,BUT WHERE YOU GO I GO,audio__original,0.140297,0.06025,13.984687805175781,0.0061998795717954636,-80.04700000000001
108,single_sentence_500,1,BUT WHERE YOU GO I GO,audio__original,0.220466,0.230487,2.6564104557037354,6.500060558319092,10.021000000000003
108,single_sentence_500,2,BUT WHERE YOU GO I GO,audio__original,0.320678,0.280593,19.719655990600586,31.652605056762695,-40.085000000000036
108,single_sentence_500,3,BUT WHERE YOU GO I GO,audio__original,0.481017,0.501059,16.267717361450195,17.57897186279297,20.04200000000006
108,single_sentence_500,4,BUT WHERE YOU GO I GO,audio__original,0.621314,0.581229,34.479984283447266,17.730226516723633,-40.085000000000036
108,single_sentence_500,5,BUT WHERE YOU GO I GO,audio__original,0.701483,0.76161,60.487850189208984,11.53183364868164,60.12700000000004
108,single_sentence_500,6,BUT WHERE YOU GO I GO,audio__original,0.861822,0.821737,235.4105682373047,339.3531799316406,-40.08499999999992
108,single_sentence_500,7,BUT WHERE YOU GO I GO,audio__original,0.962034,1.162458,61.858970642089844,64.6077880859375,200.42400000000004
108,single_sentence_500,8,BUT WHERE YOU GO I GO,audio__original,1.663517,1.41475,223.23434448242188,0.006060538813471794,-248.76699999999997
108,single_sentence_500,9,BUT WHERE YOU GO I GO,audio__original,1.683559,1.803814,100.05657958984375,21.883119583129883,120.255
108,single_sentence_500,10,BUT WHERE YOU GO I GO,audio__original,1.904025,1.843898,37.76769256591797,5.028774738311768,-60.12700000000004
108,single_sentence_500,11,BUT WHERE YOU GO I GO,audio__original,2.244746,2.304688,0.07379259914159775,0.024478154256939888,59.941999999999936
109,single_sentence_500,0,CHAPTER TEN DON DIEGO,audio__original,0.340531,0.2605,23.622234344482422,3.531888484954834,-80.03099999999996
109,single_sentence_500,1,CHAPTER TEN DON DIEGO,audio__original,0.701094,0.741156,0.6872973442077637,3.7357821464538574,40.06200000000004
109,single_sentence_500,2,CHAPTER TEN DON DIEGO,audio__original,0.881375,0.81725,12.537065505981445,0.002164139412343502,-64.12499999999999
109,single_sentence_500,3,CHAPTER TEN DON DIEGO,audio__original,1.081687,1.141781,0.019032254815101624,0.005285616498440504,60.093999999999866
109,single_sentence_500,4,CHAPTER TEN DON DIEGO,audio__original,1.802812,1.417875,8.940601348876953,0.0017597408732399344,-384.93700000000007
109,single_sentence_500,5,CHAPTER TEN DON DIEGO,audio__original,2.003125,2.063219,1.6837866306304932,0.07349802553653717,60.094000000000314
109,single_sentence_500,6,CHAPTER TEN DON DIEGO,audio__original,2.143344,2.103312,2.271242380142212,1.113905668258667,-40.03200000000007
109,single_sentence_500,7,CHAPTER TEN DON DIEGO,audio__original,2.543969,2.623937,6.302356243133545,0.23998157680034637,79.96800000000005
110,single_sentence_500,0,FORGIVE WHAT HE ASKED,audio__original,0.701795,0.62175,12.067586898803711,0.8601911067962646,-80.04499999999992
110,single_sentence_500,1,FORGIVE WHAT HE ASKED,audio__original,1.082769,1.122872,5.692203998565674,9.140167236328125,40.103
110,single_sentence_500,2,FORGIVE WHAT HE ASKED,audio__original,1.72441,1.403125,17.816009521484375,0.006047561764717102,-321.285
110,single_sentence_500,3,FORGIVE WHAT HE ASKED,audio__original,1.944974,1.977,2.667840003967285,0.033198848366737366,32.02600000000011
110,single_sentence_500,4,FORGIVE WHAT HE ASKED,audio__original,2.726974,2.489438,1.4345917701721191,0.047349777072668076,-237.53599999999997
110,single_sentence_500,5,FORGIVE WHAT HE ASKED,audio__original,2.767077,2.767077,4.834747791290283,4.834747791290283,0.0
110,single_sentence_500,6,FORGIVE WHAT HE ASKED,audio__original,3.007692,2.847282,23.478479385375977,36.124656677246094,-160.41000000000017
110,single_sentence_500,7,FORGIVE WHAT HE ASKED,audio__original,3.408718,3.472688,0.055711183696985245,0.02882222831249237,63.970000000000304
111,single_sentence_500,0,FURTHER IT IS SAID DE,audio__original,0.604455,0.524438,237.67282104492188,1.138409972190857,-80.01700000000001
111,single_sentence_500,1,FURTHER IT IS SAID DE,audio__original,0.906683,0.967129,91.55064392089844,16.935466766357422,60.446
111,single_sentence_500,2,FURTHER IT IS SAID DE,audio__original,1.208911,1.128,133.08213806152344,0.0002980440331157297,-80.91100000000017
111,single_sentence_500,3,FURTHER IT IS SAID DE,audio__original,1.289505,1.289505,37.43023681640625,37.43023681640625,0.0
111,single_sentence_500,4,FURTHER IT IS SAID DE,audio__original,1.34995,1.34995,71.96088409423828,71.96088409423828,0.0
111,single_sentence_500,5,FURTHER IT IS SAID DE,audio__original,1.450693,1.450693,51.15534591674805,51.15534591674805,0.0
111,single_sentence_500,6,FURTHER IT IS SAID DE,audio__original,1.571584,1.571584,42.535160064697266,42.535160064697266,0.0
111,single_sentence_500,7,FURTHER IT IS SAID DE,audio__original,1.813366,1.821375,2.1457786560058594,2.024329662322998,8.008999999999933
111,single_sentence_500,8,FURTHER IT IS SAID DE,audio__original,1.974554,1.974554,0.0002847106079570949,0.0002847106079570949,0.0
111,single_sentence_500,9,FURTHER IT IS SAID DE,audio__original,2.014851,2.014851,0.00015602934581693262,0.00015602934581693262,0.0
112,single_sentence_500,0,HAREM WHAT'S DE HAREM,audio__original,0.421831,0.341813,73.84857940673828,0.869487464427948,-80.01800000000003
112,single_sentence_500,1,HAREM WHAT'S DE HAREM,audio__original,0.743227,0.783401,0.7569035291671753,0.19357824325561523,40.17400000000004
112,single_sentence_500,2,HAREM WHAT'S DE HAREM,audio__original,1.7275,0.86375,11.196551322937012,0.08397548645734787,-863.75
112,single_sentence_500,3,HAREM WHAT'S DE HAREM,audio__original,2.008721,2.08907,40.770835876464844,23.987688064575195,80.349
112,single_sentence_500,4,HAREM WHAT'S DE HAREM,audio__original,2.249767,2.13325,76.9719009399414,0.5081801414489746,-116.51699999999998
112,single_sentence_500,5,HAREM WHAT'S DE HAREM,audio__original,2.310029,2.310029,41.910911560058594,41.910911560058594,0.0
112,single_sentence_500,6,HAREM WHAT'S DE HAREM,audio__original,2.551076,2.470727,28.304092407226562,33.313690185546875,-80.349
112,single_sentence_500,7,HAREM WHAT'S DE HAREM,audio__original,2.932733,3.012688,0.7551164031028748,0.23890942335128784,79.955
113,single_sentence_500,0,HE SAID THEY ARE NICE,audio__original,0.181343,0.101312,0.061025220900774,0.006437946110963821,-80.031
113,single_sentence_500,1,HE SAID THEY ARE NICE,audio__original,0.221642,0.221642,52.30754089355469,52.30754089355469,0.0
113,single_sentence_500,2,HE SAID THEY ARE NICE,audio__original,0.362687,0.362687,21.80771255493164,21.80771255493164,0.0
113,single_sentence_500,3,HE SAID THEY ARE NICE,audio__original,0.564179,0.564179,3.6179540157318115,3.6179540157318115,0.0
113,single_sentence_500,4,HE SAID THEY ARE NICE,audio__original,1.168657,0.664925,3.846590042114258,0.006230008788406849,-503.7320000000001
113,single_sentence_500,5,HE SAID THEY ARE NICE,audio__original,1.309701,1.329851,18.138525009155273,0.053711846470832825,20.149999999999892
113,single_sentence_500,6,HE SAID THEY ARE NICE,audio__original,1.511194,1.414125,189.2145538330078,0.0035206687171012163,-97.06899999999985
113,single_sentence_500,7,HE SAID THEY ARE NICE,audio__original,1.63209,1.652239,3.843252658843994,17.21669578552246,20.148999999999972
113,single_sentence_500,8,HE SAID THEY ARE NICE,audio__original,1.793284,1.752985,25.87312889099121,3.3684160709381104,-40.299000000000085
113,single_sentence_500,9,HE SAID THEY ARE NICE,audio__original,2.095522,2.1755,4.434112548828125,0.07332640886306763,79.97800000000011
114,single_sentence_500,0,I DON'T KNOW I RECKON,audio__original,0.383167,0.303125,27.082584381103516,0.23307473957538605,-80.042
114,single_sentence_500,1,I DON'T KNOW I RECKON,audio__original,0.403333,0.443667,29.790109634399414,5.050291538238525,40.33399999999998
114,single_sentence_500,2,I DON'T KNOW I RECKON,audio__original,0.484,0.484,5.709535121917725,5.709535121917725,0.0
114,single_sentence_500,3,I DON'T KNOW I RECKON,audio__original,0.645333,0.645333,1.0287911891937256,1.0287911891937256,0.0
114,single_sentence_500,4,I DON'T KNOW I RECKON,audio__original,0.6655,0.6655,0.3759824335575104,0.3759824335575104,0.0
114,single_sentence_500,5,I DON'T KNOW I RECKON,audio__original,0.7865,0.826833,0.31542542576789856,0.017952902242541313,40.33300000000006
114,single_sentence_500,6,I DON'T KNOW I RECKON,audio__original,1.452,1.099438,14.125297546386719,0.01982145756483078,-352.56200000000007
114,single_sentence_500,7,I DON'T KNOW I RECKON,audio__original,1.492333,1.532667,5.121903419494629,3.145529270172119,40.33400000000009
114,single_sentence_500,8,I DON'T KNOW I RECKON,audio__original,1.6335,1.623417,21.41381072998047,30.803638458251953,-10.082999999999842
114,single_sentence_500,9,I DON'T KNOW I RECKON,audio__original,1.9965,1.9165,0.4551825523376465,0.024012979120016098,-79.99999999999984
115,single_sentence_500,0,I MUST KNOW ABOUT YOU,audio__original,0.464894,0.384875,32.10483169555664,0.000812218408100307,-80.01899999999995
115,single_sentence_500,1,I MUST KNOW ABOUT YOU,audio__original,0.485106,0.525532,14.189990043640137,0.8895362019538879,40.426000000000016
115,single_sentence_500,2,I MUST KNOW ABOUT YOU,audio__original,0.606383,0.58617,30.959686279296875,0.26474523544311523,-20.213000000000036
115,single_sentence_500,3,I MUST KNOW ABOUT YOU,audio__original,0.788298,0.808511,16.005544662475586,0.21259218454360962,20.212999999999926
115,single_sentence_500,4,I MUST KNOW ABOUT YOU,audio__original,0.889362,0.869149,0.33198556303977966,0.1270095407962799,-20.213000000000036
115,single_sentence_500,5,I MUST KNOW ABOUT YOU,audio__original,1.030851,1.051064,0.6040599346160889,9.801773071289062,20.213000000000036
115,single_sentence_500,6,I MUST KNOW ABOUT YOU,audio__original,1.111702,1.111702,1.184827446937561,1.184827446937561,0.0
115,single_sentence_500,7,I MUST KNOW ABOUT YOU,audio__original,1.374468,1.374468,0.526951789855957,0.526951789855957,0.0
115,single_sentence_500,8,I MUST KNOW ABOUT YOU,audio__original,1.475532,1.435106,3.209181785583496,4.833251953125,-40.42600000000007
115,single_sentence_500,9,I MUST KNOW ABOUT YOU,audio__original,1.758511,1.758511,0.0005130231729708612,0.0005130231729708612,0.0
116,single_sentence_500,0,I RETURNED TO MY BOOK,audio__original,0.505376,0.425375,15.69592571258545,0.00635656900703907,-80.00100000000005
116,single_sentence_500,1,I RETURNED TO MY BOOK,audio__original,0.525591,0.586237,10.202394485473633,10.851506233215332,60.64599999999998
116,single_sentence_500,2,I RETURNED TO MY BOOK,audio__original,0.646882,0.636774,2.006368398666382,1.3748875856399536,-10.108000000000006
116,single_sentence_500,3,I RETURNED TO MY BOOK,audio__original,1.030968,1.030968,1.4705711603164673,1.4705711603164673,0.0
116,single_sentence_500,4,I RETURNED TO MY BOOK,audio__original,1.091613,1.091613,0.38815510272979736,0.38815510272979736,0.0
116,single_sentence_500,5,I RETURNED TO MY BOOK,audio__original,1.132043,1.132043,1.130141019821167,1.130141019821167,0.0
116,single_sentence_500,6,I RETURNED TO MY BOOK,audio__original,1.233118,1.212903,2.7644412517547607,3.319640874862671,-20.214999999999872
116,single_sentence_500,7,I RETURNED TO MY BOOK,audio__original,1.293763,1.334194,1.3230878114700317,1.2200195789337158,40.431000000000104
116,single_sentence_500,8,I RETURNED TO MY BOOK,audio__original,1.415054,1.386625,75.08475494384766,0.1864027976989746,-28.429000000000038
116,single_sentence_500,9,I RETURNED TO MY BOOK,audio__original,1.617204,1.605187,0.006588757038116455,0.010141810402274132,-12.017000000000166
117,single_sentence_500,0,IF I CAN GET PATIENTS,audio__original,0.625299,0.54525,6.03983736038208,3.295065880593029e-06,-80.04900000000004
117,single_sentence_500,1,IF I CAN GET PATIENTS,audio__original,0.705983,0.705983,0.012523317709565163,0.012523317709565163,0.0
117,single_sentence_500,2,IF I CAN GET PATIENTS,audio__original,0.786667,0.746325,26.82560920715332,25.025060653686523,-40.34199999999999
117,single_sentence_500,3,IF I CAN GET PATIENTS,audio__original,0.806838,0.847179,47.35658645629883,3.190218448638916,40.34099999999996
117,single_sentence_500,4,IF I CAN GET PATIENTS,audio__original,0.887521,0.887521,1.7175524234771729,1.7175524234771729,0.0
117,single_sentence_500,5,IF I CAN GET PATIENTS,audio__original,0.988376,1.028718,0.1422748863697052,0.46468132734298706,40.34199999999999
117,single_sentence_500,6,IF I CAN GET PATIENTS,audio__original,1.06906,1.06906,12.857770919799805,12.857770919799805,0.0
117,single_sentence_500,7,IF I CAN GET PATIENTS,audio__original,1.190085,1.190085,0.0013495506718754768,0.0013495506718754768,0.0
117,single_sentence_500,8,IF I CAN GET PATIENTS,audio__original,1.311111,1.230427,7.240853786468506,0.11153148114681244,-80.68399999999998
117,single_sentence_500,9,IF I CAN GET PATIENTS,audio__original,1.835556,1.7555,12.938977241516113,0.0032940232194960117,-80.0559999999999
118,single_sentence_500,0,IT SEEMS REAL STRANGE,audio__original,0.4411,0.389062,12.944880485534668,0.1825324445962906,-52.037999999999975
118,single_sentence_500,1,IT SEEMS REAL STRANGE,audio__original,0.50125,0.50125,0.7951521277427673,0.7951521277427673,0.0
118,single_sentence_500,2,IT SEEMS REAL STRANGE,audio__original,0.6015,0.58145,2.5952138900756836,3.829087734222412,-20.05000000000001
118,single_sentence_500,3,IT SEEMS REAL STRANGE,audio__original,0.86215,0.86215,2.6911706924438477,2.6911706924438477,0.0
118,single_sentence_500,4,IT SEEMS REAL STRANGE,audio__original,0.90225,0.8822,8.252839088439941,15.000924110412598,-20.05000000000001
118,single_sentence_500,5,IT SEEMS REAL STRANGE,audio__original,1.06265,1.06265,2.2151546478271484,2.2151546478271484,0.0
118,single_sentence_500,6,IT SEEMS REAL STRANGE,audio__original,1.14285,1.14285,17.878389358520508,17.878389358520508,0.0
118,single_sentence_500,7,IT SEEMS REAL STRANGE,audio__original,1.6441,1.724063,2.8439321517944336,0.19052556157112122,79.96300000000001
119,single_sentence_500,0,IT WAS WHITE AND HARD,audio__original,0.34156,0.2855,0.03193828463554382,0.0070108408108353615,-56.06
119,single_sentence_500,1,IT WAS WHITE AND HARD,audio__original,0.401835,0.411881,0.7643598914146423,0.3228228986263275,10.046
119,single_sentence_500,2,IT WAS WHITE AND HARD,audio__original,0.482202,0.442018,23.499235153198242,7.232769966125488,-40.184
119,single_sentence_500,3,IT WAS WHITE AND HARD,audio__original,0.582661,0.582661,4.2543230056762695,4.2543230056762695,0.0
119,single_sentence_500,4,IT WAS WHITE AND HARD,audio__original,0.703211,0.683119,35.71247482299805,17.25227928161621,-20.092
119,single_sentence_500,5,IT WAS WHITE AND HARD,audio__original,0.92422,0.92422,1.8143211603164673,1.8143211603164673,0.0
119,single_sentence_500,6,IT WAS WHITE AND HARD,audio__original,1.105046,1.105046,0.0677507072687149,0.0677507072687149,0.0
119,single_sentence_500,7,IT WAS WHITE AND HARD,audio__original,1.205505,1.225596,6.819609642028809,2.562906265258789,20.09099999999986
119,single_sentence_500,8,IT WAS WHITE AND HARD,audio__original,1.346147,1.317813,6.996606826782227,0.860499382019043,-28.33400000000008
119,single_sentence_500,9,IT WAS WHITE AND HARD,audio__original,1.808257,1.88825,0.01480032503604889,0.012391145341098309,79.99299999999998
120,single_sentence_500,0,LET THEM THE REALISTS,audio__original,0.463833,0.383813,23.018957138061523,0.022389711812138557,-80.01999999999998
120,single_sentence_500,1,LET THEM THE REALISTS,audio__original,0.605,0.625167,0.02890591137111187,0.008624609559774399,20.167000000000044
120,single_sentence_500,2,LET THEM THE REALISTS,audio__original,0.746167,0.6655,53.282318115234375,0.1029091328382492,-80.66700000000004
120,single_sentence_500,3,LET THEM THE REALISTS,audio__original,0.927667,1.008333,15.501039505004883,8.956716537475586,80.66599999999991
120,single_sentence_500,4,LET THEM THE REALISTS,audio__original,1.593167,1.241125,47.01677322387695,0.006928809452801943,-352.042
120,single_sentence_500,5,LET THEM THE REALISTS,audio__original,1.653667,1.673833,17.309221267700195,12.87071704864502,20.165999999999904
120,single_sentence_500,6,LET THEM THE REALISTS,audio__original,1.734333,1.714167,60.126800537109375,88.64039611816406,-20.165999999999904
120,single_sentence_500,7,LET THEM THE REALISTS,audio__original,2.198167,2.278125,5.251162528991699,0.003933005966246128,79.95799999999997
121,single_sentence_500,0,LUNCH EIGHT POINT ONE,audio__original,0.240976,0.160938,32.299991607666016,0.01891331560909748,-80.038
121,single_sentence_500,1,LUNCH EIGHT POINT ONE,audio__original,0.502033,0.562276,24.592082977294922,10.504000663757324,60.243000000000045
121,single_sentence_500,2,LUNCH EIGHT POINT ONE,audio__original,1.164715,0.78275,57.635921478271484,0.006753186695277691,-381.965
121,single_sentence_500,3,LUNCH EIGHT POINT ONE,audio__original,1.325366,1.345447,0.03890553489327431,0.032492853701114655,20.081000000000017
121,single_sentence_500,4,LUNCH EIGHT POINT ONE,audio__original,1.425772,1.38561,0.6848795413970947,0.012938648462295532,-40.162000000000035
121,single_sentence_500,5,LUNCH EIGHT POINT ONE,audio__original,1.626585,1.666748,1.1866909265518188,0.010743347927927971,40.16299999999995
121,single_sentence_500,6,LUNCH EIGHT POINT ONE,audio__original,1.787236,1.706911,15.29257869720459,18.03961181640625,-80.32499999999997
121,single_sentence_500,7,LUNCH EIGHT POINT ONE,audio__original,1.907724,1.987688,1.6279207468032837,0.14897772669792175,79.96399999999993
122,single_sentence_500,0,NEVER SEEN AFTER LENT,audio__original,0.402521,0.3465,4.367668151855469,0.08775901794433594,-56.02100000000004
122,single_sentence_500,1,NEVER SEEN AFTER LENT,audio__original,0.603782,0.60775,3.8361480236053467,3.062669515609741,3.9679999999999715
122,single_sentence_500,2,NEVER SEEN AFTER LENT,audio__original,0.724538,0.66416,222.68841552734375,59.61125564575195,-60.37800000000004
122,single_sentence_500,3,NEVER SEEN AFTER LENT,audio__original,0.96605,1.026429,12.990487098693848,6.979451656341553,60.37900000000007
122,single_sentence_500,4,NEVER SEEN AFTER LENT,audio__original,1.187437,1.09475,13.441848754882812,0.7478647828102112,-92.68700000000018
122,single_sentence_500,5,NEVER SEEN AFTER LENT,audio__original,1.408824,1.418887,3.286653995513916,1.5028326511383057,10.062999999999933
122,single_sentence_500,6,NEVER SEEN AFTER LENT,audio__original,1.509454,1.469202,12.267890930175781,4.287387847900391,-40.25200000000018
122,single_sentence_500,7,NEVER SEEN AFTER LENT,audio__original,1.771092,1.727062,0.4438535273075104,0.016298940405249596,-44.030000000000015
123,single_sentence_500,0,NO SAID BUTTON BRIGHT,audio__original,0.580973,0.500938,34.2861328125,0.24525907635688782,-80.03499999999997
123,single_sentence_500,1,NO SAID BUTTON BRIGHT,audio__original,0.681141,0.90151,1.480631947517395,0.8319399952888489,220.36900000000003
123,single_sentence_500,2,NO SAID BUTTON BRIGHT,audio__original,1.863121,1.141687,1.2417863607406616,0.0003850535140372813,-721.4340000000001
123,single_sentence_500,3,NO SAID BUTTON BRIGHT,audio__original,2.003356,2.003356,0.4161898195743561,0.4161898195743561,0.0
123,single_sentence_500,4,NO SAID BUTTON BRIGHT,audio__original,2.043423,2.043423,230.47462463378906,230.47462463378906,0.0
123,single_sentence_500,5,NO SAID BUTTON BRIGHT,audio__original,2.283826,2.283826,1.874109148979187,1.874109148979187,0.0
123,single_sentence_500,6,NO SAID BUTTON BRIGHT,audio__original,2.323893,2.307875,90.2131118774414,2.0802087783813477,-16.017999999999866
123,single_sentence_500,7,NO SAID BUTTON BRIGHT,audio__original,2.684497,2.604437,0.000544655486010015,0.0008210525847971439,-80.06000000000002
124,single_sentence_500,0,NOW CUT DOWN AND DEAD,audio__original,0.281603,0.201563,8.10959529876709,13.324026107788086,-80.04
124,single_sentence_500,1,NOW CUT DOWN AND DEAD,audio__original,0.40229,0.482748,109.70549774169922,15.989327430725098,80.45800000000003
124,single_sentence_500,2,NOW CUT DOWN AND DEAD,audio__original,0.643664,0.543092,15.509069442749023,0.9940264225006104,-100.57199999999999
124,single_sentence_500,3,NOW CUT DOWN AND DEAD,audio__original,0.80458,0.844809,41.501976013183594,5.579559326171875,40.22900000000007
124,single_sentence_500,4,NOW CUT DOWN AND DEAD,audio__original,1.086183,0.905153,79.26519775390625,0.0007820784812793136,-181.02999999999992
124,single_sentence_500,5,NOW CUT DOWN AND DEAD,audio__original,1.287328,1.347672,4.425176620483398,101.47145080566406,60.34399999999995
124,single_sentence_500,6,NOW CUT DOWN AND DEAD,audio__original,1.448244,1.387901,10.039789199829102,10.997703552246094,-60.34300000000003
124,single_sentence_500,7,NOW CUT DOWN AND DEAD,audio__original,1.568931,1.60916,2.744232654571533,3.8841655254364014,40.22899999999985
124,single_sentence_500,8,NOW CUT DOWN AND DEAD,audio__original,1.770076,1.665375,147.7341766357422,0.314016193151474,-104.70099999999994
124,single_sentence_500,9,NOW CUT DOWN AND DEAD,audio__original,2.252824,2.292813,0.0008902443805709481,0.00023058452643454075,39.989000000000274
125,single_sentence_500,0,O'ER CITY PASSION SEA,audio__original,0.540828,0.460813,52.382286071777344,0.015514787286520004,-80.015
125,single_sentence_500,1,O'ER CITY PASSION SEA,audio__original,0.701074,0.717063,112.15877532958984,5.396358489990234,15.989000000000031
125,single_sentence_500,2,O'ER CITY PASSION SEA,audio__original,0.861319,0.761166,49.17356491088867,81.50508117675781,-100.15299999999993
125,single_sentence_500,3,O'ER CITY PASSION SEA,audio__original,1.061626,1.20184,84.20336151123047,32.72647476196289,140.21400000000006
125,single_sentence_500,4,O'ER CITY PASSION SEA,audio__original,1.78273,1.578062,30.226232528686523,0.017559604719281197,-204.66799999999984
125,single_sentence_500,5,O'ER CITY PASSION SEA,audio__original,2.143282,2.263466,30.80668830871582,3.7100045680999756,120.18400000000007
125,single_sentence_500,6,O'ER CITY PASSION SEA,audio__original,2.603988,2.395563,14.948846817016602,0.339470773935318,-208.42500000000007
125,single_sentence_500,7,O'ER CITY PASSION SEA,audio__original,3.064693,3.100687,0.027724938467144966,0.01659395731985569,35.994000000000085
126,single_sentence_500,0,PERHAPS SO SAID POLLY,audio__original,0.342339,0.286313,3.9227232933044434,0.00540559645742178,-56.02600000000002
126,single_sentence_500,1,PERHAPS SO SAID POLLY,audio__original,0.724954,0.735023,5.915310382843018,9.284371376037598,10.068999999999996
126,single_sentence_500,2,PERHAPS SO SAID POLLY,audio__original,0.84578,0.815573,13.047324180603027,7.505890846252441,-30.206999999999983
126,single_sentence_500,3,PERHAPS SO SAID POLLY,audio__original,0.92633,1.147844,17.790117263793945,1.1360033750534058,221.5140000000001
126,single_sentence_500,4,PERHAPS SO SAID POLLY,audio__original,1.389495,1.284563,3.1335811614990234,0.06707589328289032,-104.93200000000003
126,single_sentence_500,5,PERHAPS SO SAID POLLY,audio__original,1.530459,1.550437,0.21665488183498383,0.00797630287706852,19.97800000000005
126,single_sentence_500,6,PERHAPS SO SAID POLLY,audio__original,1.631147,1.590872,2.57370662689209,5.884510517120361,-40.274999999999835
126,single_sentence_500,7,PERHAPS SO SAID POLLY,audio__original,1.892936,1.972875,2.4201111793518066,0.08731675148010254,79.93899999999998
127,single_sentence_500,0,RETURNED THE WOOZY SO,audio__original,0.362243,0.310188,8.325349807739258,0.006746913772076368,-52.054999999999964
127,single_sentence_500,1,RETURNED THE WOOZY SO,audio__original,0.704361,0.704361,1.079211711883545,1.079211711883545,0.0
127,single_sentence_500,2,RETURNED THE WOOZY SO,audio__original,0.744611,0.744611,4.688510417938232,4.688510417938232,0.0
127,single_sentence_500,3,RETURNED THE WOOZY SO,audio__original,0.804984,0.804984,1.6155822277069092,1.6155822277069092,0.0
127,single_sentence_500,4,RETURNED THE WOOZY SO,audio__original,0.845234,0.845234,2.684499740600586,2.684499740600586,0.0
127,single_sentence_500,5,RETURNED THE WOOZY SO,audio__original,1.147103,1.207477,11.005648612976074,0.20545348525047302,60.373999999999924
127,single_sentence_500,6,RETURNED THE WOOZY SO,audio__original,2.736947,1.936125,34.99912643432617,0.00022264981816988438,-800.8219999999997
127,single_sentence_500,7,RETURNED THE WOOZY SO,audio__original,3.09919,3.179187,0.021725771948695183,0.021373676136136055,79.9970000000001
128,single_sentence_500,0,SAID HE LET'S GO HOME,audio__original,0.282772,0.29475,0.8534644246101379,0.18693630397319794,11.977999999999989
128,single_sentence_500,1,SAID HE LET'S GO HOME,audio__original,0.424158,0.434257,0.4756338596343994,1.0310410261154175,10.099000000000025
128,single_sentence_500,2,SAID HE LET'S GO HOME,audio__original,0.50495,0.494851,1.28286874294281,0.5740612149238586,-10.099000000000025
128,single_sentence_500,3,SAID HE LET'S GO HOME,audio__original,0.545347,0.666535,1.056361198425293,1.8804306983947754,121.18799999999996
128,single_sentence_500,4,SAID HE LET'S GO HOME,audio__original,1.009901,0.8275,39.87991714477539,0.007864343002438545,-182.40099999999993
128,single_sentence_500,5,SAID HE LET'S GO HOME,audio__original,1.232079,1.232079,16.700960159301758,16.700960159301758,0.0
128,single_sentence_500,6,SAID HE LET'S GO HOME,audio__original,1.353267,1.316875,96.56529998779297,2.49463152885437,-36.39199999999998
128,single_sentence_500,7,SAID HE LET'S GO HOME,audio__original,1.413861,1.494653,10.311237335205078,11.088226318359375,80.79199999999997
128,single_sentence_500,8,SAID HE LET'S GO HOME,audio__original,1.575446,1.53505,16.617015838623047,5.020898342132568,-40.39599999999987
128,single_sentence_500,9,SAID HE LET'S GO HOME,audio__original,1.979406,2.039375,0.08228527754545212,0.020584216341376305,59.969000000000165
129,single_sentence_500,0,SO HE RUBBED THE RING,audio__original,0.644444,0.564438,30.25655746459961,4.491305351257324,-80.00600000000003
129,single_sentence_500,1,SO HE RUBBED THE RING,audio__original,0.725,0.805556,9.992132186889648,5.155793190002441,80.55600000000007
129,single_sentence_500,2,SO HE RUBBED THE RING,audio__original,0.886111,0.865972,8.916215896606445,3.1158175468444824,-20.139000000000017
129,single_sentence_500,3,SO HE RUBBED THE RING,audio__original,0.926389,0.946528,7.860583305358887,18.279041290283203,20.139000000000017
129,single_sentence_500,4,SO HE RUBBED THE RING,audio__original,1.0875,1.043063,50.69660949707031,0.3834582567214966,-44.43699999999984
129,single_sentence_500,5,SO HE RUBBED THE RING,audio__original,1.349306,1.349306,4.615996837615967,4.615996837615967,0.0
129,single_sentence_500,6,SO HE RUBBED THE RING,audio__original,1.429861,1.409722,191.0033416748047,5.746539115905762,-20.13900000000013
129,single_sentence_500,7,SO HE RUBBED THE RING,audio__original,1.490278,1.500347,6.14259672164917,3.351416826248169,10.069000000000106
129,single_sentence_500,8,SO HE RUBBED THE RING,audio__original,1.611111,1.550694,13.65336799621582,1.8240798711776733,-60.416999999999945
129,single_sentence_500,9,SO HE RUBBED THE RING,audio__original,2.094444,2.174437,0.0016040467889979482,0.0008018197841010988,79.99299999999998
130,single_sentence_500,0,SUPPOSE IT'S A FRIEND,audio__original,0.584485,0.504437,10.396653175354004,0.9398581385612488,-80.048
130,single_sentence_500,1,SUPPOSE IT'S A FRIEND,audio__original,0.947268,0.947268,11.207159996032715,11.207159996032715,0.0
130,single_sentence_500,2,SUPPOSE IT'S A FRIEND,audio__original,1.027887,1.027887,3.921811580657959,3.921811580657959,0.0
130,single_sentence_500,3,SUPPOSE IT'S A FRIEND,audio__original,1.148814,1.148814,27.277523040771484,27.277523040771484,0.0
130,single_sentence_500,4,SUPPOSE IT'S A FRIEND,audio__original,1.209278,1.209278,0.8310621976852417,0.8310621976852417,0.0
130,single_sentence_500,5,SUPPOSE IT'S A FRIEND,audio__original,1.229433,1.229433,0.1895030289888382,0.1895030289888382,0.0
130,single_sentence_500,6,SUPPOSE IT'S A FRIEND,audio__original,1.350361,1.289897,34.013160705566406,0.0007259316043928266,-60.46399999999985
130,single_sentence_500,7,SUPPOSE IT'S A FRIEND,audio__original,1.854227,1.934187,0.00042468428728170693,0.00034282763954252005,79.96000000000004
131,single_sentence_500,0,SURE PHAT COULD OI DO,audio__original,0.502336,0.422312,143.3662109375,7.9648590087890625,-80.02399999999999
131,single_sentence_500,1,SURE PHAT COULD OI DO,audio__original,0.663084,0.703271,12.414719581604004,128.9457244873047,40.18699999999997
131,single_sentence_500,2,SURE PHAT COULD OI DO,audio__original,0.843925,0.763551,168.1604766845703,5.964766025543213,-80.37400000000005
131,single_sentence_500,3,SURE PHAT COULD OI DO,audio__original,1.004673,1.04486,0.02332085743546486,0.0024614990688860416,40.18699999999997
131,single_sentence_500,4,SURE PHAT COULD OI DO,audio__original,1.125234,1.064953,2.61092209815979,0.003457328537479043,-60.28100000000003
131,single_sentence_500,5,SURE PHAT COULD OI DO,audio__original,1.285981,1.296028,69.83610534667969,38.695804595947266,10.046999999999917
131,single_sentence_500,6,SURE PHAT COULD OI DO,audio__original,1.346262,1.346262,51.96015548706055,51.96015548706055,0.0
131,single_sentence_500,7,SURE PHAT COULD OI DO,audio__original,1.386449,1.486916,55.05952835083008,0.05495784431695938,100.46699999999986
131,single_sentence_500,8,SURE PHAT COULD OI DO,audio__original,1.56729,1.527103,56.400306701660156,1.7624284029006958,-40.18699999999997
131,single_sentence_500,9,SURE PHAT COULD OI DO,audio__original,1.928972,2.008938,0.0001708038616925478,0.0001031303545460105,79.96600000000021
132,single_sentence_500,0,THANK YOU DORCAS DEAR,audio__original,0.541421,0.461375,74.94367218017578,0.14923404157161713,-80.04600000000006
132,single_sentence_500,1,THANK YOU DORCAS DEAR,audio__original,0.721895,0.749938,0.4475131034851074,0.09460671991109848,28.043000000000042
132,single_sentence_500,2,THANK YOU DORCAS DEAR,audio__original,0.802105,0.782053,4.850052356719971,1.9744206666946411,-20.051999999999957
132,single_sentence_500,3,THANK YOU DORCAS DEAR,audio__original,0.882316,0.902368,2.9051430225372314,4.680086612701416,20.051999999999957
132,single_sentence_500,4,THANK YOU DORCAS DEAR,audio__original,0.982579,0.962526,22.7032470703125,4.305577754974365,-20.052999999999987
132,single_sentence_500,5,THANK YOU DORCAS DEAR,audio__original,1.303421,1.323474,49.68980026245117,7.593423366546631,20.053000000000097
132,single_sentence_500,6,THANK YOU DORCAS DEAR,audio__original,1.383632,1.347562,19.529613494873047,0.033834658563137054,-36.07000000000005
132,single_sentence_500,7,THANK YOU DORCAS DEAR,audio__original,1.564105,1.644062,0.927688479423523,0.11332839727401733,79.95699999999984
133,single_sentence_500,0,THE CHILD TURNED BACK,audio__original,0.542596,0.462562,0.03192588686943054,0.0010758512653410435,-80.03399999999999
133,single_sentence_500,1,THE CHILD TURNED BACK,audio__original,0.622981,0.622981,1.4619814157485962,1.4619814157485962,0.0
133,single_sentence_500,2,THE CHILD TURNED BACK,audio__original,0.723462,0.663173,11.419940948486328,14.021170616149902,-60.28900000000004
133,single_sentence_500,3,THE CHILD TURNED BACK,audio__original,0.984712,1.004808,0.46665775775909424,0.030331455171108246,20.09599999999989
133,single_sentence_500,4,THE CHILD TURNED BACK,audio__original,1.065096,1.024938,3.4261302947998047,0.05008424445986748,-40.158000000000136
133,single_sentence_500,5,THE CHILD TURNED BACK,audio__original,1.245962,1.25,1.222959041595459,2.027287244796753,4.037999999999986
133,single_sentence_500,6,THE CHILD TURNED BACK,audio__original,1.366538,1.286154,96.68523406982422,7.211172103881836,-80.38400000000001
133,single_sentence_500,7,THE CHILD TURNED BACK,audio__original,1.5675,1.5715,0.05994541570544243,0.0102890245616436,4.0000000000000036
134,single_sentence_500,0,THE MAN ANSWERED BACK,audio__original,0.541436,0.461375,0.045051489025354385,0.029185893014073372,-80.06100000000005
134,single_sentence_500,1,THE MAN ANSWERED BACK,audio__original,0.601596,0.611622,1.0724904537200928,0.22092032432556152,10.025999999999978
134,single_sentence_500,2,THE MAN ANSWERED BACK,audio__original,0.681809,0.641702,7.411160469055176,0.19938373565673828,-40.107000000000006
134,single_sentence_500,3,THE MAN ANSWERED BACK,audio__original,0.802128,0.810125,6.34432315826416,1.4320151805877686,7.997000000000032
134,single_sentence_500,4,THE MAN ANSWERED BACK,audio__original,0.922447,0.922447,1.741530418395996,1.741530418395996,0.0
134,single_sentence_500,5,THE MAN ANSWERED BACK,audio__original,1.203191,1.203191,0.3261081576347351,0.3261081576347351,0.0
134,single_sentence_500,6,THE MAN ANSWERED BACK,audio__original,1.303457,1.243298,55.400325775146484,11.093055725097656,-60.15900000000008
134,single_sentence_500,7,THE MAN ANSWERED BACK,audio__original,1.483936,1.563875,0.7008674144744873,1.2419202327728271,79.93899999999998
135,single_sentence_500,0,THEY DID SO SHE CRIED,audio__original,0.501025,0.449,0.00857393816113472,0.0016561453230679035,-52.02500000000004
135,single_sentence_500,1,THEY DID SO SHE CRIED,audio__original,0.62127,0.62127,10.476700782775879,10.476700782775879,0.0
135,single_sentence_500,2,THEY DID SO SHE CRIED,audio__original,0.661352,0.661352,37.23649215698242,37.23649215698242,0.0
135,single_sentence_500,3,THEY DID SO SHE CRIED,audio__original,0.781598,0.785563,0.1437109410762787,0.31935474276542664,3.9649999999999963
135,single_sentence_500,4,THEY DID SO SHE CRIED,audio__original,0.861762,0.82168,3.6928915977478027,1.0894073247909546,-40.082000000000065
135,single_sentence_500,5,THEY DID SO SHE CRIED,audio__original,0.941926,1.062172,4.1351542472839355,0.08265331387519836,120.24599999999985
135,single_sentence_500,6,THEY DID SO SHE CRIED,audio__original,1.84377,1.570312,3.580341339111328,0.0005476264050230384,-273.45799999999997
135,single_sentence_500,7,THEY DID SO SHE CRIED,audio__original,1.943975,1.964016,12.280377388000488,4.6463494300842285,20.040999999999976
135,single_sentence_500,8,THEY DID SO SHE CRIED,audio__original,2.04418,2.004098,3.5515642166137695,5.858752727508545,-40.08199999999995
135,single_sentence_500,9,THEY DID SO SHE CRIED,audio__original,2.404918,2.428875,0.010777262039482594,0.002778214868158102,23.957000000000228
136,single_sentence_500,0,THREE THE MASTER SAID,audio__original,0.583742,0.523687,10.575201034545898,0.014733723364770412,-60.05499999999997
136,single_sentence_500,1,THREE THE MASTER SAID,audio__original,0.785032,0.885677,3.574077606201172,2.1610329151153564,100.6450000000001
136,single_sentence_500,2,THREE THE MASTER SAID,audio__original,1.831742,1.706312,200.8506317138672,0.0030712089501321316,-125.42999999999994
136,single_sentence_500,3,THREE THE MASTER SAID,audio__original,1.892129,1.902194,6.1221208572387695,0.7690482139587402,10.06499999999999
136,single_sentence_500,4,THREE THE MASTER SAID,audio__original,1.992774,1.962581,4.7255024909973145,139.4140167236328,-30.193000000000136
136,single_sentence_500,5,THREE THE MASTER SAID,audio__original,2.314839,2.355097,27.738155364990234,20.689512252807617,40.25800000000012
136,single_sentence_500,6,THREE THE MASTER SAID,audio__original,2.435613,2.435613,10.056497573852539,10.056497573852539,0.0
136,single_sentence_500,7,THREE THE MASTER SAID,audio__original,2.858323,2.938312,0.009411157108843327,0.004851276520639658,79.98899999999986
137,single_sentence_500,0,TO ADD TO OUR CONCERN,audio__original,0.585133,0.505125,19.877628326416016,0.0003003082820214331,-80.00799999999997
137,single_sentence_500,1,TO ADD TO OUR CONCERN,audio__original,0.645664,0.645664,32.132869720458984,32.132869720458984,0.0
137,single_sentence_500,2,TO ADD TO OUR CONCERN,audio__original,0.827257,0.746549,70.58805084228516,35.023014068603516,-80.708
137,single_sentence_500,3,TO ADD TO OUR CONCERN,audio__original,0.988673,1.00885,0.9938710927963257,0.04652954638004303,20.177
137,single_sentence_500,4,TO ADD TO OUR CONCERN,audio__original,1.049204,1.029027,12.885967254638672,0.15832744538784027,-20.177000000000113
137,single_sentence_500,5,TO ADD TO OUR CONCERN,audio__original,1.129912,1.129912,33.88740158081055,33.88740158081055,0.0
137,single_sentence_500,6,TO ADD TO OUR CONCERN,audio__original,1.230796,1.210619,80.66891479492188,48.90169143676758,-20.177000000000113
137,single_sentence_500,7,TO ADD TO OUR CONCERN,audio__original,1.311504,1.331681,1.2170917987823486,0.12391786277294159,20.17699999999989
137,single_sentence_500,8,TO ADD TO OUR CONCERN,audio__original,1.392212,1.372035,45.974273681640625,4.571920871734619,-20.177000000000113
137,single_sentence_500,9,TO ADD TO OUR CONCERN,audio__original,2.058053,2.138,0.05451400950551033,0.016196591779589653,79.94699999999978
138,single_sentence_500,0,TO RULE BY AGA'S SIDE,audio__original,0.241,0.161,4.856540679931641,0.00428752601146698,-79.99999999999999
138,single_sentence_500,1,TO RULE BY AGA'S SIDE,audio__original,0.30125,0.30125,6.14159631729126,6.14159631729126,0.0
138,single_sentence_500,2,TO RULE BY AGA'S SIDE,audio__original,0.461917,0.411708,22.832897186279297,1.655839204788208,-50.209
138,single_sentence_500,3,TO RULE BY AGA'S SIDE,audio__original,0.743083,0.803333,46.65391540527344,20.33283805847168,60.249999999999915
138,single_sentence_500,4,TO RULE BY AGA'S SIDE,audio__original,0.923833,0.863583,48.57632064819336,2.7667007446289062,-60.25000000000003
138,single_sentence_500,5,TO RULE BY AGA'S SIDE,audio__original,1.004167,1.064417,98.43679809570312,41.166603088378906,60.249999999999915
138,single_sentence_500,6,TO RULE BY AGA'S SIDE,audio__original,1.205,1.104583,14.730752944946289,9.032605171203613,-100.41699999999997
138,single_sentence_500,7,TO RULE BY AGA'S SIDE,audio__original,1.50625,1.50625,8.003584861755371,8.003584861755371,0.0
138,single_sentence_500,8,TO RULE BY AGA'S SIDE,audio__original,1.606667,1.546417,38.66366195678711,16.426549911499023,-60.250000000000135
138,single_sentence_500,9,TO RULE BY AGA'S SIDE,audio__original,2.10875,2.08875,0.011407853104174137,0.0037768592592328787,-20.000000000000018
139,single_sentence_500,0,VAUNTING IN THE FIELD,audio__original,0.541484,0.477438,34.60123825073242,0.6184087991714478,-64.04599999999999
139,single_sentence_500,1,VAUNTING IN THE FIELD,audio__original,0.922527,0.932555,15.329605102539062,40.861854553222656,10.028000000000038
139,single_sentence_500,2,VAUNTING IN THE FIELD,audio__original,0.982692,0.982692,69.66920471191406,69.66920471191406,0.0
139,single_sentence_500,3,VAUNTING IN THE FIELD,audio__original,1.022802,1.022802,30.309921264648438,30.309921264648438,0.0
139,single_sentence_500,4,VAUNTING IN THE FIELD,audio__original,1.082967,1.082967,54.16714859008789,54.16714859008789,0.0
139,single_sentence_500,5,VAUNTING IN THE FIELD,audio__original,1.143132,1.143132,11.122105598449707,11.122105598449707,0.0
139,single_sentence_500,6,VAUNTING IN THE FIELD,audio__original,1.303571,1.26325,42.52913284301758,0.7243383526802063,-40.321000000000055
139,single_sentence_500,7,VAUNTING IN THE FIELD,audio__original,1.804945,1.804945,0.2738160490989685,0.2738160490989685,0.0
140,single_sentence_500,0,VERY GOOD NOW OBSERVE,audio__original,0.701108,0.621062,73.88758850097656,0.5655414462089539,-80.04599999999995
140,single_sentence_500,1,VERY GOOD NOW OBSERVE,audio__original,0.921456,0.941487,12.210366249084473,5.614767074584961,20.03099999999991
140,single_sentence_500,2,VERY GOOD NOW OBSERVE,audio__original,1.041646,1.021562,3.805016279220581,0.9402785897254944,-20.08399999999999
140,single_sentence_500,3,VERY GOOD NOW OBSERVE,audio__original,1.302057,1.302057,1.7640234231948853,1.7640234231948853,0.0
140,single_sentence_500,4,VERY GOOD NOW OBSERVE,audio__original,1.842911,1.562437,169.9453887939453,0.02275046706199646,-280.4739999999999
140,single_sentence_500,5,VERY GOOD NOW OBSERVE,audio__original,2.023196,2.053244,43.20537185668945,28.52640151977539,30.047999999999853
140,single_sentence_500,6,VERY GOOD NOW OBSERVE,audio__original,2.203481,2.183449,8.551514625549316,8.266834259033203,-20.03200000000005
140,single_sentence_500,7,VERY GOOD NOW OBSERVE,audio__original,2.92462,2.92462,0.3076425790786743,0.3076425790786743,0.0
141,single_sentence_500,0,YET ON BOTH OCCASIONS,audio__original,0.562979,0.514938,113.08812713623047,3.9061155319213867,-48.041
141,single_sentence_500,1,YET ON BOTH OCCASIONS,audio__original,0.683617,0.683617,13.646772384643555,13.646772384643555,0.0
141,single_sentence_500,2,YET ON BOTH OCCASIONS,audio__original,0.743936,0.743936,56.47092819213867,56.47092819213867,0.0
141,single_sentence_500,3,YET ON BOTH OCCASIONS,audio__original,0.804255,0.814309,4.332367897033691,3.1967790126800537,10.053999999999895
141,single_sentence_500,4,YET ON BOTH OCCASIONS,audio__original,0.904787,0.864574,71.80858612060547,2.307389736175537,-40.21300000000005
141,single_sentence_500,5,YET ON BOTH OCCASIONS,audio__original,1.085745,1.085745,2.634100914001465,2.634100914001465,0.0
141,single_sentence_500,6,YET ON BOTH OCCASIONS,audio__original,1.146064,1.146064,24.989322662353516,24.989322662353516,0.0
141,single_sentence_500,7,YET ON BOTH OCCASIONS,audio__original,1.66883,1.748813,5.725559711456299,0.00721021881327033,79.98299999999992
142,single_sentence_500,0,YOU ARE POSITIVE THEN,audio__original,0.505263,0.45325,35.89055252075195,0.001065928372554481,-52.013000000000034
142,single_sentence_500,1,YOU ARE POSITIVE THEN,audio__original,0.586105,0.586105,17.514184951782227,17.514184951782227,0.0
142,single_sentence_500,2,YOU ARE POSITIVE THEN,audio__original,0.626526,0.626526,93.790771484375,93.790771484375,0.0
142,single_sentence_500,3,YOU ARE POSITIVE THEN,audio__original,0.707368,0.727579,0.2626854479312897,0.08800067752599716,20.210999999999977
142,single_sentence_500,4,YOU ARE POSITIVE THEN,audio__original,0.808421,0.788211,7.889142036437988,5.556047439575195,-20.20999999999995
142,single_sentence_500,5,YOU ARE POSITIVE THEN,audio__original,1.273263,1.273263,0.17447175085544586,0.17447175085544586,0.0
142,single_sentence_500,6,YOU ARE POSITIVE THEN,audio__original,1.354105,1.313684,27.535280227661133,0.0037851911038160324,-40.42099999999982
142,single_sentence_500,7,YOU ARE POSITIVE THEN,audio__original,1.515789,1.59575,4.234375,0.12328831851482391,79.96099999999996
143,single_sentence_500,0,YOU KNOW CAPTAIN LAKE,audio__original,0.642936,0.562875,25.563339233398438,0.25088629126548767,-80.06099999999994
143,single_sentence_500,1,YOU KNOW CAPTAIN LAKE,audio__original,0.703211,0.723303,2.0659916400909424,2.268537759780884,20.092
143,single_sentence_500,2,YOU KNOW CAPTAIN LAKE,audio__original,0.823761,0.813716,75.76424407958984,3.2570436000823975,-10.04499999999997
143,single_sentence_500,3,YOU KNOW CAPTAIN LAKE,audio__original,0.964404,0.984495,23.174701690673828,52.39458465576172,20.09099999999997
143,single_sentence_500,4,YOU KNOW CAPTAIN LAKE,audio__original,1.165321,1.084954,37.60498809814453,137.46066284179688,-80.36700000000008
143,single_sentence_500,5,YOU KNOW CAPTAIN LAKE,audio__original,1.486789,1.496835,1.0056302547454834,1.4859023094177246,10.046
143,single_sentence_500,6,YOU KNOW CAPTAIN LAKE,audio__original,1.627431,1.567156,113.38363647460938,6.618573188781738,-60.27500000000008
143,single_sentence_500,7,YOU KNOW CAPTAIN LAKE,audio__original,1.908716,1.828688,0.10061294585466385,0.0660543441772461,-80.02799999999999
144,single_sentence_500,0,YOU SAW IT ASKED WEBB,audio__original,0.582458,0.502437,33.473487854003906,0.10068265348672867,-80.02100000000002
144,single_sentence_500,1,YOU SAW IT ASKED WEBB,audio__original,0.662797,0.723051,36.241546630859375,7.4455108642578125,60.25400000000003
144,single_sentence_500,2,YOU SAW IT ASKED WEBB,audio__original,0.783305,0.76322,22.254077911376953,19.640602111816406,-20.08500000000002
144,single_sentence_500,3,YOU SAW IT ASKED WEBB,audio__original,0.923898,0.943983,14.473057746887207,17.22649383544922,20.08500000000002
144,single_sentence_500,4,YOU SAW IT ASKED WEBB,audio__original,1.004237,1.004237,4.50662899017334,4.50662899017334,0.0
144,single_sentence_500,5,YOU SAW IT ASKED WEBB,audio__original,1.084576,1.124746,0.11198242753744125,0.030372682958841324,40.17000000000004
144,single_sentence_500,6,YOU SAW IT ASKED WEBB,audio__original,1.546525,1.185,63.81513977050781,0.017421681433916092,-361.52499999999986
144,single_sentence_500,7,YOU SAW IT ASKED WEBB,audio__original,1.727288,1.727288,4.547170639038086,4.547170639038086,0.0
144,single_sentence_500,8,YOU SAW IT ASKED WEBB,audio__original,1.807627,1.787542,49.274314880371094,23.812679290771484,-20.08500000000013
144,single_sentence_500,9,YOU SAW IT ASKED WEBB,audio__original,2.008475,2.088437,3.5907628536224365,0.004160445649176836,79.96200000000009
145,single_sentence_500,0,YOU THINK YOU KNOW ME,audio__original,0.522955,0.442937,10.030801773071289,0.0038231725338846445,-80.01799999999992
145,single_sentence_500,1,YOU THINK YOU KNOW ME,audio__original,0.603409,0.643636,20.882902145385742,0.5015136003494263,40.22700000000001
145,single_sentence_500,2,YOU THINK YOU KNOW ME,audio__original,0.724091,0.683864,149.73245239257812,0.5914443135261536,-40.22700000000001
145,single_sentence_500,3,YOU THINK YOU KNOW ME,audio__original,0.885,0.905114,3.863525629043579,0.7798470258712769,20.113999999999965
145,single_sentence_500,4,YOU THINK YOU KNOW ME,audio__original,0.965455,0.945341,5.5038957595825195,0.4469502866268158,-20.113999999999965
145,single_sentence_500,5,YOU THINK YOU KNOW ME,audio__original,1.045909,1.055966,65.33666229248047,96.48748779296875,10.056999999999983
145,single_sentence_500,6,YOU THINK YOU KNOW ME,audio__original,1.126364,1.116307,136.63401794433594,64.64545440673828,-10.056999999999983
145,single_sentence_500,7,YOU THINK YOU KNOW ME,audio__original,1.267159,1.29733,71.52429962158203,35.042091369628906,30.17100000000017
145,single_sentence_500,8,YOU THINK YOU KNOW ME,audio__original,1.387841,1.377784,8.115182876586914,9.997296333312988,-10.057000000000205
145,single_sentence_500,9,YOU THINK YOU KNOW ME,audio__original,1.448182,1.528125,3.612597703933716,4.41752815246582,79.94299999999987
146,single_sentence_500,0,ALL HAIL SAID THE GIRL,audio__original,0.682636,0.602625,10.570416450500488,6.524857044219971,-80.01100000000005
146,single_sentence_500,1,ALL HAIL SAID THE GIRL,audio__original,0.823178,0.883411,2.8161838054656982,1.9721765518188477,60.23299999999998
146,single_sentence_500,2,ALL HAIL SAID THE GIRL,audio__original,0.963721,0.903488,27.33557891845703,62.1843376159668,-60.23300000000009
146,single_sentence_500,3,ALL HAIL SAID THE GIRL,audio__original,1.244806,1.345194,20.986806869506836,3.090313673019409,100.38799999999992
146,single_sentence_500,4,ALL HAIL SAID THE GIRL,audio__original,1.766822,1.553625,14.061014175415039,2.590864824014716e-05,-213.19699999999986
146,single_sentence_500,5,ALL HAIL SAID THE GIRL,audio__original,1.907364,1.907364,0.086272694170475,0.086272694170475,0.0
146,single_sentence_500,6,ALL HAIL SAID THE GIRL,audio__original,1.947519,1.947519,20.069583892822266,20.069583892822266,0.0
146,single_sentence_500,7,ALL HAIL SAID THE GIRL,audio__original,2.007752,2.007752,0.040748730301856995,0.040748730301856995,0.0
146,single_sentence_500,8,ALL HAIL SAID THE GIRL,audio__original,2.088062,2.067984,45.85973358154297,0.7233632802963257,-20.077999999999818
146,single_sentence_500,9,ALL HAIL SAID THE GIRL,audio__original,2.26876,2.34875,8.70689582824707,1.327040672302246,79.99000000000001
147,single_sentence_500,0,AND MUST I SAY FINALLY,audio__original,0.343617,0.263562,37.53591537475586,0.011036816984415054,-80.05499999999999
147,single_sentence_500,1,AND MUST I SAY FINALLY,audio__original,0.424468,0.434574,14.082725524902344,13.424768447875977,10.106000000000003
147,single_sentence_500,2,AND MUST I SAY FINALLY,audio__original,0.525532,0.505319,20.759267807006836,95.54803466796875,-20.213000000000036
147,single_sentence_500,3,AND MUST I SAY FINALLY,audio__original,0.667021,0.667021,0.04610612243413925,0.04610612243413925,0.0
147,single_sentence_500,4,AND MUST I SAY FINALLY,audio__original,0.72766,0.72766,22.944570541381836,22.944570541381836,0.0
147,single_sentence_500,5,AND MUST I SAY FINALLY,audio__original,0.747872,0.788298,3.0025362968444824,12.67894172668457,40.42600000000007
147,single_sentence_500,6,AND MUST I SAY FINALLY,audio__original,0.909574,0.909574,15.7877779006958,15.7877779006958,0.0
147,single_sentence_500,7,AND MUST I SAY FINALLY,audio__original,1.071277,1.152128,45.89801788330078,3.0132055282592773,80.851
147,single_sentence_500,8,AND MUST I SAY FINALLY,audio__original,1.435106,1.305438,4.982301235198975,0.015137048438191414,-129.6679999999999
147,single_sentence_500,9,AND MUST I SAY FINALLY,audio__original,1.819149,1.803125,0.09462331235408783,0.029169326648116112,-16.023999999999816
148,single_sentence_500,0,AY I'M ONE SURE ENOUGH,audio__original,0.523223,0.603187,3.32094407081604,6.192788124084473,79.96400000000004
148,single_sentence_500,1,AY I'M ONE SURE ENOUGH,audio__original,0.583595,0.684215,4.704550266265869,0.48994147777557373,100.62000000000005
148,single_sentence_500,2,AY I'M ONE SURE ENOUGH,audio__original,1.187314,0.764711,25.570388793945312,0.0035857942420989275,-422.60299999999995
148,single_sentence_500,3,AY I'M ONE SURE ENOUGH,audio__original,1.308058,1.308058,0.011053809896111488,0.011053809896111488,0.0
148,single_sentence_500,4,AY I'M ONE SURE ENOUGH,audio__original,1.36843,1.348306,0.6330177187919617,1.0209200382232666,-20.12400000000003
148,single_sentence_500,5,AY I'M ONE SURE ENOUGH,audio__original,1.489174,1.489174,12.141008377075195,12.141008377075195,0.0
148,single_sentence_500,6,AY I'M ONE SURE ENOUGH,audio__original,1.609917,1.609917,39.033416748046875,39.033416748046875,0.0
148,single_sentence_500,7,AY I'M ONE SURE ENOUGH,audio__original,1.770909,1.770909,0.5810401439666748,0.5810401439666748,0.0
148,single_sentence_500,8,AY I'M ONE SURE ENOUGH,audio__original,1.831281,1.823187,0.03983980044722557,0.17859044671058655,-8.094000000000046
148,single_sentence_500,9,AY I'M ONE SURE ENOUGH,audio__original,2.213636,2.241625,0.00539677869528532,0.0007367678335867822,27.98899999999982
149,single_sentence_500,0,BROAD DAYLIGHT THAT IS,audio__original,0.522989,0.474938,67.30359649658203,0.2805553674697876,-48.05100000000001
149,single_sentence_500,1,BROAD DAYLIGHT THAT IS,audio__original,0.724138,0.734195,7.231846332550049,0.9461551308631897,10.057000000000095
149,single_sentence_500,2,BROAD DAYLIGHT THAT IS,audio__original,0.804598,0.784483,84.78974151611328,26.053274154663086,-20.114999999999995
149,single_sentence_500,3,BROAD DAYLIGHT THAT IS,audio__original,1.166667,1.178688,0.7372344732284546,0.06337250024080276,12.02100000000006
149,single_sentence_500,4,BROAD DAYLIGHT THAT IS,audio__original,1.267241,1.227011,55.30231475830078,48.360023498535156,-40.22999999999999
149,single_sentence_500,5,BROAD DAYLIGHT THAT IS,audio__original,1.367816,1.62931,48.12141036987305,2.987395763397217,261.49400000000014
149,single_sentence_500,6,BROAD DAYLIGHT THAT IS,audio__original,1.689655,1.689655,1.2687444686889648,1.2687444686889648,0.0
149,single_sentence_500,7,BROAD DAYLIGHT THAT IS,audio__original,1.729885,1.749875,0.9242913126945496,0.3349587023258209,19.990000000000173
150,single_sentence_500,0,BUT HE DID NOT TELL ME,audio__original,0.563111,0.483063,0.09602559357881546,0.026719966903328896,-80.048
150,single_sentence_500,1,BUT HE DID NOT TELL ME,audio__original,0.643556,0.659563,10.18890380859375,9.62434196472168,16.006999999999994
150,single_sentence_500,2,BUT HE DID NOT TELL ME,audio__original,0.703889,0.693833,30.253530502319336,25.961376190185547,-10.055999999999955
150,single_sentence_500,3,BUT HE DID NOT TELL ME,audio__original,0.744111,0.764222,2.369572162628174,1.9767595529556274,20.11099999999999
150,single_sentence_500,4,BUT HE DID NOT TELL ME,audio__original,0.824556,0.804444,64.29531860351562,4.142654895782471,-20.11199999999991
150,single_sentence_500,5,BUT HE DID NOT TELL ME,audio__original,0.945222,0.945222,1.5058422088623047,1.5058422088623047,0.0
150,single_sentence_500,6,BUT HE DID NOT TELL ME,audio__original,1.005556,0.985444,15.984787940979004,25.28838348388672,-20.11199999999991
150,single_sentence_500,7,BUT HE DID NOT TELL ME,audio__original,1.146333,1.146333,0.1907203048467636,0.1907203048467636,0.0
150,single_sentence_500,8,BUT HE DID NOT TELL ME,audio__original,1.246889,1.186556,1.2101753950119019,0.12110364437103271,-60.33299999999997
150,single_sentence_500,9,BUT HE DID NOT TELL ME,audio__original,1.407778,1.417833,6.236727237701416,39.99591827392578,10.054999999999925
150,single_sentence_500,10,BUT HE DID NOT TELL ME,audio__original,1.468111,1.468111,5.984250545501709,5.984250545501709,0.0
150,single_sentence_500,11,BUT HE DID NOT TELL ME,audio__original,1.528444,1.608437,16.974748611450195,6.667755603790283,79.99299999999998
151,single_sentence_500,0,BUT WHERE IS THAT PONY,audio__original,0.320702,0.240687,142.61659240722656,0.5002907514572144,-80.01499999999997
151,single_sentence_500,1,BUT WHERE IS THAT PONY,audio__original,0.461009,0.501096,0.07600608468055725,2.2762011212762445e-05,40.08699999999998
151,single_sentence_500,2,BUT WHERE IS THAT PONY,audio__original,0.982149,0.52114,3.3783533573150635,0.00012703838001471013,-461.009
151,single_sentence_500,3,BUT WHERE IS THAT PONY,audio__original,1.1425,1.1425,13.782172203063965,13.782172203063965,0.0
151,single_sentence_500,4,BUT WHERE IS THAT PONY,audio__original,1.202632,1.202632,57.098854064941406,57.098854064941406,0.0
151,single_sentence_500,5,BUT WHERE IS THAT PONY,audio__original,1.262763,1.282807,12.600674629211426,7.872145652770996,20.04399999999995
151,single_sentence_500,6,BUT WHERE IS THAT PONY,audio__original,1.342939,1.322895,46.20024108886719,22.431005477905273,-20.044000000000175
151,single_sentence_500,7,BUT WHERE IS THAT PONY,audio__original,1.463202,1.463202,0.0025752014480531216,0.0025752014480531216,0.0
151,single_sentence_500,8,BUT WHERE IS THAT PONY,audio__original,1.603509,1.523333,23.271493911743164,2.953857660293579,-80.17600000000003
151,single_sentence_500,9,BUT WHERE IS THAT PONY,audio__original,1.844035,1.924,138.47413635253906,0.20761005580425262,79.96499999999985
152,single_sentence_500,0,END IN I AND FIVE IN T,audio__original,0.6231,0.543063,217.6473388671875,1.010359287261963,-80.03700000000002
152,single_sentence_500,1,END IN I AND FIVE IN T,audio__original,0.7638,0.77385,66.20729064941406,375.19696044921875,10.050000000000004
152,single_sentence_500,2,END IN I AND FIVE IN T,audio__original,0.8442,0.83415,149.01124572753906,255.50099182128906,-10.050000000000004
152,single_sentence_500,3,END IN I AND FIVE IN T,audio__original,0.9045,0.9246,34.637107849121094,15.303573608398438,20.10000000000001
152,single_sentence_500,4,END IN I AND FIVE IN T,audio__original,1.1859,0.9849,104.45181274414062,0.02359163388609886,-200.99999999999994
152,single_sentence_500,5,END IN I AND FIVE IN T,audio__original,1.206,1.4271,147.69041442871094,10.905835151672363,221.10000000000008
152,single_sentence_500,6,END IN I AND FIVE IN T,audio__original,2.2512,1.9095,326.3601379394531,0.05671770125627518,-341.6999999999999
152,single_sentence_500,7,END IN I AND FIVE IN T,audio__original,2.3517,2.3919,209.11605834960938,2.5841166973114014,40.20000000000002
152,single_sentence_500,8,END IN I AND FIVE IN T,audio__original,2.5728,2.440125,179.3505859375,7.129280090332031,-132.67499999999987
152,single_sentence_500,9,END IN I AND FIVE IN T,audio__original,2.9145,2.92455,7.232639789581299,2.967651128768921,10.050000000000114
152,single_sentence_500,10,END IN I AND FIVE IN T,audio__original,3.1155,3.015,457.4598388671875,0.30651599168777466,-100.49999999999982
152,single_sentence_500,11,END IN I AND FIVE IN T,audio__original,3.216,3.4974,146.28079223632812,25.1361083984375,281.39999999999964
152,single_sentence_500,12,END IN I AND FIVE IN T,audio__original,3.8592,3.8592,0.15530012547969818,0.15530012547969818,0.0
152,single_sentence_500,13,END IN I AND FIVE IN T,audio__original,3.8793,3.8793,0.16858544945716858,0.16858544945716858,0.0
153,single_sentence_500,0,GAVE HIM UP AS A SLAVE,audio__original,0.323265,0.24325,63.54807662963867,1.3590104579925537,-80.01500000000003
153,single_sentence_500,1,GAVE HIM UP AS A SLAVE,audio__original,0.525306,0.54551,2.7933125495910645,25.130523681640625,20.204
153,single_sentence_500,2,GAVE HIM UP AS A SLAVE,audio__original,0.626327,0.606122,82.40357971191406,80.1354751586914,-20.204999999999917
153,single_sentence_500,3,GAVE HIM UP AS A SLAVE,audio__original,0.707143,0.727347,1.34898042678833,2.5180106163024902,20.204
153,single_sentence_500,4,GAVE HIM UP AS A SLAVE,audio__original,0.848571,0.848571,156.4994659423828,156.4994659423828,0.0
153,single_sentence_500,5,GAVE HIM UP AS A SLAVE,audio__original,0.929388,0.969796,1.302406907081604,3.77645206451416,40.408
153,single_sentence_500,6,GAVE HIM UP AS A SLAVE,audio__original,1.131429,1.030408,143.67465209960938,0.2157505452632904,-101.02100000000003
153,single_sentence_500,7,GAVE HIM UP AS A SLAVE,audio__original,1.212245,1.212245,63.147247314453125,63.147247314453125,0.0
153,single_sentence_500,8,GAVE HIM UP AS A SLAVE,audio__original,1.293061,1.293061,54.50408935546875,54.50408935546875,0.0
153,single_sentence_500,9,GAVE HIM UP AS A SLAVE,audio__original,1.313265,1.313265,68.49905395507812,68.49905395507812,0.0
153,single_sentence_500,10,GAVE HIM UP AS A SLAVE,audio__original,1.414286,1.414286,69.86127471923828,69.86127471923828,0.0
153,single_sentence_500,11,GAVE HIM UP AS A SLAVE,audio__original,1.939592,1.979562,0.3128312826156616,0.31476685404777527,39.97000000000006
154,single_sentence_500,0,HAM TO BE OR NOT TO BE,audio__original,0.242243,0.162188,125.15393829345703,0.02639053389430046,-80.05500000000002
154,single_sentence_500,1,HAM TO BE OR NOT TO BE,audio__original,0.363364,0.423925,14.748730659484863,24.560741424560547,60.56099999999998
154,single_sentence_500,2,HAM TO BE OR NOT TO BE,audio__original,0.78729,0.692688,5.609813690185547,0.01286292728036642,-94.60200000000007
154,single_sentence_500,3,HAM TO BE OR NOT TO BE,audio__original,0.827664,0.827664,3.3073489665985107,3.3073489665985107,0.0
154,single_sentence_500,4,HAM TO BE OR NOT TO BE,audio__original,0.968972,0.928598,5.146445274353027,20.645370483398438,-40.374000000000024
154,single_sentence_500,5,HAM TO BE OR NOT TO BE,audio__original,1.009346,1.170841,0.6395402550697327,10.852583885192871,161.49499999999995
154,single_sentence_500,6,HAM TO BE OR NOT TO BE,audio__original,1.291963,1.21925,40.19953918457031,0.021361764520406723,-72.71300000000002
154,single_sentence_500,7,HAM TO BE OR NOT TO BE,audio__original,1.352523,1.362617,6.8436598777771,9.730040550231934,10.094000000000047
154,single_sentence_500,8,HAM TO BE OR NOT TO BE,audio__original,1.453458,1.453458,99.30511474609375,99.30511474609375,0.0
154,single_sentence_500,9,HAM TO BE OR NOT TO BE,audio__original,1.574579,1.594766,0.3690803050994873,0.04164909943938255,20.186999999999955
154,single_sentence_500,10,HAM TO BE OR NOT TO BE,audio__original,1.63514,1.63514,21.97640609741211,21.97640609741211,0.0
154,single_sentence_500,11,HAM TO BE OR NOT TO BE,audio__original,1.675514,1.675514,34.14987564086914,34.14987564086914,0.0
154,single_sentence_500,12,HAM TO BE OR NOT TO BE,audio__original,1.756262,1.736075,36.63856506347656,32.933570861816406,-20.186999999999955
154,single_sentence_500,13,HAM TO BE OR NOT TO BE,audio__original,1.998505,1.9785,0.804815411567688,0.012062717229127884,-20.005000000000052
155,single_sentence_500,0,HE ONLY SHOOK HIS HEAD,audio__original,0.583816,0.503812,117.13886260986328,0.001775394193828106,-80.00399999999996
155,single_sentence_500,1,HE ONLY SHOOK HIS HEAD,audio__original,0.624079,0.684474,201.73089599609375,18.20147705078125,60.394999999999975
155,single_sentence_500,2,HE ONLY SHOOK HIS HEAD,audio__original,0.885789,0.752875,38.28571701049805,0.04114289954304695,-132.9140000000001
155,single_sentence_500,3,HE ONLY SHOOK HIS HEAD,audio__original,1.187763,1.207895,39.81706237792969,13.98672866821289,20.13200000000004
155,single_sentence_500,4,HE ONLY SHOOK HIS HEAD,audio__original,1.288421,1.288421,15.893953323364258,15.893953323364258,0.0
155,single_sentence_500,5,HE ONLY SHOOK HIS HEAD,audio__original,1.469605,1.469605,0.10980019718408585,0.10980019718408585,0.0
155,single_sentence_500,6,HE ONLY SHOOK HIS HEAD,audio__original,1.53,1.53,14.783467292785645,14.783467292785645,0.0
155,single_sentence_500,7,HE ONLY SHOOK HIS HEAD,audio__original,1.630658,1.640724,3.9988837242126465,0.8686298131942749,10.06600000000013
155,single_sentence_500,8,HE ONLY SHOOK HIS HEAD,audio__original,1.711184,1.670921,26.62359619140625,0.495466947555542,-40.262999999999934
155,single_sentence_500,9,HE ONLY SHOOK HIS HEAD,audio__original,2.093684,2.173625,0.004131390247493982,0.00041179731488227844,79.94099999999982
156,single_sentence_500,0,HE WILL BE LIKE MINDED,audio__original,0.40101,0.321,31.667125701904297,0.0032566103618592024,-80.00999999999998
156,single_sentence_500,1,HE WILL BE LIKE MINDED,audio__original,0.441111,0.501263,20.005470275878906,20.552112579345703,60.15200000000004
156,single_sentence_500,2,HE WILL BE LIKE MINDED,audio__original,0.561414,0.551389,10.818499565124512,6.182833671569824,-10.02499999999995
156,single_sentence_500,3,HE WILL BE LIKE MINDED,audio__original,0.721818,0.741869,5.875530242919922,1.148657202720642,20.05100000000004
156,single_sentence_500,4,HE WILL BE LIKE MINDED,audio__original,0.80202,0.78197,32.465858459472656,46.64603042602539,-20.0499999999999
156,single_sentence_500,5,HE WILL BE LIKE MINDED,audio__original,0.842121,0.872197,17.934736251831055,17.70126724243164,30.075999999999993
156,single_sentence_500,6,HE WILL BE LIKE MINDED,audio__original,1.042626,1.012551,100.84337615966797,12.980705261230469,-30.075000000000074
156,single_sentence_500,7,HE WILL BE LIKE MINDED,audio__original,1.223081,1.223081,1.4661903381347656,1.4661903381347656,0.0
156,single_sentence_500,8,HE WILL BE LIKE MINDED,audio__original,1.383485,1.303283,5.500226974487305,2.433511972427368,-80.20200000000011
156,single_sentence_500,9,HE WILL BE LIKE MINDED,audio__original,1.864697,1.944687,0.0012316377833485603,0.0003970015677623451,79.99000000000001
157,single_sentence_500,0,HERE SOME OF YOU GIRLS,audio__original,0.644706,0.564688,8.155441284179688,0.05003952607512474,-80.01800000000003
157,single_sentence_500,1,HERE SOME OF YOU GIRLS,audio__original,0.826029,0.886471,156.69386291503906,9.904462814331055,60.44199999999999
157,single_sentence_500,2,HERE SOME OF YOU GIRLS,audio__original,1.007353,0.987206,98.8388900756836,134.61231994628906,-20.146999999999913
157,single_sentence_500,3,HERE SOME OF YOU GIRLS,audio__original,1.148382,1.148382,3.1764235496520996,3.1764235496520996,0.0
157,single_sentence_500,4,HERE SOME OF YOU GIRLS,audio__original,1.188676,1.188676,2.196010112762451,2.196010112762451,0.0
157,single_sentence_500,5,HERE SOME OF YOU GIRLS,audio__original,1.228971,1.228971,1.8440907001495361,1.8440907001495361,0.0
157,single_sentence_500,6,HERE SOME OF YOU GIRLS,audio__original,1.289412,1.289412,14.87923812866211,14.87923812866211,0.0
157,single_sentence_500,7,HERE SOME OF YOU GIRLS,audio__original,1.37,1.390147,0.35132357478141785,1.2149338722229004,20.146999999999913
157,single_sentence_500,8,HERE SOME OF YOU GIRLS,audio__original,1.450588,1.430441,11.506280899047852,15.218698501586914,-20.146999999999913
157,single_sentence_500,9,HERE SOME OF YOU GIRLS,audio__original,1.793088,1.873063,19.995725631713867,0.5717160701751709,79.97499999999991
158,single_sentence_500,0,HOW ABSURD IS IT GLASS,audio__original,0.261204,0.261204,29.530969619750977,29.530969619750977,0.0
158,single_sentence_500,1,HOW ABSURD IS IT GLASS,audio__original,0.401852,0.482222,1.9672679901123047,2.473719358444214,80.36999999999999
158,single_sentence_500,2,HOW ABSURD IS IT GLASS,audio__original,0.62287,0.5545,0.23870468139648438,0.012851584702730179,-68.37000000000005
158,single_sentence_500,3,HOW ABSURD IS IT GLASS,audio__original,1.285926,1.313937,0.9654350280761719,0.0014129168121144176,28.01100000000001
158,single_sentence_500,4,HOW ABSURD IS IT GLASS,audio__original,1.727963,1.4225,17.607500076293945,0.0014614186948165298,-305.4629999999998
158,single_sentence_500,5,HOW ABSURD IS IT GLASS,audio__original,1.808333,1.81838,25.274749755859375,21.646474838256836,10.04700000000014
158,single_sentence_500,6,HOW ABSURD IS IT GLASS,audio__original,1.888704,1.888704,10.555590629577637,10.555590629577637,0.0
158,single_sentence_500,7,HOW ABSURD IS IT GLASS,audio__original,1.948981,1.948981,0.0014401123626157641,0.0014401123626157641,0.0
158,single_sentence_500,8,HOW ABSURD IS IT GLASS,audio__original,2.109722,1.989167,11.67849063873291,0.003334389068186283,-120.55500000000019
158,single_sentence_500,9,HOW ABSURD IS IT GLASS,audio__original,2.612037,2.612037,2.6773054599761963,2.6773054599761963,0.0
159,single_sentence_500,0,I AM WICKED I SEE THAT,audio__original,0.621123,0.541063,96.59104919433594,0.00308295339345932,-80.06000000000002
159,single_sentence_500,1,I AM WICKED I SEE THAT,audio__original,0.641159,0.671214,62.92694854736328,156.29873657226562,30.054999999999943
159,single_sentence_500,2,I AM WICKED I SEE THAT,audio__original,0.781413,0.781413,68.8720932006836,68.8720932006836,0.0
159,single_sentence_500,3,I AM WICKED I SEE THAT,audio__original,0.841522,0.85154,11.969072341918945,3.8342528343200684,10.017999999999972
159,single_sentence_500,4,I AM WICKED I SEE THAT,audio__original,0.961739,0.921667,62.22808837890625,24.227279663085938,-40.071999999999996
159,single_sentence_500,5,I AM WICKED I SEE THAT,audio__original,1.302355,1.322391,3.901977062225342,3.0608437061309814,20.036000000000165
159,single_sentence_500,6,I AM WICKED I SEE THAT,audio__original,1.642971,1.522687,81.47482299804688,0.0007134501938708127,-120.28400000000006
159,single_sentence_500,7,I AM WICKED I SEE THAT,audio__original,1.683043,1.759,63.62110900878906,7.644390106201172,75.95699999999982
159,single_sentence_500,8,I AM WICKED I SEE THAT,audio__original,1.963551,1.823297,76.24830627441406,38.972145080566406,-140.2540000000001
159,single_sentence_500,9,I AM WICKED I SEE THAT,audio__original,2.103804,2.163913,185.1438446044922,10.774638175964355,60.109000000000194
159,single_sentence_500,10,I AM WICKED I SEE THAT,audio__original,2.264094,2.203986,30.102041244506836,2.228276252746582,-60.10800000000005
159,single_sentence_500,11,I AM WICKED I SEE THAT,audio__original,2.664819,2.676813,0.0013733637752011418,0.0019230407197028399,11.99400000000006
160,single_sentence_500,0,I NEVER HAD ANY FAMILY,audio__original,0.623394,0.543375,101.1625747680664,0.026873193681240082,-80.01899999999995
160,single_sentence_500,1,I NEVER HAD ANY FAMILY,audio__original,0.643504,0.723942,40.03664016723633,1.7077610492706299,80.43800000000002
160,single_sentence_500,2,I NEVER HAD ANY FAMILY,audio__original,0.80438,0.78427,26.719341278076172,0.33928197622299194,-20.10999999999996
160,single_sentence_500,3,I NEVER HAD ANY FAMILY,audio__original,1.045693,1.085912,21.167102813720703,31.93828773498535,40.21900000000001
160,single_sentence_500,4,I NEVER HAD ANY FAMILY,audio__original,1.18646,1.16635,37.07686233520508,11.875725746154785,-20.11000000000007
160,single_sentence_500,5,I NEVER HAD ANY FAMILY,audio__original,1.407664,1.411687,9.277741432189941,5.285008430480957,4.022999999999888
160,single_sentence_500,6,I NEVER HAD ANY FAMILY,audio__original,1.508212,1.508212,13.969335556030273,13.969335556030273,0.0
160,single_sentence_500,7,I NEVER HAD ANY FAMILY,audio__original,1.669088,1.709307,3.45037579536438,2.1594276428222656,40.21900000000001
160,single_sentence_500,8,I NEVER HAD ANY FAMILY,audio__original,1.850073,1.769635,11.9067964553833,0.36710125207901,-80.43800000000002
160,single_sentence_500,9,I NEVER HAD ANY FAMILY,audio__original,2.252263,2.33225,2.4674763679504395,3.795489549636841,79.98700000000002
161,single_sentence_500,0,IN CONSEQUENCE OF THIS,audio__original,0.42236,0.342313,26.49237060546875,0.002736802212893963,-80.04700000000004
161,single_sentence_500,1,IN CONSEQUENCE OF THIS,audio__original,0.482697,0.522921,9.755510330200195,2.991041421890259,40.22399999999998
161,single_sentence_500,2,IN CONSEQUENCE OF THIS,audio__original,0.623483,0.551063,5.760791301727295,0.053591787815093994,-72.42000000000004
161,single_sentence_500,3,IN CONSEQUENCE OF THIS,audio__original,1.186629,1.186629,256.4124450683594,256.4124450683594,0.0
161,single_sentence_500,4,IN CONSEQUENCE OF THIS,audio__original,1.246966,1.246966,20.029712677001953,20.029712677001953,0.0
161,single_sentence_500,5,IN CONSEQUENCE OF THIS,audio__original,1.307303,1.307303,0.5346502661705017,0.5346502661705017,0.0
161,single_sentence_500,6,IN CONSEQUENCE OF THIS,audio__original,1.387753,1.36764,15.441766738891602,16.563661575317383,-20.11300000000005
161,single_sentence_500,7,IN CONSEQUENCE OF THIS,audio__original,1.548652,1.628625,78.12623596191406,0.13531893491744995,79.97300000000007
162,single_sentence_500,0,IN THE LINES FOLLOWING,audio__original,0.565545,0.4855,1.2408790588378906,0.0686969980597496,-80.04499999999997
162,single_sentence_500,1,IN THE LINES FOLLOWING,audio__original,0.605941,0.605941,28.273740768432617,28.273740768432617,0.0
162,single_sentence_500,2,IN THE LINES FOLLOWING,audio__original,0.686733,0.686733,50.04912185668945,50.04912185668945,0.0
162,single_sentence_500,3,IN THE LINES FOLLOWING,audio__original,0.747327,0.747327,20.623334884643555,20.623334884643555,0.0
162,single_sentence_500,4,IN THE LINES FOLLOWING,audio__original,0.828119,0.807921,236.06387329101562,77.70439910888672,-20.19800000000005
162,single_sentence_500,5,IN THE LINES FOLLOWING,audio__original,1.050297,1.070495,5.307321071624756,5.32537317276001,20.197999999999936
162,single_sentence_500,6,IN THE LINES FOLLOWING,audio__original,1.191683,1.130875,221.41778564453125,1.5036646127700806,-60.80799999999997
162,single_sentence_500,7,IN THE LINES FOLLOWING,audio__original,1.777426,1.821375,0.4773041903972626,0.609153687953949,43.94900000000001
163,single_sentence_500,0,IN VAIN IF NONE REGARD,audio__original,0.381712,0.321688,31.777292251586914,0.6342124938964844,-60.02400000000002
163,single_sentence_500,1,IN VAIN IF NONE REGARD,audio__original,0.462072,0.482162,1.2958446741104126,13.558270454406738,20.089999999999996
163,single_sentence_500,2,IN VAIN IF NONE REGARD,audio__original,0.642883,0.582438,104.17469787597656,2.481510877609253,-60.44499999999997
163,single_sentence_500,3,IN VAIN IF NONE REGARD,audio__original,0.843784,0.863874,80.0262451171875,34.2803840637207,20.090000000000053
163,single_sentence_500,4,IN VAIN IF NONE REGARD,audio__original,0.944234,0.944234,81.28634643554688,81.28634643554688,0.0
163,single_sentence_500,5,IN VAIN IF NONE REGARD,audio__original,1.024595,1.044625,0.5044201016426086,0.7762742042541504,20.029999999999994
163,single_sentence_500,6,IN VAIN IF NONE REGARD,audio__original,1.145135,1.084865,49.362693786621094,4.026459693908691,-60.270000000000046
163,single_sentence_500,7,IN VAIN IF NONE REGARD,audio__original,1.285766,1.295811,8.77804183959961,4.20831823348999,10.045000000000082
163,single_sentence_500,8,IN VAIN IF NONE REGARD,audio__original,1.366126,1.346036,54.62795639038086,43.45516586303711,-20.08999999999994
163,single_sentence_500,9,IN VAIN IF NONE REGARD,audio__original,1.767928,1.847875,2.9441897869110107,0.35803428292274475,79.94699999999999
164,single_sentence_500,0,IT MUST BE FASCINATING,audio__original,0.565333,0.485312,12.116891860961914,0.01133623719215393,-80.02099999999996
164,single_sentence_500,1,IT MUST BE FASCINATING,audio__original,0.625905,0.636,0.4168125092983246,0.7296255230903625,10.094999999999965
164,single_sentence_500,2,IT MUST BE FASCINATING,audio__original,0.706667,0.686476,13.376740455627441,4.512834548950195,-20.19100000000007
164,single_sentence_500,3,IT MUST BE FASCINATING,audio__original,0.86819,0.888381,1.0162608623504639,0.008886429481208324,20.19099999999996
164,single_sentence_500,4,IT MUST BE FASCINATING,audio__original,0.928762,0.908571,15.573512077331543,0.03079645335674286,-20.19099999999996
164,single_sentence_500,5,IT MUST BE FASCINATING,audio__original,0.989333,1.029714,9.394652366638184,0.06220002472400665,40.381
164,single_sentence_500,6,IT MUST BE FASCINATING,audio__original,1.110476,1.070095,73.22480773925781,0.17764034867286682,-40.381
164,single_sentence_500,7,IT MUST BE FASCINATING,audio__original,1.696,1.752,0.06842809170484543,0.007817791774868965,56.00000000000005
165,single_sentence_500,0,IT WAS WILD YET SO LOW,audio__original,0.602069,0.546063,22.33867073059082,0.010238398797810078,-56.006
165,single_sentence_500,1,IT WAS WILD YET SO LOW,audio__original,0.702414,0.702414,0.2643984854221344,0.2643984854221344,0.0
165,single_sentence_500,2,IT WAS WILD YET SO LOW,audio__original,0.822828,0.794687,85.5343246459961,0.01644597202539444,-28.14099999999997
165,single_sentence_500,3,IT WAS WILD YET SO LOW,audio__original,0.96331,0.96331,3.6320672035217285,3.6320672035217285,0.0
165,single_sentence_500,4,IT WAS WILD YET SO LOW,audio__original,1.164,1.043586,0.7404937744140625,0.07301937788724899,-120.41400000000002
165,single_sentence_500,5,IT WAS WILD YET SO LOW,audio__original,1.485103,1.54531,1.1292290687561035,0.39175310730934143,60.2069999999999
165,single_sentence_500,6,IT WAS WILD YET SO LOW,audio__original,1.986828,1.861625,3.6452414989471436,0.0019903434440493584,-125.20299999999995
165,single_sentence_500,7,IT WAS WILD YET SO LOW,audio__original,2.12731,2.137345,0.02961490862071514,0.07202255725860596,10.034999999999794
165,single_sentence_500,8,IT WAS WILD YET SO LOW,audio__original,2.267793,2.187517,1.052968144416809,0.266695111989975,-80.27600000000001
165,single_sentence_500,9,IT WAS WILD YET SO LOW,audio__original,2.368138,2.448414,5.420742511749268,0.8498695492744446,80.27600000000001
165,single_sentence_500,10,IT WAS WILD YET SO LOW,audio__original,2.52869,2.508621,9.722183227539062,5.9455790519714355,-20.068999999999892
165,single_sentence_500,11,IT WAS WILD YET SO LOW,audio__original,2.70931,2.78925,1.4805643558502197,1.7305591106414795,79.94000000000013
166,single_sentence_500,0,KNOW THOU O MY BROTHER,audio__original,0.60124,0.521188,45.59614944458008,0.020883709192276,-80.052
166,single_sentence_500,1,KNOW THOU O MY BROTHER,audio__original,0.781612,0.841736,121.68433380126953,80.98766326904297,60.124000000000066
166,single_sentence_500,2,KNOW THOU O MY BROTHER,audio__original,0.921901,0.881818,228.15122985839844,33.0571174621582,-40.08299999999998
166,single_sentence_500,3,KNOW THOU O MY BROTHER,audio__original,1.122314,1.282645,201.44992065429688,112.78707122802734,160.331
166,single_sentence_500,4,KNOW THOU O MY BROTHER,audio__original,1.442975,1.37075,71.4758529663086,0.023418093100190163,-72.22499999999998
166,single_sentence_500,5,KNOW THOU O MY BROTHER,audio__original,1.463017,1.503099,188.88894653320312,125.57420349121094,40.08199999999995
166,single_sentence_500,6,KNOW THOU O MY BROTHER,audio__original,1.623347,1.593285,151.3668670654297,272.48388671875,-30.062000000000033
166,single_sentence_500,7,KNOW THOU O MY BROTHER,audio__original,1.683471,1.723554,188.9888916015625,201.2171173095703,40.08300000000009
166,single_sentence_500,8,KNOW THOU O MY BROTHER,audio__original,1.803719,1.779625,24.697782516479492,1.6686025857925415,-24.094000000000058
166,single_sentence_500,9,KNOW THOU O MY BROTHER,audio__original,2.104339,2.184312,41.20878219604492,2.0587046146392822,79.97299999999984
167,single_sentence_500,0,LETTER FROM ADAM SMITH,audio__original,0.523714,0.443688,290.79229736328125,13.270562171936035,-80.02599999999998
167,single_sentence_500,1,LETTER FROM ADAM SMITH,audio__original,0.745286,0.785571,41.141883850097656,8.597319602966309,40.28500000000002
167,single_sentence_500,2,LETTER FROM ADAM SMITH,audio__original,0.846,0.825857,5.272387981414795,2.7294037342071533,-20.143000000000022
167,single_sentence_500,3,LETTER FROM ADAM SMITH,audio__original,0.966857,0.966857,7.390959739685059,7.390959739685059,0.0
167,single_sentence_500,4,LETTER FROM ADAM SMITH,audio__original,1.208571,1.087562,123.7383041381836,0.026269692927598953,-121.00900000000014
167,single_sentence_500,5,LETTER FROM ADAM SMITH,audio__original,1.41,1.450286,13.933061599731445,21.49032211303711,40.286000000000044
167,single_sentence_500,6,LETTER FROM ADAM SMITH,audio__original,1.551,1.551,14.6914644241333,14.6914644241333,0.0
167,single_sentence_500,7,LETTER FROM ADAM SMITH,audio__original,1.953857,2.033812,0.03077581524848938,0.0006280560046434402,79.95500000000023
168,single_sentence_500,0,LOOK AT IT PANTED DICK,audio__original,0.58348,0.503437,44.533447265625,0.0044655646197497845,-80.04299999999998
168,single_sentence_500,1,LOOK AT IT PANTED DICK,audio__original,0.76456,0.76456,60.67833709716797,60.67833709716797,0.0
168,single_sentence_500,2,LOOK AT IT PANTED DICK,audio__original,0.88528,0.8551,157.22940063476562,165.87440490722656,-30.179999999999986
168,single_sentence_500,3,LOOK AT IT PANTED DICK,audio__original,0.96576,1.02612,14.206219673156738,6.686175346374512,60.35999999999997
168,single_sentence_500,4,LOOK AT IT PANTED DICK,audio__original,1.08648,1.08648,0.39519256353378296,0.39519256353378296,0.0
168,single_sentence_500,5,LOOK AT IT PANTED DICK,audio__original,1.14684,1.146875,0.006327521987259388,0.006327521987259388,0.03500000000000725
168,single_sentence_500,6,LOOK AT IT PANTED DICK,audio__original,1.62972,1.563562,12.29446792602539,0.0012592688435688615,-66.15800000000016
168,single_sentence_500,7,LOOK AT IT PANTED DICK,audio__original,1.93152,1.93152,0.29753926396369934,0.29753926396369934,0.0
168,single_sentence_500,8,LOOK AT IT PANTED DICK,audio__original,1.99188,1.97176,12.105514526367188,3.276695966720581,-20.12000000000014
168,single_sentence_500,9,LOOK AT IT PANTED DICK,audio__original,2.17296,2.252937,0.03796782344579697,0.015086114406585693,79.9770000000004
169,single_sentence_500,0,NIX ON DE GOIN' IN ACT,audio__original,0.321553,0.2415,3.1314313411712646,1.2503657341003418,-80.05299999999998
169,single_sentence_500,1,NIX ON DE GOIN' IN ACT,audio__original,0.542621,0.542621,24.81584930419922,24.81584930419922,0.0
169,single_sentence_500,2,NIX ON DE GOIN' IN ACT,audio__original,0.703398,0.643107,1.0182499885559082,4.372609615325928,-60.29099999999998
169,single_sentence_500,3,NIX ON DE GOIN' IN ACT,audio__original,0.823981,0.864175,0.6310839056968689,0.1288907378911972,40.19400000000006
169,single_sentence_500,4,NIX ON DE GOIN' IN ACT,audio__original,0.924466,0.904369,25.195701599121094,0.34811609983444214,-20.09700000000003
169,single_sentence_500,5,NIX ON DE GOIN' IN ACT,audio__original,0.96466,1.004854,46.82505798339844,1.2661516666412354,40.19399999999995
169,single_sentence_500,6,NIX ON DE GOIN' IN ACT,audio__original,1.065146,1.045049,40.242366790771484,29.291889190673828,-20.09700000000003
169,single_sentence_500,7,NIX ON DE GOIN' IN ACT,audio__original,1.306311,1.326408,1.6529403924942017,0.4241001009941101,20.09700000000003
169,single_sentence_500,8,NIX ON DE GOIN' IN ACT,audio__original,1.426893,1.426893,37.510536193847656,37.510536193847656,0.0
169,single_sentence_500,9,NIX ON DE GOIN' IN ACT,audio__original,1.507282,1.527379,0.8260828256607056,2.382737398147583,20.09700000000003
169,single_sentence_500,10,NIX ON DE GOIN' IN ACT,audio__original,1.708252,1.708252,55.98728561401367,55.98728561401367,0.0
169,single_sentence_500,11,NIX ON DE GOIN' IN ACT,audio__original,1.869029,1.789,0.005474067758768797,0.028848156332969666,-80.02900000000012
170,single_sentence_500,0,NO GOOD MY DEAR WATSON,audio__original,0.545455,0.465438,105.33690643310547,0.030437098816037178,-80.01700000000001
170,single_sentence_500,1,NO GOOD MY DEAR WATSON,audio__original,0.606061,0.686869,22.37390899658203,0.051670871675014496,80.80799999999999
170,single_sentence_500,2,NO GOOD MY DEAR WATSON,audio__original,0.747475,0.711063,51.245906829833984,0.057144250720739365,-36.412
170,single_sentence_500,3,NO GOOD MY DEAR WATSON,audio__original,0.929293,0.96525,0.031481869518756866,0.18436017632484436,35.957000000000015
170,single_sentence_500,4,NO GOOD MY DEAR WATSON,audio__original,1.090909,1.030303,15.03184700012207,0.3121505379676819,-60.60599999999994
170,single_sentence_500,5,NO GOOD MY DEAR WATSON,audio__original,1.131313,1.171717,83.01710510253906,0.503466010093689,40.40399999999988
170,single_sentence_500,6,NO GOOD MY DEAR WATSON,audio__original,1.232323,1.212121,8.359086990356445,55.4940185546875,-20.202000000000055
170,single_sentence_500,7,NO GOOD MY DEAR WATSON,audio__original,1.353535,1.363636,8.505714416503906,2.0542874336242676,10.101000000000138
170,single_sentence_500,8,NO GOOD MY DEAR WATSON,audio__original,1.414141,1.414141,6.916810035705566,6.916810035705566,0.0
170,single_sentence_500,9,NO GOOD MY DEAR WATSON,audio__original,1.89899,1.89899,0.020979879423975945,0.020979879423975945,0.0
171,single_sentence_500,0,NU AND HIS CONSORT NUT,audio__original,0.301429,0.221375,58.70123291015625,0.12907032668590546,-80.05400000000002
171,single_sentence_500,1,NU AND HIS CONSORT NUT,audio__original,0.361714,0.502381,33.690452575683594,43.1204719543457,140.66699999999997
171,single_sentence_500,2,NU AND HIS CONSORT NUT,audio__original,0.562667,0.542571,93.7610092163086,78.26128387451172,-20.096000000000004
171,single_sentence_500,3,NU AND HIS CONSORT NUT,audio__original,0.643048,0.653095,7.668056964874268,29.162893295288086,10.047000000000029
171,single_sentence_500,4,NU AND HIS CONSORT NUT,audio__original,0.723429,0.703333,28.10966682434082,8.311747550964355,-20.096000000000004
171,single_sentence_500,5,NU AND HIS CONSORT NUT,audio__original,0.844,0.864095,219.46804809570312,19.838077545166016,20.094999999999974
171,single_sentence_500,6,NU AND HIS CONSORT NUT,audio__original,1.004762,0.916312,70.04147338867188,0.061874765902757645,-88.44999999999992
171,single_sentence_500,7,NU AND HIS CONSORT NUT,audio__original,1.527238,1.53125,0.05320322513580322,0.03449241444468498,4.0119999999999045
171,single_sentence_500,8,NU AND HIS CONSORT NUT,audio__original,1.688,1.607619,21.9216251373291,6.77761173248291,-80.38100000000003
171,single_sentence_500,9,NU AND HIS CONSORT NUT,audio__original,1.969333,2.049313,152.14915466308594,0.005149826407432556,79.98000000000016
172,single_sentence_500,0,O FRIEND I WILL OF YOU,audio__original,0.501773,0.43375,21.2259464263916,0.5947917699813843,-68.023
172,single_sentence_500,1,O FRIEND I WILL OF YOU,audio__original,0.521844,0.622199,19.596019744873047,1.2742037773132324,100.35499999999998
172,single_sentence_500,2,O FRIEND I WILL OF YOU,audio__original,0.822908,0.742624,1.708107829093933,1.6661821603775024,-80.28400000000002
172,single_sentence_500,3,O FRIEND I WILL OF YOU,audio__original,1.123972,1.164,4.804806709289551,2.4400484561920166,40.02799999999995
172,single_sentence_500,4,O FRIEND I WILL OF YOU,audio__original,1.52539,1.412688,30.638999938964844,0.0629308894276619,-112.70200000000008
172,single_sentence_500,5,O FRIEND I WILL OF YOU,audio__original,1.545461,1.605674,33.98676300048828,50.60299301147461,60.21300000000007
172,single_sentence_500,6,O FRIEND I WILL OF YOU,audio__original,1.665887,1.645816,8.918168067932129,15.990211486816406,-20.070999999999948
172,single_sentence_500,7,O FRIEND I WILL OF YOU,audio__original,1.846525,1.866596,53.77638244628906,41.0743293762207,20.070999999999948
172,single_sentence_500,8,O FRIEND I WILL OF YOU,audio__original,1.906738,1.906738,23.46738052368164,23.46738052368164,0.0
172,single_sentence_500,9,O FRIEND I WILL OF YOU,audio__original,1.96695,2.288085,3.541306495666504,13.586654663085938,321.13500000000016
172,single_sentence_500,10,O FRIEND I WILL OF YOU,audio__original,2.408511,2.408511,0.09059485793113708,0.09059485793113708,0.0
172,single_sentence_500,11,O FRIEND I WILL OF YOU,audio__original,2.468723,2.468723,0.030574871227145195,0.030574871227145195,0.0
173,single_sentence_500,0,OF PROPERTY AND RICHES,audio__original,0.420814,0.340813,5.919063091278076,0.05088873580098152,-80.00100000000005
173,single_sentence_500,1,OF PROPERTY AND RICHES,audio__original,0.48093,0.48093,0.15129655599594116,0.15129655599594116,0.0
173,single_sentence_500,2,OF PROPERTY AND RICHES,audio__original,0.601163,0.533,7.735036373138428,0.07703495025634766,-68.16299999999997
173,single_sentence_500,3,OF PROPERTY AND RICHES,audio__original,1.062054,1.162248,13.548151016235352,3.2142083644866943,100.19399999999989
173,single_sentence_500,4,OF PROPERTY AND RICHES,audio__original,1.322558,1.230375,18.43849754333496,0.1429802030324936,-92.18299999999991
173,single_sentence_500,5,OF PROPERTY AND RICHES,audio__original,1.442791,1.45281,42.297298431396484,74.83052825927734,10.019
173,single_sentence_500,6,OF PROPERTY AND RICHES,audio__original,1.542984,1.502907,35.49778366088867,6.786065578460693,-40.07699999999992
173,single_sentence_500,7,OF PROPERTY AND RICHES,audio__original,1.94376,1.88775,5.442748069763184,1.3306796550750732,-56.00999999999989
174,single_sentence_500,0,OF THE BIG ROUND WORLD,audio__original,0.301456,0.221438,23.21373748779297,0.0025968037080019712,-80.018
174,single_sentence_500,1,OF THE BIG ROUND WORLD,audio__original,0.361748,0.371796,0.7557748556137085,0.5084202885627747,10.048000000000002
174,single_sentence_500,2,OF THE BIG ROUND WORLD,audio__original,0.442136,0.422039,39.448848724365234,7.041860103607178,-20.096999999999976
174,single_sentence_500,3,OF THE BIG ROUND WORLD,audio__original,0.502427,0.522524,6.032670021057129,3.619546890258789,20.09700000000003
174,single_sentence_500,4,OF THE BIG ROUND WORLD,audio__original,0.62301,0.570688,63.457950592041016,0.639275848865509,-52.32199999999998
174,single_sentence_500,5,OF THE BIG ROUND WORLD,audio__original,0.803883,0.834029,0.8181401491165161,1.8432592153549194,30.146000000000008
174,single_sentence_500,6,OF THE BIG ROUND WORLD,audio__original,0.96466,0.904375,47.86430740356445,1.0631295442581177,-60.284999999999926
174,single_sentence_500,7,OF THE BIG ROUND WORLD,audio__original,1.326408,1.406796,12.453250885009766,17.101320266723633,80.3879999999999
174,single_sentence_500,8,OF THE BIG ROUND WORLD,audio__original,1.507282,1.477136,44.035335540771484,5.020594120025635,-30.146000000000008
174,single_sentence_500,9,OF THE BIG ROUND WORLD,audio__original,2.029806,2.06975,0.002307456685230136,0.0005631100502796471,39.94399999999976
175,single_sentence_500,0,OH HOW DOES THIS GO OH,audio__original,0.301923,0.221875,2.019336462020874,0.036406029015779495,-80.048
175,single_sentence_500,1,OH HOW DOES THIS GO OH,audio__original,0.422692,0.452885,29.91524887084961,4.460153102874756,30.19299999999997
175,single_sentence_500,2,OH HOW DOES THIS GO OH,audio__original,0.623974,0.61391,29.965211868286133,25.867572784423828,-10.064000000000073
175,single_sentence_500,3,OH HOW DOES THIS GO OH,audio__original,0.724615,0.744744,6.787054061889648,35.31399917602539,20.12899999999995
175,single_sentence_500,4,OH HOW DOES THIS GO OH,audio__original,0.785,0.764872,2.630932092666626,9.386070251464844,-20.128000000000036
175,single_sentence_500,5,OH HOW DOES THIS GO OH,audio__original,0.905769,0.915833,13.988547325134277,12.313100814819336,10.063999999999961
175,single_sentence_500,6,OH HOW DOES THIS GO OH,audio__original,0.986282,0.966154,1.2321910858154297,11.809651374816895,-20.128000000000036
175,single_sentence_500,7,OH HOW DOES THIS GO OH,audio__original,1.147308,1.187564,47.60670852661133,0.07863418012857437,40.25600000000007
175,single_sentence_500,8,OH HOW DOES THIS GO OH,audio__original,1.288205,1.239812,8.886821746826172,0.039018768817186356,-48.39300000000013
175,single_sentence_500,9,OH HOW DOES THIS GO OH,audio__original,1.408974,1.529744,28.662626266479492,54.30330276489258,120.77000000000004
175,single_sentence_500,10,OH HOW DOES THIS GO OH,audio__original,1.831667,1.6905,3.8141582012176514,0.012436714954674244,-141.16700000000003
175,single_sentence_500,11,OH HOW DOES THIS GO OH,audio__original,2.214103,2.294062,0.02754979394376278,0.4204520583152771,79.95899999999966
176,single_sentence_500,0,PETER STARED VERY HARD,audio__original,0.602362,0.522312,8.721627235412598,0.00715882983058691,-80.04999999999995
176,single_sentence_500,1,PETER STARED VERY HARD,audio__original,0.843307,0.883465,18.735727310180664,24.49967384338379,40.157999999999916
176,single_sentence_500,2,PETER STARED VERY HARD,audio__original,0.943701,0.943701,29.454700469970703,29.454700469970703,0.0
176,single_sentence_500,3,PETER STARED VERY HARD,audio__original,1.325197,1.325197,6.071942329406738,6.071942329406738,0.0
176,single_sentence_500,4,PETER STARED VERY HARD,audio__original,1.525984,1.417437,13.662322044372559,0.19165563583374023,-108.54699999999995
176,single_sentence_500,5,PETER STARED VERY HARD,audio__original,1.766929,1.787008,66.43242645263672,11.079012870788574,20.078999999999958
176,single_sentence_500,6,PETER STARED VERY HARD,audio__original,1.90748,1.877362,44.98009490966797,72.03817749023438,-30.118000000000087
176,single_sentence_500,7,PETER STARED VERY HARD,audio__original,2.38937,2.469313,0.007666022516787052,0.0005111735663376749,79.9430000000001
177,single_sentence_500,0,SAID SIR RICHMOND WELL,audio__original,0.320714,0.240687,15.045401573181152,0.00014107789320405573,-80.02699999999999
177,single_sentence_500,1,SAID SIR RICHMOND WELL,audio__original,0.461027,0.481,5.234492778778076,0.9978460669517517,19.972999999999963
177,single_sentence_500,2,SAID SIR RICHMOND WELL,audio__original,0.501116,0.501116,19.02400016784668,19.02400016784668,0.0
177,single_sentence_500,3,SAID SIR RICHMOND WELL,audio__original,0.601339,0.601339,38.40163040161133,38.40163040161133,0.0
177,single_sentence_500,4,SAID SIR RICHMOND WELL,audio__original,0.641429,0.641429,44.34063720703125,44.34063720703125,0.0
177,single_sentence_500,5,SAID SIR RICHMOND WELL,audio__original,0.942098,0.962143,0.2666284739971161,3.5695393085479736,20.04499999999998
177,single_sentence_500,6,SAID SIR RICHMOND WELL,audio__original,1.783973,1.398375,1.9271372556686401,9.015399700729176e-05,-385.5980000000001
177,single_sentence_500,7,SAID SIR RICHMOND WELL,audio__original,1.964375,2.044375,2.5255589485168457,0.5403448939323425,80.00000000000007
178,single_sentence_500,0,THANK YOU SAID TROT OH,audio__original,0.601136,0.545125,121.8746566772461,6.519046783447266,-56.01100000000003
178,single_sentence_500,1,THANK YOU SAID TROT OH,audio__original,0.801515,0.801515,2.5972466468811035,2.5972466468811035,0.0
178,single_sentence_500,2,THANK YOU SAID TROT OH,audio__original,0.861629,0.861629,14.017342567443848,14.017342567443848,0.0
178,single_sentence_500,3,THANK YOU SAID TROT OH,audio__original,0.94178,0.981856,29.850309371948242,15.473736763000488,40.076
178,single_sentence_500,4,THANK YOU SAID TROT OH,audio__original,1.021932,1.021932,3.708158493041992,3.708158493041992,0.0
178,single_sentence_500,5,THANK YOU SAID TROT OH,audio__original,1.182235,1.182235,0.29420551657676697,0.29420551657676697,0.0
178,single_sentence_500,6,THANK YOU SAID TROT OH,audio__original,1.282424,1.242348,60.668853759765625,4.857180118560791,-40.076
178,single_sentence_500,7,THANK YOU SAID TROT OH,audio__original,1.562955,1.582992,0.02001701109111309,0.0053520817309618,20.03699999999986
178,single_sentence_500,8,THANK YOU SAID TROT OH,audio__original,2.36447,1.663144,564.4747314453125,0.05757593363523483,-701.3259999999999
178,single_sentence_500,9,THANK YOU SAID TROT OH,audio__original,2.504735,2.584687,0.16524042189121246,0.003497710917145014,79.95200000000003
179,single_sentence_500,0,THE MOAT AND THE TENTS,audio__original,0.260596,0.180562,10.384563446044922,0.14731207489967346,-80.03399999999999
179,single_sentence_500,1,THE MOAT AND THE TENTS,audio__original,0.320734,0.330757,1.8231706619262695,2.300269365310669,10.023000000000003
179,single_sentence_500,2,THE MOAT AND THE TENTS,audio__original,0.441009,0.41094,85.44859313964844,1.9602000713348389,-30.068999999999956
179,single_sentence_500,3,THE MOAT AND THE TENTS,audio__original,0.68156,0.68156,99.1304931640625,99.1304931640625,0.0
179,single_sentence_500,4,THE MOAT AND THE TENTS,audio__original,1.242844,0.841927,4.690362453460693,0.24656188488006592,-400.9170000000001
179,single_sentence_500,5,THE MOAT AND THE TENTS,audio__original,1.302982,1.343,4.588927745819092,4.414653301239014,40.01799999999989
179,single_sentence_500,6,THE MOAT AND THE TENTS,audio__original,1.363119,1.363119,104.28598022460938,104.28598022460938,0.0
179,single_sentence_500,7,THE MOAT AND THE TENTS,audio__original,1.423257,1.423257,2.8138954639434814,2.8138954639434814,0.0
179,single_sentence_500,8,THE MOAT AND THE TENTS,audio__original,1.543532,1.463349,115.0047378540039,1.3129069805145264,-80.1829999999999
179,single_sentence_500,9,THE MOAT AND THE TENTS,audio__original,1.824174,1.744125,42.9625358581543,1.48830246925354,-80.04900000000004
180,single_sentence_500,0,THE PALM AND THE COCOA,audio__original,0.362687,0.282625,0.4024747610092163,0.01265318039804697,-80.06199999999997
180,single_sentence_500,1,THE PALM AND THE COCOA,audio__original,0.423134,0.443284,11.136515617370605,0.12476011365652084,20.150000000000002
180,single_sentence_500,2,THE PALM AND THE COCOA,audio__original,0.604478,0.483582,41.298641204833984,0.058376140892505646,-120.89599999999994
180,single_sentence_500,3,THE PALM AND THE COCOA,audio__original,0.906716,1.047761,60.76011657714844,1.0130265951156616,141.045
180,single_sentence_500,4,THE PALM AND THE COCOA,audio__original,1.652239,1.380688,74.45506286621094,0.004695097450166941,-271.5510000000001
180,single_sentence_500,5,THE PALM AND THE COCOA,audio__original,1.773134,1.793284,62.305908203125,58.65009307861328,20.150000000000112
180,single_sentence_500,6,THE PALM AND THE COCOA,audio__original,1.873881,1.873881,71.56904602050781,71.56904602050781,0.0
180,single_sentence_500,7,THE PALM AND THE COCOA,audio__original,1.934328,1.934328,0.4708350598812103,0.4708350598812103,0.0
180,single_sentence_500,8,THE PALM AND THE COCOA,audio__original,2.075373,1.974687,21.169626235961914,0.09322705119848251,-100.68599999999984
180,single_sentence_500,9,THE PALM AND THE COCOA,audio__original,2.518657,2.598625,0.008468586951494217,0.00501588499173522,79.96800000000005
181,single_sentence_500,0,THE PROBLEM WAS SOLVED,audio__original,0.380798,0.31675,8.017000198364258,0.00681812921538949,-64.04800000000004
181,single_sentence_500,1,THE PROBLEM WAS SOLVED,audio__original,0.440924,0.481008,112.47981262207031,2.070004940032959,40.08400000000001
181,single_sentence_500,2,THE PROBLEM WAS SOLVED,audio__original,0.581218,0.553063,10.69068431854248,0.027809716761112213,-28.15500000000004
181,single_sentence_500,3,THE PROBLEM WAS SOLVED,audio__original,0.982059,1.042185,0.07295971363782883,0.21212314069271088,60.125999999999905
181,single_sentence_500,4,THE PROBLEM WAS SOLVED,audio__original,1.282689,1.218438,72.25759887695312,0.0013415468856692314,-64.25100000000006
181,single_sentence_500,5,THE PROBLEM WAS SOLVED,audio__original,1.422983,1.422983,21.15081787109375,21.15081787109375,0.0
181,single_sentence_500,6,THE PROBLEM WAS SOLVED,audio__original,1.523193,1.49313,14.708243370056152,22.833723068237305,-30.062999999999953
181,single_sentence_500,7,THE PROBLEM WAS SOLVED,audio__original,2.024244,2.076188,0.026913674548268318,0.0038289669901132584,51.944000000000216
182,single_sentence_500,0,THE RIFF COAST PIRATES,audio__original,0.623974,0.543937,2.741194009780884,0.002748945029452443,-80.03700000000002
182,single_sentence_500,1,THE RIFF COAST PIRATES,audio__original,0.684359,0.704487,46.88275146484375,13.527810096740723,20.127999999999922
182,single_sentence_500,2,THE RIFF COAST PIRATES,audio__original,0.785,0.744744,81.54144287109375,12.500338554382324,-40.25600000000007
182,single_sentence_500,3,THE RIFF COAST PIRATES,audio__original,0.986282,1.026538,1.11093270778656,0.031147293746471405,40.25599999999996
182,single_sentence_500,4,THE RIFF COAST PIRATES,audio__original,1.107051,1.046667,5.133474349975586,1.6433660984039307,-60.38399999999999
182,single_sentence_500,5,THE RIFF COAST PIRATES,audio__original,1.328462,1.368718,0.4762575328350067,0.0390058271586895,40.25600000000007
182,single_sentence_500,6,THE RIFF COAST PIRATES,audio__original,1.449231,1.392813,31.273500442504883,0.014910059049725533,-56.41799999999986
182,single_sentence_500,7,THE RIFF COAST PIRATES,audio__original,1.811538,1.7315,2.5137412548065186,0.27100932598114014,-80.03800000000005
183,single_sentence_500,0,THE SKY WAS CLEAR BLUE,audio__original,0.382794,0.32675,0.14086562395095825,0.00019316416000947356,-56.04400000000004
183,single_sentence_500,1,THE SKY WAS CLEAR BLUE,audio__original,0.443235,0.453309,9.599897384643555,8.040180206298828,10.074000000000026
183,single_sentence_500,2,THE SKY WAS CLEAR BLUE,audio__original,0.523824,0.523824,28.141178131103516,28.141178131103516,0.0
183,single_sentence_500,3,THE SKY WAS CLEAR BLUE,audio__original,0.745441,0.805882,5.713479995727539,11.510716438293457,60.44099999999997
183,single_sentence_500,4,THE SKY WAS CLEAR BLUE,audio__original,0.866324,0.866324,4.751227855682373,4.751227855682373,0.0
183,single_sentence_500,5,THE SKY WAS CLEAR BLUE,audio__original,0.967059,0.987206,2.6816468238830566,0.08133167028427124,20.147000000000027
183,single_sentence_500,6,THE SKY WAS CLEAR BLUE,audio__original,1.188676,1.047647,1.1043199300765991,0.42695796489715576,-141.02900000000008
183,single_sentence_500,7,THE SKY WAS CLEAR BLUE,audio__original,1.430441,1.470735,2.2748591899871826,1.2667442560195923,40.293999999999826
183,single_sentence_500,8,THE SKY WAS CLEAR BLUE,audio__original,1.571471,1.519062,0.4124375581741333,0.5285706520080566,-52.40900000000015
183,single_sentence_500,9,THE SKY WAS CLEAR BLUE,audio__original,1.994559,1.9665,0.3687417507171631,0.006692286115139723,-28.059000000000054
184,single_sentence_500,0,THE TIME FOR WINE CAME,audio__original,0.564078,0.524062,0.5417171120643616,0.04392945393919945,-40.01599999999994
184,single_sentence_500,1,THE TIME FOR WINE CAME,audio__original,0.624515,0.64466,5.940476417541504,0.42990192770957947,20.144999999999968
184,single_sentence_500,2,THE TIME FOR WINE CAME,audio__original,0.765534,0.684951,93.40519714355469,4.995677947998047,-80.58300000000007
184,single_sentence_500,3,THE TIME FOR WINE CAME,audio__original,0.946845,0.987136,31.833641052246094,0.12261852622032166,40.29099999999997
184,single_sentence_500,4,THE TIME FOR WINE CAME,audio__original,1.027427,1.007282,1.9609661102294922,0.3090309500694275,-20.14500000000008
184,single_sentence_500,5,THE TIME FOR WINE CAME,audio__original,1.128155,1.148301,16.37824058532715,13.096453666687012,20.145999999999997
184,single_sentence_500,6,THE TIME FOR WINE CAME,audio__original,1.249029,1.208738,18.651987075805664,4.7152419090271,-40.290999999999855
184,single_sentence_500,7,THE TIME FOR WINE CAME,audio__original,1.470631,1.510922,9.44649600982666,2.1515328884124756,40.291000000000075
184,single_sentence_500,8,THE TIME FOR WINE CAME,audio__original,1.631796,1.551214,6.922548770904541,6.6870436668396,-80.58199999999994
184,single_sentence_500,9,THE TIME FOR WINE CAME,audio__original,2.014563,2.014563,0.10512074083089828,0.10512074083089828,0.0
185,single_sentence_500,0,THEN CLEAR AND RINGING,audio__original,0.566022,0.486,0.1522786021232605,0.07519575953483582,-80.02200000000003
185,single_sentence_500,1,THEN CLEAR AND RINGING,audio__original,0.707527,0.747957,1.4393129348754883,20.455833435058594,40.429999999999964
185,single_sentence_500,2,THEN CLEAR AND RINGING,audio__original,0.869247,0.869247,5.3682942390441895,5.3682942390441895,0.0
185,single_sentence_500,3,THEN CLEAR AND RINGING,audio__original,1.071398,1.081505,3.323931932449341,7.857852935791016,10.106999999999866
185,single_sentence_500,4,THEN CLEAR AND RINGING,audio__original,1.132043,1.132043,5.326700210571289,5.326700210571289,0.0
185,single_sentence_500,5,THEN CLEAR AND RINGING,audio__original,1.233118,1.237125,6.006919860839844,8.341590881347656,4.007000000000094
185,single_sentence_500,6,THEN CLEAR AND RINGING,audio__original,1.334194,1.293763,10.366252899169922,6.533763408660889,-40.431000000000104
185,single_sentence_500,7,THEN CLEAR AND RINGING,audio__original,1.637419,1.717375,0.8945889472961426,0.7435509562492371,79.95600000000013
186,single_sentence_500,0,TO HIS KIN THE KINDEST,audio__original,0.421826,0.369812,5.995614051818848,0.12507489323616028,-52.014
186,single_sentence_500,1,TO HIS KIN THE KINDEST,audio__original,0.502174,0.502174,194.02490234375,194.02490234375,0.0
186,single_sentence_500,2,TO HIS KIN THE KINDEST,audio__original,0.622696,0.622696,111.62608337402344,111.62608337402344,0.0
186,single_sentence_500,3,TO HIS KIN THE KINDEST,audio__original,0.743217,0.743217,8.306722640991211,8.306722640991211,0.0
186,single_sentence_500,4,TO HIS KIN THE KINDEST,audio__original,0.924,0.823438,0.6128435134887695,0.17232754826545715,-100.56200000000004
186,single_sentence_500,5,TO HIS KIN THE KINDEST,audio__original,1.104783,1.134913,30.55010414123535,47.03809356689453,30.12999999999999
186,single_sentence_500,6,TO HIS KIN THE KINDEST,audio__original,1.225304,1.225304,76.84234619140625,76.84234619140625,0.0
186,single_sentence_500,7,TO HIS KIN THE KINDEST,audio__original,1.285565,1.285565,0.060173433274030685,0.060173433274030685,0.0
186,single_sentence_500,8,TO HIS KIN THE KINDEST,audio__original,1.526609,1.345826,75.40815734863281,0.0060835713520646095,-180.78300000000013
186,single_sentence_500,9,TO HIS KIN THE KINDEST,audio__original,2.028783,2.06075,0.5393139719963074,0.0026644128374755383,31.9670000000003
187,single_sentence_500,0,TO REVIVE THE SICK MAN,audio__original,0.380731,0.356687,7.3148674964904785,0.00029585137963294983,-24.04400000000001
187,single_sentence_500,1,TO REVIVE THE SICK MAN,audio__original,0.420808,0.420808,134.64866638183594,134.64866638183594,0.0
187,single_sentence_500,2,TO REVIVE THE SICK MAN,audio__original,0.521,0.500962,23.947277069091797,6.659472465515137,-20.038
187,single_sentence_500,3,TO REVIVE THE SICK MAN,audio__original,1.142192,1.182269,0.13902923464775085,0.05027357488870621,40.07699999999992
187,single_sentence_500,4,TO REVIVE THE SICK MAN,audio__original,1.583038,1.3585,47.113914489746094,3.870204454869963e-05,-224.5379999999999
187,single_sentence_500,5,TO REVIVE THE SICK MAN,audio__original,1.643154,1.663192,11.723474502563477,11.758177757263184,20.038
187,single_sentence_500,6,TO REVIVE THE SICK MAN,audio__original,1.763385,1.763385,4.786139011383057,4.786139011383057,0.0
187,single_sentence_500,7,TO REVIVE THE SICK MAN,audio__original,1.923692,1.923692,2.460726022720337,2.460726022720337,0.0
187,single_sentence_500,8,TO REVIVE THE SICK MAN,audio__original,2.043923,1.983808,2.096870183944702,0.16461685299873352,-60.11499999999992
187,single_sentence_500,9,TO REVIVE THE SICK MAN,audio__original,2.384577,2.464562,0.11725056916475296,0.0015388091560453176,79.98499999999976
188,single_sentence_500,0,WHICH I WAS SO HE SAID,audio__original,0.341723,0.261688,0.042655099183321,3.2455563996336423e-06,-80.03500000000003
188,single_sentence_500,1,WHICH I WAS SO HE SAID,audio__original,0.502534,0.502534,17.99421501159668,17.99421501159668,0.0
188,single_sentence_500,2,WHICH I WAS SO HE SAID,audio__original,0.582939,0.582939,80.28099060058594,80.28099060058594,0.0
188,single_sentence_500,3,WHICH I WAS SO HE SAID,audio__original,0.603041,0.623142,53.415103912353516,32.77648162841797,20.100999999999924
188,single_sentence_500,4,WHICH I WAS SO HE SAID,audio__original,0.723649,0.703547,25.84791374206543,15.328182220458984,-20.101999999999954
188,single_sentence_500,5,WHICH I WAS SO HE SAID,audio__original,0.964865,1.025169,2.5378541946411133,1.273331642150879,60.30400000000002
188,single_sentence_500,6,WHICH I WAS SO HE SAID,audio__original,2.090541,1.921687,9.679543495178223,3.3014025575539563e-06,-168.85400000000007
188,single_sentence_500,7,WHICH I WAS SO HE SAID,audio__original,2.170946,2.201098,109.26869201660156,1.4070130586624146,30.15200000000018
188,single_sentence_500,8,WHICH I WAS SO HE SAID,audio__original,2.271453,2.271453,220.55410766601562,220.55410766601562,0.0
188,single_sentence_500,9,WHICH I WAS SO HE SAID,audio__original,2.311655,2.343688,9.394636154174805,2.6045215129852295,32.0330000000002
188,single_sentence_500,10,WHICH I WAS SO HE SAID,audio__original,2.432264,2.432264,1.7592055797576904,1.7592055797576904,0.0
188,single_sentence_500,11,WHICH I WAS SO HE SAID,audio__original,2.753885,2.833875,0.0021752503234893084,3.350359520482016e-06,79.99000000000001
189,single_sentence_500,0,WON'T YOU TELL DOUGLAS,audio__original,0.363636,0.287625,7.259430885314941,12.270064353942871,-76.011
189,single_sentence_500,1,WON'T YOU TELL DOUGLAS,audio__original,0.626263,0.626263,167.9139862060547,167.9139862060547,0.0
189,single_sentence_500,2,WON'T YOU TELL DOUGLAS,audio__original,0.808081,0.707071,11.391778945922852,1.2315425872802734,-101.01000000000005
189,single_sentence_500,3,WON'T YOU TELL DOUGLAS,audio__original,0.888889,0.969697,4.88673734664917,2.6008427143096924,80.80799999999999
189,single_sentence_500,4,WON'T YOU TELL DOUGLAS,audio__original,1.111111,1.038312,12.107707977294922,0.02258581481873989,-72.79900000000006
189,single_sentence_500,5,WON'T YOU TELL DOUGLAS,audio__original,1.292929,1.313131,2.1238131523132324,4.574280261993408,20.202000000000055
189,single_sentence_500,6,WON'T YOU TELL DOUGLAS,audio__original,1.393939,1.373737,100.03873443603516,124.49407196044922,-20.202000000000055
189,single_sentence_500,7,WON'T YOU TELL DOUGLAS,audio__original,1.79798,1.877938,38.891666412353516,0.03950798511505127,79.9580000000002
190,single_sentence_500,0,YES SAID GINGER SLOWLY,audio__original,0.502419,0.422375,40.08976745605469,16.17531394958496,-80.04399999999995
190,single_sentence_500,1,YES SAID GINGER SLOWLY,audio__original,0.844065,1.004839,4.533815860748291,3.095620632171631,160.7740000000001
190,single_sentence_500,2,YES SAID GINGER SLOWLY,audio__original,1.587645,1.469313,6.947193145751953,0.00026214850367978215,-118.33199999999988
190,single_sentence_500,3,YES SAID GINGER SLOWLY,audio__original,1.748419,1.768516,0.8118037581443787,2.568373680114746,20.09700000000003
190,single_sentence_500,4,YES SAID GINGER SLOWLY,audio__original,1.828806,1.80871,65.02978515625,35.686492919921875,-20.09599999999989
190,single_sentence_500,5,YES SAID GINGER SLOWLY,audio__original,2.170452,2.190548,18.433856964111328,47.58422088623047,20.096000000000114
190,single_sentence_500,6,YES SAID GINGER SLOWLY,audio__original,2.270935,2.270935,24.535518646240234,24.535518646240234,0.0
190,single_sentence_500,7,YES SAID GINGER SLOWLY,audio__original,2.793452,2.873438,0.1335650533437729,0.0011523434659466147,79.98600000000033
191,single_sentence_500,0,AGAIN CALM AND PLEASANT,audio__original,0.621183,0.541125,55.080116271972656,2.633503015658789e-08,-80.05800000000008
191,single_sentence_500,1,AGAIN CALM AND PLEASANT,audio__original,0.861641,0.901718,8.594280242919922,25.523487091064453,40.07700000000003
191,single_sentence_500,2,AGAIN CALM AND PLEASANT,audio__original,1.062023,0.981812,41.87397384643555,1.1831722259521484,-80.21099999999993
191,single_sentence_500,3,AGAIN CALM AND PLEASANT,audio__original,1.282443,1.362595,22.47648048400879,6.843537330627441,80.152
191,single_sentence_500,4,AGAIN CALM AND PLEASANT,audio__original,1.583015,1.510812,31.969829559326172,1.1589778615983537e-12,-72.20300000000002
191,single_sentence_500,5,AGAIN CALM AND PLEASANT,audio__original,1.663168,1.683206,103.18189239501953,1.1437160968780518,20.038
191,single_sentence_500,6,AGAIN CALM AND PLEASANT,audio__original,1.783397,1.73525,4.877959728240967,0.13483938574790955,-48.14699999999994
191,single_sentence_500,7,AGAIN CALM AND PLEASANT,audio__original,2.124046,2.1,0.7617663741111755,0.3410567343235016,-24.04599999999979
192,single_sentence_500,0,AM I A WHAT HE DEMANDED,audio__original,0.40184,0.40184,13.80786418914795,13.80786418914795,0.0
192,single_sentence_500,1,AM I A WHAT HE DEMANDED,audio__original,0.482209,0.492255,1.809270977973938,1.0716419219970703,10.046
192,single_sentence_500,2,AM I A WHAT HE DEMANDED,audio__original,0.602761,0.572623,30.1461181640625,9.124445915222168,-30.137999999999998
192,single_sentence_500,3,AM I A WHAT HE DEMANDED,audio__original,0.622853,0.652991,33.2110710144043,12.880171775817871,30.137999999999998
192,single_sentence_500,4,AM I A WHAT HE DEMANDED,audio__original,0.763497,0.763497,24.242033004760742,24.242033004760742,0.0
192,single_sentence_500,5,AM I A WHAT HE DEMANDED,audio__original,0.783589,0.783589,13.285628318786621,13.285628318786621,0.0
192,single_sentence_500,6,AM I A WHAT HE DEMANDED,audio__original,0.984509,0.914187,161.16856384277344,8.385157585144043,-70.322
192,single_sentence_500,7,AM I A WHAT HE DEMANDED,audio__original,1.225613,1.255752,0.0254536010324955,0.37449532747268677,30.138999999999918
192,single_sentence_500,8,AM I A WHAT HE DEMANDED,audio__original,1.98911,1.677684,8.751888275146484,4.767341613769531,-311.426
192,single_sentence_500,9,AM I A WHAT HE DEMANDED,audio__original,2.049387,2.069479,3.884991407394409,2.4173033237457275,20.092
192,single_sentence_500,10,AM I A WHAT HE DEMANDED,audio__original,2.169939,2.149847,15.082338333129883,1.0447231531143188,-20.092
192,single_sentence_500,11,AM I A WHAT HE DEMANDED,audio__original,2.812883,2.812883,2.0620226860046387,2.0620226860046387,0.0
193,single_sentence_500,0,AN'T YOU DRIV THE CROSS,audio__original,0.423684,0.343625,39.612056732177734,5.514980316162109,-80.059
193,single_sentence_500,1,AN'T YOU DRIV THE CROSS,audio__original,0.564912,0.564912,4.884742259979248,4.884742259979248,0.0
193,single_sentence_500,2,AN'T YOU DRIV THE CROSS,audio__original,0.625439,0.615351,102.61515808105469,142.50245666503906,-10.087999999999987
193,single_sentence_500,3,AN'T YOU DRIV THE CROSS,audio__original,0.70614,0.746491,9.870725631713867,5.432574272155762,40.35100000000003
193,single_sentence_500,4,AN'T YOU DRIV THE CROSS,audio__original,0.807018,0.786842,25.81205177307129,8.043516159057617,-20.175999999999974
193,single_sentence_500,5,AN'T YOU DRIV THE CROSS,audio__original,1.028947,1.028947,0.660535991191864,0.660535991191864,0.0
193,single_sentence_500,6,AN'T YOU DRIV THE CROSS,audio__original,1.129825,1.129825,128.165283203125,128.165283203125,0.0
193,single_sentence_500,7,AN'T YOU DRIV THE CROSS,audio__original,1.190351,1.210526,0.21105624735355377,0.06384701281785965,20.175000000000054
193,single_sentence_500,8,AN'T YOU DRIV THE CROSS,audio__original,1.311404,1.250877,12.888526916503906,1.7853095531463623,-60.527
193,single_sentence_500,9,AN'T YOU DRIV THE CROSS,audio__original,1.674561,1.7545,36.81825637817383,1.7957231998443604,79.93899999999998
194,single_sentence_500,0,AND THE PRINCE WILL DIE,audio__original,0.380848,0.300812,79.74232482910156,0.012243201024830341,-80.036
194,single_sentence_500,1,AND THE PRINCE WILL DIE,audio__original,0.501116,0.511138,0.41042783856391907,0.43679219484329224,10.021999999999975
194,single_sentence_500,2,AND THE PRINCE WILL DIE,audio__original,0.601339,0.581295,64.68910217285156,88.38194274902344,-20.04399999999995
194,single_sentence_500,3,AND THE PRINCE WILL DIE,audio__original,0.661473,0.701562,111.19522857666016,1.2941076755523682,40.08900000000004
194,single_sentence_500,4,AND THE PRINCE WILL DIE,audio__original,0.86192,0.761625,1.8271619081497192,0.020420143380761147,-100.29500000000002
194,single_sentence_500,5,AND THE PRINCE WILL DIE,audio__original,1.1225,1.1225,2.4265005588531494,2.4265005588531494,0.0
194,single_sentence_500,6,AND THE PRINCE WILL DIE,audio__original,1.202679,1.186625,8.338143348693848,0.14899133145809174,-16.054000000000013
194,single_sentence_500,7,AND THE PRINCE WILL DIE,audio__original,1.38308,1.38308,0.9252038598060608,0.9252038598060608,0.0
194,single_sentence_500,8,AND THE PRINCE WILL DIE,audio__original,1.543438,1.46725,28.54813003540039,0.006447381339967251,-76.18800000000014
194,single_sentence_500,9,AND THE PRINCE WILL DIE,audio__original,2.204911,2.244875,0.015224874019622803,0.01158370915800333,39.963999999999885
195,single_sentence_500,0,AND THIS AND HERE AGAIN,audio__original,0.221833,0.141813,22.309968948364258,0.22581028938293457,-80.02000000000001
195,single_sentence_500,1,AND THIS AND HERE AGAIN,audio__original,0.322667,0.33275,2.0625038146972656,3.38212251663208,10.083000000000009
195,single_sentence_500,2,AND THIS AND HERE AGAIN,audio__original,0.4235,0.403333,4.907891273498535,45.62996292114258,-20.16699999999999
195,single_sentence_500,3,AND THIS AND HERE AGAIN,audio__original,0.645333,0.726,8.585441589355469,10.10152530670166,80.66699999999993
195,single_sentence_500,4,AND THIS AND HERE AGAIN,audio__original,1.048667,0.951,191.93919372558594,0.0024998628068715334,-97.66700000000006
195,single_sentence_500,5,AND THIS AND HERE AGAIN,audio__original,1.169667,1.169667,55.79474639892578,55.79474639892578,0.0
195,single_sentence_500,6,AND THIS AND HERE AGAIN,audio__original,1.250333,1.250333,37.718788146972656,37.718788146972656,0.0
195,single_sentence_500,7,AND THIS AND HERE AGAIN,audio__original,1.411667,1.42175,4.116408824920654,3.0535647869110107,10.083000000000064
195,single_sentence_500,8,AND THIS AND HERE AGAIN,audio__original,1.5125,1.5125,2.2599496841430664,2.2599496841430664,0.0
195,single_sentence_500,9,AND THIS AND HERE AGAIN,audio__original,2.036833,2.116812,0.008494560606777668,0.00852630939334631,79.9789999999998
196,single_sentence_500,0,AS SUM AND CROWN OF ALL,audio__original,0.26243,0.206375,17.730785369873047,0.0023937930818647146,-56.05499999999999
196,single_sentence_500,1,AS SUM AND CROWN OF ALL,audio__original,0.363364,0.373458,5.331968784332275,5.32657527923584,10.093999999999992
196,single_sentence_500,2,AS SUM AND CROWN OF ALL,audio__original,0.464299,0.464299,4.75855016708374,4.75855016708374,0.0
196,single_sentence_500,3,AS SUM AND CROWN OF ALL,audio__original,0.605607,0.686355,6.814301490783691,164.8129425048828,80.74800000000005
196,single_sentence_500,4,AS SUM AND CROWN OF ALL,audio__original,0.726729,0.706542,48.7033805847168,119.74427795410156,-20.186999999999955
196,single_sentence_500,5,AS SUM AND CROWN OF ALL,audio__original,0.827664,0.827664,5.167118072509766,5.167118072509766,0.0
196,single_sentence_500,6,AS SUM AND CROWN OF ALL,audio__original,0.968972,0.868037,9.005794525146484,1.866024136543274,-100.9350000000001
196,single_sentence_500,7,AS SUM AND CROWN OF ALL,audio__original,1.211215,1.291963,87.78473663330078,23.62776756286621,80.74800000000005
196,single_sentence_500,8,AS SUM AND CROWN OF ALL,audio__original,1.413084,1.352523,114.42555236816406,7.101134300231934,-60.561000000000085
196,single_sentence_500,9,AS SUM AND CROWN OF ALL,audio__original,1.493832,1.493832,2.081108570098877,2.081108570098877,0.0
196,single_sentence_500,10,AS SUM AND CROWN OF ALL,audio__original,1.63514,1.594766,259.6173095703125,240.4752655029297,-40.37400000000013
196,single_sentence_500,11,AS SUM AND CROWN OF ALL,audio__original,1.796636,1.876625,9.137009620666504,2.834677219390869,79.98900000000009
197,single_sentence_500,0,AT E'EN IN THE GLOAMING,audio__original,0.523451,0.603437,21.29705238342285,0.028309306129813194,79.986
197,single_sentence_500,1,AT E'EN IN THE GLOAMING,audio__original,0.603982,0.624115,0.028309306129813194,0.014027232304215431,20.132999999999956
197,single_sentence_500,2,AT E'EN IN THE GLOAMING,audio__original,0.785177,0.664381,7.702040195465088,0.6040912866592407,-120.79600000000002
197,single_sentence_500,3,AT E'EN IN THE GLOAMING,audio__original,1.006637,1.087168,0.05638042464852333,9.623894691467285,80.5309999999999
197,single_sentence_500,4,AT E'EN IN THE GLOAMING,audio__original,1.268363,1.167699,12.068336486816406,0.0029110671021044254,-100.66399999999986
197,single_sentence_500,5,AT E'EN IN THE GLOAMING,audio__original,1.328761,1.338827,0.023313095793128014,0.08073706924915314,10.065999999999908
197,single_sentence_500,6,AT E'EN IN THE GLOAMING,audio__original,1.409292,1.409292,1.4350084066390991,1.4350084066390991,0.0
197,single_sentence_500,7,AT E'EN IN THE GLOAMING,audio__original,1.46969,1.46969,0.10478095710277557,0.10478095710277557,0.0
197,single_sentence_500,8,AT E'EN IN THE GLOAMING,audio__original,1.570354,1.509956,0.9309451580047607,0.06095453351736069,-60.39799999999995
197,single_sentence_500,9,AT E'EN IN THE GLOAMING,audio__original,2.214602,2.274563,0.0015625444939360023,0.00045149747165851295,59.96099999999993
198,single_sentence_500,0,BUT BEFORE HE COULD ACT,audio__original,0.60625,0.52625,384.2351379394531,7.047734106890857e-05,-79.99999999999996
198,single_sentence_500,1,BUT BEFORE HE COULD ACT,audio__original,0.687083,0.687083,0.01091680396348238,0.01091680396348238,0.0
198,single_sentence_500,2,BUT BEFORE HE COULD ACT,audio__original,0.747708,0.707292,137.12889099121094,0.056473176926374435,-40.41600000000001
198,single_sentence_500,3,BUT BEFORE HE COULD ACT,audio__original,1.030625,1.030625,9.486139297485352,9.486139297485352,0.0
198,single_sentence_500,4,BUT BEFORE HE COULD ACT,audio__original,1.111458,1.09125,39.842647552490234,3.3935914039611816,-20.208000000000006
198,single_sentence_500,5,BUT BEFORE HE COULD ACT,audio__original,1.151875,1.172083,19.08741569519043,8.502242088317871,20.208000000000006
198,single_sentence_500,6,BUT BEFORE HE COULD ACT,audio__original,1.232708,1.2125,0.9305458664894104,0.36200839281082153,-20.208000000000006
198,single_sentence_500,7,BUT BEFORE HE COULD ACT,audio__original,1.374167,1.374167,13.026286125183105,13.026286125183105,0.0
198,single_sentence_500,8,BUT BEFORE HE COULD ACT,audio__original,1.495417,1.444896,46.91114807128906,9.207939147949219,-50.521000000000036
198,single_sentence_500,9,BUT BEFORE HE COULD ACT,audio__original,1.657083,1.605063,0.07531179487705231,0.0004063683736603707,-52.02000000000018
199,single_sentence_500,0,BUT PERHAPS THE POYSERS,audio__original,0.502525,0.4225,185.826171875,0.03787814453244209,-80.025
199,single_sentence_500,1,BUT PERHAPS THE POYSERS,audio__original,0.582929,0.60303,2.8794429302215576,0.36720913648605347,20.100999999999924
199,single_sentence_500,2,BUT PERHAPS THE POYSERS,audio__original,0.663333,0.643232,7.638387680053711,0.6298931837081909,-20.100999999999924
199,single_sentence_500,3,BUT PERHAPS THE POYSERS,audio__original,1.025152,1.045253,4.988901138305664,0.8311654925346375,20.100999999999924
199,single_sentence_500,4,BUT PERHAPS THE POYSERS,audio__original,1.105556,1.105556,1.202343463897705,1.202343463897705,0.0
199,single_sentence_500,5,BUT PERHAPS THE POYSERS,audio__original,1.165859,1.165859,1.0548739433288574,1.0548739433288574,0.0
199,single_sentence_500,6,BUT PERHAPS THE POYSERS,audio__original,1.246263,1.206061,0.28957077860832214,4.270870208740234,-40.20199999999985
199,single_sentence_500,7,BUT PERHAPS THE POYSERS,audio__original,1.728687,1.808625,3.4743218421936035,0.06154472380876541,79.93799999999985
200,single_sentence_500,0,BY NO MEANS SAID SANCHO,audio__original,0.42315,0.403125,13.120383262634277,0.08197031915187836,-20.025000000000016
200,single_sentence_500,1,BY NO MEANS SAID SANCHO,audio__original,0.4836,0.50375,110.4301986694336,114.2282943725586,20.150000000000055
200,single_sentence_500,2,BY NO MEANS SAID SANCHO,audio__original,0.58435,0.54405,237.08583068847656,16.3720760345459,-40.300000000000004
200,single_sentence_500,3,BY NO MEANS SAID SANCHO,audio__original,0.6448,0.70525,157.86851501464844,34.131004333496094,60.45
200,single_sentence_500,4,BY NO MEANS SAID SANCHO,audio__original,0.78585,0.7657,57.429195404052734,52.84076690673828,-20.150000000000002
200,single_sentence_500,5,BY NO MEANS SAID SANCHO,audio__original,1.0881,1.1284,7.986295700073242,4.964998245239258,40.300000000000004
200,single_sentence_500,6,BY NO MEANS SAID SANCHO,audio__original,1.2493,1.209,12.463236808776855,5.735909461975098,-40.300000000000004
200,single_sentence_500,7,BY NO MEANS SAID SANCHO,audio__original,1.4105,1.4105,0.6514535546302795,0.6514535546302795,0.0
200,single_sentence_500,8,BY NO MEANS SAID SANCHO,audio__original,1.4911,1.47095,19.81566047668457,4.879715919494629,-20.150000000000112
200,single_sentence_500,9,BY NO MEANS SAID SANCHO,audio__original,1.8135,1.893438,31.68402862548828,0.0512520931661129,79.93800000000006
201,single_sentence_500,0,BY REASON AND AFFECTION,audio__original,0.542015,0.462,243.47909545898438,0.0003418290289118886,-80.015
201,single_sentence_500,1,BY REASON AND AFFECTION,audio__original,0.622313,0.682537,65.91398620605469,7.731901168823242,60.22399999999995
201,single_sentence_500,2,BY REASON AND AFFECTION,audio__original,0.78291,0.718625,156.8258514404297,1.9871503114700317,-64.28500000000004
201,single_sentence_500,3,BY REASON AND AFFECTION,audio__original,1.104104,1.204478,4.5897417068481445,1.6989001035690308,100.37399999999997
201,single_sentence_500,4,BY REASON AND AFFECTION,audio__original,1.60597,1.396875,67.86027526855469,4.041793363285251e-05,-209.0949999999998
201,single_sentence_500,5,BY REASON AND AFFECTION,audio__original,1.686269,1.696306,45.43236541748047,29.88035774230957,10.037000000000074
201,single_sentence_500,6,BY REASON AND AFFECTION,audio__original,1.746493,1.746493,55.51131820678711,55.51131820678711,0.0
201,single_sentence_500,7,BY REASON AND AFFECTION,audio__original,2.368806,2.44875,0.0025138885248452425,0.00010302438022335991,79.94399999999979
202,single_sentence_500,0,COSTUMIER THAN THE POET,audio__original,0.641905,0.581875,155.7318878173828,8.088741302490234,-60.029999999999916
202,single_sentence_500,1,COSTUMIER THAN THE POET,audio__original,1.343988,1.464345,90.9539794921875,7.7539825439453125,120.35700000000004
202,single_sentence_500,2,COSTUMIER THAN THE POET,audio__original,2.046071,1.815387,91.50996398925781,0.019391195848584175,-230.68399999999988
202,single_sentence_500,3,COSTUMIER THAN THE POET,audio__original,2.206548,2.226607,33.33436965942383,28.343978881835938,20.058999999999827
202,single_sentence_500,4,COSTUMIER THAN THE POET,audio__original,2.306845,2.306845,96.2723159790039,96.2723159790039,0.0
202,single_sentence_500,5,COSTUMIER THAN THE POET,audio__original,2.367024,2.377054,17.237852096557617,11.102460861206055,10.029999999999983
202,single_sentence_500,6,COSTUMIER THAN THE POET,audio__original,2.487381,2.457292,2.552762985229492,10.330671310424805,-30.089000000000254
202,single_sentence_500,7,COSTUMIER THAN THE POET,audio__original,2.728095,2.748063,32.30705642700195,22.468948364257812,19.967999999999986
203,single_sentence_500,0,DARK CLOUDS CAME NEARER,audio__original,0.602344,0.522312,65.1631851196289,0.017403308302164078,-80.032
203,single_sentence_500,1,DARK CLOUDS CAME NEARER,audio__original,0.823203,0.823203,0.21860367059707642,0.21860367059707642,0.0
203,single_sentence_500,2,DARK CLOUDS CAME NEARER,audio__original,0.943672,0.923594,3.0157527923583984,4.8026885986328125,-20.07799999999993
203,single_sentence_500,3,DARK CLOUDS CAME NEARER,audio__original,1.385391,1.405469,0.9894043207168579,4.0238776206970215,20.07800000000004
203,single_sentence_500,4,DARK CLOUDS CAME NEARER,audio__original,1.525937,1.465703,1.3656152486801147,4.533065319061279,-60.23400000000012
203,single_sentence_500,5,DARK CLOUDS CAME NEARER,audio__original,1.706641,1.706641,0.5581604838371277,0.5581604838371277,0.0
203,single_sentence_500,6,DARK CLOUDS CAME NEARER,audio__original,1.786953,1.776914,13.809809684753418,1.207335352897644,-10.038999999999909
203,single_sentence_500,7,DARK CLOUDS CAME NEARER,audio__original,2.308984,2.360937,0.4259899854660034,0.21342220902442932,51.95299999999969
204,single_sentence_500,0,EFFULGENCE OF MY GLORIE,audio__original,0.621084,0.541063,26.09227180480957,0.017003532499074936,-80.02100000000002
204,single_sentence_500,1,EFFULGENCE OF MY GLORIE,audio__original,1.502622,1.518625,39.749595642089844,1.4638099670410156,16.00299999999999
204,single_sentence_500,2,EFFULGENCE OF MY GLORIE,audio__original,1.622832,1.622832,80.1069564819336,80.1069564819336,0.0
204,single_sentence_500,3,EFFULGENCE OF MY GLORIE,audio__original,1.682937,1.694937,0.4777240753173828,0.19090017676353455,12.00000000000001
204,single_sentence_500,4,EFFULGENCE OF MY GLORIE,audio__original,1.843217,1.763077,132.1592559814453,9.827569961547852,-80.1400000000001
204,single_sentence_500,5,EFFULGENCE OF MY GLORIE,audio__original,1.923357,1.983462,46.22678756713867,12.004375457763672,60.105000000000075
204,single_sentence_500,6,EFFULGENCE OF MY GLORIE,audio__original,2.083636,2.023563,32.16971969604492,0.3176555037498474,-60.07300000000004
204,single_sentence_500,7,EFFULGENCE OF MY GLORIE,audio__original,2.70472,2.784687,0.00011315491428831592,2.539064098527888e-06,79.9669999999999
205,single_sentence_500,0,FOR IF WE DIED WITH HIM,audio__original,0.382969,0.302938,2.7331185340881348,0.1741115152835846,-80.03100000000002
205,single_sentence_500,1,FOR IF WE DIED WITH HIM,audio__original,0.503906,0.524062,20.894264221191406,17.45731544494629,20.156000000000063
205,single_sentence_500,2,FOR IF WE DIED WITH HIM,audio__original,0.604688,0.604688,32.20718002319336,32.20718002319336,0.0
205,single_sentence_500,3,FOR IF WE DIED WITH HIM,audio__original,0.705469,0.715547,0.47359174489974976,0.5208320617675781,10.078000000000031
205,single_sentence_500,4,FOR IF WE DIED WITH HIM,audio__original,0.786094,0.745781,1.3008191585540771,0.4054926037788391,-40.31299999999993
205,single_sentence_500,5,FOR IF WE DIED WITH HIM,audio__original,0.826406,0.927188,11.024972915649414,0.20657005906105042,100.78200000000004
205,single_sentence_500,6,FOR IF WE DIED WITH HIM,audio__original,1.068281,1.0035,27.081981658935547,0.1330539882183075,-64.78099999999998
205,single_sentence_500,7,FOR IF WE DIED WITH HIM,audio__original,1.370625,1.380703,2.30844783782959,0.540530264377594,10.078000000000031
205,single_sentence_500,8,FOR IF WE DIED WITH HIM,audio__original,1.431094,1.431094,1.232620358467102,1.232620358467102,0.0
205,single_sentence_500,9,FOR IF WE DIED WITH HIM,audio__original,1.572188,1.572188,3.517826795578003,3.517826795578003,0.0
205,single_sentence_500,10,FOR IF WE DIED WITH HIM,audio__original,1.652813,1.6125,7.812473297119141,8.832337379455566,-40.313000000000045
205,single_sentence_500,11,FOR IF WE DIED WITH HIM,audio__original,1.77375,1.85375,0.6850931644439697,0.0412016324698925,80.00000000000007
206,single_sentence_500,0,HE AWOKE AND WAS IN BED,audio__original,0.342519,0.2625,56.592288970947266,0.2990192174911499,-80.019
206,single_sentence_500,1,HE AWOKE AND WAS IN BED,audio__original,0.402963,0.453333,14.82142448425293,14.243206024169922,50.36999999999997
206,single_sentence_500,2,HE AWOKE AND WAS IN BED,audio__original,0.664889,0.634667,177.9077911376953,113.49552154541016,-30.221999999999973
206,single_sentence_500,3,HE AWOKE AND WAS IN BED,audio__original,1.128296,1.128296,0.4438316524028778,0.4438316524028778,0.0
206,single_sentence_500,4,HE AWOKE AND WAS IN BED,audio__original,1.269333,1.249185,19.437536239624023,35.863765716552734,-20.148000000000053
206,single_sentence_500,5,HE AWOKE AND WAS IN BED,audio__original,1.390222,1.390222,13.393683433532715,13.393683433532715,0.0
206,single_sentence_500,6,HE AWOKE AND WAS IN BED,audio__original,1.511111,1.490963,25.01984214782715,70.62867736816406,-20.148000000000053
206,single_sentence_500,7,HE AWOKE AND WAS IN BED,audio__original,1.813333,1.833481,4.7333245277404785,8.960521697998047,20.147999999999833
206,single_sentence_500,8,HE AWOKE AND WAS IN BED,audio__original,1.974519,1.944296,14.072063446044922,23.096370697021484,-30.22299999999989
206,single_sentence_500,9,HE AWOKE AND WAS IN BED,audio__original,2.075259,2.115556,20.671329498291016,16.113941192626953,40.29700000000025
206,single_sentence_500,10,HE AWOKE AND WAS IN BED,audio__original,2.256593,2.18,70.04359436035156,9.490674018859863,-76.5929999999999
206,single_sentence_500,11,HE AWOKE AND WAS IN BED,audio__original,2.599111,2.599111,0.007342869881540537,0.007342869881540537,0.0
207,single_sentence_500,0,HE COULD GET NO FURTHER,audio__original,0.565185,0.485125,2.7645013332366943,0.4369518756866455,-80.06000000000007
207,single_sentence_500,1,HE COULD GET NO FURTHER,audio__original,0.645926,0.666111,30.339027404785156,0.455521821975708,20.18500000000001
207,single_sentence_500,2,HE COULD GET NO FURTHER,audio__original,0.726667,0.7065,52.112918853759766,0.4057285487651825,-20.166999999999934
207,single_sentence_500,3,HE COULD GET NO FURTHER,audio__original,0.867963,0.867963,0.6070944666862488,0.6070944666862488,0.0
207,single_sentence_500,4,HE COULD GET NO FURTHER,audio__original,0.928519,0.908333,139.96922302246094,12.547098159790039,-20.186000000000035
207,single_sentence_500,5,HE COULD GET NO FURTHER,audio__original,1.04963,1.04963,0.3633839786052704,0.3633839786052704,0.0
207,single_sentence_500,6,HE COULD GET NO FURTHER,audio__original,1.110185,1.110185,18.61507225036621,18.61507225036621,0.0
207,single_sentence_500,7,HE COULD GET NO FURTHER,audio__original,1.170741,1.211111,8.132990837097168,1.2909115552902222,40.37000000000002
207,single_sentence_500,8,HE COULD GET NO FURTHER,audio__original,1.332222,1.307687,123.97528839111328,0.7223542928695679,-24.534999999999975
207,single_sentence_500,9,HE COULD GET NO FURTHER,audio__original,1.59463,1.674625,11.30410385131836,0.7175390720367432,79.99500000000003
208,single_sentence_500,0,HE COULD WAIT NO LONGER,audio__original,0.601442,0.521437,0.20874403417110443,0.008824720978736877,-80.005
208,single_sentence_500,1,HE COULD WAIT NO LONGER,audio__original,0.641538,0.661587,46.80417251586914,4.932180404663086,20.048999999999985
208,single_sentence_500,2,HE COULD WAIT NO LONGER,audio__original,0.701683,0.701683,0.1551966667175293,0.1551966667175293,0.0
208,single_sentence_500,3,HE COULD WAIT NO LONGER,audio__original,0.842019,0.842019,0.396377295255661,0.396377295255661,0.0
208,single_sentence_500,4,HE COULD WAIT NO LONGER,audio__original,0.882115,0.882115,26.977645874023438,26.977645874023438,0.0
208,single_sentence_500,5,HE COULD WAIT NO LONGER,audio__original,1.062548,1.070563,0.014010777696967125,0.008677561767399311,8.014999999999883
208,single_sentence_500,6,HE COULD WAIT NO LONGER,audio__original,1.14274,1.14274,4.1889142990112305,4.1889142990112305,0.0
208,single_sentence_500,7,HE COULD WAIT NO LONGER,audio__original,1.202885,1.232957,8.556236267089844,5.127185344696045,30.0720000000001
208,single_sentence_500,8,HE COULD WAIT NO LONGER,audio__original,1.343221,1.303125,31.21013069152832,6.976304531097412,-40.09599999999991
208,single_sentence_500,9,HE COULD WAIT NO LONGER,audio__original,1.66399,1.743937,3.9686434268951416,0.09018930047750473,79.94699999999999
209,single_sentence_500,0,HE ENTERED THE TAP ROOM,audio__original,0.463224,0.383188,0.13082660734653473,0.022617118433117867,-80.03600000000006
209,single_sentence_500,1,HE ENTERED THE TAP ROOM,audio__original,0.543785,0.60375,1.7140611410140991,4.689602375030518,59.965000000000046
209,single_sentence_500,2,HE ENTERED THE TAP ROOM,audio__original,0.725047,0.644486,37.33903884887695,5.671901226043701,-80.56099999999999
209,single_sentence_500,3,HE ENTERED THE TAP ROOM,audio__original,1.007009,1.007009,0.3035876750946045,0.3035876750946045,0.0
209,single_sentence_500,4,HE ENTERED THE TAP ROOM,audio__original,1.06743,1.04729,61.08061599731445,86.46315002441406,-20.140000000000047
209,single_sentence_500,5,HE ENTERED THE TAP ROOM,audio__original,1.12785,1.12785,0.6162286400794983,0.6162286400794983,0.0
209,single_sentence_500,6,HE ENTERED THE TAP ROOM,audio__original,1.268832,1.188271,35.89748764038086,6.450778007507324,-80.56099999999988
209,single_sentence_500,7,HE ENTERED THE TAP ROOM,audio__original,1.450093,1.458063,0.06558388471603394,0.03692977502942085,7.970000000000033
209,single_sentence_500,8,HE ENTERED THE TAP ROOM,audio__original,1.570935,1.530654,0.8545666337013245,0.9975864291191101,-40.28100000000001
209,single_sentence_500,9,HE ENTERED THE TAP ROOM,audio__original,1.792477,1.872437,1.1450889110565186,0.09928803890943527,79.95999999999981
210,single_sentence_500,0,HENS AT A DOLLAR APIECE,audio__original,0.621115,0.541063,2.107070207595825,0.04031834378838539,-80.052
210,single_sentence_500,1,HENS AT A DOLLAR APIECE,audio__original,1.041871,1.122014,0.6057469844818115,0.46480199694633484,80.14300000000007
210,single_sentence_500,2,HENS AT A DOLLAR APIECE,audio__original,1.322374,1.222194,8.974863052368164,0.005106267519295216,-100.17999999999994
210,single_sentence_500,3,HENS AT A DOLLAR APIECE,audio__original,1.382482,1.422554,20.89792251586914,32.406349182128906,40.07200000000011
210,single_sentence_500,4,HENS AT A DOLLAR APIECE,audio__original,1.462626,1.462626,1.7455769777297974,1.7455769777297974,0.0
210,single_sentence_500,5,HENS AT A DOLLAR APIECE,audio__original,1.482662,1.482662,1.714320421218872,1.714320421218872,0.0
210,single_sentence_500,6,HENS AT A DOLLAR APIECE,audio__original,1.582842,1.53875,59.484153747558594,0.06941825896501541,-44.09200000000002
210,single_sentence_500,7,HENS AT A DOLLAR APIECE,audio__original,1.843309,1.863345,13.659553527832031,14.235712051391602,20.035999999999945
210,single_sentence_500,8,HENS AT A DOLLAR APIECE,audio__original,1.943489,1.943489,0.30599066615104675,0.30599066615104675,0.0
210,single_sentence_500,9,HENS AT A DOLLAR APIECE,audio__original,2.524532,2.5845,0.028624165803194046,0.0072525544092059135,59.96799999999958
211,single_sentence_500,0,HER FATHER ONLY LAUGHED,audio__original,0.503538,0.4235,51.26364517211914,0.002205898053944111,-80.03800000000005
211,single_sentence_500,1,HER FATHER ONLY LAUGHED,audio__original,0.584104,0.594175,0.9378982782363892,2.3197224140167236,10.071000000000051
211,single_sentence_500,2,HER FATHER ONLY LAUGHED,audio__original,0.684811,0.664375,161.009033203125,1.373769760131836,-20.4359999999999
211,single_sentence_500,3,HER FATHER ONLY LAUGHED,audio__original,0.906368,0.906368,44.57096481323242,44.57096481323242,0.0
211,single_sentence_500,4,HER FATHER ONLY LAUGHED,audio__original,0.986934,0.986934,81.7990951538086,81.7990951538086,0.0
211,single_sentence_500,5,HER FATHER ONLY LAUGHED,audio__original,1.148066,1.148066,45.586151123046875,45.586151123046875,0.0
211,single_sentence_500,6,HER FATHER ONLY LAUGHED,audio__original,1.208491,1.208491,272.4105529785156,272.4105529785156,0.0
211,single_sentence_500,7,HER FATHER ONLY LAUGHED,audio__original,1.691887,1.771875,0.013946264050900936,0.006528480909764767,79.98800000000017
212,single_sentence_500,0,HIS HOME WAS DISMANTLED,audio__original,0.423818,0.343813,27.750085830688477,0.018902385607361794,-80.005
212,single_sentence_500,1,HIS HOME WAS DISMANTLED,audio__original,0.544909,0.544909,15.923358917236328,15.923358917236328,0.0
212,single_sentence_500,2,HIS HOME WAS DISMANTLED,audio__original,0.625636,0.621313,0.7445797920227051,0.8372278809547424,-4.322999999999966
212,single_sentence_500,3,HIS HOME WAS DISMANTLED,audio__original,0.847636,0.867818,8.74874210357666,4.373231410980225,20.182000000000034
212,single_sentence_500,4,HIS HOME WAS DISMANTLED,audio__original,0.928364,0.928364,4.661564826965332,4.661564826965332,0.0
212,single_sentence_500,5,HIS HOME WAS DISMANTLED,audio__original,1.049455,1.049455,6.806641101837158,6.806641101837158,0.0
212,single_sentence_500,6,HIS HOME WAS DISMANTLED,audio__original,1.130182,1.11,6.019724369049072,0.052197158336639404,-20.181999999999924
212,single_sentence_500,7,HIS HOME WAS DISMANTLED,audio__original,1.937455,2.017438,0.0034266917500644922,0.001451951335184276,79.98299999999992
213,single_sentence_500,0,I ALLUDE TO THE GODDESS,audio__original,0.561308,0.48125,83.71945190429688,0.0025309226475656033,-80.05800000000002
213,single_sentence_500,1,I ALLUDE TO THE GODDESS,audio__original,0.601402,0.641495,249.97605895996094,65.13116455078125,40.093000000000046
213,single_sentence_500,2,I ALLUDE TO THE GODDESS,audio__original,0.701636,0.701636,16.458860397338867,16.458860397338867,0.0
213,single_sentence_500,3,I ALLUDE TO THE GODDESS,audio__original,1.04243,1.04243,1.185334324836731,1.185334324836731,0.0
213,single_sentence_500,4,I ALLUDE TO THE GODDESS,audio__original,1.10257,1.082523,14.79168701171875,0.7707277536392212,-20.047000000000146
213,single_sentence_500,5,I ALLUDE TO THE GODDESS,audio__original,1.142664,1.16271,15.012330055236816,0.9532591104507446,20.046000000000006
213,single_sentence_500,6,I ALLUDE TO THE GODDESS,audio__original,1.22285,1.202804,3.6459810733795166,0.5054158568382263,-20.046000000000006
213,single_sentence_500,7,I ALLUDE TO THE GODDESS,audio__original,1.282991,1.303037,0.5941758155822754,0.11126035451889038,20.046000000000006
213,single_sentence_500,8,I ALLUDE TO THE GODDESS,audio__original,1.383224,1.343131,41.19723892211914,0.006622995715588331,-40.09299999999993
213,single_sentence_500,9,I ALLUDE TO THE GODDESS,audio__original,1.744065,1.824062,2.508570432662964,0.7932403683662415,79.9970000000001
214,single_sentence_500,0,I KNOW WE WILL AN KEITH,audio__original,0.281333,0.201313,106.19062042236328,3.5530169010162354,-80.02000000000001
214,single_sentence_500,1,I KNOW WE WILL AN KEITH,audio__original,0.301429,0.301429,79.79185485839844,79.79185485839844,0.0
214,single_sentence_500,2,I KNOW WE WILL AN KEITH,audio__original,0.46219,0.442095,3.1525065898895264,2.729724884033203,-20.094999999999974
214,single_sentence_500,3,I KNOW WE WILL AN KEITH,audio__original,0.622952,0.643048,12.077301025390625,8.969346046447754,20.096000000000004
214,single_sentence_500,4,I KNOW WE WILL AN KEITH,audio__original,0.723429,0.713381,9.598730087280273,20.801530838012695,-10.047999999999945
214,single_sentence_500,5,I KNOW WE WILL AN KEITH,audio__original,0.763619,0.823625,5.539943695068359,2.1716272830963135,60.006
214,single_sentence_500,6,I KNOW WE WILL AN KEITH,audio__original,0.904286,0.88419,29.504711151123047,14.48812484741211,-20.096000000000004
214,single_sentence_500,7,I KNOW WE WILL AN KEITH,audio__original,1.105238,1.125333,15.703056335449219,9.43035888671875,20.094999999999974
214,single_sentence_500,8,I KNOW WE WILL AN KEITH,audio__original,1.487048,1.40175,182.0995635986328,0.3883509933948517,-85.29799999999987
214,single_sentence_500,9,I KNOW WE WILL AN KEITH,audio__original,1.547333,1.587524,33.87432098388672,10.074417114257812,40.19099999999987
214,single_sentence_500,10,I KNOW WE WILL AN KEITH,audio__original,1.748286,1.655812,356.00048828125,0.010053291916847229,-92.47399999999995
214,single_sentence_500,11,I KNOW WE WILL AN KEITH,audio__original,1.969333,2.049313,1.6686594486236572,0.3756794333457947,79.98000000000016
215,single_sentence_500,0,I SHALL CALL YOU ESPRIT,audio__original,0.624366,0.544312,85.78515625,5.023573398590088,-80.05399999999996
215,single_sentence_500,1,I SHALL CALL YOU ESPRIT,audio__original,0.644507,0.70493,42.86812210083008,5.738291263580322,60.422999999999895
215,single_sentence_500,2,I SHALL CALL YOU ESPRIT,audio__original,0.785493,0.745211,14.910758972167969,20.440584182739258,-40.28200000000004
215,single_sentence_500,3,I SHALL CALL YOU ESPRIT,audio__original,1.007042,1.027183,0.5327907204627991,0.3029586970806122,20.140999999999963
215,single_sentence_500,4,I SHALL CALL YOU ESPRIT,audio__original,1.107746,1.067465,16.949155807495117,20.881813049316406,-40.28099999999979
215,single_sentence_500,5,I SHALL CALL YOU ESPRIT,audio__original,1.289014,1.309155,14.777287483215332,8.402300834655762,20.140999999999963
215,single_sentence_500,6,I SHALL CALL YOU ESPRIT,audio__original,1.389718,1.379648,5.023844242095947,2.0595288276672363,-10.070000000000023
215,single_sentence_500,7,I SHALL CALL YOU ESPRIT,audio__original,1.490423,1.510563,1.0008466243743896,4.801640510559082,20.140000000000047
215,single_sentence_500,8,I SHALL CALL YOU ESPRIT,audio__original,1.631408,1.631408,19.534372329711914,19.534372329711914,0.0
215,single_sentence_500,9,I SHALL CALL YOU ESPRIT,audio__original,2.396761,2.396761,0.003801401937380433,0.003801401937380433,0.0
216,single_sentence_500,0,I SPEAK OF THIS TO SHOW,audio__original,0.564786,0.50475,5.126336097717285,1.8765599727630615,-60.03599999999998
216,single_sentence_500,1,I SPEAK OF THIS TO SHOW,audio__original,0.584957,0.584957,22.436491012573242,22.436491012573242,0.0
216,single_sentence_500,2,I SPEAK OF THIS TO SHOW,audio__original,0.685812,0.685812,9.491829872131348,9.491829872131348,0.0
216,single_sentence_500,3,I SPEAK OF THIS TO SHOW,audio__original,0.887521,0.887521,1.8815882205963135,1.8815882205963135,0.0
216,single_sentence_500,4,I SPEAK OF THIS TO SHOW,audio__original,0.948034,0.948034,81.82096862792969,81.82096862792969,0.0
216,single_sentence_500,5,I SPEAK OF THIS TO SHOW,audio__original,0.988376,1.008547,1.3665815591812134,12.830838203430176,20.17100000000005
216,single_sentence_500,6,I SPEAK OF THIS TO SHOW,audio__original,1.06906,1.048889,69.0621109008789,74.68252563476562,-20.17099999999994
216,single_sentence_500,7,I SPEAK OF THIS TO SHOW,audio__original,1.230427,1.250598,211.40158081054688,4.077141761779785,20.171000000000163
216,single_sentence_500,8,I SPEAK OF THIS TO SHOW,audio__original,1.331282,1.311111,37.04148864746094,25.394062042236328,-20.171000000000163
216,single_sentence_500,9,I SPEAK OF THIS TO SHOW,audio__original,1.391795,1.391795,60.087188720703125,60.087188720703125,0.0
216,single_sentence_500,10,I SPEAK OF THIS TO SHOW,audio__original,1.512821,1.452308,62.90623092651367,28.410011291503906,-60.51300000000004
216,single_sentence_500,11,I SPEAK OF THIS TO SHOW,audio__original,1.694359,1.758312,27.728618621826172,5.304265022277832,63.953000000000145
217,single_sentence_500,0,I SUPPOSE HE CAN'T HEAR,audio__original,0.46243,0.382375,10.484404563903809,0.02038617618381977,-80.05499999999999
217,single_sentence_500,1,I SUPPOSE HE CAN'T HEAR,audio__original,0.482535,0.542852,30.74203109741211,5.114467620849609,60.31700000000001
217,single_sentence_500,2,I SUPPOSE HE CAN'T HEAR,audio__original,0.603169,0.583063,1.991288423538208,0.6128792762756348,-20.10599999999996
217,single_sentence_500,3,I SUPPOSE HE CAN'T HEAR,audio__original,1.005282,1.045493,2.297362804412842,2.330575942993164,40.211
217,single_sentence_500,4,I SUPPOSE HE CAN'T HEAR,audio__original,1.10581,1.085704,0.7427345514297485,2.3101298809051514,-20.10599999999996
217,single_sentence_500,5,I SUPPOSE HE CAN'T HEAR,audio__original,1.186232,1.306866,4.230022430419922,3.1852986812591553,120.63400000000013
217,single_sentence_500,6,I SUPPOSE HE CAN'T HEAR,audio__original,1.507923,1.399125,11.973803520202637,1.9698740288731642e-05,-108.79799999999994
217,single_sentence_500,7,I SUPPOSE HE CAN'T HEAR,audio__original,1.729085,1.74919,0.00032420779461972415,0.0004625669971574098,20.10500000000004
217,single_sentence_500,8,I SUPPOSE HE CAN'T HEAR,audio__original,1.970352,1.813438,1.8572287559509277,1.672205326030962e-05,-156.914
217,single_sentence_500,9,I SUPPOSE HE CAN'T HEAR,audio__original,2.412676,2.492625,0.01613118313252926,1.20777497158997e-06,79.94900000000004
218,single_sentence_500,0,I WILL RETURN TO MORROW,audio__original,0.681635,0.681635,8.484803199768066,8.484803199768066,0.0
218,single_sentence_500,1,I WILL RETURN TO MORROW,audio__original,0.701683,0.711707,10.075166702270508,12.324501037597656,10.024000000000033
218,single_sentence_500,2,I WILL RETURN TO MORROW,audio__original,0.781875,0.771851,1.8670878410339355,18.099300384521484,-10.024000000000033
218,single_sentence_500,3,I WILL RETURN TO MORROW,audio__original,0.902163,0.902163,2.6178035736083984,2.6178035736083984,0.0
218,single_sentence_500,4,I WILL RETURN TO MORROW,audio__original,0.962308,0.94226,10.559797286987305,50.86244201660156,-20.048000000000066
218,single_sentence_500,5,I WILL RETURN TO MORROW,audio__original,1.263029,1.303125,13.258682250976562,34.371822357177734,40.09600000000013
218,single_sentence_500,6,I WILL RETURN TO MORROW,audio__original,1.343221,1.323173,155.3981170654297,65.67845153808594,-20.048000000000066
218,single_sentence_500,7,I WILL RETURN TO MORROW,audio__original,1.403365,1.403365,28.452625274658203,28.452625274658203,0.0
218,single_sentence_500,8,I WILL RETURN TO MORROW,audio__original,1.523654,1.493582,7.828927040100098,1.2726079225540161,-30.0720000000001
218,single_sentence_500,9,I WILL RETURN TO MORROW,audio__original,1.844423,1.924375,32.10034942626953,2.7413487434387207,79.95200000000003
219,single_sentence_500,0,IT HAS JUST BEEN STATED,audio__original,0.585058,0.529,88.04652404785156,0.0006591099081560969,-56.05799999999994
219,single_sentence_500,1,IT HAS JUST BEEN STATED,audio__original,0.645581,0.645581,2.3043243885040283,2.3043243885040283,0.0
219,single_sentence_500,2,IT HAS JUST BEEN STATED,audio__original,0.706105,0.68593,4.244812965393066,33.38695526123047,-20.174999999999944
219,single_sentence_500,3,IT HAS JUST BEEN STATED,audio__original,0.806977,0.827151,9.125946044921875,0.2880389094352722,20.173999999999914
219,single_sentence_500,4,IT HAS JUST BEEN STATED,audio__original,0.8675,0.847326,11.732741355895996,0.4527932405471802,-20.174000000000024
219,single_sentence_500,5,IT HAS JUST BEEN STATED,audio__original,1.028895,1.028895,0.04103626683354378,0.04103626683354378,0.0
219,single_sentence_500,6,IT HAS JUST BEEN STATED,audio__original,1.089419,1.069244,53.48613357543945,0.02659299410879612,-20.174999999999834
219,single_sentence_500,7,IT HAS JUST BEEN STATED,audio__original,1.210465,1.23064,13.062925338745117,3.4259121417999268,20.175000000000054
219,single_sentence_500,8,IT HAS JUST BEEN STATED,audio__original,1.291163,1.291163,72.50758361816406,72.50758361816406,0.0
219,single_sentence_500,9,IT HAS JUST BEEN STATED,audio__original,1.694651,1.734625,0.032653287053108215,0.040471579879522324,39.974000000000174
220,single_sentence_500,0,IT WAS A GLAD DAY TO ME,audio__original,0.48466,0.452625,11.946979522705078,0.0036088405176997185,-32.03499999999998
220,single_sentence_500,1,IT WAS A GLAD DAY TO ME,audio__original,0.545243,0.55534,4.386416912078857,0.23605261743068695,10.096999999999912
220,single_sentence_500,2,IT WAS A GLAD DAY TO ME,audio__original,0.605825,0.585631,6.546988487243652,2.6323068141937256,-20.193999999999935
220,single_sentence_500,3,IT WAS A GLAD DAY TO ME,audio__original,0.706796,0.706796,14.791054725646973,14.791054725646973,0.0
220,single_sentence_500,4,IT WAS A GLAD DAY TO ME,audio__original,0.787573,0.787573,6.10684061050415,6.10684061050415,0.0
220,single_sentence_500,5,IT WAS A GLAD DAY TO ME,audio__original,0.807767,0.807767,0.49019914865493774,0.49019914865493774,0.0
220,single_sentence_500,6,IT WAS A GLAD DAY TO ME,audio__original,0.888544,0.848155,0.36210325360298157,0.21557682752609253,-40.38900000000001
220,single_sentence_500,7,IT WAS A GLAD DAY TO ME,audio__original,1.130874,1.151068,0.6489903330802917,1.0340672731399536,20.194000000000045
220,single_sentence_500,8,IT WAS A GLAD DAY TO ME,audio__original,1.21165,1.191456,126.41790008544922,6.722391128540039,-20.193999999999825
220,single_sentence_500,9,IT WAS A GLAD DAY TO ME,audio__original,1.35301,1.413592,5.0100226402282715,4.956353664398193,60.581999999999915
220,single_sentence_500,10,IT WAS A GLAD DAY TO ME,audio__original,1.514563,1.466,3.422271728515625,0.007845206186175346,-48.56300000000013
220,single_sentence_500,11,IT WAS A GLAD DAY TO ME,audio__original,1.554951,1.817476,16.403310775756836,0.3242685794830322,262.5250000000001
220,single_sentence_500,12,IT WAS A GLAD DAY TO ME,audio__original,1.898252,1.898252,0.08795951306819916,0.08795951306819916,0.0
220,single_sentence_500,13,IT WAS A GLAD DAY TO ME,audio__original,1.938641,1.958625,0.1245361715555191,0.0033693513832986355,19.984
221,single_sentence_500,0,IT WAS THE BEAUTY OF IT,audio__original,0.523333,0.443312,4.934990882873535,0.020887907594442368,-80.02100000000006
221,single_sentence_500,1,IT WAS THE BEAUTY OF IT,audio__original,0.603846,0.61391,10.698391914367676,9.031720161437988,10.063999999999961
221,single_sentence_500,2,IT WAS THE BEAUTY OF IT,audio__original,0.805128,0.692312,14.108355522155762,0.6372104287147522,-112.81599999999992
221,single_sentence_500,3,IT WAS THE BEAUTY OF IT,audio__original,1.147308,1.187564,44.71913528442383,5.386913299560547,40.25600000000007
221,single_sentence_500,4,IT WAS THE BEAUTY OF IT,audio__original,1.268077,1.247949,44.25624084472656,1.9505205154418945,-20.127999999999922
221,single_sentence_500,5,IT WAS THE BEAUTY OF IT,audio__original,1.328462,1.328462,1.625317931175232,1.625317931175232,0.0
221,single_sentence_500,6,IT WAS THE BEAUTY OF IT,audio__original,1.408974,1.368718,19.4774112701416,0.044260915368795395,-40.255999999999844
221,single_sentence_500,7,IT WAS THE BEAUTY OF IT,audio__original,1.710897,1.710897,2.554781913757324,2.554781913757324,0.0
221,single_sentence_500,8,IT WAS THE BEAUTY OF IT,audio__original,1.811538,1.811538,33.481937408447266,33.481937408447266,0.0
221,single_sentence_500,9,IT WAS THE BEAUTY OF IT,audio__original,1.851795,2.012821,1.9784510135650635,2.764965534210205,161.02600000000012
221,single_sentence_500,10,IT WAS THE BEAUTY OF IT,audio__original,2.073205,2.073205,0.0031727079767733812,0.0031727079767733812,0.0
221,single_sentence_500,11,IT WAS THE BEAUTY OF IT,audio__original,2.113462,2.193437,0.006271122023463249,0.00034727982711046934,79.97499999999968
222,single_sentence_500,0,LIKE A BEAUTIFUL FLOWER,audio__original,0.465111,0.385062,70.4881820678711,24.202991485595703,-80.04899999999998
222,single_sentence_500,1,LIKE A BEAUTIFUL FLOWER,audio__original,0.626889,0.626889,3.5049593448638916,3.5049593448638916,0.0
222,single_sentence_500,2,LIKE A BEAUTIFUL FLOWER,audio__original,0.687556,0.687556,0.9240378141403198,0.9240378141403198,0.0
222,single_sentence_500,3,LIKE A BEAUTIFUL FLOWER,audio__original,0.707778,0.707778,4.894594192504883,4.894594192504883,0.0
222,single_sentence_500,4,LIKE A BEAUTIFUL FLOWER,audio__original,0.768444,0.74825,1.7478102445602417,0.7762879729270935,-20.194000000000045
222,single_sentence_500,5,LIKE A BEAUTIFUL FLOWER,audio__original,1.132444,1.172889,9.345144271850586,0.45130592584609985,40.445000000000064
222,single_sentence_500,6,LIKE A BEAUTIFUL FLOWER,audio__original,1.274,1.213333,1.0984182357788086,0.3673762083053589,-60.66700000000003
222,single_sentence_500,7,LIKE A BEAUTIFUL FLOWER,audio__original,1.759333,1.739313,0.09862075746059418,0.012695783749222755,-20.019999999999925
223,single_sentence_500,0,LITER ROUGHLY ONE QUART,audio__original,0.341453,0.261437,2.8396973609924316,0.011003506369888783,-80.01600000000003
223,single_sentence_500,1,LITER ROUGHLY ONE QUART,audio__original,0.642735,0.723077,107.54633331298828,50.81564712524414,80.34200000000003
223,single_sentence_500,2,LITER ROUGHLY ONE QUART,audio__original,1.004274,0.923687,20.016860961914062,0.006956147495657206,-80.58699999999985
223,single_sentence_500,3,LITER ROUGHLY ONE QUART,audio__original,1.28547,1.305556,6.058572769165039,2.804091215133667,20.08600000000005
223,single_sentence_500,4,LITER ROUGHLY ONE QUART,audio__original,1.446154,1.385897,36.0938720703125,2.0526275634765625,-60.257000000000005
223,single_sentence_500,5,LITER ROUGHLY ONE QUART,audio__original,1.566667,1.586752,0.950765073299408,0.7491491436958313,20.08499999999991
223,single_sentence_500,6,LITER ROUGHLY ONE QUART,audio__original,1.707265,1.630937,0.4581040143966675,0.007348217070102692,-76.32799999999995
223,single_sentence_500,7,LITER ROUGHLY ONE QUART,audio__original,2.249573,2.265563,0.013763723894953728,0.006376339588314295,15.990000000000393
224,single_sentence_500,0,MISTER BELL GROWLED OUT,audio__original,0.362812,0.282813,7.153604984283447,0.04001142829656601,-79.99900000000004
224,single_sentence_500,1,MISTER BELL GROWLED OUT,audio__original,0.604688,0.604688,10.314669609069824,10.314669609069824,0.0
224,single_sentence_500,2,MISTER BELL GROWLED OUT,audio__original,0.705469,0.657,39.04045104980469,0.6036309599876404,-48.46899999999999
224,single_sentence_500,3,MISTER BELL GROWLED OUT,audio__original,0.907031,0.9675,7.038954257965088,0.3489873707294464,60.468999999999994
224,single_sentence_500,4,MISTER BELL GROWLED OUT,audio__original,1.027969,1.007812,17.476306915283203,10.565445899963379,-20.156999999999982
224,single_sentence_500,5,MISTER BELL GROWLED OUT,audio__original,1.370625,1.370625,11.290244102478027,11.290244102478027,0.0
224,single_sentence_500,6,MISTER BELL GROWLED OUT,audio__original,1.511719,1.410937,30.197589874267578,23.578041076660156,-100.78199999999993
224,single_sentence_500,7,MISTER BELL GROWLED OUT,audio__original,1.693125,1.773125,0.24767500162124634,0.13411536812782288,80.00000000000007
225,single_sentence_500,0,NAME'S JENNIE STONE AND,audio__original,0.140307,0.06025,42.76542663574219,5.188397407531738,-80.05699999999999
225,single_sentence_500,1,NAME'S JENNIE STONE AND,audio__original,0.420921,0.440965,15.63321304321289,7.158039093017578,20.044000000000008
225,single_sentence_500,2,NAME'S JENNIE STONE AND,audio__original,0.541184,0.473,178.29330444335938,0.26401495933532715,-68.18400000000003
225,single_sentence_500,3,NAME'S JENNIE STONE AND,audio__original,0.801754,0.81775,2.3608739376068115,2.559692621231079,15.99600000000001
225,single_sentence_500,4,NAME'S JENNIE STONE AND,audio__original,0.942061,0.942061,23.70663833618164,23.70663833618164,0.0
225,single_sentence_500,5,NAME'S JENNIE STONE AND,audio__original,1.383026,1.443158,0.894929826259613,0.36437487602233887,60.13199999999985
225,single_sentence_500,6,NAME'S JENNIE STONE AND,audio__original,1.984342,1.543377,37.2728271484375,0.24343256652355194,-440.96500000000003
225,single_sentence_500,7,NAME'S JENNIE STONE AND,audio__original,2.124649,2.204625,0.21385754644870758,0.27084022760391235,79.97600000000027
226,single_sentence_500,0,OF MODES AND SUBSTANCES,audio__original,0.500839,0.420812,30.433847427368164,0.02596847526729107,-80.02700000000002
226,single_sentence_500,1,OF MODES AND SUBSTANCES,audio__original,0.580973,0.601007,1.6708629131317139,0.5346924066543579,20.033999999999995
226,single_sentence_500,2,OF MODES AND SUBSTANCES,audio__original,0.741242,0.661107,52.785369873046875,53.39219284057617,-80.13499999999996
226,single_sentence_500,3,OF MODES AND SUBSTANCES,audio__original,1.101846,1.161946,4.014425754547119,9.877054214477539,60.099999999999824
226,single_sentence_500,4,OF MODES AND SUBSTANCES,audio__original,1.322215,1.254063,15.553047180175781,0.016097309067845345,-68.15199999999999
226,single_sentence_500,5,OF MODES AND SUBSTANCES,audio__original,1.442416,1.46245,13.230679512023926,8.715740203857422,20.034000000000106
226,single_sentence_500,6,OF MODES AND SUBSTANCES,audio__original,1.582651,1.582651,11.754110336303711,11.754110336303711,0.0
226,single_sentence_500,7,OF MODES AND SUBSTANCES,audio__original,2.303859,2.223813,9.084367752075195,0.6572595238685608,-80.04600000000028
227,single_sentence_500,0,OF RESPECT AND CONTEMPT,audio__original,0.542914,0.462875,59.50901794433594,0.3540023863315582,-80.03900000000003
227,single_sentence_500,1,OF RESPECT AND CONTEMPT,audio__original,0.603237,0.613291,2.1446683406829834,1.2846026420593262,10.054000000000007
227,single_sentence_500,2,OF RESPECT AND CONTEMPT,audio__original,0.683669,0.663561,41.06777572631836,7.986699104309082,-20.108000000000015
227,single_sentence_500,3,OF RESPECT AND CONTEMPT,audio__original,1.166259,1.166259,0.0828305259346962,0.0828305259346962,0.0
227,single_sentence_500,4,OF RESPECT AND CONTEMPT,audio__original,1.467878,1.338937,6.481630802154541,0.04363606497645378,-128.94099999999997
227,single_sentence_500,5,OF RESPECT AND CONTEMPT,audio__original,1.588525,1.608633,3.070878744125366,35.7867317199707,20.108000000000015
227,single_sentence_500,6,OF RESPECT AND CONTEMPT,audio__original,1.729281,1.672937,4.294331073760986,0.10096269100904465,-56.34400000000017
227,single_sentence_500,7,OF RESPECT AND CONTEMPT,audio__original,2.211871,2.179813,0.020718280225992203,0.02704915590584278,-32.05800000000014
228,single_sentence_500,0,OH IT WILL BE ALL RIGHT,audio__original,0.621703,0.541687,3.107365846633911,0.009683051146566868,-80.01599999999998
228,single_sentence_500,1,OH IT WILL BE ALL RIGHT,audio__original,0.721978,0.732005,3.5527548789978027,21.78687286376953,10.027000000000008
228,single_sentence_500,2,OH IT WILL BE ALL RIGHT,audio__original,0.782143,0.782143,36.414764404296875,36.414764404296875,0.0
228,single_sentence_500,3,OH IT WILL BE ALL RIGHT,audio__original,0.842308,0.842308,2.27162766456604,2.27162766456604,0.0
228,single_sentence_500,4,OH IT WILL BE ALL RIGHT,audio__original,0.882418,0.862363,3.0419299602508545,2.5251946449279785,-20.055000000000046
228,single_sentence_500,5,OH IT WILL BE ALL RIGHT,audio__original,1.022802,1.022802,9.04211139678955,9.04211139678955,0.0
228,single_sentence_500,6,OH IT WILL BE ALL RIGHT,audio__original,1.062912,1.062912,2.1810410022735596,2.1810410022735596,0.0
228,single_sentence_500,7,OH IT WILL BE ALL RIGHT,audio__original,1.123077,1.123077,2.347198247909546,2.347198247909546,0.0
228,single_sentence_500,8,OH IT WILL BE ALL RIGHT,audio__original,1.203297,1.193269,1.473801851272583,2.262521743774414,-10.028000000000148
228,single_sentence_500,9,OH IT WILL BE ALL RIGHT,audio__original,1.343681,1.343681,0.41824987530708313,0.41824987530708313,0.0
228,single_sentence_500,10,OH IT WILL BE ALL RIGHT,audio__original,1.403846,1.383791,23.98843002319336,46.25757598876953,-20.054999999999936
228,single_sentence_500,11,OH IT WILL BE ALL RIGHT,audio__original,1.724725,1.748687,0.005117963533848524,0.0016658364329487085,23.96200000000004
229,single_sentence_500,0,ONLY FOR A MINUTE OR SO,audio__original,0.363673,0.363673,20.35577964782715,20.35577964782715,0.0
229,single_sentence_500,1,ONLY FOR A MINUTE OR SO,audio__original,0.606122,0.646531,71.30831909179688,26.58102798461914,40.40899999999992
229,single_sentence_500,2,ONLY FOR A MINUTE OR SO,audio__original,0.727347,0.707143,9.323390007019043,7.169578552246094,-20.204
229,single_sentence_500,3,ONLY FOR A MINUTE OR SO,audio__original,0.828367,0.838469,33.515594482421875,67.43787384033203,10.102000000000055
229,single_sentence_500,4,ONLY FOR A MINUTE OR SO,audio__original,0.909184,0.909184,18.982738494873047,18.982738494873047,0.0
229,single_sentence_500,5,ONLY FOR A MINUTE OR SO,audio__original,0.929388,0.929388,1.2928664684295654,1.2928664684295654,0.0
229,single_sentence_500,6,ONLY FOR A MINUTE OR SO,audio__original,1.010204,0.99,36.192527770996094,53.267826080322266,-20.20400000000011
229,single_sentence_500,7,ONLY FOR A MINUTE OR SO,audio__original,1.212245,1.212245,49.500038146972656,49.500038146972656,0.0
229,single_sentence_500,8,ONLY FOR A MINUTE OR SO,audio__original,1.293061,1.293061,15.084601402282715,15.084601402282715,0.0
229,single_sentence_500,9,ONLY FOR A MINUTE OR SO,audio__original,1.353673,1.697143,132.25314331054688,2.296743631362915,343.47000000000014
229,single_sentence_500,10,ONLY FOR A MINUTE OR SO,audio__original,1.777959,1.777959,0.22718888521194458,0.22718888521194458,0.0
229,single_sentence_500,11,ONLY FOR A MINUTE OR SO,audio__original,1.818367,1.818367,0.20663781464099884,0.20663781464099884,0.0
230,single_sentence_500,0,PUSHED IT ASIDE ENTERED,audio__original,0.320661,0.268625,45.347599029541016,0.006160967517644167,-52.03599999999997
230,single_sentence_500,1,PUSHED IT ASIDE ENTERED,audio__original,0.581198,0.581198,20.08100128173828,20.08100128173828,0.0
230,single_sentence_500,2,PUSHED IT ASIDE ENTERED,audio__original,0.621281,0.621281,1.5588957071304321,1.5588957071304321,0.0
230,single_sentence_500,3,PUSHED IT ASIDE ENTERED,audio__original,0.681405,0.681405,10.965251922607422,10.965251922607422,0.0
230,single_sentence_500,4,PUSHED IT ASIDE ENTERED,audio__original,0.76157,0.76157,57.64572525024414,57.64572525024414,0.0
230,single_sentence_500,5,PUSHED IT ASIDE ENTERED,audio__original,1.242562,1.254563,1.114013433456421,0.035947285592556,12.00100000000015
230,single_sentence_500,6,PUSHED IT ASIDE ENTERED,audio__original,1.803719,1.36281,17.541305541992188,0.018900951370596886,-440.909
230,single_sentence_500,7,PUSHED IT ASIDE ENTERED,audio__original,2.304752,2.304752,0.02095603197813034,0.02095603197813034,0.0
231,single_sentence_500,0,REALLY FRANKLY HE ASKED,audio__original,0.600769,0.52075,0.4397618770599365,0.19166670739650726,-80.01899999999995
231,single_sentence_500,1,REALLY FRANKLY HE ASKED,audio__original,0.901154,0.961231,1.3563672304153442,0.22926348447799683,60.076999999999934
231,single_sentence_500,2,REALLY FRANKLY HE ASKED,audio__original,1.642103,1.365438,1.1181273460388184,0.0021338595543056726,-276.66500000000013
231,single_sentence_500,3,REALLY FRANKLY HE ASKED,audio__original,2.042615,2.102692,1.56123685836792,0.7973311543464661,60.076999999999714
231,single_sentence_500,4,REALLY FRANKLY HE ASKED,audio__original,2.923744,2.662875,0.9226170182228088,0.007973129861056805,-260.869
231,single_sentence_500,5,REALLY FRANKLY HE ASKED,audio__original,2.963795,2.993833,1.2541800737380981,0.8103584051132202,30.037999999999787
231,single_sentence_500,6,REALLY FRANKLY HE ASKED,audio__original,3.224128,3.224128,46.80439758300781,46.80439758300781,0.0
231,single_sentence_500,7,REALLY FRANKLY HE ASKED,audio__original,3.58459,3.58459,0.007791759446263313,0.007791759446263313,0.0
232,single_sentence_500,0,S'POSE HE CAN'T WRITEHE,audio__original,0.624043,0.544,11.488006591796875,0.021074393764138222,-80.04299999999998
232,single_sentence_500,1,S'POSE HE CAN'T WRITEHE,audio__original,0.966261,0.976326,29.334388732910156,32.3184928894043,10.06499999999999
232,single_sentence_500,2,S'POSE HE CAN'T WRITEHE,audio__original,1.046783,1.036717,3.7616384029388428,7.36099910736084,-10.065999999999908
232,single_sentence_500,3,S'POSE HE CAN'T WRITEHE,audio__original,1.087043,1.127304,3.5912137031555176,12.075725555419922,40.2610000000001
232,single_sentence_500,4,S'POSE HE CAN'T WRITEHE,audio__original,1.328609,1.195563,44.425018310546875,0.017664803192019463,-133.046
232,single_sentence_500,5,S'POSE HE CAN'T WRITEHE,audio__original,1.630565,1.630565,0.07987173646688461,0.07987173646688461,0.0
232,single_sentence_500,6,S'POSE HE CAN'T WRITEHE,audio__original,1.791609,1.690957,17.638002395629883,0.48211708664894104,-100.65199999999996
232,single_sentence_500,7,S'POSE HE CAN'T WRITEHE,audio__original,2.194217,2.174187,0.7253110408782959,0.22212892770767212,-20.030000000000214
233,single_sentence_500,0,SLANG MAKES ONE SHUDDER,audio__original,0.321221,0.353187,12.09853458404541,1.681293249130249,31.965999999999994
233,single_sentence_500,1,SLANG MAKES ONE SHUDDER,audio__original,0.722748,0.762901,1.8268271684646606,0.7293392419815063,40.153000000000105
233,single_sentence_500,2,SLANG MAKES ONE SHUDDER,audio__original,0.883359,0.843206,13.719383239746094,1.916072130203247,-40.15299999999999
233,single_sentence_500,3,SLANG MAKES ONE SHUDDER,audio__original,1.144351,1.164427,15.410470008850098,2.2814102172851562,20.076000000000207
233,single_sentence_500,4,SLANG MAKES ONE SHUDDER,audio__original,1.304962,1.224562,3.652017831802368,0.022816896438598633,-80.40000000000003
233,single_sentence_500,5,SLANG MAKES ONE SHUDDER,audio__original,1.445496,1.505725,4.268603801727295,0.9161590933799744,60.229000000000084
233,single_sentence_500,6,SLANG MAKES ONE SHUDDER,audio__original,1.726565,1.726565,6.359123229980469,6.359123229980469,0.0
233,single_sentence_500,7,SLANG MAKES ONE SHUDDER,audio__original,2.047786,2.12775,13.489408493041992,0.8740301728248596,79.96399999999993
234,single_sentence_500,0,SUCH WOES SUCH JARRINGS,audio__original,0.241513,0.1615,9.326505661010742,0.3275361657142639,-80.013
234,single_sentence_500,1,SUCH WOES SUCH JARRINGS,audio__original,0.402521,0.422647,34.844242095947266,2.9859049320220947,20.125999999999976
234,single_sentence_500,2,SUCH WOES SUCH JARRINGS,audio__original,0.563529,0.483025,37.030921936035156,3.449075937271118,-80.50399999999996
234,single_sentence_500,3,SUCH WOES SUCH JARRINGS,audio__original,0.945924,0.945924,2.62493634223938,2.62493634223938,0.0
234,single_sentence_500,4,SUCH WOES SUCH JARRINGS,audio__original,1.066681,1.066681,2.4811549186706543,2.4811549186706543,0.0
234,single_sentence_500,5,SUCH WOES SUCH JARRINGS,audio__original,1.267941,1.288067,53.68940353393555,22.872417449951172,20.12600000000009
234,single_sentence_500,6,SUCH WOES SUCH JARRINGS,audio__original,1.509454,1.396562,71.1972427368164,0.002960040932521224,-112.892
234,single_sentence_500,7,SUCH WOES SUCH JARRINGS,audio__original,2.193739,2.273687,12.900799751281738,0.006061343476176262,79.94799999999991
235,single_sentence_500,0,THAT ALSO SEEMS NATURAL,audio__original,0.221803,0.14175,22.35407257080078,3.2896859920583665e-05,-80.05300000000001
235,single_sentence_500,1,THAT ALSO SEEMS NATURAL,audio__original,0.342787,0.342787,16.510879516601562,16.510879516601562,0.0
235,single_sentence_500,2,THAT ALSO SEEMS NATURAL,audio__original,0.443607,0.433525,16.394628524780273,35.368587493896484,-10.08199999999998
235,single_sentence_500,3,THAT ALSO SEEMS NATURAL,audio__original,0.705738,0.786393,91.14285278320312,38.54861068725586,80.65500000000003
235,single_sentence_500,4,THAT ALSO SEEMS NATURAL,audio__original,1.028361,0.947705,0.3542984127998352,0.44673478603363037,-80.65600000000006
235,single_sentence_500,5,THAT ALSO SEEMS NATURAL,audio__original,1.350984,1.391,0.12951189279556274,0.06185303255915642,40.01600000000005
235,single_sentence_500,6,THAT ALSO SEEMS NATURAL,audio__original,1.592951,1.431639,7.220896244049072,1.2924320697784424,-161.3119999999999
235,single_sentence_500,7,THAT ALSO SEEMS NATURAL,audio__original,2.016393,2.096375,15.901192665100098,0.1863149255514145,79.98200000000023
236,single_sentence_500,0,THE BEAU IMPATIENT SITS,audio__original,0.400719,0.320688,7.359439849853516,13.397242546081543,-80.03100000000002
236,single_sentence_500,1,THE BEAU IMPATIENT SITS,audio__original,0.460827,0.480863,47.81768035888672,19.74550437927246,20.035999999999998
236,single_sentence_500,2,THE BEAU IMPATIENT SITS,audio__original,0.621115,0.556937,410.1266784667969,5.532110691070557,-64.17799999999995
236,single_sentence_500,3,THE BEAU IMPATIENT SITS,audio__original,0.781403,0.921655,201.3668670654297,14.589737892150879,140.25200000000004
236,single_sentence_500,4,THE BEAU IMPATIENT SITS,audio__original,1.14205,1.021875,33.17634963989258,0.16339541971683502,-120.17499999999993
236,single_sentence_500,5,THE BEAU IMPATIENT SITS,audio__original,1.763165,1.763165,7.082248210906982,7.082248210906982,0.0
236,single_sentence_500,6,THE BEAU IMPATIENT SITS,audio__original,1.923453,1.923453,144.43238830566406,144.43238830566406,0.0
236,single_sentence_500,7,THE BEAU IMPATIENT SITS,audio__original,2.244029,2.164,94.2748794555664,0.22292214632034302,-80.02899999999968
237,single_sentence_500,0,THE FIFTH MAN WAS SAVED,audio__original,0.50293,0.422875,84.94322204589844,0.00954356137663126,-80.05499999999999
237,single_sentence_500,1,THE FIFTH MAN WAS SAVED,audio__original,0.563281,0.603516,25.84749412536621,1.6637120246887207,40.23500000000002
237,single_sentence_500,2,THE FIFTH MAN WAS SAVED,audio__original,0.744336,0.723625,28.642372131347656,0.4749074876308441,-20.711000000000034
237,single_sentence_500,3,THE FIFTH MAN WAS SAVED,audio__original,1.005859,1.005859,0.8301233053207397,0.8301233053207397,0.0
237,single_sentence_500,4,THE FIFTH MAN WAS SAVED,audio__original,1.126562,1.066211,1.509850263595581,9.290034294128418,-60.35100000000004
237,single_sentence_500,5,THE FIFTH MAN WAS SAVED,audio__original,1.2875,1.317676,22.960567474365234,1.144425868988037,30.17599999999998
237,single_sentence_500,6,THE FIFTH MAN WAS SAVED,audio__original,1.42832,1.388086,4.728918075561523,0.8918845057487488,-40.2340000000001
237,single_sentence_500,7,THE FIFTH MAN WAS SAVED,audio__original,1.549023,1.559082,0.9869981408119202,1.2406580448150635,10.05900000000004
237,single_sentence_500,8,THE FIFTH MAN WAS SAVED,audio__original,1.689844,1.673375,104.43162536621094,0.43710726499557495,-16.468999999999845
237,single_sentence_500,9,THE FIFTH MAN WAS SAVED,audio__original,2.273242,2.273242,0.005011482164263725,0.005011482164263725,0.0
238,single_sentence_500,0,THE MOTHER WAS A WRETCH,audio__original,0.563182,0.515125,0.28699153661727905,0.016396569088101387,-48.0569999999999
238,single_sentence_500,1,THE MOTHER WAS A WRETCH,audio__original,0.623523,0.643636,51.5790901184082,0.6743003129959106,20.112999999999936
238,single_sentence_500,2,THE MOTHER WAS A WRETCH,audio__original,0.764318,0.724091,107.60320281982422,7.323868274688721,-40.22700000000001
238,single_sentence_500,3,THE MOTHER WAS A WRETCH,audio__original,0.985568,0.995625,13.329610824584961,40.329593658447266,10.056999999999983
238,single_sentence_500,4,THE MOTHER WAS A WRETCH,audio__original,1.086136,1.066023,83.65249633789062,46.31536865234375,-20.11300000000005
238,single_sentence_500,5,THE MOTHER WAS A WRETCH,audio__original,1.206818,1.206818,55.82109832763672,55.82109832763672,0.0
238,single_sentence_500,6,THE MOTHER WAS A WRETCH,audio__original,1.267159,1.267159,17.80035400390625,17.80035400390625,0.0
238,single_sentence_500,7,THE MOTHER WAS A WRETCH,audio__original,1.287273,1.287273,49.99988555908203,49.99988555908203,0.0
238,single_sentence_500,8,THE MOTHER WAS A WRETCH,audio__original,1.367727,1.3395,68.35215759277344,4.272174835205078,-28.227000000000004
238,single_sentence_500,9,THE MOTHER WAS A WRETCH,audio__original,1.588977,1.668937,59.583641052246094,0.17627565562725067,79.95999999999981
239,single_sentence_500,0,THE PORTER DID NOT STIR,audio__original,0.585918,0.505875,0.06727441400289536,0.0010852166451513767,-80.04300000000009
239,single_sentence_500,1,THE PORTER DID NOT STIR,audio__original,0.666735,0.666735,0.06222379952669144,0.06222379952669144,0.0
239,single_sentence_500,2,THE PORTER DID NOT STIR,audio__original,0.727347,0.707143,1.2824132442474365,0.013887517154216766,-20.204
239,single_sentence_500,3,THE PORTER DID NOT STIR,audio__original,0.99,1.030408,19.4160099029541,0.17732422053813934,40.408
239,single_sentence_500,4,THE PORTER DID NOT STIR,audio__original,1.111224,1.058625,55.152198791503906,0.06082926318049431,-52.59900000000006
239,single_sentence_500,5,THE PORTER DID NOT STIR,audio__original,1.232449,1.232449,13.250866889953613,13.250866889953613,0.0
239,single_sentence_500,6,THE PORTER DID NOT STIR,audio__original,1.293061,1.272857,45.95392990112305,40.50196075439453,-20.20400000000011
239,single_sentence_500,7,THE PORTER DID NOT STIR,audio__original,1.394082,1.394082,0.013595260679721832,0.013595260679721832,0.0
239,single_sentence_500,8,THE PORTER DID NOT STIR,audio__original,1.495102,1.495102,1.4157822132110596,1.4157822132110596,0.0
239,single_sentence_500,9,THE PORTER DID NOT STIR,audio__original,1.676939,1.756938,139.16848754882812,2.601656913757324,79.99900000000015
240,single_sentence_500,0,THE USE OF SUCH A TITLE,audio__original,0.541324,0.549312,0.07691986858844757,0.17791253328323364,7.987999999999995
240,single_sentence_500,1,THE USE OF SUCH A TITLE,audio__original,0.62152,0.631544,27.433752059936523,18.3247127532959,10.024000000000033
240,single_sentence_500,2,THE USE OF SUCH A TITLE,audio__original,0.741814,0.681667,56.328182220458984,9.076674461364746,-60.14699999999995
240,single_sentence_500,3,THE USE OF SUCH A TITLE,audio__original,0.882157,0.882157,7.88131856918335,7.88131856918335,0.0
240,single_sentence_500,4,THE USE OF SUCH A TITLE,audio__original,0.942304,0.942304,20.072492599487305,20.072492599487305,0.0
240,single_sentence_500,5,THE USE OF SUCH A TITLE,audio__original,0.982402,0.992426,1.0652934312820435,2.229644536972046,10.024000000000033
240,single_sentence_500,6,THE USE OF SUCH A TITLE,audio__original,1.062598,1.062598,1.376242995262146,1.376242995262146,0.0
240,single_sentence_500,7,THE USE OF SUCH A TITLE,audio__original,1.202941,1.202941,2.8909316062927246,2.8909316062927246,0.0
240,single_sentence_500,8,THE USE OF SUCH A TITLE,audio__original,1.263088,1.263088,11.855450630187988,11.855450630187988,0.0
240,single_sentence_500,9,THE USE OF SUCH A TITLE,audio__original,1.303186,1.303186,0.04900557920336723,0.04900557920336723,0.0
240,single_sentence_500,10,THE USE OF SUCH A TITLE,audio__original,1.42348,1.343284,38.29709243774414,0.48685380816459656,-80.19600000000015
240,single_sentence_500,11,THE USE OF SUCH A TITLE,audio__original,1.684118,1.720063,4.362235069274902,0.4316251277923584,35.944999999999894
241,single_sentence_500,0,THEN THEY GO TO THE WAR,audio__original,0.360726,0.280687,36.4573860168457,3.1271936893463135,-80.03899999999997
241,single_sentence_500,1,THEN THEY GO TO THE WAR,audio__original,0.541089,0.581169,31.44446563720703,6.669510364532471,40.080000000000005
241,single_sentence_500,2,THEN THEY GO TO THE WAR,audio__original,0.881774,0.741492,13.50943660736084,0.2077978402376175,-140.2819999999999
241,single_sentence_500,3,THEN THEY GO TO THE WAR,audio__original,1.002016,1.022056,20.00598907470703,2.318316698074341,20.040000000000056
241,single_sentence_500,4,THEN THEY GO TO THE WAR,audio__original,1.202419,1.13825,68.03990173339844,7.356448173522949,-64.16899999999993
241,single_sentence_500,5,THEN THEY GO TO THE WAR,audio__original,1.282581,1.543105,11.246504783630371,1.5050984621047974,260.524
241,single_sentence_500,6,THEN THEY GO TO THE WAR,audio__original,1.683387,1.611187,4.141791343688965,0.1438465118408203,-72.20000000000005
241,single_sentence_500,7,THEN THEY GO TO THE WAR,audio__original,1.723468,1.723468,11.73198127746582,11.73198127746582,0.0
241,single_sentence_500,8,THEN THEY GO TO THE WAR,audio__original,1.823669,1.823669,10.585000038146973,10.585000038146973,0.0
241,single_sentence_500,9,THEN THEY GO TO THE WAR,audio__original,1.88379,1.88379,17.93621063232422,17.93621063232422,0.0
241,single_sentence_500,10,THEN THEY GO TO THE WAR,audio__original,2.024073,1.923871,23.30660629272461,4.543948173522949,-100.2019999999999
241,single_sentence_500,11,THEN THEY GO TO THE WAR,audio__original,2.424879,2.484875,0.1861770749092102,0.08529891818761826,59.99600000000038
242,single_sentence_500,0,WHAT IS MISTER HUXTABLE,audio__original,0.361622,0.309563,4.180285453796387,0.04838864505290985,-52.05900000000002
242,single_sentence_500,1,WHAT IS MISTER HUXTABLE,audio__original,0.482162,0.482162,10.10634994506836,10.10634994506836,0.0
242,single_sentence_500,2,WHAT IS MISTER HUXTABLE,audio__original,0.542432,0.522342,110.23904418945312,47.2489013671875,-20.090000000000053
242,single_sentence_500,3,WHAT IS MISTER HUXTABLE,audio__original,0.662973,0.675,1.5146430730819702,0.6209489703178406,12.02700000000001
242,single_sentence_500,4,WHAT IS MISTER HUXTABLE,audio__original,0.763423,0.743333,40.456695556640625,0.871802568435669,-20.08999999999994
242,single_sentence_500,5,WHAT IS MISTER HUXTABLE,audio__original,1.024595,1.064775,59.66009521484375,53.284263610839844,40.180000000000106
242,single_sentence_500,6,WHAT IS MISTER HUXTABLE,audio__original,1.125045,1.104955,31.270048141479492,7.83419132232666,-20.090000000000163
242,single_sentence_500,7,WHAT IS MISTER HUXTABLE,audio__original,1.647387,1.711375,2.752331018447876,0.0508754700422287,63.988000000000156
243,single_sentence_500,0,WILL YOU FORGIVE ME NOW,audio__original,0.404444,0.356438,5.586423397064209,2.786722421646118,-48.00600000000005
243,single_sentence_500,1,WILL YOU FORGIVE ME NOW,audio__original,0.566222,0.566222,4.877265930175781,4.877265930175781,0.0
243,single_sentence_500,2,WILL YOU FORGIVE ME NOW,audio__original,0.606667,0.606667,5.859574794769287,5.859574794769287,0.0
243,single_sentence_500,3,WILL YOU FORGIVE ME NOW,audio__original,0.687556,0.707778,36.00346755981445,9.5321626663208,20.222000000000072
243,single_sentence_500,4,WILL YOU FORGIVE ME NOW,audio__original,0.788667,0.748222,5.909960746765137,4.381524562835693,-40.44499999999995
243,single_sentence_500,5,WILL YOU FORGIVE ME NOW,audio__original,1.132444,1.142556,9.1361665725708,9.336553573608398,10.111999999999899
243,single_sentence_500,6,WILL YOU FORGIVE ME NOW,audio__original,1.233556,1.223444,50.7100715637207,48.50279998779297,-10.112000000000121
243,single_sentence_500,7,WILL YOU FORGIVE ME NOW,audio__original,1.274,1.304333,8.784573554992676,49.27625274658203,30.33299999999994
243,single_sentence_500,8,WILL YOU FORGIVE ME NOW,audio__original,1.435778,1.375111,135.16241455078125,16.732084274291992,-60.66700000000003
243,single_sentence_500,9,WILL YOU FORGIVE ME NOW,audio__original,1.577333,1.657312,58.251312255859375,10.422639846801758,79.9789999999998
244,single_sentence_500,0,YOU KNOW HIM I THINK SO,audio__original,0.322034,0.242,1.7361555099487305,0.032075442373752594,-80.03399999999999
244,single_sentence_500,1,YOU KNOW HIM I THINK SO,audio__original,0.402542,0.412606,10.60080337524414,7.518202781677246,10.063999999999961
244,single_sentence_500,2,YOU KNOW HIM I THINK SO,audio__original,0.462924,0.442797,114.73374938964844,0.8324142694473267,-20.127000000000006
244,single_sentence_500,3,YOU KNOW HIM I THINK SO,audio__original,0.583686,0.623941,36.71109390258789,8.837319374084473,40.25499999999993
244,single_sentence_500,4,YOU KNOW HIM I THINK SO,audio__original,0.684322,0.664195,5.80484676361084,6.089532852172852,-20.127000000000006
244,single_sentence_500,5,YOU KNOW HIM I THINK SO,audio__original,0.805085,0.845339,0.35199645161628723,1.2089627981185913,40.2539999999999
244,single_sentence_500,6,YOU KNOW HIM I THINK SO,audio__original,1.429025,1.266,29.8418025970459,0.004760032519698143,-163.02499999999998
244,single_sentence_500,7,YOU KNOW HIM I THINK SO,audio__original,1.449153,1.509534,88.64875793457031,8.799302101135254,60.381000000000014
244,single_sentence_500,8,YOU KNOW HIM I THINK SO,audio__original,1.590042,1.58575,3.12688946723938,0.7816250324249268,-4.2919999999999625
244,single_sentence_500,9,YOU KNOW HIM I THINK SO,audio__original,1.751059,1.751059,5.141712665557861,5.141712665557861,0.0
244,single_sentence_500,10,YOU KNOW HIM I THINK SO,audio__original,2.173729,2.173729,0.012648935429751873,0.012648935429751873,0.0
244,single_sentence_500,11,YOU KNOW HIM I THINK SO,audio__original,2.213983,2.293938,0.004704001825302839,0.0013262040447443724,79.955
245,single_sentence_500,0,YOU MUST ANSWER HE SAID,audio__original,0.561273,0.48125,0.0716140866279602,0.00014085081056691706,-80.02300000000001
245,single_sentence_500,1,YOU MUST ANSWER HE SAID,audio__original,0.641455,0.651477,56.5361213684082,79.10869598388672,10.021999999999975
245,single_sentence_500,2,YOU MUST ANSWER HE SAID,audio__original,0.741682,0.721636,218.6486358642578,45.08359909057617,-20.045999999999896
245,single_sentence_500,3,YOU MUST ANSWER HE SAID,audio__original,0.942136,0.942136,0.11692111194133759,0.11692111194133759,0.0
245,single_sentence_500,4,YOU MUST ANSWER HE SAID,audio__original,1.122545,1.01025,82.6737289428711,0.013451425358653069,-112.29499999999982
245,single_sentence_500,5,YOU MUST ANSWER HE SAID,audio__original,1.423227,1.483364,20.440227508544922,1.7667372226715088,60.13699999999989
245,single_sentence_500,6,YOU MUST ANSWER HE SAID,audio__original,1.563545,1.5435,2.2941501140594482,3.4081051349639893,-20.044999999999867
245,single_sentence_500,7,YOU MUST ANSWER HE SAID,audio__original,1.603636,1.603636,7.994978427886963,7.994978427886963,0.0
245,single_sentence_500,8,YOU MUST ANSWER HE SAID,audio__original,1.764,1.764,216.07620239257812,216.07620239257812,0.0
245,single_sentence_500,9,YOU MUST ANSWER HE SAID,audio__original,2.124818,2.204813,0.00010939711501123384,6.376755482051522e-05,79.99500000000026
246,single_sentence_500,0,AMONG MEN WHO ARE GREEDY,audio__original,0.584104,0.528062,220.44223022460938,0.1042097806930542,-56.04199999999992
246,single_sentence_500,1,AMONG MEN WHO ARE GREEDY,audio__original,0.825802,0.845943,9.288386344909668,14.39840316772461,20.140999999999963
246,single_sentence_500,2,AMONG MEN WHO ARE GREEDY,audio__original,0.926509,0.906368,183.2847137451172,26.435396194458008,-20.141000000000076
246,single_sentence_500,3,AMONG MEN WHO ARE GREEDY,audio__original,1.0675,1.107783,8.5816011428833,36.854286193847656,40.28300000000007
246,single_sentence_500,4,AMONG MEN WHO ARE GREEDY,audio__original,1.188349,1.180187,2.6031394004821777,1.9765245914459229,-8.162000000000003
246,single_sentence_500,5,AMONG MEN WHO ARE GREEDY,audio__original,1.248774,1.248774,33.474674224853516,33.474674224853516,0.0
246,single_sentence_500,6,AMONG MEN WHO ARE GREEDY,audio__original,1.349481,1.349481,89.90727996826172,89.90727996826172,0.0
246,single_sentence_500,7,AMONG MEN WHO ARE GREEDY,audio__original,1.430047,1.430047,13.53468132019043,13.53468132019043,0.0
246,single_sentence_500,8,AMONG MEN WHO ARE GREEDY,audio__original,1.510613,1.490472,5.769923210144043,5.589648723602295,-20.140999999999963
246,single_sentence_500,9,AMONG MEN WHO ARE GREEDY,audio__original,1.812736,1.892688,14.705222129821777,3.44511079788208,79.95200000000003
247,single_sentence_500,0,AND AS RECORDED BY TYCHO,audio__original,0.241552,0.1615,4.708000183105469,0.0005358459893614054,-80.05199999999998
247,single_sentence_500,1,AND AS RECORDED BY TYCHO,audio__original,0.362328,0.382457,1.6936368942260742,0.14281944930553436,20.12900000000001
247,single_sentence_500,2,AND AS RECORDED BY TYCHO,audio__original,0.503233,0.442845,46.0521240234375,90.06521606445312,-60.388000000000055
247,single_sentence_500,3,AND AS RECORDED BY TYCHO,audio__original,0.664267,0.684397,2.240866184234619,2.954446792602539,20.12999999999998
247,single_sentence_500,4,AND AS RECORDED BY TYCHO,audio__original,0.785043,0.764914,19.535913467407227,6.305858612060547,-20.12900000000006
247,single_sentence_500,5,AND AS RECORDED BY TYCHO,audio__original,1.248017,1.248017,0.29868313670158386,0.29868313670158386,0.0
247,single_sentence_500,6,AND AS RECORDED BY TYCHO,audio__original,1.328534,1.288276,18.82219886779785,14.070831298828125,-40.25800000000012
247,single_sentence_500,7,AND AS RECORDED BY TYCHO,audio__original,1.388922,1.429181,15.048147201538086,10.015944480895996,40.25900000000004
247,single_sentence_500,8,AND AS RECORDED BY TYCHO,audio__original,1.610345,1.509698,139.02264404296875,0.7289807796478271,-100.64699999999993
247,single_sentence_500,9,AND AS RECORDED BY TYCHO,audio__original,2.214224,2.194187,0.004866105504333973,0.001555168884806335,-20.037000000000305
248,single_sentence_500,0,AND BEING OF A READY WIT,audio__original,0.524062,0.444063,1.5684545040130615,0.10925351828336716,-79.99900000000004
248,single_sentence_500,1,AND BEING OF A READY WIT,audio__original,0.624844,0.624844,0.37300559878349304,0.37300559878349304,0.0
248,single_sentence_500,2,AND BEING OF A READY WIT,audio__original,0.725625,0.673188,50.017093658447266,0.19076882302761078,-52.436999999999955
248,single_sentence_500,3,AND BEING OF A READY WIT,audio__original,0.927188,0.927188,15.45506763458252,15.45506763458252,0.0
248,single_sentence_500,4,AND BEING OF A READY WIT,audio__original,0.987656,0.987656,73.4836196899414,73.4836196899414,0.0
248,single_sentence_500,5,AND BEING OF A READY WIT,audio__original,1.048125,1.048125,0.6426591873168945,0.6426591873168945,0.0
248,single_sentence_500,6,AND BEING OF A READY WIT,audio__original,1.108594,1.108594,37.06248474121094,37.06248474121094,0.0
248,single_sentence_500,7,AND BEING OF A READY WIT,audio__original,1.12875,1.12875,54.854557037353516,54.854557037353516,0.0
248,single_sentence_500,8,AND BEING OF A READY WIT,audio__original,1.229531,1.209375,155.55191040039062,157.93685913085938,-20.155999999999842
248,single_sentence_500,9,AND BEING OF A READY WIT,audio__original,1.431094,1.45125,53.09909439086914,4.452341556549072,20.155999999999842
248,single_sentence_500,10,AND BEING OF A READY WIT,audio__original,1.511719,1.491562,62.77738952636719,39.223079681396484,-20.156999999999982
248,single_sentence_500,11,AND BEING OF A READY WIT,audio__original,1.693125,1.773125,0.5392770767211914,0.18932895362377167,80.00000000000007
249,single_sentence_500,0,AND REFUSED TO APOLOGISE,audio__original,0.201852,0.145813,0.214972585439682,0.0069379485212266445,-56.03900000000001
249,single_sentence_500,1,AND REFUSED TO APOLOGISE,audio__original,0.282593,0.292685,52.78334426879883,18.187307357788086,10.09199999999999
249,single_sentence_500,2,AND REFUSED TO APOLOGISE,audio__original,0.383519,0.363333,22.911941528320312,13.140646934509277,-20.185999999999982
249,single_sentence_500,3,AND REFUSED TO APOLOGISE,audio__original,0.867963,0.867963,0.2942850887775421,0.2942850887775421,0.0
249,single_sentence_500,4,AND REFUSED TO APOLOGISE,audio__original,0.908333,0.908333,15.98060131072998,15.98060131072998,0.0
249,single_sentence_500,5,AND REFUSED TO APOLOGISE,audio__original,0.948704,0.948704,84.29119110107422,84.29119110107422,0.0
249,single_sentence_500,6,AND REFUSED TO APOLOGISE,audio__original,1.069815,1.069815,5.964695453643799,5.964695453643799,0.0
249,single_sentence_500,7,AND REFUSED TO APOLOGISE,audio__original,1.836852,1.916813,0.556824803352356,0.01950794644653797,79.96100000000017
250,single_sentence_500,0,AND WHAT O FOOLISH HELEN,audio__original,0.582522,0.5025,12.01229476928711,0.11695702373981476,-80.02200000000003
250,single_sentence_500,1,AND WHAT O FOOLISH HELEN,audio__original,0.682957,0.703043,33.22990798950195,29.676652908325195,20.085999999999938
250,single_sentence_500,2,AND WHAT O FOOLISH HELEN,audio__original,0.903913,0.8555,19.93562889099121,5.910222053527832,-48.412999999999926
250,single_sentence_500,3,AND WHAT O FOOLISH HELEN,audio__original,1.104783,1.108812,9.825261116027832,4.388385772705078,4.028999999999838
250,single_sentence_500,4,AND WHAT O FOOLISH HELEN,audio__original,1.265478,1.209188,30.499244689941406,10.341692924499512,-56.29000000000018
250,single_sentence_500,5,AND WHAT O FOOLISH HELEN,audio__original,1.285565,1.365913,37.72296905517578,1.587754487991333,80.34799999999987
250,single_sentence_500,6,AND WHAT O FOOLISH HELEN,audio__original,1.446261,1.446261,0.5001112222671509,0.5001112222671509,0.0
250,single_sentence_500,7,AND WHAT O FOOLISH HELEN,audio__original,1.767652,1.767652,8.33892822265625,8.33892822265625,0.0
250,single_sentence_500,8,AND WHAT O FOOLISH HELEN,audio__original,1.827913,1.827913,4.504202365875244,4.504202365875244,0.0
250,single_sentence_500,9,AND WHAT O FOOLISH HELEN,audio__original,2.189478,2.189437,0.5681740641593933,0.5681740641593933,-0.04099999999995774
251,single_sentence_500,0,AS FAST AS FAST MIGHT BE,audio__original,0.261535,0.1815,223.213623046875,0.1622309386730194,-80.03500000000003
251,single_sentence_500,1,AS FAST AS FAST MIGHT BE,audio__original,0.382244,0.412421,13.199498176574707,9.299915313720703,30.17700000000001
251,single_sentence_500,2,AS FAST AS FAST MIGHT BE,audio__original,0.603543,0.514875,192.0020294189453,0.21536004543304443,-88.66800000000008
251,single_sentence_500,3,AS FAST AS FAST MIGHT BE,audio__original,0.865079,0.905315,0.6016085147857666,2.615457534790039,40.23599999999994
251,single_sentence_500,4,AS FAST AS FAST MIGHT BE,audio__original,1.005906,0.965669,21.54905128479004,6.045334339141846,-40.236999999999966
251,single_sentence_500,5,AS FAST AS FAST MIGHT BE,audio__original,1.106496,1.16685,6.83077335357666,1.3954548835754395,60.35400000000002
251,single_sentence_500,6,AS FAST AS FAST MIGHT BE,audio__original,1.327795,1.223125,38.465118408203125,0.25314751267433167,-104.67000000000004
251,single_sentence_500,7,AS FAST AS FAST MIGHT BE,audio__original,1.569213,1.59939,0.08614496886730194,3.4703824520111084,30.17700000000012
251,single_sentence_500,8,AS FAST AS FAST MIGHT BE,audio__original,1.730157,1.669803,18.268102645874023,2.00100040435791,-60.35400000000002
251,single_sentence_500,9,AS FAST AS FAST MIGHT BE,audio__original,1.91122,1.92128,2.3583967685699463,1.5735218524932861,10.06000000000018
251,single_sentence_500,10,AS FAST AS FAST MIGHT BE,audio__original,2.072165,1.991693,6.137083053588867,0.06390552967786789,-80.4720000000001
251,single_sentence_500,11,AS FAST AS FAST MIGHT BE,audio__original,2.414173,2.414173,0.23636522889137268,0.23636522889137268,0.0
252,single_sentence_500,0,BILL GREGG SMILED SOURLY,audio__original,0.482087,0.434063,7.932192325592041,0.0087055629119277,-48.02400000000001
252,single_sentence_500,1,BILL GREGG SMILED SOURLY,audio__original,0.642783,0.642783,0.2133389711380005,0.2133389711380005,0.0
252,single_sentence_500,2,BILL GREGG SMILED SOURLY,audio__original,0.703043,0.682957,0.4046252965927124,0.2850199341773987,-20.085999999999938
252,single_sentence_500,3,BILL GREGG SMILED SOURLY,audio__original,0.924,0.924,0.07732604444026947,0.07732604444026947,0.0
252,single_sentence_500,4,BILL GREGG SMILED SOURLY,audio__original,1.064609,1.064609,11.45380687713623,11.45380687713623,0.0
252,single_sentence_500,5,BILL GREGG SMILED SOURLY,audio__original,1.446261,1.446261,8.01645565032959,8.01645565032959,0.0
252,single_sentence_500,6,BILL GREGG SMILED SOURLY,audio__original,1.566783,1.566783,17.908756256103516,17.908756256103516,0.0
252,single_sentence_500,7,BILL GREGG SMILED SOURLY,audio__original,1.988609,2.068563,3.161761522293091,0.09072724729776382,79.95400000000008
253,single_sentence_500,0,BLUSHED TO HER VERY HAIR,audio__original,0.2415,0.1615,0.48849087953567505,0.0916653424501419,-79.99999999999999
253,single_sentence_500,1,BLUSHED TO HER VERY HAIR,audio__original,0.623875,0.623875,1.9875280857086182,1.9875280857086182,0.0
253,single_sentence_500,2,BLUSHED TO HER VERY HAIR,audio__original,0.784875,0.748563,5.695749759674072,0.054075662046670914,-36.31200000000001
253,single_sentence_500,3,BLUSHED TO HER VERY HAIR,audio__original,0.865375,0.865375,29.146631240844727,29.146631240844727,0.0
253,single_sentence_500,4,BLUSHED TO HER VERY HAIR,audio__original,0.986125,0.976063,2.5864102840423584,0.608841598033905,-10.062000000000015
253,single_sentence_500,5,BLUSHED TO HER VERY HAIR,audio__original,1.08675,1.08675,2.341961145401001,2.341961145401001,0.0
253,single_sentence_500,6,BLUSHED TO HER VERY HAIR,audio__original,1.2075,1.131,5.235302448272705,0.07204986363649368,-76.50000000000001
253,single_sentence_500,7,BLUSHED TO HER VERY HAIR,audio__original,1.40875,1.460687,0.9105897545814514,0.12090809643268585,51.937000000000126
253,single_sentence_500,8,BLUSHED TO HER VERY HAIR,audio__original,1.911875,1.911875,0.03982686623930931,0.03982686623930931,0.0
253,single_sentence_500,9,BLUSHED TO HER VERY HAIR,audio__original,1.992375,1.992375,0.026107273995876312,0.026107273995876312,0.0
254,single_sentence_500,0,BUT ALL THIS WAS IN VAIN,audio__original,0.584394,0.664375,47.20805740356445,0.15539491176605225,79.98100000000008
254,single_sentence_500,1,BUT ALL THIS WAS IN VAIN,audio__original,0.665,0.677,0.15539491176605225,0.04952285438776016,12.00000000000001
254,single_sentence_500,2,BUT ALL THIS WAS IN VAIN,audio__original,0.745606,0.725455,6.668523788452148,15.63579273223877,-20.15100000000003
254,single_sentence_500,3,BUT ALL THIS WAS IN VAIN,audio__original,0.886667,0.886667,5.644554615020752,5.644554615020752,0.0
254,single_sentence_500,4,BUT ALL THIS WAS IN VAIN,audio__original,0.967273,0.967273,8.898456573486328,8.898456573486328,0.0
254,single_sentence_500,5,BUT ALL THIS WAS IN VAIN,audio__original,1.108333,1.128485,0.5892318487167358,1.215744137763977,20.151999999999948
254,single_sentence_500,6,BUT ALL THIS WAS IN VAIN,audio__original,1.209091,1.188939,2.619981527328491,0.8429744839668274,-20.151999999999948
254,single_sentence_500,7,BUT ALL THIS WAS IN VAIN,audio__original,1.370303,1.370303,4.340307235717773,4.340307235717773,0.0
254,single_sentence_500,8,BUT ALL THIS WAS IN VAIN,audio__original,1.450909,1.440833,3.593303680419922,4.433713436126709,-10.075999999999974
254,single_sentence_500,9,BUT ALL THIS WAS IN VAIN,audio__original,1.511364,1.531515,2.01857590675354,5.336606979370117,20.15100000000003
254,single_sentence_500,10,BUT ALL THIS WAS IN VAIN,audio__original,1.632273,1.595938,6.000700950622559,0.03808793053030968,-36.33500000000001
254,single_sentence_500,11,BUT ALL THIS WAS IN VAIN,audio__original,1.954697,1.994687,0.04412643983960152,0.07436282187700272,39.990000000000194
255,single_sentence_500,0,BUT HAS A FORM IN MATTER,audio__original,0.281419,0.201375,4.518546104431152,0.04380495846271515,-80.04399999999998
255,single_sentence_500,1,BUT HAS A FORM IN MATTER,audio__original,0.381926,0.381926,1.9188531637191772,1.9188531637191772,0.0
255,single_sentence_500,2,BUT HAS A FORM IN MATTER,audio__original,0.502534,0.49025,70.43534851074219,4.576037406921387,-12.284000000000017
255,single_sentence_500,3,BUT HAS A FORM IN MATTER,audio__original,0.763851,0.844257,32.305477142333984,3.5122642517089844,80.40600000000009
255,single_sentence_500,4,BUT HAS A FORM IN MATTER,audio__original,1.025169,0.936625,34.50772476196289,0.0017996086971834302,-88.54399999999995
255,single_sentence_500,5,BUT HAS A FORM IN MATTER,audio__original,1.04527,1.085473,13.611124992370605,147.0015411376953,40.20299999999999
255,single_sentence_500,6,BUT HAS A FORM IN MATTER,audio__original,1.246284,1.145777,30.17471694946289,3.7063920497894287,-100.5069999999999
255,single_sentence_500,7,BUT HAS A FORM IN MATTER,audio__original,1.507601,1.588007,1.6883164644241333,1.7391000986099243,80.40599999999998
255,single_sentence_500,8,BUT HAS A FORM IN MATTER,audio__original,1.969932,1.920375,20.70915985107422,0.0029591398779302835,-49.55700000000007
255,single_sentence_500,9,BUT HAS A FORM IN MATTER,audio__original,2.030236,2.040287,1.4411903619766235,0.808914303779602,10.051000000000254
255,single_sentence_500,10,BUT HAS A FORM IN MATTER,audio__original,2.130743,2.110642,16.946685791015625,10.73408317565918,-20.100999999999924
255,single_sentence_500,11,BUT HAS A FORM IN MATTER,audio__original,2.392061,2.472,4.192853927612305,0.2634098529815674,79.93899999999998
256,single_sentence_500,0,BUT THIS WAS AN ACCIDENT,audio__original,0.443826,0.403813,14.21636962890625,0.0007970781880430877,-40.01300000000002
256,single_sentence_500,1,BUT THIS WAS AN ACCIDENT,audio__original,0.524522,0.544696,0.010631815530359745,0.001227250904776156,20.173999999999914
256,single_sentence_500,2,BUT THIS WAS AN ACCIDENT,audio__original,0.645565,0.56487,25.71778678894043,0.0013305110624060035,-80.69500000000008
256,single_sentence_500,3,BUT THIS WAS AN ACCIDENT,audio__original,0.907826,1.008696,59.562435150146484,8.506824493408203,100.87000000000002
256,single_sentence_500,4,BUT THIS WAS AN ACCIDENT,audio__original,1.089391,1.069217,24.012022018432617,1.6977925300598145,-20.173999999999914
256,single_sentence_500,5,BUT THIS WAS AN ACCIDENT,audio__original,1.210435,1.230609,18.517656326293945,15.734626770019531,20.174000000000134
256,single_sentence_500,6,BUT THIS WAS AN ACCIDENT,audio__original,1.270957,1.270957,17.110361099243164,17.110361099243164,0.0
256,single_sentence_500,7,BUT THIS WAS AN ACCIDENT,audio__original,1.311304,1.311304,73.63704681396484,73.63704681396484,0.0
256,single_sentence_500,8,BUT THIS WAS AN ACCIDENT,audio__original,1.432348,1.432348,18.51996421813965,18.51996421813965,0.0
256,single_sentence_500,9,BUT THIS WAS AN ACCIDENT,audio__original,1.896348,1.976312,23.460052490234375,0.17328858375549316,79.96400000000014
257,single_sentence_500,0,CALLED SIMEON THE SYRIAN,audio__original,0.20125,0.12125,3.769929885864258,0.008113808929920197,-80.00000000000001
257,single_sentence_500,1,CALLED SIMEON THE SYRIAN,audio__original,0.483,0.483,8.981985092163086,8.981985092163086,0.0
257,single_sentence_500,2,CALLED SIMEON THE SYRIAN,audio__original,0.623875,0.52325,67.05132293701172,64.72834777832031,-100.62499999999997
257,single_sentence_500,3,CALLED SIMEON THE SYRIAN,audio__original,1.066625,1.127,0.6198093891143799,1.486050009727478,60.37500000000007
257,single_sentence_500,4,CALLED SIMEON THE SYRIAN,audio__original,1.3685,1.292,20.08275032043457,0.001960605848580599,-76.50000000000001
257,single_sentence_500,5,CALLED SIMEON THE SYRIAN,audio__original,1.428875,1.449,53.11422348022461,27.5743350982666,20.12500000000017
257,single_sentence_500,6,CALLED SIMEON THE SYRIAN,audio__original,1.589875,1.589875,19.4926815032959,19.4926815032959,0.0
257,single_sentence_500,7,CALLED SIMEON THE SYRIAN,audio__original,2.274125,2.354125,0.0011157166445627809,0.0009271805756725371,79.99999999999963
258,single_sentence_500,0,CAME TO INQUIRE ABOUT IT,audio__original,0.2828,0.20275,41.31597900390625,0.17983222007751465,-80.04999999999998
258,single_sentence_500,1,CAME TO INQUIRE ABOUT IT,audio__original,0.4646,0.505,51.17428207397461,14.346470832824707,40.39999999999999
258,single_sentence_500,2,CAME TO INQUIRE ABOUT IT,audio__original,0.5656,0.5656,7.435469627380371,7.435469627380371,0.0
258,single_sentence_500,3,CAME TO INQUIRE ABOUT IT,audio__original,0.6464,0.6464,26.6591796875,26.6591796875,0.0
258,single_sentence_500,4,CAME TO INQUIRE ABOUT IT,audio__original,0.7878,0.7777,48.008689880371094,38.42690658569336,-10.099999999999998
258,single_sentence_500,5,CAME TO INQUIRE ABOUT IT,audio__original,1.2726,1.2928,48.5227165222168,48.30872344970703,20.199999999999996
258,single_sentence_500,6,CAME TO INQUIRE ABOUT IT,audio__original,1.3938,1.3938,1.3867650032043457,1.3867650032043457,0.0
258,single_sentence_500,7,CAME TO INQUIRE ABOUT IT,audio__original,1.6564,1.6564,5.194791316986084,5.194791316986084,0.0
258,single_sentence_500,8,CAME TO INQUIRE ABOUT IT,audio__original,1.717,1.717,7.735768795013428,7.735768795013428,0.0
258,single_sentence_500,9,CAME TO INQUIRE ABOUT IT,audio__original,1.7978,1.87775,0.074897401034832,0.4567112326622009,79.94999999999996
259,single_sentence_500,0,CHAPTER ONE MY EDUCATION,audio__original,0.220353,0.140313,65.24242401123047,0.03867366909980774,-80.04
259,single_sentence_500,1,CHAPTER ONE MY EDUCATION,audio__original,0.520833,0.540865,10.885934829711914,6.2454047203063965,20.03200000000005
259,single_sentence_500,2,CHAPTER ONE MY EDUCATION,audio__original,0.661058,0.661058,35.847652435302734,35.847652435302734,0.0
259,single_sentence_500,3,CHAPTER ONE MY EDUCATION,audio__original,0.78125,0.841346,3.597804069519043,0.2714599370956421,60.09600000000004
259,single_sentence_500,4,CHAPTER ONE MY EDUCATION,audio__original,1.702724,1.3815,9.440927505493164,0.00042850602767430246,-321.22399999999993
259,single_sentence_500,5,CHAPTER ONE MY EDUCATION,audio__original,1.782853,1.862981,6.788455486297607,23.875869750976562,80.12799999999997
259,single_sentence_500,6,CHAPTER ONE MY EDUCATION,audio__original,1.963141,1.923077,18.353199005126953,16.1673526763916,-40.0640000000001
259,single_sentence_500,7,CHAPTER ONE MY EDUCATION,audio__original,2.724359,2.804312,0.020643211901187897,0.0008119888952933252,79.95299999999972
260,single_sentence_500,0,CHERRY BLOSSOM IN A MIST,audio__original,0.643333,0.563312,131.0666961669922,0.2279009371995926,-80.02100000000002
260,single_sentence_500,1,CHERRY BLOSSOM IN A MIST,audio__original,0.824271,0.884583,8.67601490020752,0.6478230357170105,60.31200000000003
260,single_sentence_500,2,CHERRY BLOSSOM IN A MIST,audio__original,0.924792,0.904687,3.466592788696289,0.2572769522666931,-20.10499999999993
260,single_sentence_500,3,CHERRY BLOSSOM IN A MIST,audio__original,1.226354,1.236406,1.7760659456253052,9.566216468811035,10.05199999999995
260,single_sentence_500,4,CHERRY BLOSSOM IN A MIST,audio__original,1.286667,1.286667,12.063470840454102,12.063470840454102,0.0
260,single_sentence_500,5,CHERRY BLOSSOM IN A MIST,audio__original,1.326875,1.326875,23.602893829345703,23.602893829345703,0.0
260,single_sentence_500,6,CHERRY BLOSSOM IN A MIST,audio__original,1.387188,1.387188,53.46521759033203,53.46521759033203,0.0
260,single_sentence_500,7,CHERRY BLOSSOM IN A MIST,audio__original,1.407292,1.407292,4.440914154052734,4.440914154052734,0.0
260,single_sentence_500,8,CHERRY BLOSSOM IN A MIST,audio__original,1.487708,1.487708,19.728364944458008,19.728364944458008,0.0
260,single_sentence_500,9,CHERRY BLOSSOM IN A MIST,audio__original,1.708854,1.720813,0.056878626346588135,0.2645137310028076,11.95899999999983
261,single_sentence_500,0,CLOTHO FROM TIME TO TIME,audio__original,0.402151,0.322125,0.42061692476272583,0.001283723278902471,-80.02599999999998
261,single_sentence_500,1,CLOTHO FROM TIME TO TIME,audio__original,0.663548,0.743563,21.50946617126465,0.07521507143974304,80.01499999999994
261,single_sentence_500,2,CLOTHO FROM TIME TO TIME,audio__original,0.784194,0.784194,0.8911685347557068,0.8911685347557068,0.0
261,single_sentence_500,3,CLOTHO FROM TIME TO TIME,audio__original,0.904839,0.924946,2.0839667320251465,4.951246738433838,20.1070000000001
261,single_sentence_500,4,CLOTHO FROM TIME TO TIME,audio__original,0.985269,0.965161,2.1128509044647217,5.894625186920166,-20.107999999999905
261,single_sentence_500,5,CLOTHO FROM TIME TO TIME,audio__original,1.166237,1.186344,9.673827171325684,2.9305739402770996,20.1070000000001
261,single_sentence_500,6,CLOTHO FROM TIME TO TIME,audio__original,1.226559,1.226559,5.062264919281006,5.062264919281006,0.0
261,single_sentence_500,7,CLOTHO FROM TIME TO TIME,audio__original,1.266774,1.306989,9.239649772644043,0.4029468894004822,40.21499999999989
261,single_sentence_500,8,CLOTHO FROM TIME TO TIME,audio__original,1.407527,1.347204,38.91826248168945,10.046452522277832,-60.32299999999991
261,single_sentence_500,9,CLOTHO FROM TIME TO TIME,audio__original,1.648817,1.728813,17.88142204284668,0.6574695110321045,79.99599999999995
262,single_sentence_500,0,COME ALONG NOW COME SLOW,audio__original,0.5608,0.49675,2.826186180114746,0.0038558845408260822,-64.04999999999994
262,single_sentence_500,1,COME ALONG NOW COME SLOW,audio__original,0.680971,0.680971,21.865772247314453,21.865772247314453,0.0
262,single_sentence_500,2,COME ALONG NOW COME SLOW,audio__original,0.721029,0.721029,12.650858879089355,12.650858879089355,0.0
262,single_sentence_500,3,COME ALONG NOW COME SLOW,audio__original,0.961371,0.9814,6.772680282592773,0.733567476272583,20.029000000000075
262,single_sentence_500,4,COME ALONG NOW COME SLOW,audio__original,1.061514,1.0515,5.420426845550537,14.436710357666016,-10.013999999999967
262,single_sentence_500,5,COME ALONG NOW COME SLOW,audio__original,1.201714,1.281829,13.11124038696289,0.13476873934268951,80.11500000000015
262,single_sentence_500,6,COME ALONG NOW COME SLOW,audio__original,2.503571,2.19,4.2002763748168945,0.0012085888301953673,-313.571
262,single_sentence_500,7,COME ALONG NOW COME SLOW,audio__original,2.723886,2.763943,1.6122087240219116,1.288416862487793,40.05700000000001
262,single_sentence_500,8,COME ALONG NOW COME SLOW,audio__original,2.844057,2.844057,1.5466609001159668,1.5466609001159668,0.0
262,single_sentence_500,9,COME ALONG NOW COME SLOW,audio__original,3.104429,3.184375,24.53580093383789,0.06591762602329254,79.94600000000007
263,single_sentence_500,0,DAGDA THE IRISH CORN GOD,audio__original,0.442075,0.362063,87.33074951171875,0.020610779523849487,-80.01199999999997
263,single_sentence_500,1,DAGDA THE IRISH CORN GOD,audio__original,0.803774,0.904245,52.40470504760742,18.115663528442383,100.47099999999998
263,single_sentence_500,2,DAGDA THE IRISH CORN GOD,audio__original,0.984623,0.984623,0.035575732588768005,0.035575732588768005,0.0
263,single_sentence_500,3,DAGDA THE IRISH CORN GOD,audio__original,1.044906,1.060938,48.41480255126953,40.72476577758789,16.032000000000046
263,single_sentence_500,4,DAGDA THE IRISH CORN GOD,audio__original,1.145377,1.105189,37.070831298828125,106.56204986572266,-40.188000000000116
263,single_sentence_500,5,DAGDA THE IRISH CORN GOD,audio__original,1.386509,1.406604,9.04684829711914,0.07982764393091202,20.094999999999974
263,single_sentence_500,6,DAGDA THE IRISH CORN GOD,audio__original,1.466887,1.426698,2.730713367462158,0.12683139741420746,-40.18900000000003
263,single_sentence_500,7,DAGDA THE IRISH CORN GOD,audio__original,1.647736,1.687925,3.3676517009735107,1.5911498069763184,40.18899999999981
263,single_sentence_500,8,DAGDA THE IRISH CORN GOD,audio__original,1.748208,1.708019,43.579227447509766,0.24520760774612427,-40.18900000000003
263,single_sentence_500,9,DAGDA THE IRISH CORN GOD,audio__original,1.969245,2.049187,1.6082847118377686,0.010745201259851456,79.94199999999995
264,single_sentence_500,0,EXTREME A BLISS IN PROOF,audio__original,0.280886,0.280886,3.4223499298095703,3.4223499298095703,0.0
264,single_sentence_500,1,EXTREME A BLISS IN PROOF,audio__original,0.782468,0.822595,0.7745495438575745,1.283854603767395,40.12699999999991
264,single_sentence_500,2,EXTREME A BLISS IN PROOF,audio__original,2.006329,1.484684,30.85541534423828,0.06844696402549744,-521.6450000000001
264,single_sentence_500,3,EXTREME A BLISS IN PROOF,audio__original,2.026392,2.036424,10.90601634979248,2.2609753608703613,10.031999999999819
264,single_sentence_500,4,EXTREME A BLISS IN PROOF,audio__original,2.106646,2.086582,3.7643914222717285,6.717872619628906,-20.06400000000008
264,single_sentence_500,5,EXTREME A BLISS IN PROOF,audio__original,2.347405,2.357437,5.163743495941162,28.702659606933594,10.031999999999819
264,single_sentence_500,6,EXTREME A BLISS IN PROOF,audio__original,2.407595,2.397563,10.608757972717285,18.798336029052734,-10.032000000000263
264,single_sentence_500,7,EXTREME A BLISS IN PROOF,audio__original,2.467785,2.477816,13.060108184814453,13.951991081237793,10.030999999999679
264,single_sentence_500,8,EXTREME A BLISS IN PROOF,audio__original,2.588165,2.55807,1.0821179151535034,1.1749156713485718,-30.095000000000205
264,single_sentence_500,9,EXTREME A BLISS IN PROOF,audio__original,2.889114,2.889114,0.37519383430480957,0.37519383430480957,0.0
265,single_sentence_500,0,FURTHER THE APOSTLE SAYS,audio__original,0.423853,0.343813,227.33189392089844,0.02314826473593712,-80.04
265,single_sentence_500,1,FURTHER THE APOSTLE SAYS,audio__original,0.686239,0.726606,64.59687805175781,54.0079345703125,40.36699999999993
265,single_sentence_500,2,FURTHER THE APOSTLE SAYS,audio__original,0.807339,0.807339,4.076488971710205,4.076488971710205,0.0
265,single_sentence_500,3,FURTHER THE APOSTLE SAYS,audio__original,0.86789,0.888073,27.228517532348633,87.52325439453125,20.18299999999995
265,single_sentence_500,4,FURTHER THE APOSTLE SAYS,audio__original,0.948624,0.948624,0.11071749031543732,0.11071749031543732,0.0
265,single_sentence_500,5,FURTHER THE APOSTLE SAYS,audio__original,1.412844,1.432813,6.983037948608398,0.2888416349887848,19.9689999999999
265,single_sentence_500,6,FURTHER THE APOSTLE SAYS,audio__original,1.574312,1.574312,2.4255852699279785,2.4255852699279785,0.0
265,single_sentence_500,7,FURTHER THE APOSTLE SAYS,audio__original,1.897248,1.977188,4.24449348449707,2.586968421936035,79.9399999999999
266,single_sentence_500,0,HE LOOKED ROUND THE ROOM,audio__original,0.543034,0.463,0.10402747988700867,0.008403746411204338,-80.03399999999999
266,single_sentence_500,1,HE LOOKED ROUND THE ROOM,audio__original,0.583258,0.583258,4.575428485870361,4.575428485870361,0.0
266,single_sentence_500,2,HE LOOKED ROUND THE ROOM,audio__original,0.643596,0.633539,1.4875681400299072,14.907523155212402,-10.056999999999983
266,single_sentence_500,3,HE LOOKED ROUND THE ROOM,audio__original,0.824607,0.824607,23.468997955322266,23.468997955322266,0.0
266,single_sentence_500,4,HE LOOKED ROUND THE ROOM,audio__original,0.925169,0.864831,16.20413589477539,7.851484775543213,-60.338
266,single_sentence_500,5,HE LOOKED ROUND THE ROOM,audio__original,1.086067,1.096124,2.8339381217956543,1.086726188659668,10.057000000000205
266,single_sentence_500,6,HE LOOKED ROUND THE ROOM,audio__original,1.146404,1.146404,18.147748947143555,18.147748947143555,0.0
266,single_sentence_500,7,HE LOOKED ROUND THE ROOM,audio__original,1.206742,1.216798,2.7600512504577637,5.766062259674072,10.056000000000065
266,single_sentence_500,8,HE LOOKED ROUND THE ROOM,audio__original,1.307303,1.267079,5.803675174713135,5.478922367095947,-40.22400000000004
266,single_sentence_500,9,HE LOOKED ROUND THE ROOM,audio__original,1.568764,1.64875,1.092586636543274,2.648311138153076,79.98599999999989
267,single_sentence_500,0,HE TOLD ME IN CONFIDENCE,audio__original,0.322832,0.242812,11.222321510314941,0.0035161718260496855,-80.02000000000001
267,single_sentence_500,1,HE TOLD ME IN CONFIDENCE,audio__original,0.383363,0.443894,25.156993865966797,0.2191774994134903,60.531
267,single_sentence_500,2,HE TOLD ME IN CONFIDENCE,audio__original,0.564956,0.484248,3.698434829711914,0.005225732456892729,-80.708
267,single_sentence_500,3,HE TOLD ME IN CONFIDENCE,audio__original,0.766726,0.776814,2.509809732437134,2.091369867324829,10.087999999999987
267,single_sentence_500,4,HE TOLD ME IN CONFIDENCE,audio__original,0.847434,0.827257,34.770233154296875,10.388080596923828,-20.177
267,single_sentence_500,5,HE TOLD ME IN CONFIDENCE,audio__original,0.907965,0.958407,10.50196361541748,12.103458404541016,50.441999999999986
267,single_sentence_500,6,HE TOLD ME IN CONFIDENCE,audio__original,1.069381,1.069381,62.02000045776367,62.02000045776367,0.0
267,single_sentence_500,7,HE TOLD ME IN CONFIDENCE,audio__original,1.129912,1.150088,2.8367702960968018,0.38635843992233276,20.175999999999974
267,single_sentence_500,8,HE TOLD ME IN CONFIDENCE,audio__original,1.27115,1.190442,26.826326370239258,2.1628270149230957,-80.708
267,single_sentence_500,9,HE TOLD ME IN CONFIDENCE,audio__original,1.896637,1.976625,1.0697219371795654,0.005780939012765884,79.98800000000017
268,single_sentence_500,0,HE WAS THERE SHE KNEW IT,audio__original,0.361177,0.281125,0.9023586511611938,0.002565987640991807,-80.052
268,single_sentence_500,1,HE WAS THERE SHE KNEW IT,audio__original,0.421373,0.461504,1.6529042720794678,3.6732077598571777,40.13100000000003
268,single_sentence_500,2,HE WAS THERE SHE KNEW IT,audio__original,0.5217,0.511667,4.687012195587158,4.812648773193359,-10.033000000000069
268,single_sentence_500,3,HE WAS THERE SHE KNEW IT,audio__original,0.642092,0.662157,1.1050752401351929,0.7802315950393677,20.064999999999998
268,single_sentence_500,4,HE WAS THERE SHE KNEW IT,audio__original,0.722354,0.702288,50.855926513671875,0.11773490160703659,-20.066000000000027
268,single_sentence_500,5,HE WAS THERE SHE KNEW IT,audio__original,0.923007,0.983204,4.340446472167969,1.7435537576675415,60.196999999999946
268,single_sentence_500,6,HE WAS THERE SHE KNEW IT,audio__original,1.825949,1.69175,181.49679565429688,0.00024429571931250393,-134.19899999999996
268,single_sentence_500,7,HE WAS THERE SHE KNEW IT,audio__original,1.926276,1.956374,5.577182769775391,3.489863872528076,30.097999999999956
268,single_sentence_500,8,HE WAS THERE SHE KNEW IT,audio__original,2.066734,2.056701,0.3828628659248352,0.578344464302063,-10.032999999999959
268,single_sentence_500,9,HE WAS THERE SHE KNEW IT,audio__original,2.207192,2.371188,3.7973570823669434,0.0008295513107441366,163.99600000000004
268,single_sentence_500,10,HE WAS THERE SHE KNEW IT,audio__original,2.528238,2.528238,0.032590337097644806,0.032590337097644806,0.0
268,single_sentence_500,11,HE WAS THERE SHE KNEW IT,audio__original,2.568368,2.648312,0.00048458101809956133,0.0004306056071072817,79.94400000000024
269,single_sentence_500,0,HER FAVORITE SON OH DEAR,audio__original,0.301891,0.221875,26.918617248535156,0.001601660274900496,-80.01600000000003
269,single_sentence_500,1,HER FAVORITE SON OH DEAR,audio__original,0.402521,0.422647,7.085486888885498,3.440654754638672,20.125999999999976
269,single_sentence_500,2,HER FAVORITE SON OH DEAR,audio__original,0.523277,0.491,116.53265380859375,1.8850107192993164,-32.277
269,single_sentence_500,3,HER FAVORITE SON OH DEAR,audio__original,0.825168,0.825168,58.89481735229492,58.89481735229492,0.0
269,single_sentence_500,4,HER FAVORITE SON OH DEAR,audio__original,0.905672,0.885546,106.14688110351562,347.939208984375,-20.125999999999976
269,single_sentence_500,5,HER FAVORITE SON OH DEAR,audio__original,1.106933,1.187437,2.2376489639282227,1.8584438562393188,80.50400000000013
269,single_sentence_500,6,HER FAVORITE SON OH DEAR,audio__original,1.52958,1.364188,1.5526504516601562,0.002485595177859068,-165.392
269,single_sentence_500,7,HER FAVORITE SON OH DEAR,audio__original,1.63021,1.650336,2.1894474029541016,1.2037793397903442,20.12600000000009
269,single_sentence_500,8,HER FAVORITE SON OH DEAR,audio__original,1.811345,1.73084,2.3050131797790527,0.0479116290807724,-80.50500000000005
269,single_sentence_500,9,HER FAVORITE SON OH DEAR,audio__original,2.173613,2.161563,0.005438655614852905,0.002004080917686224,-12.049999999999894
270,single_sentence_500,0,I GRANT SAID THE SENATOR,audio__original,0.585321,0.541312,62.7855339050293,0.6333455443382263,-44.008999999999965
270,single_sentence_500,1,I GRANT SAID THE SENATOR,audio__original,0.605505,0.666055,19.474407196044922,6.534796237945557,60.54999999999999
270,single_sentence_500,2,I GRANT SAID THE SENATOR,audio__original,0.787156,0.742625,0.9548256397247314,1.4755605459213257,-44.530999999999985
270,single_sentence_500,3,I GRANT SAID THE SENATOR,audio__original,1.130275,1.140367,2.924124002456665,0.25793811678886414,10.09199999999999
270,single_sentence_500,4,I GRANT SAID THE SENATOR,audio__original,1.231193,1.190826,1.8907724618911743,3.5055484771728516,-40.36700000000004
270,single_sentence_500,5,I GRANT SAID THE SENATOR,audio__original,1.372477,1.3845,1.4599875211715698,0.9599291682243347,12.023000000000117
270,single_sentence_500,6,I GRANT SAID THE SENATOR,audio__original,1.433028,1.412844,11.820701599121094,3.8197600841522217,-20.18399999999998
270,single_sentence_500,7,I GRANT SAID THE SENATOR,audio__original,1.493578,1.50367,5.174165725708008,9.90962028503418,10.09199999999999
270,single_sentence_500,8,I GRANT SAID THE SENATOR,audio__original,1.594495,1.554128,54.067962646484375,5.229493618011475,-40.36700000000004
270,single_sentence_500,9,I GRANT SAID THE SENATOR,audio__original,2.13945,2.155438,11.947575569152832,0.8526073694229126,15.988000000000113
271,single_sentence_500,0,I HAVE NOT HAD IT ON YET,audio__original,0.321495,0.241437,0.49604523181915283,0.0037135311868041754,-80.05799999999996
271,single_sentence_500,1,I HAVE NOT HAD IT ON YET,audio__original,0.341589,0.341589,105.5909652709961,105.5909652709961,0.0
271,single_sentence_500,2,I HAVE NOT HAD IT ON YET,audio__original,0.401869,0.401869,72.46892547607422,72.46892547607422,0.0
271,single_sentence_500,3,I HAVE NOT HAD IT ON YET,audio__original,0.52243,0.52243,0.7000666856765747,0.7000666856765747,0.0
271,single_sentence_500,4,I HAVE NOT HAD IT ON YET,audio__original,0.562617,0.562617,15.829695701599121,15.829695701599121,0.0
271,single_sentence_500,5,I HAVE NOT HAD IT ON YET,audio__original,0.683178,0.703271,0.01971326395869255,0.02917112223803997,20.09300000000003
271,single_sentence_500,6,I HAVE NOT HAD IT ON YET,audio__original,1.225701,1.0435,5.708447456359863,0.0007625347934663296,-182.20099999999982
271,single_sentence_500,7,I HAVE NOT HAD IT ON YET,audio__original,1.346262,1.346262,11.062093734741211,11.062093734741211,0.0
271,single_sentence_500,8,I HAVE NOT HAD IT ON YET,audio__original,1.406542,1.406542,0.038636770099401474,0.038636770099401474,0.0
271,single_sentence_500,9,I HAVE NOT HAD IT ON YET,audio__original,1.466822,1.466822,5.773218631744385,5.773218631744385,0.0
271,single_sentence_500,10,I HAVE NOT HAD IT ON YET,audio__original,1.547196,1.507009,2.164102077484131,1.7654941082000732,-40.18699999999997
271,single_sentence_500,11,I HAVE NOT HAD IT ON YET,audio__original,1.647664,1.667757,2.6262412071228027,0.7045091986656189,20.09299999999992
271,single_sentence_500,12,I HAVE NOT HAD IT ON YET,audio__original,1.768224,1.728037,9.841347694396973,1.153608798980713,-40.18699999999997
271,single_sentence_500,13,I HAVE NOT HAD IT ON YET,audio__original,1.908879,1.900875,0.004050955642014742,0.0020774523727595806,-8.0039999999999
272,single_sentence_500,0,IN PURSUING THIS INQUIRY,audio__original,0.56336,0.483312,52.164710998535156,0.036401111632585526,-80.04799999999996
272,single_sentence_500,1,IN PURSUING THIS INQUIRY,audio__original,0.64384,0.66396,12.309797286987305,0.31719040870666504,20.120000000000026
272,single_sentence_500,2,IN PURSUING THIS INQUIRY,audio__original,0.74444,0.708125,2.328518867492676,0.05209122225642204,-36.31499999999998
272,single_sentence_500,3,IN PURSUING THIS INQUIRY,audio__original,1.24744,1.24744,2.162733793258667,2.162733793258667,0.0
272,single_sentence_500,4,IN PURSUING THIS INQUIRY,audio__original,1.34804,1.3078,9.916462898254395,7.12835693359375,-40.23999999999983
272,single_sentence_500,5,IN PURSUING THIS INQUIRY,audio__original,1.509,1.52912,10.215839385986328,11.537138938903809,20.12000000000014
272,single_sentence_500,6,IN PURSUING THIS INQUIRY,audio__original,1.66996,1.58948,23.201688766479492,0.06731900572776794,-80.4800000000001
272,single_sentence_500,7,IN PURSUING THIS INQUIRY,audio__original,2.09248,2.172438,13.211318016052246,0.0649932324886322,79.95799999999997
273,single_sentence_500,0,IN SCOTLAND WHERE HE LAY,audio__original,0.240526,0.1605,30.055349349975586,0.2237732708454132,-80.02599999999998
273,single_sentence_500,1,IN SCOTLAND WHERE HE LAY,audio__original,0.300658,0.320702,4.8140339851379395,42.87313461303711,20.044000000000008
273,single_sentence_500,2,IN SCOTLAND WHERE HE LAY,audio__original,0.420921,0.420921,18.042020797729492,18.042020797729492,0.0
273,single_sentence_500,3,IN SCOTLAND WHERE HE LAY,audio__original,0.942061,0.982149,12.7902193069458,13.671832084655762,40.088000000000015
273,single_sentence_500,4,IN SCOTLAND WHERE HE LAY,audio__original,1.182588,1.142375,2.673607587814331,0.31627482175827026,-40.21300000000005
273,single_sentence_500,5,IN SCOTLAND WHERE HE LAY,audio__original,1.362982,1.40307,7.930619239807129,24.84874725341797,40.08800000000012
273,single_sentence_500,6,IN SCOTLAND WHERE HE LAY,audio__original,1.463202,1.443158,17.890079498291016,2.584671974182129,-20.04399999999995
273,single_sentence_500,7,IN SCOTLAND WHERE HE LAY,audio__original,1.503289,1.533355,1.3789331912994385,2.896829128265381,30.065999999999924
273,single_sentence_500,8,IN SCOTLAND WHERE HE LAY,audio__original,1.66364,1.603509,11.037818908691406,2.945059061050415,-60.130999999999936
273,single_sentence_500,9,IN SCOTLAND WHERE HE LAY,audio__original,2.104605,2.184563,0.5120935440063477,0.5614299178123474,79.95799999999997
274,single_sentence_500,0,IT WAS NOT WITHOUT TEARS,audio__original,0.321684,0.261625,30.978885650634766,0.015644105151295662,-60.059000000000026
274,single_sentence_500,1,IT WAS NOT WITHOUT TEARS,audio__original,0.402105,0.402105,10.300141334533691,10.300141334533691,0.0
274,single_sentence_500,2,IT WAS NOT WITHOUT TEARS,audio__original,0.462421,0.442316,20.35718536376953,3.8563790321350098,-20.10500000000004
274,single_sentence_500,3,IT WAS NOT WITHOUT TEARS,audio__original,0.583053,0.583053,1.2632755041122437,1.2632755041122437,0.0
274,single_sentence_500,4,IT WAS NOT WITHOUT TEARS,audio__original,0.683579,0.643368,66.62174987792969,7.970850944519043,-40.211
274,single_sentence_500,5,IT WAS NOT WITHOUT TEARS,audio__original,0.804211,0.82025,20.555631637573242,0.9019430875778198,16.039000000000026
274,single_sentence_500,6,IT WAS NOT WITHOUT TEARS,audio__original,0.864526,0.864526,7.571744441986084,7.571744441986084,0.0
274,single_sentence_500,7,IT WAS NOT WITHOUT TEARS,audio__original,1.166105,1.166105,0.17566648125648499,0.17566648125648499,0.0
274,single_sentence_500,8,IT WAS NOT WITHOUT TEARS,audio__original,1.286737,1.226421,3.943394184112549,4.228531837463379,-60.31600000000004
274,single_sentence_500,9,IT WAS NOT WITHOUT TEARS,audio__original,1.628526,1.5485,4.107802867889404,3.8434228897094727,-80.02599999999993
275,single_sentence_500,0,MAN IS ALWAYS THE MASTER,audio__original,0.602804,0.54275,259.5855407714844,0.022169267758727074,-60.05400000000005
275,single_sentence_500,1,MAN IS ALWAYS THE MASTER,audio__original,0.723364,0.743458,121.94992065429688,78.52523040771484,20.093999999999944
275,single_sentence_500,2,MAN IS ALWAYS THE MASTER,audio__original,0.803738,0.803738,112.9088134765625,112.9088134765625,0.0
275,single_sentence_500,3,MAN IS ALWAYS THE MASTER,audio__original,0.884112,0.884112,44.94824981689453,44.94824981689453,0.0
275,single_sentence_500,4,MAN IS ALWAYS THE MASTER,audio__original,0.984579,0.944393,57.27462387084961,60.20184326171875,-40.18599999999994
275,single_sentence_500,5,MAN IS ALWAYS THE MASTER,audio__original,1.225701,1.225701,14.927129745483398,14.927129745483398,0.0
275,single_sentence_500,6,MAN IS ALWAYS THE MASTER,audio__original,1.285981,1.285981,22.829627990722656,22.829627990722656,0.0
275,single_sentence_500,7,MAN IS ALWAYS THE MASTER,audio__original,1.346262,1.346262,27.124427795410156,27.124427795410156,0.0
275,single_sentence_500,8,MAN IS ALWAYS THE MASTER,audio__original,1.426636,1.386449,130.26837158203125,55.03965377807617,-40.18699999999997
275,single_sentence_500,9,MAN IS ALWAYS THE MASTER,audio__original,1.768224,1.848188,26.636838912963867,0.12311404943466187,79.96399999999993
276,single_sentence_500,0,MARTHA HE CALLED QUICKLY,audio__original,0.504854,0.436812,24.275224685668945,0.018784891813993454,-68.04200000000004
276,single_sentence_500,1,MARTHA HE CALLED QUICKLY,audio__original,0.767379,0.827961,17.044374465942383,0.8561291694641113,60.581999999999915
276,single_sentence_500,2,MARTHA HE CALLED QUICKLY,audio__original,1.070291,1.032938,30.291492462158203,0.02729269489645958,-37.35300000000019
276,single_sentence_500,3,MARTHA HE CALLED QUICKLY,audio__original,1.11068,1.151068,19.92774772644043,0.37647512555122375,40.38800000000009
276,single_sentence_500,4,MARTHA HE CALLED QUICKLY,audio__original,1.252039,1.21165,2.146793842315674,3.885432720184326,-40.38900000000001
276,single_sentence_500,5,MARTHA HE CALLED QUICKLY,audio__original,1.474175,1.474175,0.07557202875614166,0.07557202875614166,0.0
276,single_sentence_500,6,MARTHA HE CALLED QUICKLY,audio__original,1.534757,1.514563,5.639337539672852,0.7466079592704773,-20.193999999999825
276,single_sentence_500,7,MARTHA HE CALLED QUICKLY,audio__original,1.817476,1.897438,33.396060943603516,1.9807709455490112,79.96199999999986
277,single_sentence_500,0,NO HARM RETORTED DIAMOND,audio__original,0.661038,0.581,45.38914108276367,0.7222058773040771,-80.03800000000005
277,single_sentence_500,1,NO HARM RETORTED DIAMOND,audio__original,0.821289,1.001572,51.85648727416992,17.925769805908203,180.28299999999987
277,single_sentence_500,2,NO HARM RETORTED DIAMOND,audio__original,1.181855,1.141687,90.88395690917969,0.11293485015630722,-40.168000000000205
277,single_sentence_500,3,NO HARM RETORTED DIAMOND,audio__original,1.582484,1.66261,4.672204971313477,0.728411853313446,80.12599999999992
277,single_sentence_500,4,NO HARM RETORTED DIAMOND,audio__original,1.983113,1.782799,3.301147699356079,0.009356223046779633,-200.31399999999988
277,single_sentence_500,5,NO HARM RETORTED DIAMOND,audio__original,2.483899,2.483899,0.07597506046295166,0.07597506046295166,0.0
277,single_sentence_500,6,NO HARM RETORTED DIAMOND,audio__original,2.564025,2.543994,18.662734985351562,0.7091567516326904,-20.03099999999991
277,single_sentence_500,7,NO HARM RETORTED DIAMOND,audio__original,2.884528,2.9645,0.4592214822769165,0.01059565506875515,79.97200000000015
278,single_sentence_500,0,NO MORE THAN THE DANCING,audio__original,0.604167,0.524125,55.37187194824219,0.8635492920875549,-80.04200000000006
278,single_sentence_500,1,NO MORE THAN THE DANCING,audio__original,0.664583,0.694792,43.24100112915039,20.263351440429688,30.208999999999932
278,single_sentence_500,2,NO MORE THAN THE DANCING,audio__original,0.805556,0.785417,21.95824432373047,59.84817886352539,-20.139000000000017
278,single_sentence_500,3,NO MORE THAN THE DANCING,audio__original,0.946528,0.946528,58.72161102294922,58.72161102294922,0.0
278,single_sentence_500,4,NO MORE THAN THE DANCING,audio__original,1.047222,1.027083,96.96123504638672,1.668670415878296,-20.13900000000013
278,single_sentence_500,5,NO MORE THAN THE DANCING,audio__original,1.168056,1.178125,117.22247314453125,15.84746265411377,10.069000000000106
278,single_sentence_500,6,NO MORE THAN THE DANCING,audio__original,1.228472,1.228472,52.1108512878418,52.1108512878418,0.0
278,single_sentence_500,7,NO MORE THAN THE DANCING,audio__original,1.288889,1.288889,0.7672905325889587,0.7672905325889587,0.0
278,single_sentence_500,8,NO MORE THAN THE DANCING,audio__original,1.369444,1.349306,67.05461120605469,108.24455261230469,-20.13800000000021
278,single_sentence_500,9,NO MORE THAN THE DANCING,audio__original,1.772222,1.852188,33.693275451660156,0.5753121972084045,79.96599999999998
279,single_sentence_500,0,O ENONE QUICKLY REPENTED,audio__original,0.623851,0.543813,51.651275634765625,1.3307280540466309,-80.03800000000005
279,single_sentence_500,1,O ENONE QUICKLY REPENTED,audio__original,0.643975,0.744596,57.47273254394531,25.43804931640625,100.62100000000007
279,single_sentence_500,2,O ENONE QUICKLY REPENTED,audio__original,0.825093,0.794907,49.2393684387207,14.807791709899902,-30.185999999999936
279,single_sentence_500,3,O ENONE QUICKLY REPENTED,audio__original,1.227578,1.388571,38.84151840209961,0.23320744931697845,160.99299999999994
279,single_sentence_500,4,O ENONE QUICKLY REPENTED,audio__original,1.770932,1.505125,4.3886542320251465,0.066551573574543,-265.8069999999999
279,single_sentence_500,5,O ENONE QUICKLY REPENTED,audio__original,2.113043,2.213665,40.989681243896484,3.6769680976867676,100.62200000000044
279,single_sentence_500,6,O ENONE QUICKLY REPENTED,audio__original,2.354534,2.278062,74.33744812011719,0.6199309825897217,-76.47200000000032
279,single_sentence_500,7,O ENONE QUICKLY REPENTED,audio__original,3.058882,3.014875,0.05648915097117424,0.05244612321257591,-44.00700000000013
280,single_sentence_500,0,OF BENEVOLENCE AND ANGER,audio__original,0.362109,0.282062,41.48143768310547,0.16631385684013367,-80.04700000000004
280,single_sentence_500,1,OF BENEVOLENCE AND ANGER,audio__original,0.422461,0.442578,2.342853307723999,1.042099118232727,20.11700000000005
280,single_sentence_500,2,OF BENEVOLENCE AND ANGER,audio__original,0.523047,0.506812,92.91697692871094,1.2125221490859985,-16.235
280,single_sentence_500,3,OF BENEVOLENCE AND ANGER,audio__original,1.14668,1.207031,14.82177734375,3.7727103233337402,60.35100000000004
280,single_sentence_500,4,OF BENEVOLENCE AND ANGER,audio__original,1.408203,1.271375,24.69375228881836,0.02542109414935112,-136.82800000000017
280,single_sentence_500,5,OF BENEVOLENCE AND ANGER,audio__original,1.508789,1.524812,13.564358711242676,9.979204177856445,16.02300000000012
280,single_sentence_500,6,OF BENEVOLENCE AND ANGER,audio__original,1.689844,1.589258,5.061222076416016,41.55264663696289,-100.58599999999984
280,single_sentence_500,7,OF BENEVOLENCE AND ANGER,audio__original,2.092188,2.172188,0.035888150334358215,0.03962548077106476,79.99999999999963
281,single_sentence_500,0,OF THE EFFECTS OF CUSTOM,audio__original,0.504132,0.424125,33.68410110473633,0.04430636391043663,-80.00700000000005
281,single_sentence_500,1,OF THE EFFECTS OF CUSTOM,audio__original,0.584793,0.594876,13.347777366638184,12.201020240783691,10.082999999999952
281,single_sentence_500,2,OF THE EFFECTS OF CUSTOM,audio__original,0.645289,0.645289,138.34275817871094,138.34275817871094,0.0
281,single_sentence_500,3,OF THE EFFECTS OF CUSTOM,audio__original,0.72595,0.72595,12.31775188446045,12.31775188446045,0.0
281,single_sentence_500,4,OF THE EFFECTS OF CUSTOM,audio__original,0.826777,0.826777,5.628833770751953,5.628833770751953,0.0
281,single_sentence_500,5,OF THE EFFECTS OF CUSTOM,audio__original,1.250248,1.270413,13.206795692443848,3.4478538036346436,20.16499999999999
281,single_sentence_500,6,OF THE EFFECTS OF CUSTOM,audio__original,1.391405,1.330909,44.86068344116211,52.5134162902832,-60.49600000000011
281,single_sentence_500,7,OF THE EFFECTS OF CUSTOM,audio__original,1.472066,1.472066,1.3504441976547241,1.3504441976547241,0.0
281,single_sentence_500,8,OF THE EFFECTS OF CUSTOM,audio__original,1.593058,1.532562,26.657995223999023,5.364540100097656,-60.49600000000011
281,single_sentence_500,9,OF THE EFFECTS OF CUSTOM,audio__original,1.935868,2.015813,5.617883682250977,0.2310972809791565,79.94500000000015
282,single_sentence_500,0,OH YOU ARE THERE ARE YOU,audio__original,0.320757,0.24075,4.994012832641602,5.7680277824401855,-80.00700000000002
282,single_sentence_500,1,OH YOU ARE THERE ARE YOU,audio__original,0.420994,0.52123,25.830888748168945,1.230905532836914,100.23599999999999
282,single_sentence_500,2,OH YOU ARE THERE ARE YOU,audio__original,0.841987,0.709438,0.9319795966148376,0.0023915600031614304,-132.54900000000004
282,single_sentence_500,3,OH YOU ARE THERE ARE YOU,audio__original,0.942224,0.952247,5.749562740325928,0.6939999461174011,10.023000000000003
282,single_sentence_500,4,OH YOU ARE THERE ARE YOU,audio__original,1.062508,1.022413,7.589672088623047,10.548038482666016,-40.09499999999999
282,single_sentence_500,5,OH YOU ARE THERE ARE YOU,audio__original,1.182791,1.202839,12.699808120727539,8.62840747833252,20.048000000000066
282,single_sentence_500,6,OH YOU ARE THERE ARE YOU,audio__original,1.262981,1.242938,19.281076431274414,1.122464895248413,-20.04299999999981
282,single_sentence_500,7,OH YOU ARE THERE ARE YOU,audio__original,1.423359,1.433383,19.0566349029541,73.47541809082031,10.024000000000033
282,single_sentence_500,8,OH YOU ARE THERE ARE YOU,audio__original,1.543643,1.513572,2.5963709354400635,57.0408935546875,-30.071000000000183
282,single_sentence_500,9,OH YOU ARE THERE ARE YOU,audio__original,1.64388,1.663927,7.4107584953308105,1.089082956314087,20.046999999999926
282,single_sentence_500,10,OH YOU ARE THERE ARE YOU,audio__original,1.724069,1.724069,10.69466495513916,10.69466495513916,0.0
282,single_sentence_500,11,OH YOU ARE THERE ARE YOU,audio__original,1.984684,1.996625,0.0009940307354554534,0.002060184022411704,11.941000000000201
283,single_sentence_500,0,OLD WINDBAG HE SPUTTERED,audio__original,0.320563,0.240563,4.949570178985596,0.9374760389328003,-79.99999999999999
283,single_sentence_500,1,OLD WINDBAG HE SPUTTERED,audio__original,0.480845,0.480845,130.73150634765625,130.73150634765625,0.0
283,single_sentence_500,2,OLD WINDBAG HE SPUTTERED,audio__original,0.621092,0.585,32.196842193603516,0.9625141024589539,-36.09200000000001
283,single_sentence_500,3,OLD WINDBAG HE SPUTTERED,audio__original,1.182077,1.198063,4.16575813293457,1.4767582416534424,15.986000000000056
283,single_sentence_500,4,OLD WINDBAG HE SPUTTERED,audio__original,1.763099,1.486312,0.261114239692688,0.003799952333793044,-276.7869999999999
283,single_sentence_500,5,OLD WINDBAG HE SPUTTERED,audio__original,1.823204,1.823204,5.95393180847168,5.95393180847168,0.0
283,single_sentence_500,6,OLD WINDBAG HE SPUTTERED,audio__original,1.92338,1.92338,8.83053207397461,8.83053207397461,0.0
283,single_sentence_500,7,OLD WINDBAG HE SPUTTERED,audio__original,2.38419,2.440187,0.1040731742978096,0.019753187894821167,55.99700000000007
284,single_sentence_500,0,PLEASE DON'T TEASE ME SO,audio__original,0.403361,0.403313,0.12042549252510071,0.12042549252510071,-0.048000000000048004
284,single_sentence_500,1,PLEASE DON'T TEASE ME SO,audio__original,0.806723,0.867227,0.3572167754173279,0.15175801515579224,60.504000000000005
284,single_sentence_500,2,PLEASE DON'T TEASE ME SO,audio__original,0.988235,0.931688,192.03993225097656,0.0008729362743906677,-56.54700000000001
284,single_sentence_500,3,PLEASE DON'T TEASE ME SO,audio__original,1.210084,1.210084,0.007055678404867649,0.007055678404867649,0.0
284,single_sentence_500,4,PLEASE DON'T TEASE ME SO,audio__original,1.351261,1.25042,3.1125831604003906,0.002050972543656826,-100.84099999999995
284,single_sentence_500,5,PLEASE DON'T TEASE ME SO,audio__original,1.573109,1.573109,0.5005100965499878,0.5005100965499878,0.0
284,single_sentence_500,6,PLEASE DON'T TEASE ME SO,audio__original,1.653782,1.643697,2.2118215560913086,3.776414632797241,-10.085000000000122
284,single_sentence_500,7,PLEASE DON'T TEASE ME SO,audio__original,1.694118,1.878125,1.0219146013259888,0.21104846894741058,184.00700000000003
284,single_sentence_500,8,PLEASE DON'T TEASE ME SO,audio__original,2.258824,2.258824,0.0030092215165495872,0.0030092215165495872,0.0
284,single_sentence_500,9,PLEASE DON'T TEASE ME SO,audio__original,2.29916,2.271125,0.007045469246804714,0.0019527964759618044,-28.035000000000032
285,single_sentence_500,0,QUITE SATISFIED SAID EVA,audio__original,0.602256,0.52225,0.8928701877593994,0.021378546953201294,-80.00600000000003
285,single_sentence_500,1,QUITE SATISFIED SAID EVA,audio__original,0.823083,0.823083,1.11049485206604,1.11049485206604,0.0
285,single_sentence_500,2,QUITE SATISFIED SAID EVA,audio__original,0.903383,0.863233,6.573132514953613,4.198127269744873,-40.15000000000002
285,single_sentence_500,3,QUITE SATISFIED SAID EVA,audio__original,1.485564,1.505639,0.04411276802420616,0.010010713711380959,20.074999999999843
285,single_sentence_500,4,QUITE SATISFIED SAID EVA,audio__original,1.62609,1.565865,1.878575325012207,0.285373330116272,-60.22499999999997
285,single_sentence_500,5,QUITE SATISFIED SAID EVA,audio__original,1.786692,1.786692,0.7723626494407654,0.7723626494407654,0.0
285,single_sentence_500,6,QUITE SATISFIED SAID EVA,audio__original,1.927218,1.866992,3.4798431396484375,0.997183620929718,-60.22600000000011
285,single_sentence_500,7,QUITE SATISFIED SAID EVA,audio__original,2.268496,2.328438,0.007239184807986021,0.009343440644443035,59.941999999999936
286,single_sentence_500,0,SAY I SAID WHERE'S BILLY,audio__original,0.662619,0.630563,4.877419471740723,2.7265124320983887,-32.055999999999976
286,single_sentence_500,1,SAY I SAID WHERE'S BILLY,audio__original,0.94373,1.204762,8.388132095336914,0.31606531143188477,261.03200000000015
286,single_sentence_500,2,SAY I SAID WHERE'S BILLY,audio__original,1.526032,1.453188,19.63665199279785,0.00045545384637080133,-72.84400000000014
286,single_sentence_500,3,SAY I SAID WHERE'S BILLY,audio__original,1.56619,1.626429,82.68064880371094,0.876266360282898,60.23899999999993
286,single_sentence_500,4,SAY I SAID WHERE'S BILLY,audio__original,1.746905,1.666587,3.134387493133545,2.884850263595581,-80.31799999999988
286,single_sentence_500,5,SAY I SAID WHERE'S BILLY,audio__original,2.007937,2.015938,0.5991529226303101,0.04438397288322449,8.000999999999703
286,single_sentence_500,6,SAY I SAID WHERE'S BILLY,audio__original,2.650476,2.128413,63.33380889892578,0.001078136614523828,-522.0629999999998
286,single_sentence_500,7,SAY I SAID WHERE'S BILLY,audio__original,2.991825,3.011905,2.726151943206787,15.042399406433105,20.080000000000098
286,single_sentence_500,8,SAY I SAID WHERE'S BILLY,audio__original,3.212698,3.160125,306.7584533691406,0.000591915799304843,-52.57300000000021
286,single_sentence_500,9,SAY I SAID WHERE'S BILLY,audio__original,3.634365,3.714313,0.00393308512866497,0.002630205126479268,79.94800000000035
287,single_sentence_500,0,SHE WAS ALONE THAT NIGHT,audio__original,0.684215,0.604187,95.35137176513672,2.317350387573242,-80.02799999999999
287,single_sentence_500,1,SHE WAS ALONE THAT NIGHT,audio__original,0.764711,0.764711,16.502016067504883,16.502016067504883,0.0
287,single_sentence_500,2,SHE WAS ALONE THAT NIGHT,audio__original,0.885455,0.875393,11.992902755737305,8.692730903625488,-10.062000000000015
287,single_sentence_500,3,SHE WAS ALONE THAT NIGHT,audio__original,1.026322,1.026322,7.541746616363525,7.541746616363525,0.0
287,single_sentence_500,4,SHE WAS ALONE THAT NIGHT,audio__original,1.126942,1.11688,2.2374837398529053,0.7757553458213806,-10.062000000000015
287,single_sentence_500,5,SHE WAS ALONE THAT NIGHT,audio__original,1.448926,1.46905,8.067212104797363,3.458195924758911,20.12400000000003
287,single_sentence_500,6,SHE WAS ALONE THAT NIGHT,audio__original,1.549545,1.539483,8.249239921569824,9.754002571105957,-10.062000000000015
287,single_sentence_500,7,SHE WAS ALONE THAT NIGHT,audio__original,1.690413,1.690438,0.25154104828834534,0.25154104828834534,0.02500000000016378
287,single_sentence_500,8,SHE WAS ALONE THAT NIGHT,audio__original,1.831281,1.750785,5.4412336349487305,2.193655014038086,-80.4959999999999
287,single_sentence_500,9,SHE WAS ALONE THAT NIGHT,audio__original,2.23376,2.31375,0.00014553066284861416,0.00021922425366938114,79.99000000000001
288,single_sentence_500,0,TANGALIA THE RETURN LARI,audio__original,0.440505,0.3805,7.054934024810791,0.00894993357360363,-60.004999999999974
288,single_sentence_500,1,TANGALIA THE RETURN LARI,audio__original,1.001147,1.081239,14.426003456115723,1.1633586883544922,80.09200000000006
288,single_sentence_500,2,TANGALIA THE RETURN LARI,audio__original,1.802064,1.693375,0.35926562547683716,0.021357495337724686,-108.68900000000004
288,single_sentence_500,3,TANGALIA THE RETURN LARI,audio__original,1.882156,1.892167,6.755124568939209,5.131019115447998,10.010999999999992
288,single_sentence_500,4,TANGALIA THE RETURN LARI,audio__original,1.962248,1.962248,24.286386489868164,24.286386489868164,0.0
288,single_sentence_500,5,TANGALIA THE RETURN LARI,audio__original,2.362706,2.442798,1.8569847345352173,0.5980250835418701,80.09199999999962
288,single_sentence_500,6,TANGALIA THE RETURN LARI,audio__original,3.423922,3.307,1.3172162771224976,0.005502908490598202,-116.9220000000002
288,single_sentence_500,7,TANGALIA THE RETURN LARI,audio__original,3.904472,3.824438,0.01521575078368187,0.361825555562973,-80.03400000000039
289,single_sentence_500,0,THE CHARACTER OF PANURGE,audio__original,0.542308,0.46225,0.004848756827414036,0.010073198936879635,-80.05800000000002
289,single_sentence_500,1,THE CHARACTER OF PANURGE,audio__original,0.62265,0.642735,0.060824763029813766,0.02544662170112133,20.08499999999991
289,single_sentence_500,2,THE CHARACTER OF PANURGE,audio__original,0.743162,0.682906,7.101798057556152,3.935486078262329,-60.25599999999998
289,single_sentence_500,3,THE CHARACTER OF PANURGE,audio__original,1.144872,1.200875,16.77761459350586,7.194961071014404,56.00300000000003
289,single_sentence_500,4,THE CHARACTER OF PANURGE,audio__original,1.28547,1.245299,16.061141967773438,13.545327186584473,-40.17099999999996
289,single_sentence_500,5,THE CHARACTER OF PANURGE,audio__original,1.365812,1.365812,0.26950404047966003,0.26950404047966003,0.0
289,single_sentence_500,6,THE CHARACTER OF PANURGE,audio__original,1.466239,1.446154,34.426918029785156,0.08963537216186523,-20.08500000000013
289,single_sentence_500,7,THE CHARACTER OF PANURGE,audio__original,2.209402,2.181375,0.027091752737760544,0.0036132598761469126,-28.026999999999802
290,single_sentence_500,0,THE COUNT SHOOK HIS HEAD,audio__original,0.564912,0.644875,4.646222114562988,0.10138142108917236,79.96300000000001
290,single_sentence_500,1,THE COUNT SHOOK HIS HEAD,audio__original,0.625439,0.645437,0.03684278950095177,0.10138142108917236,19.998000000000072
290,single_sentence_500,2,THE COUNT SHOOK HIS HEAD,audio__original,0.766667,0.665789,30.98761749267578,0.048996828496456146,-100.87800000000003
290,single_sentence_500,3,THE COUNT SHOOK HIS HEAD,audio__original,0.968421,0.968421,0.01770351082086563,0.01770351082086563,0.0
290,single_sentence_500,4,THE COUNT SHOOK HIS HEAD,audio__original,1.170175,1.109649,0.6476869583129883,0.2231239527463913,-60.525999999999854
290,single_sentence_500,5,THE COUNT SHOOK HIS HEAD,audio__original,1.37193,1.37193,0.6391229033470154,0.6391229033470154,0.0
290,single_sentence_500,6,THE COUNT SHOOK HIS HEAD,audio__original,1.452632,1.432456,7.3907952308654785,8.602599143981934,-20.175999999999974
290,single_sentence_500,7,THE COUNT SHOOK HIS HEAD,audio__original,1.553509,1.573684,2.680365800857544,0.8262990713119507,20.175000000000054
290,single_sentence_500,8,THE COUNT SHOOK HIS HEAD,audio__original,1.634211,1.605875,12.929265975952148,0.5769297480583191,-28.33600000000014
290,single_sentence_500,9,THE COUNT SHOOK HIS HEAD,audio__original,1.957018,1.877,0.08469505608081818,0.05839448422193527,-80.01799999999992
291,single_sentence_500,0,THE PRINCESS INQUIRED NO,audio__original,0.240727,0.212688,0.0005372720770537853,0.0009912922978401184,-28.03900000000001
291,single_sentence_500,1,THE PRINCESS INQUIRED NO,audio__original,0.300909,0.32097,52.70433807373047,0.4165177345275879,20.060999999999996
291,single_sentence_500,2,THE PRINCESS INQUIRED NO,audio__original,0.381152,0.361091,18.711524963378906,0.07557390630245209,-20.060999999999996
291,single_sentence_500,3,THE PRINCESS INQUIRED NO,audio__original,0.742242,0.742242,2.8269832134246826,2.8269832134246826,0.0
291,single_sentence_500,4,THE PRINCESS INQUIRED NO,audio__original,0.782364,0.782364,6.639423370361328,6.639423370361328,0.0
291,single_sentence_500,5,THE PRINCESS INQUIRED NO,audio__original,1.263818,1.263818,1.2923187017440796,1.2923187017440796,0.0
291,single_sentence_500,6,THE PRINCESS INQUIRED NO,audio__original,2.527636,1.412187,140.6541290283203,0.00022959359921514988,-1115.449
291,single_sentence_500,7,THE PRINCESS INQUIRED NO,audio__original,2.868667,2.948625,0.00541649479418993,0.002010204130783677,79.95799999999997
292,single_sentence_500,0,THE ROMANCE OF ORTHODOXY,audio__original,0.221331,0.209313,0.004186015576124191,0.00549662671983242,-12.018
292,single_sentence_500,1,THE ROMANCE OF ORTHODOXY,audio__original,0.301815,0.321935,25.182729721069336,3.4311575889587402,20.120000000000026
292,single_sentence_500,2,THE ROMANCE OF ORTHODOXY,audio__original,0.402419,0.362177,59.539981842041016,8.59320068359375,-40.242
292,single_sentence_500,3,THE ROMANCE OF ORTHODOXY,audio__original,0.945685,1.026169,2.1937875747680664,0.4845373034477234,80.48400000000011
292,single_sentence_500,4,THE ROMANCE OF ORTHODOXY,audio__original,1.187137,1.098563,35.051700592041016,0.09984694421291351,-88.57400000000015
292,single_sentence_500,5,THE ROMANCE OF ORTHODOXY,audio__original,1.227379,1.247437,4.2914814949035645,9.057855606079102,20.057999999999907
292,single_sentence_500,6,THE ROMANCE OF ORTHODOXY,audio__original,1.327984,1.287742,32.002052307128906,83.46704864501953,-40.24200000000011
292,single_sentence_500,7,THE ROMANCE OF ORTHODOXY,audio__original,1.931613,2.011563,0.6236240863800049,0.8768401741981506,79.95000000000019
293,single_sentence_500,0,THERE SEEMS TO BE DANGER,audio__original,0.504032,0.424,2.8839735984802246,0.0011794682359322906,-80.03200000000005
293,single_sentence_500,1,THERE SEEMS TO BE DANGER,audio__original,0.685484,0.725806,13.924687385559082,2.7550606727600098,40.32199999999997
293,single_sentence_500,2,THERE SEEMS TO BE DANGER,audio__original,0.907258,0.856855,10.947284698486328,4.612197399139404,-50.40299999999998
293,single_sentence_500,3,THERE SEEMS TO BE DANGER,audio__original,1.169355,1.189516,7.097965240478516,5.321834087371826,20.161000000000094
293,single_sentence_500,4,THERE SEEMS TO BE DANGER,audio__original,1.25,1.229839,4.221577167510986,0.05517745763063431,-20.161000000000094
293,single_sentence_500,5,THERE SEEMS TO BE DANGER,audio__original,1.290323,1.306312,0.7972806096076965,0.5077178478240967,15.988999999999809
293,single_sentence_500,6,THERE SEEMS TO BE DANGER,audio__original,1.370968,1.350806,3.359898805618286,3.5928149223327637,-20.162000000000013
293,single_sentence_500,7,THERE SEEMS TO BE DANGER,audio__original,1.431452,1.451613,0.38461020588874817,0.11527051776647568,20.161000000000094
293,single_sentence_500,8,THERE SEEMS TO BE DANGER,audio__original,1.532258,1.512097,223.0975799560547,108.38993072509766,-20.160999999999873
293,single_sentence_500,9,THERE SEEMS TO BE DANGER,audio__original,2.096774,2.17675,0.0018841144628822803,0.0008829698781482875,79.97600000000027
294,single_sentence_500,0,THUS IN SLEEP IN A FEVER,audio__original,0.483636,0.455625,105.55497741699219,5.114049434661865,-28.01100000000001
294,single_sentence_500,1,THUS IN SLEEP IN A FEVER,audio__original,0.685152,0.765758,39.640281677246094,9.334354400634766,80.60600000000007
294,single_sentence_500,2,THUS IN SLEEP IN A FEVER,audio__original,0.92697,0.846364,12.826936721801758,0.009872768074274063,-80.60599999999995
294,single_sentence_500,3,THUS IN SLEEP IN A FEVER,audio__original,1.007576,1.027727,15.186619758605957,6.272748947143555,20.15100000000003
294,single_sentence_500,4,THUS IN SLEEP IN A FEVER,audio__original,1.128485,1.128485,16.42131996154785,16.42131996154785,0.0
294,single_sentence_500,5,THUS IN SLEEP IN A FEVER,audio__original,1.471061,1.511364,0.05904533341526985,0.2924688756465912,40.302999999999976
294,single_sentence_500,6,THUS IN SLEEP IN A FEVER,audio__original,1.773333,1.62,27.053619384765625,0.0012518336297944188,-153.33299999999994
294,single_sentence_500,7,THUS IN SLEEP IN A FEVER,audio__original,1.833788,1.833788,11.175915718078613,11.175915718078613,0.0
294,single_sentence_500,8,THUS IN SLEEP IN A FEVER,audio__original,1.894242,1.894242,4.659966468811035,4.659966468811035,0.0
294,single_sentence_500,9,THUS IN SLEEP IN A FEVER,audio__original,1.914394,1.914394,2.9483089447021484,2.9483089447021484,0.0
294,single_sentence_500,10,THUS IN SLEEP IN A FEVER,audio__original,2.015152,1.954697,74.14217376708984,4.030587673187256,-60.45500000000015
294,single_sentence_500,11,THUS IN SLEEP IN A FEVER,audio__original,2.297273,2.37725,17.828964233398438,27.15305519104004,79.97699999999996
295,single_sentence_500,0,VERY BADLY CAN'T YOU SEE,audio__original,0.523611,0.443563,80.76895904541016,9.348069190979004,-80.04800000000006
295,single_sentence_500,1,VERY BADLY CAN'T YOU SEE,audio__original,0.725,0.745139,32.28861999511719,4.316562652587891,20.139000000000017
295,single_sentence_500,2,VERY BADLY CAN'T YOU SEE,audio__original,0.865972,0.785417,144.7574462890625,4.175910949707031,-80.55499999999994
295,single_sentence_500,3,VERY BADLY CAN'T YOU SEE,audio__original,1.188194,1.228472,118.56694030761719,1.295095682144165,40.278000000000034
295,single_sentence_500,4,VERY BADLY CAN'T YOU SEE,audio__original,1.309028,1.26875,31.451452255249023,1.3892837762832642,-40.278000000000034
295,single_sentence_500,5,VERY BADLY CAN'T YOU SEE,audio__original,1.470139,1.470139,11.060014724731445,11.060014724731445,0.0
295,single_sentence_500,6,VERY BADLY CAN'T YOU SEE,audio__original,1.490278,1.490278,35.30216979980469,35.30216979980469,0.0
295,single_sentence_500,7,VERY BADLY CAN'T YOU SEE,audio__original,1.570833,1.580903,13.728113174438477,53.83974838256836,10.070000000000023
295,single_sentence_500,8,VERY BADLY CAN'T YOU SEE,audio__original,1.63125,1.611111,272.9330749511719,35.51438903808594,-20.13900000000013
295,single_sentence_500,9,VERY BADLY CAN'T YOU SEE,audio__original,1.752083,1.832062,14.37363338470459,0.026477502658963203,79.97900000000003
296,single_sentence_500,0,WE SUFFER STIFLING PAINS,audio__original,0.361385,0.281375,17.75297737121582,0.0,-80.01000000000002
296,single_sentence_500,1,WE SUFFER STIFLING PAINS,audio__original,0.401538,0.481846,48.6445426940918,20.245798110961914,80.30799999999999
296,single_sentence_500,2,WE SUFFER STIFLING PAINS,audio__original,0.562154,0.562154,14.807171821594238,14.807171821594238,0.0
296,single_sentence_500,3,WE SUFFER STIFLING PAINS,audio__original,0.843231,0.875188,29.662961959838867,4.642291069030762,31.957000000000015
296,single_sentence_500,4,WE SUFFER STIFLING PAINS,audio__original,0.963692,0.963692,45.34258270263672,45.34258270263672,0.0
296,single_sentence_500,5,WE SUFFER STIFLING PAINS,audio__original,1.485692,1.505769,9.155938148498535,4.413357734680176,20.0769999999999
296,single_sentence_500,6,WE SUFFER STIFLING PAINS,audio__original,1.666385,1.566,84.09954071044922,11.086971282958984,-100.38499999999995
296,single_sentence_500,7,WE SUFFER STIFLING PAINS,audio__original,2.108077,2.028062,15.120869636535645,0.1279306411743164,-80.01500000000038
297,single_sentence_500,0,WHAT CAN YOU DO SHE SAID,audio__original,0.705385,0.625375,8.299586296081543,0.019572747871279716,-80.01000000000002
297,single_sentence_500,1,WHAT CAN YOU DO SHE SAID,audio__original,0.846462,0.846462,0.10164524614810944,0.10164524614810944,0.0
297,single_sentence_500,2,WHAT CAN YOU DO SHE SAID,audio__original,0.967385,0.918937,2.8158440589904785,0.021126624196767807,-48.44800000000005
297,single_sentence_500,3,WHAT CAN YOU DO SHE SAID,audio__original,1.068154,1.088308,23.236846923828125,13.924420356750488,20.154000000000003
297,single_sentence_500,4,WHAT CAN YOU DO SHE SAID,audio__original,1.148769,1.148769,30.666086196899414,30.666086196899414,0.0
297,single_sentence_500,5,WHAT CAN YOU DO SHE SAID,audio__original,1.229385,1.249538,16.782617568969727,5.983053684234619,20.153000000000088
297,single_sentence_500,6,WHAT CAN YOU DO SHE SAID,audio__original,1.31,1.289846,43.21251678466797,1.4377530813217163,-20.154000000000003
297,single_sentence_500,7,WHAT CAN YOU DO SHE SAID,audio__original,1.370462,1.531692,65.7033920288086,2.647695541381836,161.23
297,single_sentence_500,8,WHAT CAN YOU DO SHE SAID,audio__original,1.995231,1.740625,7.814775466918945,2.080157537420746e-05,-254.60599999999988
297,single_sentence_500,9,WHAT CAN YOU DO SHE SAID,audio__original,2.075846,2.095875,67.22293853759766,27.572433471679688,20.029000000000075
297,single_sentence_500,10,WHAT CAN YOU DO SHE SAID,audio__original,2.196769,2.192438,14.110041618347168,30.354684829711914,-4.331000000000085
297,single_sentence_500,11,WHAT CAN YOU DO SHE SAID,audio__original,2.519231,2.527188,9.729218436405063e-05,0.0001417770836269483,7.957000000000214
298,single_sentence_500,0,WHY ARE WE TO BE DIVIDED,audio__original,0.582762,0.53075,27.811479568481445,0.004666307009756565,-52.011999999999944
298,single_sentence_500,1,WHY ARE WE TO BE DIVIDED,audio__original,0.703333,0.723429,8.061700820922852,5.284969806671143,20.096000000000004
298,single_sentence_500,2,WHY ARE WE TO BE DIVIDED,audio__original,0.783714,0.773667,8.759592056274414,4.777298450469971,-10.047000000000029
298,single_sentence_500,3,WHY ARE WE TO BE DIVIDED,audio__original,0.864095,0.864095,0.9972404837608337,0.9972404837608337,0.0
298,single_sentence_500,4,WHY ARE WE TO BE DIVIDED,audio__original,0.904286,0.904286,2.131847858428955,2.131847858428955,0.0
298,single_sentence_500,5,WHY ARE WE TO BE DIVIDED,audio__original,0.944476,1.044952,0.26733270287513733,1.0804115533828735,100.47600000000013
298,single_sentence_500,6,WHY ARE WE TO BE DIVIDED,audio__original,1.105238,1.085143,19.231735229492188,17.163238525390625,-20.094999999999974
298,single_sentence_500,7,WHY ARE WE TO BE DIVIDED,audio__original,1.165524,1.165524,0.8029404878616333,0.8029404878616333,0.0
298,single_sentence_500,8,WHY ARE WE TO BE DIVIDED,audio__original,1.245905,1.205714,2.3338518142700195,0.9897300601005554,-40.19100000000009
298,single_sentence_500,9,WHY ARE WE TO BE DIVIDED,audio__original,1.286095,1.346381,0.7026894092559814,0.4400871992111206,60.28600000000006
298,single_sentence_500,10,WHY ARE WE TO BE DIVIDED,audio__original,1.386571,1.366476,12.318641662597656,1.9344576597213745,-20.094999999999974
298,single_sentence_500,11,WHY ARE WE TO BE DIVIDED,audio__original,2.049714,2.109688,0.01422034576535225,0.011610850691795349,59.973999999999975
299,single_sentence_500,0,WHY THUS SAID THE SECOND,audio__original,0.603814,0.523813,60.336917877197266,4.041247844696045,-80.00099999999999
299,single_sentence_500,1,WHY THUS SAID THE SECOND,audio__original,0.724576,0.805085,25.66919708251953,53.63298416137695,80.50900000000006
299,single_sentence_500,2,WHY THUS SAID THE SECOND,audio__original,0.966102,0.929688,38.01960754394531,0.06415797770023346,-36.41400000000006
299,single_sentence_500,3,WHY THUS SAID THE SECOND,audio__original,1.227754,1.308263,1.4135414361953735,0.7930335402488708,80.50899999999994
299,single_sentence_500,4,WHY THUS SAID THE SECOND,audio__original,1.529661,1.46928,0.122745081782341,0.05661371722817421,-60.381000000000014
299,single_sentence_500,5,WHY THUS SAID THE SECOND,audio__original,1.670551,1.670551,0.26906266808509827,0.26906266808509827,0.0
299,single_sentence_500,6,WHY THUS SAID THE SECOND,audio__original,1.710805,1.710805,15.609735488891602,15.609735488891602,0.0
299,single_sentence_500,7,WHY THUS SAID THE SECOND,audio__original,1.771186,1.771186,2.612957000732422,2.612957000732422,0.0
299,single_sentence_500,8,WHY THUS SAID THE SECOND,audio__original,1.851695,1.851695,0.9912258386611938,0.9912258386611938,0.0
299,single_sentence_500,9,WHY THUS SAID THE SECOND,audio__original,2.23411,2.23411,0.054337479174137115,0.054337479174137115,0.0
300,single_sentence_500,0,WILL YOU COME BACK TO ME,audio__original,0.602041,0.522,5.872246742248535,0.0011717998422682285,-80.04100000000003
300,single_sentence_500,1,WILL YOU COME BACK TO ME,audio__original,0.782653,0.802721,5.06683349609375,4.570923328399658,20.067999999999977
300,single_sentence_500,2,WILL YOU COME BACK TO ME,audio__original,0.882993,0.862925,9.249948501586914,8.112502098083496,-20.067999999999977
300,single_sentence_500,3,WILL YOU COME BACK TO ME,audio__original,0.963265,1.003401,8.17746639251709,0.07786311954259872,40.13599999999995
300,single_sentence_500,4,WILL YOU COME BACK TO ME,audio__original,1.143878,1.043537,8.686084747314453,0.19967639446258545,-100.34100000000001
300,single_sentence_500,5,WILL YOU COME BACK TO ME,audio__original,1.284354,1.32449,0.8448539972305298,1.9645614624023438,40.13599999999995
300,single_sentence_500,6,WILL YOU COME BACK TO ME,audio__original,1.464966,1.384694,21.012121200561523,0.024783503264188766,-80.2719999999999
300,single_sentence_500,7,WILL YOU COME BACK TO ME,audio__original,1.705782,1.786054,0.08912236988544464,0.07508115470409393,80.27200000000012
300,single_sentence_500,8,WILL YOU COME BACK TO ME,audio__original,1.966667,1.82619,15.544527053833008,0.0040925913490355015,-140.47699999999998
300,single_sentence_500,9,WILL YOU COME BACK TO ME,audio__original,2.026871,2.408163,43.86341857910156,0.4297386109828949,381.2920000000002
300,single_sentence_500,10,WILL YOU COME BACK TO ME,audio__original,2.588776,2.588776,0.004082284867763519,0.004082284867763519,0.0
300,single_sentence_500,11,WILL YOU COME BACK TO ME,audio__original,2.628912,2.628912,0.0034697798546403646,0.0034697798546403646,0.0
301,single_sentence_500,0,WINDSOR AND CASTILE SOAP,audio__original,0.221068,0.141063,0.3573954105377197,1.1564379747142084e-06,-80.005
301,single_sentence_500,1,WINDSOR AND CASTILE SOAP,audio__original,0.602913,0.643107,10.037349700927734,8.762584686279297,40.19399999999995
301,single_sentence_500,2,WINDSOR AND CASTILE SOAP,audio__original,0.763689,0.703398,3.032360553741455,0.01226380281150341,-60.29099999999998
301,single_sentence_500,3,WINDSOR AND CASTILE SOAP,audio__original,0.844078,0.864175,0.3144375681877136,2.5683159828186035,20.09700000000003
301,single_sentence_500,4,WINDSOR AND CASTILE SOAP,audio__original,0.984757,0.904369,10.687556266784668,0.012910346500575542,-80.38800000000002
301,single_sentence_500,5,WINDSOR AND CASTILE SOAP,audio__original,1.44699,1.483,1.579521894454956,2.268742799758911,36.0100000000001
301,single_sentence_500,6,WINDSOR AND CASTILE SOAP,audio__original,1.607767,1.607767,60.87432861328125,60.87432861328125,0.0
301,single_sentence_500,7,WINDSOR AND CASTILE SOAP,audio__original,1.909223,1.989188,0.00605899328365922,1.0521451258682646e-05,79.96500000000006
302,single_sentence_500,0,WITHOUT SAIL ALL PULLING,audio__original,0.240952,0.160938,7.208499431610107,0.009437508881092072,-80.014
302,single_sentence_500,1,WITHOUT SAIL ALL PULLING,audio__original,0.582302,0.586313,1.1924402713775635,0.24463963508605957,4.010999999999987
302,single_sentence_500,2,WITHOUT SAIL ALL PULLING,audio__original,0.702778,0.702778,2.269556760787964,2.269556760787964,0.0
302,single_sentence_500,3,WITHOUT SAIL ALL PULLING,audio__original,0.96381,1.044127,10.380328178405762,0.6665294766426086,80.31700000000008
302,single_sentence_500,4,WITHOUT SAIL ALL PULLING,audio__original,1.505952,1.2205,2.1975016593933105,0.0033319981303066015,-285.45200000000006
302,single_sentence_500,5,WITHOUT SAIL ALL PULLING,audio__original,1.626429,1.646508,0.39775073528289795,0.008404390886425972,20.07900000000018
302,single_sentence_500,6,WITHOUT SAIL ALL PULLING,audio__original,1.726825,1.666587,0.79798424243927,0.0039000932592898607,-60.238000000000014
302,single_sentence_500,7,WITHOUT SAIL ALL PULLING,audio__original,2.007937,2.067875,0.027825994417071342,0.006269275210797787,59.937999999999825
303,single_sentence_500,0,WOMAN SIREN THAT YOU ARE,audio__original,0.663345,0.587313,3.1427247524261475,8.645995140075684,-76.03199999999998
303,single_sentence_500,1,WOMAN SIREN THAT YOU ARE,audio__original,0.944764,0.984966,2.097994804382324,8.469290733337402,40.20199999999996
303,single_sentence_500,2,WOMAN SIREN THAT YOU ARE,audio__original,1.608108,1.265937,2.1572682857513428,0.023287519812583923,-342.171
303,single_sentence_500,3,WOMAN SIREN THAT YOU ARE,audio__original,1.909628,1.92973,1.8382477760314941,18.638736724853516,20.10199999999984
303,single_sentence_500,4,WOMAN SIREN THAT YOU ARE,audio__original,1.990034,1.979983,22.104772567749023,53.138938903808594,-10.051000000000032
303,single_sentence_500,5,WOMAN SIREN THAT YOU ARE,audio__original,2.090541,2.090541,15.441705703735352,15.441705703735352,0.0
303,single_sentence_500,6,WOMAN SIREN THAT YOU ARE,audio__original,2.150845,2.140794,5.714462757110596,19.747459411621094,-10.05099999999981
303,single_sentence_500,7,WOMAN SIREN THAT YOU ARE,audio__original,2.23125,2.27125,2.757843017578125,0.11902744323015213,40.000000000000036
303,single_sentence_500,8,WOMAN SIREN THAT YOU ARE,audio__original,2.713682,2.713682,0.10178529471158981,0.10178529471158981,0.0
303,single_sentence_500,9,WOMAN SIREN THAT YOU ARE,audio__original,2.773986,2.725938,0.006817549001425505,0.0959489643573761,-48.04799999999965
304,single_sentence_500,0,YES RACHEL I DO LOVE YOU,audio__original,0.361525,0.2815,6.822004795074463,0.027603819966316223,-80.025
304,single_sentence_500,1,YES RACHEL I DO LOVE YOU,audio__original,0.542288,0.582458,26.385942459106445,34.02084732055664,40.17000000000004
304,single_sentence_500,2,YES RACHEL I DO LOVE YOU,audio__original,0.662797,0.642712,1.339548110961914,3.661539077758789,-20.08500000000002
304,single_sentence_500,3,YES RACHEL I DO LOVE YOU,audio__original,1.024322,1.064492,2.900832414627075,25.33476448059082,40.17000000000004
304,single_sentence_500,4,YES RACHEL I DO LOVE YOU,audio__original,1.245254,1.124746,13.43889045715332,0.04630289599299431,-120.50800000000007
304,single_sentence_500,5,YES RACHEL I DO LOVE YOU,audio__original,1.265339,1.345375,36.912841796875,2.7912678718566895,80.036
304,single_sentence_500,6,YES RACHEL I DO LOVE YOU,audio__original,1.466186,1.421875,52.38002014160156,0.2772563099861145,-44.31099999999999
304,single_sentence_500,7,YES RACHEL I DO LOVE YOU,audio__original,1.526441,1.56661,1.1338469982147217,0.6202618479728699,40.169000000000125
304,single_sentence_500,8,YES RACHEL I DO LOVE YOU,audio__original,1.707203,1.667034,8.306937217712402,0.6464603543281555,-40.169000000000125
304,single_sentence_500,9,YES RACHEL I DO LOVE YOU,audio__original,1.847797,1.847797,0.9010149240493774,0.9010149240493774,0.0
304,single_sentence_500,10,YES RACHEL I DO LOVE YOU,audio__original,1.94822,1.928136,1.2169328927993774,1.007643222808838,-20.08399999999999
304,single_sentence_500,11,YES RACHEL I DO LOVE YOU,audio__original,2.028559,2.1085,0.9990655779838562,0.1828015148639679,79.94099999999982
305,single_sentence_500,0,YOU DO ME A GREAT HONOUR,audio__original,0.704268,0.62425,2.077488660812378,0.3797646760940552,-80.01800000000003
305,single_sentence_500,1,YOU DO ME A GREAT HONOUR,audio__original,0.784756,0.905488,1.0238008499145508,0.03930676728487015,120.73199999999996
305,single_sentence_500,2,YOU DO ME A GREAT HONOUR,audio__original,1.046341,0.94975,1.3451635837554932,0.043288566172122955,-96.59099999999998
305,single_sentence_500,3,YOU DO ME A GREAT HONOUR,audio__original,1.106707,1.106707,1.905588984489441,1.905588984489441,0.0
305,single_sentence_500,4,YOU DO ME A GREAT HONOUR,audio__original,1.408537,1.368293,2.500779151916504,1.2111608982086182,-40.24399999999994
305,single_sentence_500,5,YOU DO ME A GREAT HONOUR,audio__original,1.489024,1.559451,2.8136022090911865,1.088625192642212,70.42700000000002
305,single_sentence_500,6,YOU DO ME A GREAT HONOUR,audio__original,1.730488,1.730488,3.7152600288391113,3.7152600288391113,0.0
305,single_sentence_500,7,YOU DO ME A GREAT HONOUR,audio__original,1.75061,1.75061,1.4376025199890137,1.4376025199890137,0.0
305,single_sentence_500,8,YOU DO ME A GREAT HONOUR,audio__original,1.931707,1.851125,0.926795244216919,0.02505570463836193,-80.58200000000015
305,single_sentence_500,9,YOU DO ME A GREAT HONOUR,audio__original,2.213415,2.223476,5.800542831420898,3.7916388511657715,10.060999999999876
305,single_sentence_500,10,YOU DO ME A GREAT HONOUR,audio__original,2.314024,2.27378,4.586132526397705,2.734625816345215,-40.24399999999994
305,single_sentence_500,11,YOU DO ME A GREAT HONOUR,audio__original,2.877439,2.877439,0.015917491167783737,0.015917491167783737,0.0
306,single_sentence_500,0,YOU KNOW WHAT IS IT THEN,audio__original,0.22071,0.152688,1.2951856851577759,0.005923086311668158,-68.022
306,single_sentence_500,1,YOU KNOW WHAT IS IT THEN,audio__original,0.300968,0.311,35.070133209228516,8.629894256591797,10.031999999999986
306,single_sentence_500,2,YOU KNOW WHAT IS IT THEN,audio__original,0.361161,0.341097,10.574244499206543,0.24165447056293488,-20.064000000000025
306,single_sentence_500,3,YOU KNOW WHAT IS IT THEN,audio__original,0.501613,0.601935,1.0555075407028198,0.7281566262245178,100.32200000000002
306,single_sentence_500,4,YOU KNOW WHAT IS IT THEN,audio__original,1.886065,1.510375,10.595197677612305,0.001442411681637168,-375.69000000000005
306,single_sentence_500,5,YOU KNOW WHAT IS IT THEN,audio__original,2.006452,2.006452,4.611718654632568,4.611718654632568,0.0
306,single_sentence_500,6,YOU KNOW WHAT IS IT THEN,audio__original,2.066645,2.066645,6.324356555938721,6.324356555938721,0.0
306,single_sentence_500,7,YOU KNOW WHAT IS IT THEN,audio__original,2.146903,2.146903,19.975601196289062,19.975601196289062,0.0
306,single_sentence_500,8,YOU KNOW WHAT IS IT THEN,audio__original,2.207097,2.207097,92.6146011352539,92.6146011352539,0.0
306,single_sentence_500,9,YOU KNOW WHAT IS IT THEN,audio__original,2.247226,2.247226,0.19816488027572632,0.19816488027572632,0.0
306,single_sentence_500,10,YOU KNOW WHAT IS IT THEN,audio__original,2.347548,2.307419,966.0311279296875,0.03331815451383591,-40.1290000000003
306,single_sentence_500,11,YOU KNOW WHAT IS IT THEN,audio__original,2.688645,2.768625,0.013982631266117096,0.04586106166243553,79.97999999999993
307,single_sentence_500,0,ACCORDING TO OUR DOCTRINE,audio__original,0.585631,0.505625,79.70942687988281,0.11873935163021088,-80.00600000000003
307,single_sentence_500,1,ACCORDING TO OUR DOCTRINE,audio__original,0.949126,0.949126,6.300336837768555,6.300336837768555,0.0
307,single_sentence_500,2,ACCORDING TO OUR DOCTRINE,audio__original,0.989515,0.989515,4.185809135437012,4.185809135437012,0.0
307,single_sentence_500,3,ACCORDING TO OUR DOCTRINE,audio__original,1.029903,1.050097,74.63926696777344,11.838120460510254,20.194000000000045
307,single_sentence_500,4,ACCORDING TO OUR DOCTRINE,audio__original,1.151068,1.090485,28.85172462463379,11.568861961364746,-60.583000000000055
307,single_sentence_500,5,ACCORDING TO OUR DOCTRINE,audio__original,1.252039,1.272233,27.44754981994629,7.450827598571777,20.194000000000045
307,single_sentence_500,6,ACCORDING TO OUR DOCTRINE,audio__original,1.373204,1.35301,31.174713134765625,27.182727813720703,-20.194000000000045
307,single_sentence_500,7,ACCORDING TO OUR DOCTRINE,audio__original,1.756893,1.836875,1.727893352508545,1.0602561235427856,79.982
308,single_sentence_500,0,ALTERED WORDS AND FIGURES,audio__original,0.584113,0.504062,113.89753723144531,8.00422130851075e-05,-80.05099999999999
308,single_sentence_500,1,ALTERED WORDS AND FIGURES,audio__original,0.966809,0.98695,3.0915489196777344,3.269789934158325,20.140999999999963
308,single_sentence_500,2,ALTERED WORDS AND FIGURES,audio__original,1.08766,1.047376,75.13056945800781,6.577517986297607,-40.283999999999985
308,single_sentence_500,3,ALTERED WORDS AND FIGURES,audio__original,1.450213,1.510638,0.7384499907493591,3.0535264015197754,60.424999999999955
308,single_sentence_500,4,ALTERED WORDS AND FIGURES,audio__original,1.75234,1.671188,108.19432067871094,9.7875643405132e-05,-81.15200000000011
308,single_sentence_500,5,ALTERED WORDS AND FIGURES,audio__original,1.873191,1.893333,4.261849880218506,3.037040948867798,20.141999999999882
308,single_sentence_500,6,ALTERED WORDS AND FIGURES,audio__original,2.014184,1.96175,102.76238250732422,1.277754783630371,-52.43400000000009
308,single_sentence_500,7,ALTERED WORDS AND FIGURES,audio__original,2.437163,2.517125,1.4391367435455322,0.2880764603614807,79.96200000000009
309,single_sentence_500,0,AND JOHANN SEBASTIAN BACH,audio__original,0.461,0.461,80.64476776123047,80.64476776123047,0.0
309,single_sentence_500,1,AND JOHANN SEBASTIAN BACH,audio__original,0.601304,0.601304,32.79061508178711,32.79061508178711,0.0
309,single_sentence_500,2,AND JOHANN SEBASTIAN BACH,audio__original,0.821783,0.721565,172.15489196777344,10.36197566986084,-100.21800000000003
309,single_sentence_500,3,AND JOHANN SEBASTIAN BACH,audio__original,1.122435,1.182565,85.09728240966797,4.142858028411865,60.13000000000002
309,single_sentence_500,4,AND JOHANN SEBASTIAN BACH,audio__original,1.242696,1.222652,11.444379806518555,22.132823944091797,-20.04399999999995
309,single_sentence_500,5,AND JOHANN SEBASTIAN BACH,audio__original,1.703696,1.723739,93.2466812133789,33.125770568847656,20.04299999999981
309,single_sentence_500,6,AND JOHANN SEBASTIAN BACH,audio__original,1.803913,1.78387,165.00511169433594,60.504798889160156,-20.043000000000035
309,single_sentence_500,7,AND JOHANN SEBASTIAN BACH,audio__original,2.164696,2.184687,0.030566589906811714,0.029631903395056725,19.990999999999648
310,single_sentence_500,0,AND KNOWN BY YOU TO BE SO,audio__original,0.340702,0.288687,6.841161727905273,0.03160702809691429,-52.01499999999998
310,single_sentence_500,1,AND KNOWN BY YOU TO BE SO,audio__original,0.420868,0.430888,14.934516906738281,19.859189987182617,10.019999999999973
310,single_sentence_500,2,AND KNOWN BY YOU TO BE SO,audio__original,0.501033,0.491012,37.39958190917969,21.983356475830078,-10.020999999999948
310,single_sentence_500,3,AND KNOWN BY YOU TO BE SO,audio__original,0.681405,0.701446,3.6588361263275146,39.457855224609375,20.040999999999976
310,single_sentence_500,4,AND KNOWN BY YOU TO BE SO,audio__original,0.801653,0.749563,64.17037963867188,1.1331093311309814,-52.08999999999997
310,single_sentence_500,5,AND KNOWN BY YOU TO BE SO,audio__original,0.861777,0.881818,261.90380859375,41.03238296508789,20.040999999999976
310,single_sentence_500,6,AND KNOWN BY YOU TO BE SO,audio__original,1.022107,0.992045,83.10853576660156,101.01355743408203,-30.062000000000143
310,single_sentence_500,7,AND KNOWN BY YOU TO BE SO,audio__original,1.102273,1.182438,338.5438232421875,16.24765396118164,80.16500000000005
310,single_sentence_500,8,AND KNOWN BY YOU TO BE SO,audio__original,1.242562,1.222521,3.730640172958374,1.7804930210113525,-20.040999999999976
310,single_sentence_500,9,AND KNOWN BY YOU TO BE SO,audio__original,1.302686,1.302686,143.42205810546875,143.42205810546875,0.0
310,single_sentence_500,10,AND KNOWN BY YOU TO BE SO,audio__original,1.422934,1.378812,94.46845245361328,3.277949571609497,-44.12199999999999
310,single_sentence_500,11,AND KNOWN BY YOU TO BE SO,audio__original,1.463017,1.659,51.55470275878906,0.4718414545059204,195.983
310,single_sentence_500,12,AND KNOWN BY YOU TO BE SO,audio__original,2.004132,2.004132,0.9440995454788208,0.9440995454788208,0.0
310,single_sentence_500,13,AND KNOWN BY YOU TO BE SO,audio__original,2.044215,2.112188,0.27570992708206177,9.834361117100343e-05,67.97300000000028
311,single_sentence_500,0,AND ONE MORE THIS MORNING,audio__original,0.525098,0.445063,53.70893478393555,0.010482048615813255,-80.03499999999997
311,single_sentence_500,1,AND ONE MORE THIS MORNING,audio__original,0.626078,0.646275,0.5528276562690735,19.42964744567871,20.19700000000002
311,single_sentence_500,2,AND ONE MORE THIS MORNING,audio__original,0.747255,0.706863,58.860801696777344,1.434879183769226,-40.39199999999998
311,single_sentence_500,3,AND ONE MORE THIS MORNING,audio__original,0.848235,0.868431,0.6029900908470154,3.966451644897461,20.19599999999999
311,single_sentence_500,4,AND ONE MORE THIS MORNING,audio__original,0.949216,0.939118,2.3444786071777344,5.083072662353516,-10.09799999999994
311,single_sentence_500,5,AND ONE MORE THIS MORNING,audio__original,1.090588,1.110784,11.97493839263916,29.77095603942871,20.196000000000105
311,single_sentence_500,6,AND ONE MORE THIS MORNING,audio__original,1.171373,1.171373,3.037642002105713,3.037642002105713,0.0
311,single_sentence_500,7,AND ONE MORE THIS MORNING,audio__original,1.312745,1.312745,2.3773348331451416,2.3773348331451416,0.0
311,single_sentence_500,8,AND ONE MORE THIS MORNING,audio__original,1.393529,1.353137,1.7756609916687012,8.096963882446289,-40.39199999999998
311,single_sentence_500,9,AND ONE MORE THIS MORNING,audio__original,1.656078,1.736063,0.38935577869415283,0.005974719766527414,79.98499999999997
312,single_sentence_500,0,CHAPTER SEVEN OUR VIRTUES,audio__original,0.601493,0.537438,38.28241729736328,0.5019055008888245,-64.05500000000008
312,single_sentence_500,1,CHAPTER SEVEN OUR VIRTUES,audio__original,0.962388,1.002488,152.0919189453125,37.35909652709961,40.10000000000002
312,single_sentence_500,2,CHAPTER SEVEN OUR VIRTUES,audio__original,1.102736,1.072662,385.35430908203125,37.12082290649414,-30.073999999999934
312,single_sentence_500,3,CHAPTER SEVEN OUR VIRTUES,audio__original,1.343333,1.443582,1.4830585718154907,2.8371925354003906,100.24899999999981
312,single_sentence_500,4,CHAPTER SEVEN OUR VIRTUES,audio__original,2.506219,1.58393,80.16426086425781,0.08674306422472,-922.2890000000001
312,single_sentence_500,5,CHAPTER SEVEN OUR VIRTUES,audio__original,2.646567,2.686667,78.98359680175781,113.66549682617188,40.0999999999998
312,single_sentence_500,6,CHAPTER SEVEN OUR VIRTUES,audio__original,2.786915,2.778812,14.07149600982666,6.83546257019043,-8.103000000000193
312,single_sentence_500,7,CHAPTER SEVEN OUR VIRTUES,audio__original,3.528756,3.528756,3.615797758102417,3.615797758102417,0.0
313,single_sentence_500,0,CONSEIL WAS MY MANSERVANT,audio__original,0.322645,0.266625,1.7666335105895996,0.011064437218010426,-56.02000000000002
313,single_sentence_500,1,CONSEIL WAS MY MANSERVANT,audio__original,0.766281,0.846942,4.670460224151611,6.146031379699707,80.66099999999999
313,single_sentence_500,2,CONSEIL WAS MY MANSERVANT,audio__original,1.008264,0.947769,8.252531051635742,0.966657280921936,-60.495000000000076
313,single_sentence_500,3,CONSEIL WAS MY MANSERVANT,audio__original,1.129256,1.149421,4.107424259185791,2.012299060821533,20.16499999999999
313,single_sentence_500,4,CONSEIL WAS MY MANSERVANT,audio__original,1.290579,1.230083,5.66438627243042,0.2077217400074005,-60.49599999999988
313,single_sentence_500,5,CONSEIL WAS MY MANSERVANT,audio__original,1.351074,1.41157,13.405818939208984,8.276659965515137,60.49599999999988
313,single_sentence_500,6,CONSEIL WAS MY MANSERVANT,audio__original,1.512397,1.451901,14.039137840270996,0.32004913687705994,-60.49599999999988
314,single_sentence_500,0,FOR JUST THAT CLASS O MEN,audio__original,0.320702,0.240687,0.060200341045856476,0.011884050443768501,-80.01499999999997
314,single_sentence_500,1,FOR JUST THAT CLASS O MEN,audio__original,0.420921,0.461009,19.734516143798828,0.8545563817024231,40.088000000000015
314,single_sentence_500,2,FOR JUST THAT CLASS O MEN,audio__original,0.581272,0.501096,9.300950050354004,0.9397379755973816,-80.17600000000003
314,single_sentence_500,3,FOR JUST THAT CLASS O MEN,audio__original,0.761667,0.781711,2.0895307064056396,1.264805793762207,20.04400000000006
314,single_sentence_500,4,FOR JUST THAT CLASS O MEN,audio__original,0.861886,0.821798,61.5384407043457,3.850098133087158,-40.088000000000015
314,single_sentence_500,5,FOR JUST THAT CLASS O MEN,audio__original,1.002193,1.022237,0.2805735468864441,0.16244734823703766,20.044000000000175
314,single_sentence_500,6,FOR JUST THAT CLASS O MEN,audio__original,1.162544,1.086375,4.056257247924805,0.03215455263853073,-76.16899999999993
314,single_sentence_500,7,FOR JUST THAT CLASS O MEN,audio__original,1.463202,1.483188,4.022314071655273,1.5125620365142822,19.98600000000006
314,single_sentence_500,8,FOR JUST THAT CLASS O MEN,audio__original,1.543377,1.523333,38.05447769165039,21.547183990478516,-20.04399999999995
314,single_sentence_500,9,FOR JUST THAT CLASS O MEN,audio__original,1.563421,1.593487,7.6603522300720215,1.909518837928772,30.066000000000148
314,single_sentence_500,10,FOR JUST THAT CLASS O MEN,audio__original,1.76386,1.723772,43.11321258544922,23.321741104125977,-40.0879999999999
314,single_sentence_500,11,FOR JUST THAT CLASS O MEN,audio__original,2.164737,2.244687,0.046858206391334534,0.05319397896528244,79.94999999999975
315,single_sentence_500,0,FOR LOVE I HAVE HEARD SAY,audio__original,0.340859,0.260813,0.17089833319187164,0.20886830985546112,-80.046
315,single_sentence_500,1,FOR LOVE I HAVE HEARD SAY,audio__original,0.441111,0.441111,4.671128273010254,4.671128273010254,0.0
315,single_sentence_500,2,FOR LOVE I HAVE HEARD SAY,audio__original,0.541364,0.501263,15.500882148742676,0.2636933922767639,-40.10099999999994
315,single_sentence_500,3,FOR LOVE I HAVE HEARD SAY,audio__original,0.80202,0.862172,2.7297115325927734,0.28583431243896484,60.15200000000009
315,single_sentence_500,4,FOR LOVE I HAVE HEARD SAY,audio__original,1.042626,0.962424,14.162199020385742,0.10070337355136871,-80.20200000000011
315,single_sentence_500,5,FOR LOVE I HAVE HEARD SAY,audio__original,1.062677,1.082727,3.311755418777466,4.615349769592285,20.0499999999999
315,single_sentence_500,6,FOR LOVE I HAVE HEARD SAY,audio__original,1.142879,1.142879,2.311004161834717,2.311004161834717,0.0
315,single_sentence_500,7,FOR LOVE I HAVE HEARD SAY,audio__original,1.243131,1.243131,3.763134241104126,3.763134241104126,0.0
315,single_sentence_500,8,FOR LOVE I HAVE HEARD SAY,audio__original,1.283232,1.283232,1.2306272983551025,1.2306272983551025,0.0
315,single_sentence_500,9,FOR LOVE I HAVE HEARD SAY,audio__original,1.443636,1.443636,0.25676557421684265,0.25676557421684265,0.0
315,single_sentence_500,10,FOR LOVE I HAVE HEARD SAY,audio__original,1.523838,1.51575,7.0206427574157715,0.7250522971153259,-8.088000000000095
315,single_sentence_500,11,FOR LOVE I HAVE HEARD SAY,audio__original,1.864697,1.864697,0.06532596051692963,0.06532596051692963,0.0
316,single_sentence_500,0,GRAND REIGN GRAND CENTURY,audio__original,0.482308,0.45425,9.473379135131836,0.05339878797531128,-28.05800000000003
316,single_sentence_500,1,GRAND REIGN GRAND CENTURY,audio__original,0.703365,0.743558,3.4640378952026367,10.36021614074707,40.19300000000003
316,single_sentence_500,2,GRAND REIGN GRAND CENTURY,audio__original,0.823942,0.78375,54.669288635253906,2.351973295211792,-40.19200000000001
316,single_sentence_500,3,GRAND REIGN GRAND CENTURY,audio__original,1.024904,1.085192,0.5376525521278381,2.148693799972534,60.2879999999999
316,single_sentence_500,4,GRAND REIGN GRAND CENTURY,audio__original,1.748365,1.445938,3.980644464492798,0.029554888606071472,-302.427
316,single_sentence_500,5,GRAND REIGN GRAND CENTURY,audio__original,1.969423,1.989519,0.5977799296379089,2.926170825958252,20.096000000000114
316,single_sentence_500,6,GRAND REIGN GRAND CENTURY,audio__original,2.09,2.029712,4.33340311050415,29.724464416503906,-60.2879999999999
316,single_sentence_500,7,GRAND REIGN GRAND CENTURY,audio__original,2.512019,2.592,5.953018665313721,3.6967954635620117,79.98100000000008
317,single_sentence_500,0,HAS THE HAPPINESS TO JOIN,audio__original,0.260663,0.180625,5.207549095153809,0.08142189681529999,-80.03799999999997
317,single_sentence_500,1,HAS THE HAPPINESS TO JOIN,audio__original,0.40102,0.421071,85.85203552246094,73.91026306152344,20.050999999999984
317,single_sentence_500,2,HAS THE HAPPINESS TO JOIN,audio__original,0.621582,0.57325,1.4623605012893677,0.012616276741027832,-48.33199999999993
317,single_sentence_500,3,HAS THE HAPPINESS TO JOIN,audio__original,0.681735,0.701786,76.2682113647461,44.51618194580078,20.05100000000004
317,single_sentence_500,4,HAS THE HAPPINESS TO JOIN,audio__original,0.78199,0.761939,57.17400360107422,16.284921646118164,-20.05099999999993
317,single_sentence_500,5,HAS THE HAPPINESS TO JOIN,audio__original,1.203061,1.223112,73.02960205078125,10.961769104003906,20.05100000000004
317,single_sentence_500,6,HAS THE HAPPINESS TO JOIN,audio__original,1.283265,1.267187,9.664487838745117,0.04268094152212143,-16.07800000000004
317,single_sentence_500,7,HAS THE HAPPINESS TO JOIN,audio__original,1.343418,1.363469,8.832354545593262,2.680443525314331,20.05100000000004
317,single_sentence_500,8,HAS THE HAPPINESS TO JOIN,audio__original,1.483776,1.403571,35.755340576171875,0.5045392513275146,-80.20500000000008
317,single_sentence_500,9,HAS THE HAPPINESS TO JOIN,audio__original,1.904847,1.964813,0.16512753069400787,0.18912707269191742,59.965999999999966
318,single_sentence_500,0,HE MIGHT GO BACK TO ARABY,audio__original,0.643975,0.563937,13.57026481628418,0.08106473088264465,-80.03799999999994
318,single_sentence_500,1,HE MIGHT GO BACK TO ARABY,audio__original,0.724472,0.885466,0.8929191827774048,0.7244614958763123,160.99399999999997
318,single_sentence_500,2,HE MIGHT GO BACK TO ARABY,audio__original,1.207453,1.106832,6.222133636474609,0.24849708378314972,-100.62100000000007
318,single_sentence_500,3,HE MIGHT GO BACK TO ARABY,audio__original,1.408696,1.448944,2.6928133964538574,1.8914880752563477,40.24800000000006
318,single_sentence_500,4,HE MIGHT GO BACK TO ARABY,audio__original,1.569689,1.529441,9.489617347717285,0.21509355306625366,-40.24799999999984
318,single_sentence_500,5,HE MIGHT GO BACK TO ARABY,audio__original,1.630062,1.690435,1.2050058841705322,1.415114402770996,60.37300000000001
318,single_sentence_500,6,HE MIGHT GO BACK TO ARABY,audio__original,1.791056,1.730683,61.47467803955078,4.466009616851807,-60.37300000000001
318,single_sentence_500,7,HE MIGHT GO BACK TO ARABY,audio__original,1.972174,2.012422,1.5544852018356323,0.5606658458709717,40.24799999999984
318,single_sentence_500,8,HE MIGHT GO BACK TO ARABY,audio__original,2.092919,2.036563,0.8326501846313477,0.06126564368605614,-56.35600000000007
318,single_sentence_500,9,HE MIGHT GO BACK TO ARABY,audio__original,2.153292,2.173416,3.5539565086364746,21.38002586364746,20.12400000000003
318,single_sentence_500,10,HE MIGHT GO BACK TO ARABY,audio__original,2.314286,2.233789,15.671000480651855,212.87994384765625,-80.49700000000027
318,single_sentence_500,11,HE MIGHT GO BACK TO ARABY,audio__original,2.636273,2.71625,4.941653251647949,0.20692619681358337,79.97699999999996
319,single_sentence_500,0,HOW KIND MAN IS AFTER ALL,audio__original,0.420633,0.340625,9.1473970413208,0.5967745184898376,-80.00799999999997
319,single_sentence_500,1,HOW KIND MAN IS AFTER ALL,audio__original,0.520783,0.560843,40.377777099609375,4.699430465698242,40.05999999999999
319,single_sentence_500,2,HOW KIND MAN IS AFTER ALL,audio__original,0.841265,0.624938,56.212730407714844,3.1765055656433105,-216.32700000000006
319,single_sentence_500,3,HOW KIND MAN IS AFTER ALL,audio__original,1.141717,1.161747,0.19712242484092712,0.16653752326965332,20.029999999999994
319,single_sentence_500,4,HOW KIND MAN IS AFTER ALL,audio__original,1.362048,1.281928,19.989952087402344,0.5514545440673828,-80.11999999999998
319,single_sentence_500,5,HOW KIND MAN IS AFTER ALL,audio__original,1.542319,1.58238,0.6362495422363281,0.5653445720672607,40.0609999999999
319,single_sentence_500,6,HOW KIND MAN IS AFTER ALL,audio__original,1.74262,1.6625,14.232418060302734,0.6589353084564209,-80.11999999999998
319,single_sentence_500,7,HOW KIND MAN IS AFTER ALL,audio__original,1.962952,1.962952,25.9215030670166,25.9215030670166,0.0
319,single_sentence_500,8,HOW KIND MAN IS AFTER ALL,audio__original,2.103163,2.073117,6.555383682250977,22.82048988342285,-30.046000000000017
319,single_sentence_500,9,HOW KIND MAN IS AFTER ALL,audio__original,2.343524,2.784187,3.4410929679870605,14.739566802978516,440.66300000000024
319,single_sentence_500,10,HOW KIND MAN IS AFTER ALL,audio__original,2.984488,2.984488,0.32662108540534973,0.32662108540534973,0.0
319,single_sentence_500,11,HOW KIND MAN IS AFTER ALL,audio__original,3.064608,3.048563,0.010357731953263283,0.008066264912486076,-16.045000000000087
320,single_sentence_500,0,I DELIGHT IN YOUR KITCHEN,audio__original,0.561474,0.525438,17.856271743774414,0.11683082580566406,-36.036000000000065
320,single_sentence_500,1,I DELIGHT IN YOUR KITCHEN,audio__original,0.581526,0.581526,18.242795944213867,18.242795944213867,0.0
320,single_sentence_500,2,I DELIGHT IN YOUR KITCHEN,audio__original,0.681789,0.681789,36.163333892822266,36.163333892822266,0.0
320,single_sentence_500,3,I DELIGHT IN YOUR KITCHEN,audio__original,0.982579,0.982579,14.98815631866455,14.98815631866455,0.0
320,single_sentence_500,4,I DELIGHT IN YOUR KITCHEN,audio__original,1.022684,1.022684,11.141094207763672,11.141094207763672,0.0
320,single_sentence_500,5,I DELIGHT IN YOUR KITCHEN,audio__original,1.062789,1.062789,13.606253623962402,13.606253623962402,0.0
320,single_sentence_500,6,I DELIGHT IN YOUR KITCHEN,audio__original,1.102895,1.102895,5.316258907318115,5.316258907318115,0.0
320,single_sentence_500,7,I DELIGHT IN YOUR KITCHEN,audio__original,1.203158,1.203158,3.2138302326202393,3.2138302326202393,0.0
320,single_sentence_500,8,I DELIGHT IN YOUR KITCHEN,audio__original,1.263316,1.243263,7.938626289367676,4.549046993255615,-20.053000000000097
320,single_sentence_500,9,I DELIGHT IN YOUR KITCHEN,audio__original,1.724526,1.8045,5.6708903312683105,8.793591499328613,79.97399999999999
321,single_sentence_500,0,I SAIL FOR HOME TO MORROW,audio__original,0.362903,0.302875,31.69131088256836,0.012330956757068634,-60.02799999999997
321,single_sentence_500,1,I SAIL FOR HOME TO MORROW,audio__original,0.383065,0.383065,90.55419158935547,90.55419158935547,0.0
321,single_sentence_500,2,I SAIL FOR HOME TO MORROW,audio__original,0.544355,0.524194,23.115140914916992,53.95807647705078,-20.160999999999984
321,single_sentence_500,3,I SAIL FOR HOME TO MORROW,audio__original,0.745968,0.78629,118.9013671875,2.3596115112304688,40.32200000000008
321,single_sentence_500,4,I SAIL FOR HOME TO MORROW,audio__original,0.826613,0.826613,0.4486296772956848,0.4486296772956848,0.0
321,single_sentence_500,5,I SAIL FOR HOME TO MORROW,audio__original,0.907258,0.917339,44.65312194824219,267.86920166015625,10.081000000000007
321,single_sentence_500,6,I SAIL FOR HOME TO MORROW,audio__original,0.987903,0.977823,64.48168182373047,60.42604064941406,-10.079999999999977
321,single_sentence_500,7,I SAIL FOR HOME TO MORROW,audio__original,1.149194,1.189516,22.028701782226562,10.997854232788086,40.32199999999997
321,single_sentence_500,8,I SAIL FOR HOME TO MORROW,audio__original,1.229839,1.229839,4.152288913726807,4.152288913726807,0.0
321,single_sentence_500,9,I SAIL FOR HOME TO MORROW,audio__original,1.290323,1.290323,30.109941482543945,30.109941482543945,0.0
321,single_sentence_500,10,I SAIL FOR HOME TO MORROW,audio__original,1.350806,1.340726,33.55156326293945,49.66069793701172,-10.079999999999867
321,single_sentence_500,11,I SAIL FOR HOME TO MORROW,audio__original,1.612903,1.692875,25.446516036987305,0.5285443067550659,79.97199999999994
322,single_sentence_500,0,I WONDER IF YOU EVER MEET,audio__original,0.524727,0.444688,19.13995933532715,0.007328393869102001,-80.03900000000003
322,single_sentence_500,1,I WONDER IF YOU EVER MEET,audio__original,0.544909,0.544909,1.1464242935180664,1.1464242935180664,0.0
322,single_sentence_500,2,I WONDER IF YOU EVER MEET,audio__original,0.645818,0.635727,1.596064805984497,1.933742642402649,-10.090999999999962
322,single_sentence_500,3,I WONDER IF YOU EVER MEET,audio__original,0.888,0.898091,60.24928665161133,117.9314956665039,10.090999999999962
322,single_sentence_500,4,I WONDER IF YOU EVER MEET,audio__original,0.988909,0.988909,41.79256057739258,41.79256057739258,0.0
322,single_sentence_500,5,I WONDER IF YOU EVER MEET,audio__original,1.029273,1.029273,0.30247125029563904,0.30247125029563904,0.0
322,single_sentence_500,6,I WONDER IF YOU EVER MEET,audio__original,1.069636,1.069636,1.5015490055084229,1.5015490055084229,0.0
322,single_sentence_500,7,I WONDER IF YOU EVER MEET,audio__original,1.150364,1.190375,59.00401306152344,0.1489514410495758,40.01100000000002
322,single_sentence_500,8,I WONDER IF YOU EVER MEET,audio__original,1.271455,1.251273,118.27709197998047,141.67379760742188,-20.181999999999924
322,single_sentence_500,9,I WONDER IF YOU EVER MEET,audio__original,1.453091,1.463182,10.451826095581055,12.504775047302246,10.091000000000072
322,single_sentence_500,10,I WONDER IF YOU EVER MEET,audio__original,1.554,1.543909,2.1727142333984375,24.909313201904297,-10.091000000000072
322,single_sentence_500,11,I WONDER IF YOU EVER MEET,audio__original,1.796182,1.800125,0.2958562970161438,0.054930731654167175,3.94300000000003
323,single_sentence_500,0,IF HE LET GO NOW AND THEN,audio__original,0.343301,0.26325,27.324064254760742,1.207772135734558,-80.05100000000004
323,single_sentence_500,1,IF HE LET GO NOW AND THEN,audio__original,0.403883,0.413981,2.010943651199341,1.4351381063461304,10.097999999999995
323,single_sentence_500,2,IF HE LET GO NOW AND THEN,audio__original,0.48466,0.464466,17.90611457824707,23.85196304321289,-20.19399999999999
323,single_sentence_500,3,IF HE LET GO NOW AND THEN,audio__original,0.525049,0.565437,29.320987701416016,12.036672592163086,40.38799999999998
323,single_sentence_500,4,IF HE LET GO NOW AND THEN,audio__original,0.666408,0.626019,19.899648666381836,21.296510696411133,-40.38900000000001
323,single_sentence_500,5,IF HE LET GO NOW AND THEN,audio__original,0.807767,0.807767,3.1691484451293945,3.1691484451293945,0.0
323,single_sentence_500,6,IF HE LET GO NOW AND THEN,audio__original,0.96932,0.888544,46.41596603393555,1.2484714984893799,-80.77599999999995
323,single_sentence_500,7,IF HE LET GO NOW AND THEN,audio__original,1.070291,1.191456,126.54706573486328,21.250377655029297,121.16499999999996
323,single_sentence_500,8,IF HE LET GO NOW AND THEN,audio__original,1.312621,1.292427,8.808833122253418,4.522110939025879,-20.194000000000045
323,single_sentence_500,9,IF HE LET GO NOW AND THEN,audio__original,1.433786,1.433786,9.126108169555664,9.126108169555664,0.0
323,single_sentence_500,10,IF HE LET GO NOW AND THEN,audio__original,1.514563,1.504466,26.974897384643555,22.934574127197266,-10.097000000000023
323,single_sentence_500,11,IF HE LET GO NOW AND THEN,audio__original,1.59534,1.59534,2.47176456451416,2.47176456451416,0.0
323,single_sentence_500,12,IF HE LET GO NOW AND THEN,audio__original,1.696311,1.696311,12.507575988769531,12.507575988769531,0.0
323,single_sentence_500,13,IF HE LET GO NOW AND THEN,audio__original,1.999223,2.079188,0.6435929536819458,0.1125110387802124,79.96499999999985
324,single_sentence_500,0,IT IS A VERY STUPID STORY,audio__original,0.641916,0.721875,35.955745697021484,2.6606242656707764,79.959
324,single_sentence_500,1,IT IS A VERY STUPID STORY,audio__original,0.782335,0.798375,0.23111000657081604,0.23391693830490112,16.039999999999942
324,single_sentence_500,2,IT IS A VERY STUPID STORY,audio__original,1.083234,0.99475,18.993799209594727,0.014058592729270458,-88.48400000000001
324,single_sentence_500,3,IT IS A VERY STUPID STORY,audio__original,1.163473,1.163473,0.6072224378585815,0.6072224378585815,0.0
324,single_sentence_500,4,IT IS A VERY STUPID STORY,audio__original,1.243713,1.243713,11.408693313598633,11.408693313598633,0.0
324,single_sentence_500,5,IT IS A VERY STUPID STORY,audio__original,1.263772,1.263772,12.411576271057129,12.411576271057129,0.0
324,single_sentence_500,6,IT IS A VERY STUPID STORY,audio__original,1.404192,1.324,38.283302307128906,0.6704745888710022,-80.19200000000004
324,single_sentence_500,7,IT IS A VERY STUPID STORY,audio__original,1.62485,1.66497,4.453145980834961,1.3944867849349976,40.120000000000154
324,single_sentence_500,8,IT IS A VERY STUPID STORY,audio__original,1.825449,1.825449,5.862498760223389,5.862498760223389,0.0
324,single_sentence_500,9,IT IS A VERY STUPID STORY,audio__original,2.266766,2.274812,0.35187187790870667,0.32139497995376587,8.045999999999776
324,single_sentence_500,10,IT IS A VERY STUPID STORY,audio__original,2.447305,2.447305,28.35264778137207,28.35264778137207,0.0
324,single_sentence_500,11,IT IS A VERY STUPID STORY,audio__original,3.089222,3.085187,0.03556912764906883,0.04064498096704483,-4.035000000000011
325,single_sentence_500,0,LOW UNDERNEATH THE GROUND,audio__original,0.242182,0.162125,106.8603286743164,4.22058629989624,-80.05700000000002
325,single_sentence_500,1,LOW UNDERNEATH THE GROUND,audio__original,0.423818,0.591812,16.332443237304688,0.28232020139694214,167.99400000000003
325,single_sentence_500,2,LOW UNDERNEATH THE GROUND,audio__original,0.867818,0.778188,12.995264053344727,0.06628884375095367,-89.62999999999998
325,single_sentence_500,3,LOW UNDERNEATH THE GROUND,audio__original,1.372364,1.382455,0.7044041156768799,0.9017294645309448,10.091000000000072
325,single_sentence_500,4,LOW UNDERNEATH THE GROUND,audio__original,1.473273,1.453091,12.337639808654785,1.866689920425415,-20.182000000000144
325,single_sentence_500,5,LOW UNDERNEATH THE GROUND,audio__original,1.533818,1.554,1.1447752714157104,0.5964715480804443,20.182000000000144
325,single_sentence_500,6,LOW UNDERNEATH THE GROUND,audio__original,1.634727,1.594364,28.217798233032227,1.2733662128448486,-40.36300000000015
325,single_sentence_500,7,LOW UNDERNEATH THE GROUND,audio__original,2.119091,2.199063,0.07004671543836594,0.07059583812952042,79.97200000000015
326,single_sentence_500,0,MEN THAT MADE A MAN OF ME,audio__original,0.461597,0.381563,119.96724700927734,38.45270538330078,-80.03399999999999
326,single_sentence_500,1,MEN THAT MADE A MAN OF ME,audio__original,0.642222,0.742569,53.086490631103516,33.80630874633789,100.34700000000008
326,single_sentence_500,2,MEN THAT MADE A MAN OF ME,audio__original,0.842917,0.81475,5.5666985511779785,0.5806992650032043,-28.16700000000005
326,single_sentence_500,3,MEN THAT MADE A MAN OF ME,audio__original,0.963333,0.973368,3.8946175575256348,2.101814031600952,10.035000000000016
326,single_sentence_500,4,MEN THAT MADE A MAN OF ME,audio__original,1.063681,1.003472,70.22555541992188,10.16312026977539,-60.20900000000018
326,single_sentence_500,5,MEN THAT MADE A MAN OF ME,audio__original,1.204167,1.204167,15.662422180175781,15.662422180175781,0.0
326,single_sentence_500,6,MEN THAT MADE A MAN OF ME,audio__original,1.284444,1.284444,18.93234634399414,18.93234634399414,0.0
326,single_sentence_500,7,MEN THAT MADE A MAN OF ME,audio__original,1.304514,1.304514,35.3734245300293,35.3734245300293,0.0
326,single_sentence_500,8,MEN THAT MADE A MAN OF ME,audio__original,1.424931,1.344653,73.79161071777344,15.41489028930664,-80.27799999999985
326,single_sentence_500,9,MEN THAT MADE A MAN OF ME,audio__original,1.605556,1.63566,37.57473373413086,37.41863250732422,30.103999999999907
326,single_sentence_500,10,MEN THAT MADE A MAN OF ME,audio__original,1.725972,1.725972,163.4176483154297,163.4176483154297,0.0
326,single_sentence_500,11,MEN THAT MADE A MAN OF ME,audio__original,1.80625,1.82625,1.7070356607437134,3.000814199447632,20.000000000000018
326,single_sentence_500,12,MEN THAT MADE A MAN OF ME,audio__original,2.428403,2.428403,0.10300836712121964,0.10300836712121964,0.0
326,single_sentence_500,13,MEN THAT MADE A MAN OF ME,audio__original,2.468542,2.5285,0.04088820517063141,0.005414282903075218,59.958000000000396
327,single_sentence_500,0,NOTE TO THE THIRD EDITION,audio__original,0.644138,0.564125,47.537967681884766,8.671109199523926,-80.013
327,single_sentence_500,1,NOTE TO THE THIRD EDITION,audio__original,0.88569,0.905819,0.6275032162666321,0.2850121855735779,20.12900000000006
327,single_sentence_500,2,NOTE TO THE THIRD EDITION,audio__original,0.966207,0.946078,1.662706971168518,6.589357376098633,-20.12900000000006
327,single_sentence_500,3,NOTE TO THE THIRD EDITION,audio__original,1.026595,1.026595,5.031008243560791,5.031008243560791,0.0
327,single_sentence_500,4,NOTE TO THE THIRD EDITION,audio__original,1.107112,1.086983,14.403265953063965,5.4331512451171875,-20.12900000000006
327,single_sentence_500,5,NOTE TO THE THIRD EDITION,audio__original,1.1675,1.187629,5.4791741371154785,0.2010663002729416,20.12900000000006
327,single_sentence_500,6,NOTE TO THE THIRD EDITION,audio__original,1.248017,1.243875,0.05230022966861725,0.03117910400032997,-4.141999999999868
327,single_sentence_500,7,NOTE TO THE THIRD EDITION,audio__original,1.44931,1.44931,35.05331039428711,35.05331039428711,0.0
327,single_sentence_500,8,NOTE TO THE THIRD EDITION,audio__original,1.509698,1.509698,33.644432067871094,33.644432067871094,0.0
327,single_sentence_500,9,NOTE TO THE THIRD EDITION,audio__original,1.892155,1.972125,1.499100685119629,0.17172296345233917,79.96999999999987
328,single_sentence_500,0,SHE GATHERED UP HER REINS,audio__original,0.440957,0.360938,15.433802604675293,0.2871323525905609,-80.019
328,single_sentence_500,1,SHE GATHERED UP HER REINS,audio__original,0.52113,0.561217,3.2737884521484375,5.0725417137146,40.08699999999998
328,single_sentence_500,2,SHE GATHERED UP HER REINS,audio__original,0.641391,0.581261,41.810916900634766,0.032280683517456055,-60.13000000000002
328,single_sentence_500,3,SHE GATHERED UP HER REINS,audio__original,0.922,0.922,21.048852920532227,21.048852920532227,0.0
328,single_sentence_500,4,SHE GATHERED UP HER REINS,audio__original,0.962087,0.962087,52.09355545043945,52.09355545043945,0.0
328,single_sentence_500,5,SHE GATHERED UP HER REINS,audio__original,1.042261,1.042261,0.020390931516885757,0.020390931516885757,0.0
328,single_sentence_500,6,SHE GATHERED UP HER REINS,audio__original,1.122435,1.102391,9.460649490356445,2.773139715194702,-20.044000000000175
328,single_sentence_500,7,SHE GATHERED UP HER REINS,audio__original,1.202609,1.21263,3.9486875534057617,2.1723320484161377,10.021000000000058
328,single_sentence_500,8,SHE GATHERED UP HER REINS,audio__original,1.282783,1.242696,16.265851974487305,2.3530805110931396,-40.08699999999998
328,single_sentence_500,9,SHE GATHERED UP HER REINS,audio__original,1.683652,1.659625,0.2831527590751648,0.0053832558915019035,-24.027000000000022
329,single_sentence_500,0,THE HOUND GOT ON HIS BACK,audio__original,0.380742,0.300687,0.2329912930727005,0.057468708604574203,-80.05500000000005
329,single_sentence_500,1,THE HOUND GOT ON HIS BACK,audio__original,0.440859,0.460898,17.912261962890625,6.7958269119262695,20.038999999999973
329,single_sentence_500,2,THE HOUND GOT ON HIS BACK,audio__original,0.561094,0.531035,5.307584762573242,4.05247688293457,-30.058999999999948
329,single_sentence_500,3,THE HOUND GOT ON HIS BACK,audio__original,0.801562,0.881719,3.3430917263031006,2.581076145172119,80.15700000000004
329,single_sentence_500,4,THE HOUND GOT ON HIS BACK,audio__original,1.342617,0.977875,91.7418212890625,0.01771697588264942,-364.7419999999999
329,single_sentence_500,5,THE HOUND GOT ON HIS BACK,audio__original,1.50293,1.506938,12.412381172180176,18.96827507019043,4.0080000000000116
329,single_sentence_500,6,THE HOUND GOT ON HIS BACK,audio__original,1.643203,1.613145,31.8349552154541,34.78782272338867,-30.057999999999918
329,single_sentence_500,7,THE HOUND GOT ON HIS BACK,audio__original,1.723359,1.743398,5.75879430770874,1.1339784860610962,20.038999999999916
329,single_sentence_500,8,THE HOUND GOT ON HIS BACK,audio__original,1.823555,1.823555,4.800739288330078,4.800739288330078,0.0
329,single_sentence_500,9,THE HOUND GOT ON HIS BACK,audio__original,1.943789,1.943789,2.084010601043701,2.084010601043701,0.0
329,single_sentence_500,10,THE HOUND GOT ON HIS BACK,audio__original,2.084062,1.983867,48.51351547241211,0.5233002305030823,-100.19499999999981
329,single_sentence_500,11,THE HOUND GOT ON HIS BACK,audio__original,2.304492,2.280438,0.04253675416111946,0.13485904037952423,-24.05400000000002
330,single_sentence_500,0,THIS WAS A NEW PERPLEXITY,audio__original,0.662558,0.5825,107.86505889892578,6.947152137756348,-80.05799999999996
330,single_sentence_500,1,THIS WAS A NEW PERPLEXITY,audio__original,0.843256,0.883411,1.8745920658111572,7.203527450561523,40.154999999999944
330,single_sentence_500,2,THIS WAS A NEW PERPLEXITY,audio__original,1.064109,0.983798,10.794208526611328,11.008909225463867,-80.31100000000002
330,single_sentence_500,3,THIS WAS A NEW PERPLEXITY,audio__original,1.204651,1.204651,17.387279510498047,17.387279510498047,0.0
330,single_sentence_500,4,THIS WAS A NEW PERPLEXITY,audio__original,1.284961,1.284961,53.02482223510742,53.02482223510742,0.0
330,single_sentence_500,5,THIS WAS A NEW PERPLEXITY,audio__original,1.305039,1.315078,16.475696563720703,6.681774616241455,10.038999999999909
330,single_sentence_500,6,THIS WAS A NEW PERPLEXITY,audio__original,1.425504,1.395388,22.95174217224121,0.37604451179504395,-30.11600000000003
330,single_sentence_500,7,THIS WAS A NEW PERPLEXITY,audio__original,1.545969,1.606202,15.008480072021484,2.8725345134735107,60.23299999999998
330,single_sentence_500,8,THIS WAS A NEW PERPLEXITY,audio__original,1.706589,1.670375,2.6161465644836426,0.003075194312259555,-36.21399999999997
330,single_sentence_500,9,THIS WAS A NEW PERPLEXITY,audio__original,2.26876,2.18875,10.928169250488281,0.5000346302986145,-80.00999999999969
331,single_sentence_500,0,TO SUBDUE TO ATTRACT THEM,audio__original,0.201818,0.141813,4.765428066253662,0.09697142243385315,-60.005
331,single_sentence_500,1,TO SUBDUE TO ATTRACT THEM,audio__original,0.262364,0.262364,84.40955352783203,84.40955352783203,0.0
331,single_sentence_500,2,TO SUBDUE TO ATTRACT THEM,audio__original,0.383455,0.363273,6.189781188964844,5.5131001472473145,-20.181999999999977
331,single_sentence_500,3,TO SUBDUE TO ATTRACT THEM,audio__original,0.726545,0.827455,3.1847779750823975,8.209315299987793,100.91000000000005
331,single_sentence_500,4,TO SUBDUE TO ATTRACT THEM,audio__original,1.190727,0.956375,6.085329532623291,0.11076102405786514,-234.35200000000012
331,single_sentence_500,5,TO SUBDUE TO ATTRACT THEM,audio__original,1.231091,1.231091,19.600194931030273,19.600194931030273,0.0
331,single_sentence_500,6,TO SUBDUE TO ATTRACT THEM,audio__original,1.311818,1.311818,14.494505882263184,14.494505882263184,0.0
331,single_sentence_500,7,TO SUBDUE TO ATTRACT THEM,audio__original,1.695273,1.705364,0.21030907332897186,0.08239195495843887,10.091000000000072
331,single_sentence_500,8,TO SUBDUE TO ATTRACT THEM,audio__original,1.796182,1.755818,35.26343536376953,0.27164581418037415,-40.36399999999985
331,single_sentence_500,9,TO SUBDUE TO ATTRACT THEM,audio__original,1.937455,2.017438,5.738840103149414,0.06757374107837677,79.98299999999992
332,single_sentence_500,0,WE OWN IT ALL AND SEVERAL,audio__original,0.341667,0.261625,7.088913440704346,2.402409553527832,-80.042
332,single_sentence_500,1,WE OWN IT ALL AND SEVERAL,audio__original,0.401961,0.502451,2.3673911094665527,20.17439079284668,100.48999999999997
332,single_sentence_500,2,WE OWN IT ALL AND SEVERAL,audio__original,0.663235,0.586688,22.00593376159668,1.273314118385315,-76.54700000000003
332,single_sentence_500,3,WE OWN IT ALL AND SEVERAL,audio__original,0.783824,0.803922,5.23833703994751,9.720621109008789,20.09800000000006
332,single_sentence_500,4,WE OWN IT ALL AND SEVERAL,audio__original,0.864216,0.864216,32.3634147644043,32.3634147644043,0.0
332,single_sentence_500,5,WE OWN IT ALL AND SEVERAL,audio__original,0.92451,0.944608,8.419528007507324,3.101003646850586,20.09799999999995
332,single_sentence_500,6,WE OWN IT ALL AND SEVERAL,audio__original,1.085294,0.97675,59.17201232910156,0.47579529881477356,-108.54399999999997
332,single_sentence_500,7,WE OWN IT ALL AND SEVERAL,audio__original,1.22598,1.246078,229.1039581298828,8.487849235534668,20.09799999999995
332,single_sentence_500,8,WE OWN IT ALL AND SEVERAL,audio__original,1.326471,1.316422,34.00757598876953,38.401649475097656,-10.048999999999975
332,single_sentence_500,9,WE OWN IT ALL AND SEVERAL,audio__original,1.426961,1.43701,9.00979232788086,12.054220199584961,10.048999999999975
332,single_sentence_500,10,WE OWN IT ALL AND SEVERAL,audio__original,1.547549,1.517402,14.232699394226074,5.626901149749756,-30.147000000000148
332,single_sentence_500,11,WE OWN IT ALL AND SEVERAL,audio__original,1.84902,1.929,34.243045806884766,2.2024097442626953,79.97999999999993
333,single_sentence_500,0,WHAT HAD HE SEEN OR HEARD,audio__original,0.341478,0.261437,0.032632093876600266,0.0012041347799822688,-80.04100000000003
333,single_sentence_500,1,WHAT HAD HE SEEN OR HEARD,audio__original,0.462,0.462,24.244321823120117,24.244321823120117,0.0
333,single_sentence_500,2,WHAT HAD HE SEEN OR HEARD,audio__original,0.542348,0.532304,51.33226013183594,49.71920394897461,-10.044000000000054
333,single_sentence_500,3,WHAT HAD HE SEEN OR HEARD,audio__original,0.642783,0.66287,0.6011925935745239,2.555788040161133,20.086999999999968
333,single_sentence_500,4,WHAT HAD HE SEEN OR HEARD,audio__original,0.72313,0.723063,0.8879780769348145,0.8879780769348145,-0.06700000000003925
333,single_sentence_500,5,WHAT HAD HE SEEN OR HEARD,audio__original,0.783391,0.823565,2.676582098007202,1.7907874584197998,40.17400000000004
333,single_sentence_500,6,WHAT HAD HE SEEN OR HEARD,audio__original,0.964174,0.951812,0.16011416912078857,0.1207440122961998,-12.361999999999984
333,single_sentence_500,7,WHAT HAD HE SEEN OR HEARD,audio__original,1.165043,1.18513,1.19487726688385,0.23165932297706604,20.086999999999968
333,single_sentence_500,8,WHAT HAD HE SEEN OR HEARD,audio__original,1.285565,1.245391,1.2702147960662842,2.394432306289673,-40.174000000000156
333,single_sentence_500,9,WHAT HAD HE SEEN OR HEARD,audio__original,1.345826,1.365913,4.120150566101074,4.025707244873047,20.086999999999968
333,single_sentence_500,10,WHAT HAD HE SEEN OR HEARD,audio__original,1.486435,1.456304,2.4672927856445312,4.118095874786377,-30.130999999999908
333,single_sentence_500,11,WHAT HAD HE SEEN OR HEARD,audio__original,1.908261,1.92825,0.0008884523995220661,0.00024317971838172525,19.989000000000033
334,single_sentence_500,0,WITH A SMACK AND A RELISH,audio__original,0.363913,0.323875,0.9871354699134827,0.00510003138333559,-40.03799999999996
334,single_sentence_500,1,WITH A SMACK AND A RELISH,audio__original,0.485217,0.485217,2.8714609146118164,2.8714609146118164,0.0
334,single_sentence_500,2,WITH A SMACK AND A RELISH,audio__original,0.54587,0.54587,18.114110946655273,18.114110946655273,0.0
334,single_sentence_500,3,WITH A SMACK AND A RELISH,audio__original,0.566087,0.566087,17.832073211669922,17.832073211669922,0.0
334,single_sentence_500,4,WITH A SMACK AND A RELISH,audio__original,0.667174,0.667174,41.94327163696289,41.94327163696289,0.0
334,single_sentence_500,5,WITH A SMACK AND A RELISH,audio__original,0.990652,0.998625,0.007213789504021406,0.028443146497011185,7.973000000000008
334,single_sentence_500,6,WITH A SMACK AND A RELISH,audio__original,1.152391,1.10375,55.206748962402344,0.007515809498727322,-48.640999999999934
334,single_sentence_500,7,WITH A SMACK AND A RELISH,audio__original,1.253478,1.253478,13.508447647094727,13.508447647094727,0.0
334,single_sentence_500,8,WITH A SMACK AND A RELISH,audio__original,1.31413,1.31413,22.685932159423828,22.685932159423828,0.0
334,single_sentence_500,9,WITH A SMACK AND A RELISH,audio__original,1.334348,1.334348,31.31777572631836,31.31777572631836,0.0
334,single_sentence_500,10,WITH A SMACK AND A RELISH,audio__original,1.435435,1.39075,115.50205993652344,5.180328845977783,-44.68500000000009
334,single_sentence_500,11,WITH A SMACK AND A RELISH,audio__original,1.738696,1.818688,7.997612953186035,0.0167135801166296,79.99200000000006
335,single_sentence_500,0,ALL IS SAID WITHOUT A WORD,audio__original,0.380896,0.300875,130.7342987060547,0.013918050564825535,-80.02100000000002
335,single_sentence_500,1,ALL IS SAID WITHOUT A WORD,audio__original,0.521226,0.521226,39.047096252441406,39.047096252441406,0.0
335,single_sentence_500,2,ALL IS SAID WITHOUT A WORD,audio__original,0.601415,0.601415,81.2954330444336,81.2954330444336,0.0
335,single_sentence_500,3,ALL IS SAID WITHOUT A WORD,audio__original,0.681604,0.691627,27.087303161621094,16.003559112548828,10.023000000000003
335,single_sentence_500,4,ALL IS SAID WITHOUT A WORD,audio__original,0.761792,0.761792,20.457197189331055,20.457197189331055,0.0
335,single_sentence_500,5,ALL IS SAID WITHOUT A WORD,audio__original,0.92217,0.92217,10.805329322814941,10.805329322814941,0.0
335,single_sentence_500,6,ALL IS SAID WITHOUT A WORD,audio__original,0.962264,0.962264,15.896018028259277,15.896018028259277,0.0
335,single_sentence_500,7,ALL IS SAID WITHOUT A WORD,audio__original,1.222877,1.222877,15.65347957611084,15.65347957611084,0.0
335,single_sentence_500,8,ALL IS SAID WITHOUT A WORD,audio__original,1.283019,1.283019,12.833258628845215,12.833258628845215,0.0
335,single_sentence_500,9,ALL IS SAID WITHOUT A WORD,audio__original,1.303066,1.303066,10.333410263061523,10.333410263061523,0.0
335,single_sentence_500,10,ALL IS SAID WITHOUT A WORD,audio__original,1.423349,1.391188,17.706165313720703,0.16013255715370178,-32.16099999999989
335,single_sentence_500,11,ALL IS SAID WITHOUT A WORD,audio__original,1.944575,1.944575,0.006028972566127777,0.006028972566127777,0.0
336,single_sentence_500,0,ALSO THERE WERE BLUE MOONS,audio__original,0.3012,0.221188,188.22650146484375,0.0015418449183925986,-80.01200000000003
336,single_sentence_500,1,ALSO THERE WERE BLUE MOONS,audio__original,0.56224,0.6024,24.647480010986328,20.412765502929688,40.16000000000008
336,single_sentence_500,2,ALSO THERE WERE BLUE MOONS,audio__original,0.76304,0.76304,3.3917832374572754,3.3917832374572754,0.0
336,single_sentence_500,3,ALSO THERE WERE BLUE MOONS,audio__original,0.88352,0.88352,4.998458385467529,4.998458385467529,0.0
336,single_sentence_500,4,ALSO THERE WERE BLUE MOONS,audio__original,0.9036,0.9036,4.054832935333252,4.054832935333252,0.0
336,single_sentence_500,5,ALSO THERE WERE BLUE MOONS,audio__original,1.02408,1.02408,9.49925422668457,9.49925422668457,0.0
336,single_sentence_500,6,ALSO THERE WERE BLUE MOONS,audio__original,1.1044,1.06424,28.037839889526367,21.176973342895508,-40.159999999999975
336,single_sentence_500,7,ALSO THERE WERE BLUE MOONS,audio__original,1.28512,1.31524,4.098860740661621,8.436182022094727,30.119999999999926
336,single_sentence_500,8,ALSO THERE WERE BLUE MOONS,audio__original,1.42568,1.4056,32.255226135253906,13.676949501037598,-20.080000000000098
336,single_sentence_500,9,ALSO THERE WERE BLUE MOONS,audio__original,1.92768,1.867625,5.772646903991699,0.0071601299569010735,-60.05499999999997
337,single_sentence_500,0,AND EACH SO LIKE THE OTHER,audio__original,0.444074,0.364063,372.9700927734375,0.5672067999839783,-80.011
337,single_sentence_500,1,AND EACH SO LIKE THE OTHER,audio__original,0.545,0.565185,15.098917961120605,5.376261234283447,20.18500000000001
337,single_sentence_500,2,AND EACH SO LIKE THE OTHER,audio__original,0.686296,0.609563,4.390804290771484,1.4076670408248901,-76.73300000000005
337,single_sentence_500,3,AND EACH SO LIKE THE OTHER,audio__original,0.888148,0.888148,43.61094284057617,43.61094284057617,0.0
337,single_sentence_500,4,AND EACH SO LIKE THE OTHER,audio__original,1.09,1.065063,2.921273708343506,1.0938990116119385,-24.936999999999987
337,single_sentence_500,5,AND EACH SO LIKE THE OTHER,audio__original,1.170741,1.271667,23.11599349975586,2.5779316425323486,100.92600000000007
337,single_sentence_500,6,AND EACH SO LIKE THE OTHER,audio__original,1.372593,1.342315,26.088071823120117,28.13041877746582,-30.278000000000027
337,single_sentence_500,7,AND EACH SO LIKE THE OTHER,audio__original,1.534074,1.534074,20.90264129638672,20.90264129638672,0.0
337,single_sentence_500,8,AND EACH SO LIKE THE OTHER,audio__original,1.635,1.614815,24.81146240234375,0.5847177505493164,-20.18500000000012
337,single_sentence_500,9,AND EACH SO LIKE THE OTHER,audio__original,1.715741,1.715741,7.267985820770264,7.267985820770264,0.0
337,single_sentence_500,10,AND EACH SO LIKE THE OTHER,audio__original,1.796481,1.796481,17.19403648376465,17.19403648376465,0.0
337,single_sentence_500,11,AND EACH SO LIKE THE OTHER,audio__original,1.998333,2.078313,22.34983253479004,2.3149566650390625,79.98000000000016
338,single_sentence_500,0,AND HE WILL FREE THE WORLD,audio__original,0.281522,0.2135,76.8238754272461,0.0935092568397522,-68.022
338,single_sentence_500,1,AND HE WILL FREE THE WORLD,audio__original,0.382065,0.422283,29.784446716308594,2.2129056453704834,40.21800000000003
338,single_sentence_500,2,AND HE WILL FREE THE WORLD,audio__original,0.563043,0.482609,41.11476135253906,5.3278961181640625,-80.43399999999995
338,single_sentence_500,3,AND HE WILL FREE THE WORLD,audio__original,0.643478,0.844565,4.5787506103515625,2.762319326400757,201.08700000000002
338,single_sentence_500,4,AND HE WILL FREE THE WORLD,audio__original,0.985326,0.925,168.8673553466797,0.027373140677809715,-60.32599999999999
338,single_sentence_500,5,AND HE WILL FREE THE WORLD,audio__original,1.186413,1.186413,1.2717516422271729,1.2717516422271729,0.0
338,single_sentence_500,6,AND HE WILL FREE THE WORLD,audio__original,1.307065,1.307065,0.21102729439735413,0.21102729439735413,0.0
338,single_sentence_500,7,AND HE WILL FREE THE WORLD,audio__original,1.528261,1.669022,2.63601016998291,6.240365028381348,140.7609999999999
338,single_sentence_500,8,AND HE WILL FREE THE WORLD,audio__original,1.769565,1.749457,4.773627758026123,0.0443364679813385,-20.108000000000015
338,single_sentence_500,9,AND HE WILL FREE THE WORLD,audio__original,1.85,1.860054,0.9154832363128662,0.7475009560585022,10.054000000000007
338,single_sentence_500,10,AND HE WILL FREE THE WORLD,audio__original,1.950543,1.930435,5.393486499786377,6.956442356109619,-20.108000000000015
338,single_sentence_500,11,AND HE WILL FREE THE WORLD,audio__original,2.573913,2.653875,2.971306324005127,0.028157049790024757,79.96200000000009
339,single_sentence_500,0,AND HER SOFT UNTANNED NECK,audio__original,0.242087,0.162062,0.8297479748725891,0.25723353028297424,-80.02499999999999
339,single_sentence_500,1,AND HER SOFT UNTANNED NECK,audio__original,0.322783,0.33287,2.6101741790771484,23.877647399902344,10.087000000000012
339,single_sentence_500,2,AND HER SOFT UNTANNED NECK,audio__original,0.383304,0.373217,23.186176300048828,43.63314437866211,-10.086999999999957
339,single_sentence_500,3,AND HER SOFT UNTANNED NECK,audio__original,0.464,0.484174,19.192760467529297,7.934082984924316,20.17399999999997
339,single_sentence_500,4,AND HER SOFT UNTANNED NECK,audio__original,0.605217,0.524522,3.810184955596924,10.117250442504883,-80.69499999999996
339,single_sentence_500,5,AND HER SOFT UNTANNED NECK,audio__original,0.907826,0.928,0.19453105330467224,0.11140339076519012,20.174000000000024
339,single_sentence_500,6,AND HER SOFT UNTANNED NECK,audio__original,1.109565,0.988522,27.37499237060547,0.05694343149662018,-121.0429999999999
339,single_sentence_500,7,AND HER SOFT UNTANNED NECK,audio__original,1.593739,1.613913,0.46781134605407715,0.10189855843782425,20.173999999999914
339,single_sentence_500,8,AND HER SOFT UNTANNED NECK,audio__original,1.75513,1.72487,22.843807220458984,37.519691467285156,-30.260000000000176
339,single_sentence_500,9,AND HER SOFT UNTANNED NECK,audio__original,1.977043,2.057,0.7905910015106201,0.19258420169353485,79.95699999999984
340,single_sentence_500,0,AND THE SHOCK THE SURPRISE,audio__original,0.221,0.161,1.7337989807128906,0.002084277104586363,-60.0
340,single_sentence_500,1,AND THE SHOCK THE SURPRISE,audio__original,0.301364,0.321455,0.5489803552627563,1.1379849910736084,20.09099999999997
340,single_sentence_500,2,AND THE SHOCK THE SURPRISE,audio__original,0.381727,0.361636,46.32790756225586,0.3142481744289398,-20.09099999999997
340,single_sentence_500,3,AND THE SHOCK THE SURPRISE,audio__original,0.442,0.452045,39.93959045410156,42.87364196777344,10.04499999999997
340,single_sentence_500,4,AND THE SHOCK THE SURPRISE,audio__original,0.562545,0.532409,32.355064392089844,57.41262435913086,-30.13599999999994
340,single_sentence_500,5,AND THE SHOCK THE SURPRISE,audio__original,0.863909,0.871875,0.011981464922428131,0.00844437163323164,7.965999999999918
340,single_sentence_500,6,AND THE SHOCK THE SURPRISE,audio__original,1.285818,1.2045,1.0090876817703247,0.007111054845154285,-81.318
340,single_sentence_500,7,AND THE SHOCK THE SURPRISE,audio__original,1.366182,1.376227,65.20914459228516,54.86440658569336,10.045000000000082
340,single_sentence_500,8,AND THE SHOCK THE SURPRISE,audio__original,1.466636,1.456591,78.78257751464844,78.77751159667969,-10.045000000000082
340,single_sentence_500,9,AND THE SHOCK THE SURPRISE,audio__original,2.049273,2.12925,39.86726379394531,0.18750497698783875,79.97699999999996
341,single_sentence_500,0,AND THEN WHAT HAPPENS THEN,audio__original,0.221746,0.141687,21.05866241455078,0.10484113544225693,-80.059
341,single_sentence_500,1,AND THEN WHAT HAPPENS THEN,audio__original,0.32254,0.362857,0.35292136669158936,0.1756022721529007,40.31699999999999
341,single_sentence_500,2,AND THEN WHAT HAPPENS THEN,audio__original,0.503968,0.407187,6.070685863494873,0.023546507582068443,-96.78099999999995
341,single_sentence_500,3,AND THEN WHAT HAPPENS THEN,audio__original,0.725714,0.79627,2.287587881088257,0.1186237633228302,70.55600000000007
341,single_sentence_500,4,AND THEN WHAT HAPPENS THEN,audio__original,1.229683,0.967619,6.5724616050720215,0.6637836694717407,-262.0640000000001
341,single_sentence_500,5,AND THEN WHAT HAPPENS THEN,audio__original,1.330476,1.330476,6.8652119636535645,6.8652119636535645,0.0
341,single_sentence_500,6,AND THEN WHAT HAPPENS THEN,audio__original,1.451429,1.411111,77.6644058227539,8.946610450744629,-40.318000000000076
341,single_sentence_500,7,AND THEN WHAT HAPPENS THEN,audio__original,1.814286,1.814286,3.8651866912841797,3.8651866912841797,0.0
341,single_sentence_500,8,AND THEN WHAT HAPPENS THEN,audio__original,1.955397,1.874762,4.715647220611572,1.1438415050506592,-80.63500000000002
341,single_sentence_500,9,AND THEN WHAT HAPPENS THEN,audio__original,2.479524,2.5075,0.04053455963730812,0.009932237677276134,27.97599999999978
342,single_sentence_500,0,AND WE PASSED ON NOW SEARS,audio__original,0.32044,0.300438,0.05321173742413521,0.06516217440366745,-20.00200000000002
342,single_sentence_500,1,AND WE PASSED ON NOW SEARS,audio__original,0.400549,0.400549,3.0165607929229736,3.0165607929229736,0.0
342,single_sentence_500,2,AND WE PASSED ON NOW SEARS,audio__original,0.480659,0.460632,4.121498107910156,9.222296714782715,-20.027000000000015
342,single_sentence_500,3,AND WE PASSED ON NOW SEARS,audio__original,0.520714,0.580797,7.9208879470825195,2.524953842163086,60.083
342,single_sentence_500,4,AND WE PASSED ON NOW SEARS,audio__original,0.700962,0.600824,42.0622444152832,1.0096871852874756,-100.13799999999995
342,single_sentence_500,5,AND WE PASSED ON NOW SEARS,audio__original,0.961319,0.961319,1.1713545322418213,1.1713545322418213,0.0
342,single_sentence_500,6,AND WE PASSED ON NOW SEARS,audio__original,1.061456,1.041429,30.79848861694336,46.332027435302734,-20.027000000000015
342,single_sentence_500,7,AND WE PASSED ON NOW SEARS,audio__original,1.181621,1.241703,12.083378791809082,1.2631996870040894,60.081999999999965
342,single_sentence_500,8,AND WE PASSED ON NOW SEARS,audio__original,2.543489,1.697875,249.1570281982422,0.06690019369125366,-845.614
342,single_sentence_500,9,AND WE PASSED ON NOW SEARS,audio__original,2.663654,2.723736,132.2591094970703,6.407328128814697,60.081999999999965
342,single_sentence_500,10,AND WE PASSED ON NOW SEARS,audio__original,2.863929,2.863929,1.406907320022583,1.406907320022583,0.0
342,single_sentence_500,11,AND WE PASSED ON NOW SEARS,audio__original,3.48478,3.53675,0.24472445249557495,0.051032546907663345,51.96999999999985
343,single_sentence_500,0,AT ONE OF THE OPEN WINDOWS,audio__original,0.26184,0.181812,8.4830904006958,0.10903283208608627,-80.02800000000002
343,single_sentence_500,1,AT ONE OF THE OPEN WINDOWS,audio__original,0.322264,0.32625,0.11649727821350098,0.09179066866636276,3.9859999999999896
343,single_sentence_500,2,AT ONE OF THE OPEN WINDOWS,audio__original,0.463255,0.398687,2.766164779663086,0.08346422016620636,-64.56799999999996
343,single_sentence_500,3,AT ONE OF THE OPEN WINDOWS,audio__original,0.563962,0.563962,30.42281723022461,30.42281723022461,0.0
343,single_sentence_500,4,AT ONE OF THE OPEN WINDOWS,audio__original,0.604245,0.604245,45.047149658203125,45.047149658203125,0.0
343,single_sentence_500,5,AT ONE OF THE OPEN WINDOWS,audio__original,0.644528,0.66467,0.556311845779419,14.363759994506836,20.141999999999992
343,single_sentence_500,6,AT ONE OF THE OPEN WINDOWS,audio__original,0.704953,0.704953,316.2127380371094,316.2127380371094,0.0
343,single_sentence_500,7,AT ONE OF THE OPEN WINDOWS,audio__original,0.765377,0.785519,8.657892227172852,4.345271110534668,20.141999999999992
343,single_sentence_500,8,AT ONE OF THE OPEN WINDOWS,audio__original,0.886226,0.829812,14.419292449951172,0.21609388291835785,-56.413999999999966
343,single_sentence_500,9,AT ONE OF THE OPEN WINDOWS,audio__original,1.107783,1.148066,11.65356731414795,7.463757514953613,40.28300000000007
343,single_sentence_500,10,AT ONE OF THE OPEN WINDOWS,audio__original,1.228632,1.188349,490.33282470703125,6.272782325744629,-40.282999999999845
343,single_sentence_500,11,AT ONE OF THE OPEN WINDOWS,audio__original,1.772453,1.692438,71.19174194335938,5.5659074783325195,-80.01499999999994
344,single_sentence_500,0,BY WE'LL GO TO WAR WITH EM,audio__original,0.342787,0.26275,32.43498229980469,0.0006177491159178317,-80.03700000000002
344,single_sentence_500,1,BY WE'LL GO TO WAR WITH EM,audio__original,0.483934,0.625082,71.30792999267578,18.977277755737305,141.14800000000005
344,single_sentence_500,2,BY WE'LL GO TO WAR WITH EM,audio__original,0.846885,0.773687,1.3103291988372803,0.00023078618687577546,-73.19799999999998
344,single_sentence_500,3,BY WE'LL GO TO WAR WITH EM,audio__original,1.048525,1.048525,4.3655524253845215,4.3655524253845215,0.0
344,single_sentence_500,4,BY WE'LL GO TO WAR WITH EM,audio__original,1.088852,1.088852,33.81211853027344,33.81211853027344,0.0
344,single_sentence_500,5,BY WE'LL GO TO WAR WITH EM,audio__original,1.149344,1.189672,21.46230697631836,89.78559875488281,40.328000000000145
344,single_sentence_500,6,BY WE'LL GO TO WAR WITH EM,audio__original,1.23,1.23,21.26627540588379,21.26627540588379,0.0
344,single_sentence_500,7,BY WE'LL GO TO WAR WITH EM,audio__original,1.270328,1.28041,11.928099632263184,10.411301612854004,10.082000000000146
344,single_sentence_500,8,BY WE'LL GO TO WAR WITH EM,audio__original,1.371148,1.33082,21.419692993164062,1.735730767250061,-40.328000000000145
344,single_sentence_500,9,BY WE'LL GO TO WAR WITH EM,audio__original,1.492131,1.552623,29.186504364013672,66.27298736572266,60.49199999999999
344,single_sentence_500,10,BY WE'LL GO TO WAR WITH EM,audio__original,1.592951,1.582869,31.10365104675293,7.416758060455322,-10.081999999999924
344,single_sentence_500,11,BY WE'LL GO TO WAR WITH EM,audio__original,1.713934,1.89541,4.106954574584961,0.03923317417502403,181.47599999999997
344,single_sentence_500,12,BY WE'LL GO TO WAR WITH EM,audio__original,1.955902,1.955902,0.0034525117371231318,0.0034525117371231318,0.0
344,single_sentence_500,13,BY WE'LL GO TO WAR WITH EM,audio__original,1.99623,2.004188,0.0006119086756370962,0.0005366446566767991,7.958000000000132
345,single_sentence_500,0,CHOP IT COMMANDED A RANGER,audio__original,0.460865,0.380812,32.5837287902832,0.23132188618183136,-80.05300000000004
345,single_sentence_500,1,CHOP IT COMMANDED A RANGER,audio__original,0.681278,0.705313,0.610080897808075,0.6126824617385864,24.03499999999992
345,single_sentence_500,2,CHOP IT COMMANDED A RANGER,audio__original,0.801504,0.801504,48.6419677734375,48.6419677734375,0.0
345,single_sentence_500,3,CHOP IT COMMANDED A RANGER,audio__original,0.901692,0.901692,0.04694964364171028,0.04694964364171028,0.0
345,single_sentence_500,4,CHOP IT COMMANDED A RANGER,audio__original,1.50282,1.097875,1.692812442779541,0.0003650493163149804,-404.9450000000001
345,single_sentence_500,5,CHOP IT COMMANDED A RANGER,audio__original,1.863496,1.863496,11.139793395996094,11.139793395996094,0.0
345,single_sentence_500,6,CHOP IT COMMANDED A RANGER,audio__original,1.923609,1.923609,87.56515502929688,87.56515502929688,0.0
345,single_sentence_500,7,CHOP IT COMMANDED A RANGER,audio__original,1.943647,1.943647,26.595233917236328,26.595233917236328,0.0
345,single_sentence_500,8,CHOP IT COMMANDED A RANGER,audio__original,2.003759,1.993741,91.7816390991211,75.96651458740234,-10.018000000000082
345,single_sentence_500,9,CHOP IT COMMANDED A RANGER,audio__original,2.324361,2.404313,9.856986045837402,0.23192313313484192,79.95200000000003
346,single_sentence_500,0,COME ALONG SO THEY GOT OUT,audio__original,0.281579,0.201563,22.375011444091797,0.11279326677322388,-80.01600000000003
346,single_sentence_500,1,COME ALONG SO THEY GOT OUT,audio__original,0.402256,0.412312,4.108614921569824,7.6840105056762695,10.05600000000001
346,single_sentence_500,2,COME ALONG SO THEY GOT OUT,audio__original,0.462594,0.462594,26.234670639038086,26.234670639038086,0.0
346,single_sentence_500,3,COME ALONG SO THEY GOT OUT,audio__original,0.804511,0.844737,1.9329676628112793,1.612890601158142,40.225999999999985
346,single_sentence_500,4,COME ALONG SO THEY GOT OUT,audio__original,1.769925,0.945301,102.76543426513672,0.13375437259674072,-824.624
346,single_sentence_500,5,COME ALONG SO THEY GOT OUT,audio__original,1.830263,1.830263,43.23939514160156,43.23939514160156,0.0
346,single_sentence_500,6,COME ALONG SO THEY GOT OUT,audio__original,1.930827,1.910714,5.748263835906982,7.255848407745361,-20.11300000000005
346,single_sentence_500,7,COME ALONG SO THEY GOT OUT,audio__original,2.031391,2.051504,3.66241455078125,3.728998899459839,20.112999999999825
346,single_sentence_500,8,COME ALONG SO THEY GOT OUT,audio__original,2.131955,2.111842,145.2436065673828,49.92319869995117,-20.112999999999825
346,single_sentence_500,9,COME ALONG SO THEY GOT OUT,audio__original,2.31297,2.31297,68.86518096923828,68.86518096923828,0.0
346,single_sentence_500,10,COME ALONG SO THEY GOT OUT,audio__original,2.453759,2.453759,45.20307159423828,45.20307159423828,0.0
347,single_sentence_500,0,DRESS THE RIGHT FOOT FIRST,audio__original,0.201429,0.121375,0.6692664623260498,0.007341213058680296,-80.054
347,single_sentence_500,1,DRESS THE RIGHT FOOT FIRST,audio__original,0.423,0.443143,1.8901441097259521,0.08794370293617249,20.143000000000022
347,single_sentence_500,2,DRESS THE RIGHT FOOT FIRST,audio__original,0.483429,0.483429,0.16944588720798492,0.16944588720798492,0.0
347,single_sentence_500,3,DRESS THE RIGHT FOOT FIRST,audio__original,0.543857,0.543857,4.395331382751465,4.395331382751465,0.0
347,single_sentence_500,4,DRESS THE RIGHT FOOT FIRST,audio__original,0.664714,0.604286,24.822999954223633,0.8353106379508972,-60.42800000000004
347,single_sentence_500,5,DRESS THE RIGHT FOOT FIRST,audio__original,0.886286,0.906429,0.17855076491832733,0.03422575816512108,20.143000000000022
347,single_sentence_500,6,DRESS THE RIGHT FOOT FIRST,audio__original,1.027286,1.006687,0.03457881510257721,0.012386748567223549,-20.598999999999812
347,single_sentence_500,7,DRESS THE RIGHT FOOT FIRST,audio__original,1.228714,1.269,0.02937065064907074,0.03710833936929703,40.285999999999824
347,single_sentence_500,8,DRESS THE RIGHT FOOT FIRST,audio__original,1.450286,1.35325,46.808837890625,0.008111638016998768,-97.0359999999999
347,single_sentence_500,9,DRESS THE RIGHT FOOT FIRST,audio__original,1.953857,2.033812,0.018227476626634598,0.003326654201373458,79.95500000000023
348,single_sentence_500,0,EXTRACTS FROM ADAM'S DIARY,audio__original,0.403125,0.483125,52.934810638427734,0.02045590803027153,80.00000000000001
348,single_sentence_500,1,EXTRACTS FROM ADAM'S DIARY,audio__original,0.987656,1.007812,7.055424690246582,5.430972576141357,20.155999999999953
348,single_sentence_500,2,EXTRACTS FROM ADAM'S DIARY,audio__original,1.088437,1.088437,0.05771203339099884,0.05771203339099884,0.0
348,single_sentence_500,3,EXTRACTS FROM ADAM'S DIARY,audio__original,1.249688,1.249688,1.5236642360687256,1.5236642360687256,0.0
348,single_sentence_500,4,EXTRACTS FROM ADAM'S DIARY,audio__original,1.45125,1.330313,53.97772216796875,0.026152953505516052,-120.93699999999986
348,single_sentence_500,5,EXTRACTS FROM ADAM'S DIARY,audio__original,1.753594,1.77375,6.159930229187012,0.04401133581995964,20.155999999999842
348,single_sentence_500,6,EXTRACTS FROM ADAM'S DIARY,audio__original,1.834219,1.793906,116.69298553466797,0.07391531020402908,-40.313000000000045
348,single_sentence_500,7,EXTRACTS FROM ADAM'S DIARY,audio__original,2.217188,2.257188,1.1274540424346924,0.04030175879597664,40.000000000000036
349,single_sentence_500,0,HATRED CEASES BY LOVE THIS,audio__original,0.381152,0.301125,3.9530768394470215,0.30655133724212646,-80.02700000000002
349,single_sentence_500,1,HATRED CEASES BY LOVE THIS,audio__original,0.702121,0.722125,2.1675961017608643,0.42427876591682434,20.004000000000023
349,single_sentence_500,2,HATRED CEASES BY LOVE THIS,audio__original,0.842545,0.762303,115.22535705566406,12.017313003540039,-80.24200000000003
349,single_sentence_500,3,HATRED CEASES BY LOVE THIS,audio__original,1.183576,1.203636,34.90957260131836,10.017351150512695,20.059999999999967
349,single_sentence_500,4,HATRED CEASES BY LOVE THIS,audio__original,1.303939,1.263818,46.145469665527344,0.4676283597946167,-40.12099999999985
349,single_sentence_500,5,HATRED CEASES BY LOVE THIS,audio__original,1.384182,1.394212,12.766982078552246,17.347810745239258,10.029999999999983
349,single_sentence_500,6,HATRED CEASES BY LOVE THIS,audio__original,1.544667,1.544667,75.6134262084961,75.6134262084961,0.0
349,single_sentence_500,7,HATRED CEASES BY LOVE THIS,audio__original,1.785394,1.795424,0.33157530426979065,0.2172982096672058,10.029999999999983
349,single_sentence_500,8,HATRED CEASES BY LOVE THIS,audio__original,2.848606,2.037875,46.862525939941406,0.0016348760109394789,-810.7310000000001
349,single_sentence_500,9,HATRED CEASES BY LOVE THIS,audio__original,3.189636,3.249625,2.6395909786224365,0.780535101890564,59.98899999999985
350,single_sentence_500,0,HE HAD REVERENCE FOR HELEN,audio__original,0.544821,0.464813,0.9498600959777832,0.08576400578022003,-80.00800000000002
350,single_sentence_500,1,HE HAD REVERENCE FOR HELEN,audio__original,0.585179,0.585179,31.634445190429688,31.634445190429688,0.0
350,single_sentence_500,2,HE HAD REVERENCE FOR HELEN,audio__original,0.645714,0.645714,6.494208335876465,6.494208335876465,0.0
350,single_sentence_500,3,HE HAD REVERENCE FOR HELEN,audio__original,0.726429,0.726429,19.363821029663086,19.363821029663086,0.0
350,single_sentence_500,4,HE HAD REVERENCE FOR HELEN,audio__original,0.827321,0.807143,11.212580680847168,9.701900482177734,-20.17799999999992
350,single_sentence_500,5,HE HAD REVERENCE FOR HELEN,audio__original,1.251071,1.27125,4.09632682800293,3.558885097503662,20.178999999999945
350,single_sentence_500,6,HE HAD REVERENCE FOR HELEN,audio__original,1.311607,1.311607,1.3690142631530762,1.3690142631530762,0.0
350,single_sentence_500,7,HE HAD REVERENCE FOR HELEN,audio__original,1.4125,1.4125,3.5988035202026367,3.5988035202026367,0.0
350,single_sentence_500,8,HE HAD REVERENCE FOR HELEN,audio__original,1.473036,1.473036,7.156747817993164,7.156747817993164,0.0
350,single_sentence_500,9,HE HAD REVERENCE FOR HELEN,audio__original,1.735357,1.815313,0.8849729895591736,1.1400814056396484,79.95599999999992
351,single_sentence_500,0,HERE IS A NARROW CORNER AS,audio__original,0.363243,0.283187,9.41994571685791,1.993805170059204,-80.05599999999995
351,single_sentence_500,1,HERE IS A NARROW CORNER AS,audio__original,0.605405,0.625586,90.70304107666016,44.54291915893555,20.181000000000004
351,single_sentence_500,2,HERE IS A NARROW CORNER AS,audio__original,0.706306,0.706306,81.69517517089844,81.69517517089844,0.0
351,single_sentence_500,3,HERE IS A NARROW CORNER AS,audio__original,0.787027,0.787027,31.57811737060547,31.57811737060547,0.0
351,single_sentence_500,4,HERE IS A NARROW CORNER AS,audio__original,0.847568,0.847568,54.329795837402344,54.329795837402344,0.0
351,single_sentence_500,5,HERE IS A NARROW CORNER AS,audio__original,0.867748,0.867748,29.10110092163086,29.10110092163086,0.0
351,single_sentence_500,6,HERE IS A NARROW CORNER AS,audio__original,0.968649,0.948468,123.34062957763672,27.196605682373047,-20.181000000000004
351,single_sentence_500,7,HERE IS A NARROW CORNER AS,audio__original,1.230991,1.291532,46.164268493652344,0.614082932472229,60.540999999999954
351,single_sentence_500,8,HERE IS A NARROW CORNER AS,audio__original,1.392432,1.331892,68.35537719726562,108.66864013671875,-60.539999999999814
351,single_sentence_500,9,HERE IS A NARROW CORNER AS,audio__original,1.715315,1.745586,27.763916015625,32.50492858886719,30.271000000000157
351,single_sentence_500,10,HERE IS A NARROW CORNER AS,audio__original,1.856577,1.846486,39.378360748291016,39.2001953125,-10.09099999999985
351,single_sentence_500,11,HERE IS A NARROW CORNER AS,audio__original,2.038198,2.118187,30.11819076538086,1.4663714170455933,79.98899999999986
352,single_sentence_500,0,I AM WRITE WELL AND HEARTY,audio__original,0.682742,0.602688,8.10295581817627,4.1827850341796875,-80.05399999999996
352,single_sentence_500,1,I AM WRITE WELL AND HEARTY,audio__original,0.702823,0.702823,33.69861602783203,33.69861602783203,0.0
352,single_sentence_500,2,I AM WRITE WELL AND HEARTY,audio__original,0.843387,0.843387,19.834550857543945,19.834550857543945,0.0
352,single_sentence_500,3,I AM WRITE WELL AND HEARTY,audio__original,0.903629,0.913669,11.854782104492188,3.823500156402588,10.039999999999939
352,single_sentence_500,4,I AM WRITE WELL AND HEARTY,audio__original,0.983952,0.983952,11.561769485473633,11.561769485473633,0.0
352,single_sentence_500,5,I AM WRITE WELL AND HEARTY,audio__original,1.184758,1.184758,0.6164063215255737,0.6164063215255737,0.0
352,single_sentence_500,6,I AM WRITE WELL AND HEARTY,audio__original,1.285161,1.245,135.53970336914062,10.90454387664795,-40.16099999999989
352,single_sentence_500,7,I AM WRITE WELL AND HEARTY,audio__original,1.56629,1.586371,12.649234771728516,19.032848358154297,20.081000000000017
352,single_sentence_500,8,I AM WRITE WELL AND HEARTY,audio__original,1.626532,1.626532,9.485174179077148,9.485174179077148,0.0
352,single_sentence_500,9,I AM WRITE WELL AND HEARTY,audio__original,1.726935,1.726935,13.70413589477539,13.70413589477539,0.0
352,single_sentence_500,10,I AM WRITE WELL AND HEARTY,audio__original,1.807258,1.787177,33.9354248046875,8.036423683166504,-20.081000000000017
352,single_sentence_500,11,I AM WRITE WELL AND HEARTY,audio__original,2.128548,2.2085,9.835994720458984,0.7538861036300659,79.95200000000003
353,single_sentence_500,0,I REJECT RICHES AND REALMS,audio__original,0.180738,0.116687,61.63652801513672,0.010472537018358707,-64.05100000000002
353,single_sentence_500,1,I REJECT RICHES AND REALMS,audio__original,0.20082,0.240984,75.43211364746094,23.317625045776367,40.16400000000001
353,single_sentence_500,2,I REJECT RICHES AND REALMS,audio__original,0.321311,0.31127,4.669332981109619,3.2374351024627686,-10.041000000000022
353,single_sentence_500,3,I REJECT RICHES AND REALMS,audio__original,0.763115,0.763115,0.60471111536026,0.60471111536026,0.0
353,single_sentence_500,4,I REJECT RICHES AND REALMS,audio__original,0.92377,0.893648,8.205787658691406,1.1825700998306274,-30.121999999999982
353,single_sentence_500,5,I REJECT RICHES AND REALMS,audio__original,1.245082,1.245082,4.619656085968018,4.619656085968018,0.0
353,single_sentence_500,6,I REJECT RICHES AND REALMS,audio__original,1.305328,1.285246,5.034083843231201,7.439301013946533,-20.081999999999933
353,single_sentence_500,7,I REJECT RICHES AND REALMS,audio__original,1.405738,1.405738,1.5377025604248047,1.5377025604248047,0.0
353,single_sentence_500,8,I REJECT RICHES AND REALMS,audio__original,1.506148,1.486066,31.93494987487793,1.5292739868164062,-20.081999999999933
353,single_sentence_500,9,I REJECT RICHES AND REALMS,audio__original,1.907787,1.98775,1.0908712148666382,0.014959532767534256,79.96300000000001
354,single_sentence_500,0,INDEED JUST AT THIS MOMENT,audio__original,0.5225,0.4545,43.61237716674805,0.116923488676548,-67.99999999999994
354,single_sentence_500,1,INDEED JUST AT THIS MOMENT,audio__original,0.864135,0.874183,10.874073028564453,5.450969219207764,10.048000000000057
354,single_sentence_500,2,INDEED JUST AT THIS MOMENT,audio__original,1.045,1.004808,28.287826538085938,0.21535111963748932,-40.19200000000001
354,single_sentence_500,3,INDEED JUST AT THIS MOMENT,audio__original,1.205769,1.205769,0.4661273956298828,0.4661273956298828,0.0
354,single_sentence_500,4,INDEED JUST AT THIS MOMENT,audio__original,1.266058,1.266058,5.612865447998047,5.612865447998047,0.0
354,single_sentence_500,5,INDEED JUST AT THIS MOMENT,audio__original,1.326346,1.326346,0.8025223016738892,0.8025223016738892,0.0
354,single_sentence_500,6,INDEED JUST AT THIS MOMENT,audio__original,1.386635,1.366538,21.183259963989258,2.2684669494628906,-20.09700000000003
354,single_sentence_500,7,INDEED JUST AT THIS MOMENT,audio__original,1.507212,1.507212,6.324482440948486,6.324482440948486,0.0
354,single_sentence_500,8,INDEED JUST AT THIS MOMENT,audio__original,1.587596,1.5675,52.496646881103516,40.33295440673828,-20.096000000000114
354,single_sentence_500,9,INDEED JUST AT THIS MOMENT,audio__original,1.868942,1.948937,10.59431266784668,0.7237361073493958,79.99499999999982
355,single_sentence_500,0,LIMITATIONS OF THIS SYSTEM,audio__original,0.382176,0.302125,64.21475219726562,0.014354622922837734,-80.05100000000004
355,single_sentence_500,1,LIMITATIONS OF THIS SYSTEM,audio__original,1.146527,1.20687,11.620007514953613,12.44520092010498,60.34300000000003
355,single_sentence_500,2,LIMITATIONS OF THIS SYSTEM,audio__original,1.42813,1.295313,143.6593780517578,0.035492315888404846,-132.81699999999995
355,single_sentence_500,3,LIMITATIONS OF THIS SYSTEM,audio__original,1.508588,1.508588,1.6612927913665771,1.6612927913665771,0.0
355,single_sentence_500,4,LIMITATIONS OF THIS SYSTEM,audio__original,1.60916,1.589046,36.98427200317383,65.77947235107422,-20.113999999999965
355,single_sentence_500,5,LIMITATIONS OF THIS SYSTEM,audio__original,1.749962,1.749962,20.17462158203125,20.17462158203125,0.0
355,single_sentence_500,6,LIMITATIONS OF THIS SYSTEM,audio__original,1.83042,1.83042,2.726731777191162,2.726731777191162,0.0
355,single_sentence_500,7,LIMITATIONS OF THIS SYSTEM,audio__original,2.152252,2.23225,0.38454967737197876,0.18290452659130096,79.99800000000023
356,single_sentence_500,0,LO BODY AND SOUL THIS LAND,audio__original,0.583321,0.503313,28.053089141845703,0.25204163789749146,-80.00799999999997
356,single_sentence_500,1,LO BODY AND SOUL THIS LAND,audio__original,0.663779,0.864924,9.549583435058594,1.344167947769165,201.145
356,single_sentence_500,2,LO BODY AND SOUL THIS LAND,audio__original,0.965496,0.945382,0.7223072648048401,0.04667055234313011,-20.114000000000075
356,single_sentence_500,3,LO BODY AND SOUL THIS LAND,audio__original,1.20687,1.216927,3.3126027584075928,1.6074362993240356,10.056999999999983
356,single_sentence_500,4,LO BODY AND SOUL THIS LAND,audio__original,1.267214,1.267214,2.7788617610931396,2.7788617610931396,0.0
356,single_sentence_500,5,LO BODY AND SOUL THIS LAND,audio__original,1.347672,1.347672,0.35421445965766907,0.35421445965766907,0.0
356,single_sentence_500,6,LO BODY AND SOUL THIS LAND,audio__original,1.42813,1.387901,5.626370429992676,1.4726769924163818,-40.22899999999985
356,single_sentence_500,7,LO BODY AND SOUL THIS LAND,audio__original,1.629275,1.665312,1.1722755432128906,0.2049146145582199,36.03699999999988
356,single_sentence_500,8,LO BODY AND SOUL THIS LAND,audio__original,1.709733,1.709733,21.05531883239746,21.05531883239746,0.0
356,single_sentence_500,9,LO BODY AND SOUL THIS LAND,audio__original,1.870649,1.870649,1.212419033050537,1.212419033050537,0.0
356,single_sentence_500,10,LO BODY AND SOUL THIS LAND,audio__original,1.971221,1.930992,6.954695701599121,1.6741012334823608,-40.22899999999985
356,single_sentence_500,11,LO BODY AND SOUL THIS LAND,audio__original,2.23271,2.228687,1.7045806646347046,0.8294260501861572,-4.02300000000011
357,single_sentence_500,0,MANUFACTURERS AND THE LIKE,audio__original,0.461933,0.381875,35.50403594970703,1.2918015718460083,-80.05799999999996
357,single_sentence_500,1,MANUFACTURERS AND THE LIKE,audio__original,1.305462,1.34563,38.89874267578125,14.979287147521973,40.168000000000205
357,single_sentence_500,2,MANUFACTURERS AND THE LIKE,audio__original,1.646891,1.461937,1.0661362409591675,0.002829665318131447,-184.95400000000006
357,single_sentence_500,3,MANUFACTURERS AND THE LIKE,audio__original,1.747311,1.767395,12.733955383300781,2.24843430519104,20.08399999999999
357,single_sentence_500,4,MANUFACTURERS AND THE LIKE,audio__original,1.807563,1.807563,32.1123046875,32.1123046875,0.0
357,single_sentence_500,5,MANUFACTURERS AND THE LIKE,audio__original,1.867815,1.867815,0.23692679405212402,0.23692679405212402,0.0
357,single_sentence_500,6,MANUFACTURERS AND THE LIKE,audio__original,1.948151,1.907983,43.71783447265625,99.36038970947266,-40.16799999999998
357,single_sentence_500,7,MANUFACTURERS AND THE LIKE,audio__original,2.108824,2.188813,0.1040559858083725,0.0530751496553421,79.98900000000032
358,single_sentence_500,0,NEXT AN ENGLISHMAN OF RANK,audio__original,0.322807,0.24275,49.352169036865234,55.797122955322266,-80.05700000000002
358,single_sentence_500,1,NEXT AN ENGLISHMAN OF RANK,audio__original,0.685965,0.717938,1.211408019065857,0.006026009563356638,31.972999999999917
358,single_sentence_500,2,NEXT AN ENGLISHMAN OF RANK,audio__original,0.968421,0.948246,28.301769256591797,35.0332145690918,-20.174999999999944
358,single_sentence_500,3,NEXT AN ENGLISHMAN OF RANK,audio__original,1.049123,1.059211,0.9751483201980591,8.706155776977539,10.087999999999875
358,single_sentence_500,4,NEXT AN ENGLISHMAN OF RANK,audio__original,1.190351,1.133812,22.077404022216797,46.42482376098633,-56.538999999999895
358,single_sentence_500,5,NEXT AN ENGLISHMAN OF RANK,audio__original,1.59386,1.603947,10.91275405883789,226.00416564941406,10.086999999999957
358,single_sentence_500,6,NEXT AN ENGLISHMAN OF RANK,audio__original,1.654386,1.654386,19.687009811401367,19.687009811401367,0.0
358,single_sentence_500,7,NEXT AN ENGLISHMAN OF RANK,audio__original,1.714912,1.714912,5.924108982086182,5.924108982086182,0.0
358,single_sentence_500,8,NEXT AN ENGLISHMAN OF RANK,audio__original,1.835965,1.825877,34.772823333740234,147.8077392578125,-10.088000000000097
358,single_sentence_500,9,NEXT AN ENGLISHMAN OF RANK,audio__original,2.118421,2.122375,0.0065831709653139114,0.002281174063682556,3.953999999999791
359,single_sentence_500,0,NO MAN WILL PLEASE ME MORE,audio__original,0.242222,0.162188,15.950061798095703,49.65650939941406,-80.03399999999999
359,single_sentence_500,1,NO MAN WILL PLEASE ME MORE,audio__original,0.322963,0.393611,8.678985595703125,1.9728840589523315,70.64799999999998
359,single_sentence_500,2,NO MAN WILL PLEASE ME MORE,audio__original,0.625741,0.575278,6.201321601867676,0.37715089321136475,-50.46300000000004
359,single_sentence_500,3,NO MAN WILL PLEASE ME MORE,audio__original,0.827593,0.85787,6.048995018005371,4.678696632385254,30.276999999999997
359,single_sentence_500,4,NO MAN WILL PLEASE ME MORE,audio__original,0.948704,0.928519,7.868729114532471,7.973705768585205,-20.18500000000001
359,single_sentence_500,5,NO MAN WILL PLEASE ME MORE,audio__original,1.09,1.106,0.053447380661964417,0.02757689356803894,16.000000000000014
359,single_sentence_500,6,NO MAN WILL PLEASE ME MORE,audio__original,1.170741,1.13037,0.8279908299446106,1.9198925495147705,-40.37099999999994
359,single_sentence_500,7,NO MAN WILL PLEASE ME MORE,audio__original,1.412963,1.433148,0.9730656743049622,0.09335972368717194,20.18500000000012
359,single_sentence_500,8,NO MAN WILL PLEASE ME MORE,audio__original,1.493704,1.473519,16.49798583984375,22.59928321838379,-20.184999999999896
359,single_sentence_500,9,NO MAN WILL PLEASE ME MORE,audio__original,1.554259,1.574444,1.5469257831573486,2.4009337425231934,20.184999999999896
359,single_sentence_500,10,NO MAN WILL PLEASE ME MORE,audio__original,1.695556,1.655185,3.1129050254821777,8.00732707977295,-40.37100000000016
359,single_sentence_500,11,NO MAN WILL PLEASE ME MORE,audio__original,1.857037,1.937,1.047572135925293,0.09895757585763931,79.96300000000001
360,single_sentence_500,0,OF LIBERTY OR INDIFFERENCE,audio__original,0.28068,0.200625,259.29931640625,0.04011518880724907,-80.05499999999999
360,single_sentence_500,1,OF LIBERTY OR INDIFFERENCE,audio__original,0.340825,0.340825,2.802772045135498,2.802772045135498,0.0
360,single_sentence_500,2,OF LIBERTY OR INDIFFERENCE,audio__original,0.421019,0.421019,22.153818130493164,22.153818130493164,0.0
360,single_sentence_500,3,OF LIBERTY OR INDIFFERENCE,audio__original,0.721748,0.801942,0.5787865519523621,0.3240598738193512,80.1940000000001
360,single_sentence_500,4,OF LIBERTY OR INDIFFERENCE,audio__original,1.162816,0.862087,17.051551818847656,0.0643630400300026,-300.72900000000004
360,single_sentence_500,5,OF LIBERTY OR INDIFFERENCE,audio__original,1.222961,1.232985,60.21366500854492,42.35055923461914,10.024000000000033
360,single_sentence_500,6,OF LIBERTY OR INDIFFERENCE,audio__original,1.283107,1.283107,50.17942428588867,50.17942428588867,0.0
360,single_sentence_500,7,OF LIBERTY OR INDIFFERENCE,audio__original,1.844466,1.788437,2.1510891914367676,0.08456318080425262,-56.02899999999988
361,single_sentence_500,0,ONE NIGHT AS HE LAY IN BED,audio__original,0.642667,0.562625,188.29124450683594,0.5096254944801331,-80.04199999999994
361,single_sentence_500,1,ONE NIGHT AS HE LAY IN BED,audio__original,0.743083,0.753125,9.488327980041504,15.921950340270996,10.041999999999994
361,single_sentence_500,2,ONE NIGHT AS HE LAY IN BED,audio__original,0.8435,0.803333,52.42531204223633,6.01910400390625,-40.167000000000066
361,single_sentence_500,3,ONE NIGHT AS HE LAY IN BED,audio__original,1.044333,1.054375,1.4401006698608398,13.714521408081055,10.042000000000106
361,single_sentence_500,4,ONE NIGHT AS HE LAY IN BED,audio__original,1.285333,1.225083,0.7150810360908508,1.0998730659484863,-60.250000000000135
361,single_sentence_500,5,ONE NIGHT AS HE LAY IN BED,audio__original,1.365667,1.365667,6.203759670257568,6.203759670257568,0.0
361,single_sentence_500,6,ONE NIGHT AS HE LAY IN BED,audio__original,1.405833,1.405833,23.43632698059082,23.43632698059082,0.0
361,single_sentence_500,7,ONE NIGHT AS HE LAY IN BED,audio__original,1.446,1.446,36.46390914916992,36.46390914916992,0.0
361,single_sentence_500,8,ONE NIGHT AS HE LAY IN BED,audio__original,1.526333,1.50625,254.56300354003906,30.282821655273438,-20.08299999999985
361,single_sentence_500,9,ONE NIGHT AS HE LAY IN BED,audio__original,1.62675,1.636792,96.3404769897461,74.57701873779297,10.042000000000106
361,single_sentence_500,10,ONE NIGHT AS HE LAY IN BED,audio__original,1.707083,1.707083,5.179154872894287,5.179154872894287,0.0
361,single_sentence_500,11,ONE NIGHT AS HE LAY IN BED,audio__original,1.74725,1.757292,2.0216426849365234,5.84207820892334,10.042000000000106
361,single_sentence_500,12,ONE NIGHT AS HE LAY IN BED,audio__original,1.887833,1.857708,66.4202880859375,74.41102600097656,-30.125000000000178
361,single_sentence_500,13,ONE NIGHT AS HE LAY IN BED,audio__original,2.249333,2.249333,0.7870035767555237,0.7870035767555237,0.0
362,single_sentence_500,0,OR HER SUFFERINGS TO NIGHT,audio__original,0.262016,0.182,0.017779260873794556,0.00563869159668684,-80.01600000000003
362,single_sentence_500,1,OR HER SUFFERINGS TO NIGHT,audio__original,0.382946,0.423256,0.5060927271842957,0.45429864525794983,40.31000000000001
362,single_sentence_500,2,OR HER SUFFERINGS TO NIGHT,audio__original,0.524031,0.513953,0.8445619344711304,0.624336838722229,-10.078000000000031
362,single_sentence_500,3,OR HER SUFFERINGS TO NIGHT,audio__original,0.624806,0.624806,215.16188049316406,215.16188049316406,0.0
362,single_sentence_500,4,OR HER SUFFERINGS TO NIGHT,audio__original,0.685271,0.685271,28.794706344604492,28.794706344604492,0.0
362,single_sentence_500,5,OR HER SUFFERINGS TO NIGHT,audio__original,1.229457,1.249612,1.3229173421859741,0.5019500255584717,20.154999999999923
362,single_sentence_500,6,OR HER SUFFERINGS TO NIGHT,audio__original,1.995349,1.430687,13.976144790649414,0.0014327618991956115,-564.662
362,single_sentence_500,7,OR HER SUFFERINGS TO NIGHT,audio__original,2.055814,2.071813,14.20289421081543,0.25979986786842346,15.999000000000319
362,single_sentence_500,8,OR HER SUFFERINGS TO NIGHT,audio__original,2.136434,2.096124,37.39331817626953,1.7259869575500488,-40.309999999999846
362,single_sentence_500,9,OR HER SUFFERINGS TO NIGHT,audio__original,2.35814,2.338125,0.02042308636009693,0.00599366519600153,-20.015000000000338
363,single_sentence_500,0,SAID COULSON HE'S SENT FOR,audio__original,0.221387,0.141375,3.7068567276000977,0.017943821847438812,-80.012
363,single_sentence_500,1,SAID COULSON HE'S SENT FOR,audio__original,0.362269,0.362269,0.5580388307571411,0.5580388307571411,0.0
363,single_sentence_500,2,SAID COULSON HE'S SENT FOR,audio__original,0.462899,0.402521,0.9802743792533875,0.010456448420882225,-60.377999999999986
363,single_sentence_500,3,SAID COULSON HE'S SENT FOR,audio__original,0.805042,0.86542,22.77139663696289,2.990391254425049,60.37799999999993
363,single_sentence_500,4,SAID COULSON HE'S SENT FOR,audio__original,1.650336,1.546062,0.2088409811258316,0.0005758143379352987,-104.27399999999997
363,single_sentence_500,5,SAID COULSON HE'S SENT FOR,audio__original,1.791218,1.791218,8.172588348388672,8.172588348388672,0.0
363,single_sentence_500,6,SAID COULSON HE'S SENT FOR,audio__original,1.831471,1.831471,8.390633583068848,8.390633583068848,0.0
363,single_sentence_500,7,SAID COULSON HE'S SENT FOR,audio__original,2.012605,2.032731,0.763558030128479,0.08496163785457611,20.125999999999866
363,single_sentence_500,8,SAID COULSON HE'S SENT FOR,audio__original,2.093109,2.072983,0.12702256441116333,0.14530126750469208,-20.12600000000031
363,single_sentence_500,9,SAID COULSON HE'S SENT FOR,audio__original,2.374874,2.394813,0.012873878702521324,0.003537912154570222,19.93899999999993
364,single_sentence_500,0,SO NO MORE AT PRESENT DICK,audio__original,0.261769,0.18175,3.4745852947235107,0.002175336703658104,-80.01899999999998
364,single_sentence_500,1,SO NO MORE AT PRESENT DICK,audio__original,0.322177,0.322177,5.2093377113342285,5.2093377113342285,0.0
364,single_sentence_500,2,SO NO MORE AT PRESENT DICK,audio__original,0.463129,0.442993,12.180081367492676,1.9561612606048584,-20.13599999999999
364,single_sentence_500,3,SO NO MORE AT PRESENT DICK,audio__original,0.543673,0.624218,74.38046264648438,5.123058319091797,80.54500000000009
364,single_sentence_500,4,SO NO MORE AT PRESENT DICK,audio__original,0.704762,0.66449,8.448003768920898,1.3306397199630737,-40.27199999999998
364,single_sentence_500,5,SO NO MORE AT PRESENT DICK,audio__original,0.845714,0.885986,4.694889545440674,12.524206161499023,40.272000000000084
364,single_sentence_500,6,SO NO MORE AT PRESENT DICK,audio__original,0.926259,0.926259,6.698302268981934,6.698302268981934,0.0
364,single_sentence_500,7,SO NO MORE AT PRESENT DICK,audio__original,0.986667,1.006803,0.5016688704490662,1.173779845237732,20.13599999999993
364,single_sentence_500,8,SO NO MORE AT PRESENT DICK,audio__original,1.067211,1.026939,0.23428666591644287,0.03813796490430832,-40.27199999999986
364,single_sentence_500,9,SO NO MORE AT PRESENT DICK,audio__original,1.469932,1.490068,0.022360481321811676,0.09681214392185211,20.13599999999993
364,single_sentence_500,10,SO NO MORE AT PRESENT DICK,audio__original,2.074014,1.962625,75.38882446289062,0.0008800160721875727,-111.38899999999995
364,single_sentence_500,11,SO NO MORE AT PRESENT DICK,audio__original,2.315646,2.311625,0.005762574728578329,0.007520930375903845,-4.021000000000274
365,single_sentence_500,0,TELL ME WHAT YOU HAVE SEEN,audio__original,0.461237,0.381188,115.19597625732422,0.32959872484207153,-80.04899999999998
365,single_sentence_500,1,TELL ME WHAT YOU HAVE SEEN,audio__original,0.64172,0.661774,6.604157447814941,16.191287994384766,20.054000000000016
365,single_sentence_500,2,TELL ME WHAT YOU HAVE SEEN,audio__original,0.721935,0.711909,15.909274101257324,10.273171424865723,-10.025999999999978
365,single_sentence_500,3,TELL ME WHAT YOU HAVE SEEN,audio__original,0.762043,0.802151,6.489640235900879,3.9245431423187256,40.10799999999992
365,single_sentence_500,4,TELL ME WHAT YOU HAVE SEEN,audio__original,0.862312,0.85025,8.689287185668945,0.9430627822875977,-12.062000000000017
365,single_sentence_500,5,TELL ME WHAT YOU HAVE SEEN,audio__original,0.942527,0.942527,16.576448440551758,16.576448440551758,0.0
365,single_sentence_500,6,TELL ME WHAT YOU HAVE SEEN,audio__original,0.982634,0.982634,10.434002876281738,10.434002876281738,0.0
365,single_sentence_500,7,TELL ME WHAT YOU HAVE SEEN,audio__original,1.042796,1.042796,12.668499946594238,12.668499946594238,0.0
365,single_sentence_500,8,TELL ME WHAT YOU HAVE SEEN,audio__original,1.102957,1.102957,10.818318367004395,10.818318367004395,0.0
365,single_sentence_500,9,TELL ME WHAT YOU HAVE SEEN,audio__original,1.203226,1.203226,45.325191497802734,45.325191497802734,0.0
365,single_sentence_500,10,TELL ME WHAT YOU HAVE SEEN,audio__original,1.323548,1.283441,27.794649124145508,26.378097534179688,-40.10699999999989
365,single_sentence_500,11,TELL ME WHAT YOU HAVE SEEN,audio__original,1.744677,1.744677,0.8027573227882385,0.8027573227882385,0.0
366,single_sentence_500,0,THE OLD SERVANT WAS SAYING,audio__original,0.464646,0.384625,4.512919902801514,0.019272949546575546,-80.02100000000002
366,single_sentence_500,1,THE OLD SERVANT WAS SAYING,audio__original,0.525253,0.525253,31.219757080078125,31.219757080078125,0.0
366,single_sentence_500,2,THE OLD SERVANT WAS SAYING,audio__original,0.606061,0.585859,13.398523330688477,6.617291450500488,-20.20199999999994
366,single_sentence_500,3,THE OLD SERVANT WAS SAYING,audio__original,0.707071,0.707071,3.8283445835113525,3.8283445835113525,0.0
366,single_sentence_500,4,THE OLD SERVANT WAS SAYING,audio__original,0.808081,0.767677,39.06059265136719,8.799432754516602,-40.403999999999996
366,single_sentence_500,5,THE OLD SERVANT WAS SAYING,audio__original,1.090909,1.090909,0.9340795874595642,0.9340795874595642,0.0
366,single_sentence_500,6,THE OLD SERVANT WAS SAYING,audio__original,1.151515,1.151515,0.9221342206001282,0.9221342206001282,0.0
366,single_sentence_500,7,THE OLD SERVANT WAS SAYING,audio__original,1.232323,1.232323,17.481708526611328,17.481708526611328,0.0
366,single_sentence_500,8,THE OLD SERVANT WAS SAYING,audio__original,1.333333,1.316938,14.697607040405273,1.9351600408554077,-16.39500000000016
366,single_sentence_500,9,THE OLD SERVANT WAS SAYING,audio__original,1.616162,1.696125,0.28824180364608765,0.3702542185783386,79.96300000000001
367,single_sentence_500,0,THE PEOPLE SHALL BE SLAVES,audio__original,0.241651,0.177625,1.6107604503631592,0.02846948802471161,-64.026
367,single_sentence_500,1,THE PEOPLE SHALL BE SLAVES,audio__original,0.302064,0.322202,7.132472991943359,1.8442747592926025,20.13799999999999
367,single_sentence_500,2,THE PEOPLE SHALL BE SLAVES,audio__original,0.463165,0.394375,13.97048282623291,0.17002475261688232,-68.79000000000002
367,single_sentence_500,3,THE PEOPLE SHALL BE SLAVES,audio__original,0.704817,0.752812,79.45907592773438,4.557674407958984,47.99500000000001
367,single_sentence_500,4,THE PEOPLE SHALL BE SLAVES,audio__original,0.84578,0.84578,34.310394287109375,34.310394287109375,0.0
367,single_sentence_500,5,THE PEOPLE SHALL BE SLAVES,audio__original,1.047156,1.047156,3.046257495880127,3.046257495880127,0.0
367,single_sentence_500,6,THE PEOPLE SHALL BE SLAVES,audio__original,1.107569,1.087431,59.73101043701172,163.9171600341797,-20.13799999999999
367,single_sentence_500,7,THE PEOPLE SHALL BE SLAVES,audio__original,1.147844,1.155812,20.45594596862793,2.4844021797180176,7.967999999999975
367,single_sentence_500,8,THE PEOPLE SHALL BE SLAVES,audio__original,1.34922,1.34922,16.902162551879883,16.902162551879883,0.0
367,single_sentence_500,9,THE PEOPLE SHALL BE SLAVES,audio__original,1.872798,1.79275,569.5887451171875,5.118190765380859,-80.0479999999999
368,single_sentence_500,0,THE SAME SUBJECT CONTINUED,audio__original,0.422979,0.362938,0.019846878945827484,0.017907744273543358,-60.04100000000001
368,single_sentence_500,1,THE SAME SUBJECT CONTINUED,audio__original,0.503546,0.523688,42.80992889404297,79.43980407714844,20.141999999999992
368,single_sentence_500,2,THE SAME SUBJECT CONTINUED,audio__original,0.624397,0.624397,4.033011436462402,4.033011436462402,0.0
368,single_sentence_500,3,THE SAME SUBJECT CONTINUED,audio__original,0.845957,0.886241,23.149301528930664,12.633936882019043,40.283999999999985
368,single_sentence_500,4,THE SAME SUBJECT CONTINUED,audio__original,1.007092,1.007092,8.414543151855469,8.414543151855469,0.0
368,single_sentence_500,5,THE SAME SUBJECT CONTINUED,audio__original,1.409929,1.470355,0.01913507841527462,0.3093591630458832,60.42600000000009
368,single_sentence_500,6,THE SAME SUBJECT CONTINUED,audio__original,1.75234,1.64275,4.562609672546387,0.017441729083657265,-109.59000000000007
368,single_sentence_500,7,THE SAME SUBJECT CONTINUED,audio__original,2.417021,2.417021,0.09742043912410736,0.09742043912410736,0.0
369,single_sentence_500,0,THE WORST OF THE WILD CATS,audio__original,0.260657,0.212625,4.363075256347656,0.01242082193493843,-48.03200000000002
369,single_sentence_500,1,THE WORST OF THE WILD CATS,audio__original,0.320808,0.340859,18.80451011657715,18.77838897705078,20.05100000000004
369,single_sentence_500,2,THE WORST OF THE WILD CATS,audio__original,0.461162,0.416938,7.672966480255127,2.258131980895996,-44.22400000000004
369,single_sentence_500,3,THE WORST OF THE WILD CATS,audio__original,0.741869,0.745875,0.9574739933013916,0.5550268292427063,4.005999999999954
369,single_sentence_500,4,THE WORST OF THE WILD CATS,audio__original,0.80202,0.80202,3.9929885864257812,3.9929885864257812,0.0
369,single_sentence_500,5,THE WORST OF THE WILD CATS,audio__original,0.862172,0.862172,0.9592465162277222,0.9592465162277222,0.0
369,single_sentence_500,6,THE WORST OF THE WILD CATS,audio__original,0.902273,0.902273,16.767379760742188,16.767379760742188,0.0
369,single_sentence_500,7,THE WORST OF THE WILD CATS,audio__original,0.962424,0.962424,12.751867294311523,12.751867294311523,0.0
369,single_sentence_500,8,THE WORST OF THE WILD CATS,audio__original,1.042626,1.022576,173.4969940185547,117.2221450805664,-20.050000000000125
369,single_sentence_500,9,THE WORST OF THE WILD CATS,audio__original,1.243131,1.259125,11.994680404663086,0.6452890038490295,15.994000000000064
369,single_sentence_500,10,THE WORST OF THE WILD CATS,audio__original,1.423586,1.323333,25.05866813659668,16.06096839904785,-100.25299999999993
369,single_sentence_500,11,THE WORST OF THE WILD CATS,audio__original,1.684242,1.604188,7.0161213874816895,0.43199822306632996,-80.05400000000007
370,single_sentence_500,0,THEY ARE IN SHORT PEASANTS,audio__original,0.280636,0.268625,0.7620681524276733,0.03898683935403824,-12.010999999999994
370,single_sentence_500,1,THEY ARE IN SHORT PEASANTS,audio__original,0.400909,0.410932,3.3511931896209717,2.919931411743164,10.023000000000003
370,single_sentence_500,2,THEY ARE IN SHORT PEASANTS,audio__original,0.521182,0.491114,4.90354061126709,2.127741813659668,-30.06800000000004
370,single_sentence_500,3,THEY ARE IN SHORT PEASANTS,audio__original,0.641455,0.701591,10.808789253234863,1.4128578901290894,60.13599999999997
370,single_sentence_500,4,THEY ARE IN SHORT PEASANTS,audio__original,1.022318,0.985812,10.331902503967285,0.011419354937970638,-36.506000000000036
370,single_sentence_500,5,THEY ARE IN SHORT PEASANTS,audio__original,1.1025,1.122545,6.597963809967041,2.6209661960601807,20.044999999999867
370,single_sentence_500,6,THEY ARE IN SHORT PEASANTS,audio__original,1.222773,1.162636,25.2481632232666,12.956186294555664,-60.13700000000011
370,single_sentence_500,7,THEY ARE IN SHORT PEASANTS,audio__original,1.443273,1.503409,0.0794491395354271,0.35311296582221985,60.13599999999997
370,single_sentence_500,8,THEY ARE IN SHORT PEASANTS,audio__original,1.663773,1.563545,808.75048828125,0.011455396190285683,-100.22799999999998
370,single_sentence_500,9,THEY ARE IN SHORT PEASANTS,audio__original,2.024591,2.104563,4.3568925857543945,0.1502724140882492,79.97200000000015
371,single_sentence_500,0,THIS EVENING THEY ALL SAID,audio__original,0.562154,0.482125,2.659804344177246,0.21726462244987488,-80.02900000000001
371,single_sentence_500,1,THIS EVENING THEY ALL SAID,audio__original,0.742846,0.803077,47.729915618896484,15.05270004272461,60.23100000000004
371,single_sentence_500,2,THIS EVENING THEY ALL SAID,audio__original,1.023923,0.923312,108.13481903076172,0.0945848748087883,-100.61099999999989
371,single_sentence_500,3,THIS EVENING THEY ALL SAID,audio__original,1.425462,1.485692,9.021047592163086,5.121665000915527,60.230000000000004
371,single_sentence_500,4,THIS EVENING THEY ALL SAID,audio__original,1.726615,1.694187,3.675187110900879,0.5800046920776367,-32.4279999999999
371,single_sentence_500,5,THIS EVENING THEY ALL SAID,audio__original,1.827,1.837038,21.727432250976562,28.44387435913086,10.037999999999991
371,single_sentence_500,6,THIS EVENING THEY ALL SAID,audio__original,1.907308,1.887231,21.020231246948242,19.563613891601562,-20.0769999999999
371,single_sentence_500,7,THIS EVENING THEY ALL SAID,audio__original,2.027769,2.04775,2.851152181625366,1.7353085279464722,19.981000000000027
371,single_sentence_500,8,THIS EVENING THEY ALL SAID,audio__original,2.168308,2.168308,230.24273681640625,230.24273681640625,0.0
371,single_sentence_500,9,THIS EVENING THEY ALL SAID,audio__original,2.529692,2.549688,0.06506968289613724,0.027591552585363388,19.996000000000347
372,single_sentence_500,0,THOSE OF PAREGORIC ARE NIT,audio__original,0.321935,0.241875,26.144062042236328,0.000404919235734269,-80.06000000000002
372,single_sentence_500,1,THOSE OF PAREGORIC ARE NIT,audio__original,0.563387,0.583508,7.697675704956055,24.49102783203125,20.121000000000056
372,single_sentence_500,2,THOSE OF PAREGORIC ARE NIT,audio__original,0.663992,0.663992,5.165267467498779,5.165267467498779,0.0
372,single_sentence_500,3,THOSE OF PAREGORIC ARE NIT,audio__original,0.704234,0.704234,0.08835862576961517,0.08835862576961517,0.0
372,single_sentence_500,4,THOSE OF PAREGORIC ARE NIT,audio__original,0.82496,0.776625,7.247576713562012,0.0029180243145674467,-48.335000000000015
372,single_sentence_500,5,THOSE OF PAREGORIC ARE NIT,audio__original,1.488952,1.505,0.0319419763982296,0.004730538930743933,16.04799999999984
372,single_sentence_500,6,THOSE OF PAREGORIC ARE NIT,audio__original,1.589556,1.569435,23.56633949279785,38.033180236816406,-20.121000000000056
372,single_sentence_500,7,THOSE OF PAREGORIC ARE NIT,audio__original,1.690161,1.690161,3.6297967433929443,3.6297967433929443,0.0
372,single_sentence_500,8,THOSE OF PAREGORIC ARE NIT,audio__original,1.831008,1.730403,23.24185562133789,3.186677932739258,-100.60500000000006
372,single_sentence_500,9,THOSE OF PAREGORIC ARE NIT,audio__original,2.052339,2.068313,0.004542683716863394,0.004256673622876406,15.973999999999933
373,single_sentence_500,0,TO GET ON WITH AS HE SPOKE,audio__original,0.241364,0.161312,0.38633114099502563,0.052437957376241684,-80.05199999999998
373,single_sentence_500,1,TO GET ON WITH AS HE SPOKE,audio__original,0.301705,0.321818,39.08127212524414,15.770953178405762,20.112999999999992
373,single_sentence_500,2,TO GET ON WITH AS HE SPOKE,audio__original,0.402273,0.362063,42.864601135253906,0.8438910245895386,-40.209999999999965
373,single_sentence_500,3,TO GET ON WITH AS HE SPOKE,audio__original,0.502841,0.502841,19.822912216186523,19.822912216186523,0.0
373,single_sentence_500,4,TO GET ON WITH AS HE SPOKE,audio__original,0.563182,0.553125,9.76636791229248,10.19045639038086,-10.056999999999983
373,single_sentence_500,5,TO GET ON WITH AS HE SPOKE,audio__original,0.683864,0.714034,4.287656784057617,2.218122720718384,30.16999999999992
373,single_sentence_500,6,TO GET ON WITH AS HE SPOKE,audio__original,0.804545,0.794489,6.6674394607543945,3.8757991790771484,-10.055999999999955
373,single_sentence_500,7,TO GET ON WITH AS HE SPOKE,audio__original,1.005682,1.025795,0.016462869942188263,0.0511157363653183,20.11300000000005
373,single_sentence_500,8,TO GET ON WITH AS HE SPOKE,audio__original,2.252727,1.3545,35.44221115112305,0.004895301070064306,-898.2270000000001
373,single_sentence_500,9,TO GET ON WITH AS HE SPOKE,audio__original,2.373409,2.393523,1.637398362159729,2.386099100112915,20.113999999999965
373,single_sentence_500,10,TO GET ON WITH AS HE SPOKE,audio__original,2.473977,2.473875,1.0299954414367676,1.0299954414367676,-0.1020000000000465
373,single_sentence_500,11,TO GET ON WITH AS HE SPOKE,audio__original,2.554432,2.594659,4.764976501464844,3.989600896835327,40.22700000000023
373,single_sentence_500,12,TO GET ON WITH AS HE SPOKE,audio__original,2.715341,2.715341,1.048753023147583,1.048753023147583,0.0
373,single_sentence_500,13,TO GET ON WITH AS HE SPOKE,audio__original,3.278523,3.278523,0.15521366894245148,0.15521366894245148,0.0
374,single_sentence_500,0,WE HAVE MUCH TO SAY TO YOU,audio__original,0.383115,0.307063,27.511394500732422,9.976391792297363,-76.052
374,single_sentence_500,1,WE HAVE MUCH TO SAY TO YOU,audio__original,0.46377,0.579812,19.0429744720459,3.218989133834839,116.04199999999997
374,single_sentence_500,2,WE HAVE MUCH TO SAY TO YOU,audio__original,0.66541,0.625082,22.978273391723633,13.661855697631836,-40.32799999999992
374,single_sentence_500,3,WE HAVE MUCH TO SAY TO YOU,audio__original,0.846885,0.846885,0.3000434339046478,0.3000434339046478,0.0
374,single_sentence_500,4,WE HAVE MUCH TO SAY TO YOU,audio__original,1.068689,0.947705,201.81700134277344,13.69667911529541,-120.98399999999998
374,single_sentence_500,5,WE HAVE MUCH TO SAY TO YOU,audio__original,1.270328,1.290492,95.98738098144531,70.92092895507812,20.164000000000073
374,single_sentence_500,6,WE HAVE MUCH TO SAY TO YOU,audio__original,1.371148,1.350984,14.895028114318848,23.15313148498535,-20.164000000000073
374,single_sentence_500,7,WE HAVE MUCH TO SAY TO YOU,audio__original,1.411475,1.431639,29.337425231933594,20.20012092590332,20.164000000000073
374,single_sentence_500,8,WE HAVE MUCH TO SAY TO YOU,audio__original,1.552623,1.522377,32.69907760620117,33.69088363647461,-30.245999999999995
374,single_sentence_500,9,WE HAVE MUCH TO SAY TO YOU,audio__original,1.69377,1.734098,31.68667984008789,0.969416618347168,40.32799999999992
374,single_sentence_500,10,WE HAVE MUCH TO SAY TO YOU,audio__original,1.79459,1.774426,0.8067753911018372,6.302860260009766,-20.16399999999985
374,single_sentence_500,11,WE HAVE MUCH TO SAY TO YOU,audio__original,1.855082,1.875246,41.318321228027344,8.503917694091797,20.164000000000073
374,single_sentence_500,12,WE HAVE MUCH TO SAY TO YOU,audio__original,1.955902,1.935738,13.422822952270508,5.713095664978027,-20.164000000000073
374,single_sentence_500,13,WE HAVE MUCH TO SAY TO YOU,audio__original,2.056721,2.124687,16.234336853027344,0.13353809714317322,67.9660000000002
375,single_sentence_500,0,WITH COMPASSION AND MALICE,audio__original,0.241475,0.161438,39.60226821899414,0.01856350339949131,-80.03699999999999
375,single_sentence_500,1,WITH COMPASSION AND MALICE,audio__original,0.362213,0.382336,1.5946075916290283,0.744963526725769,20.123
375,single_sentence_500,2,WITH COMPASSION AND MALICE,audio__original,0.482951,0.422582,298.7561340332031,0.6318583488464355,-60.36900000000001
375,single_sentence_500,3,WITH COMPASSION AND MALICE,audio__original,1.046393,1.086639,25.977060317993164,8.223383903503418,40.246
375,single_sentence_500,4,WITH COMPASSION AND MALICE,audio__original,1.167131,1.126885,9.017003059387207,6.084944725036621,-40.246
375,single_sentence_500,5,WITH COMPASSION AND MALICE,audio__original,1.287869,1.29793,31.159135818481445,30.671581268310547,10.061000000000098
375,single_sentence_500,6,WITH COMPASSION AND MALICE,audio__original,1.408607,1.388484,34.32251739501953,75.0392837524414,-20.12299999999989
375,single_sentence_500,7,WITH COMPASSION AND MALICE,audio__original,1.811066,1.811066,6.426446437835693,6.426446437835693,0.0
376,single_sentence_500,0,YES HE ADDED AFTER A PAUSE,audio__original,0.400855,0.348813,81.73580932617188,7.089502334594727,-52.04200000000003
376,single_sentence_500,1,YES HE ADDED AFTER A PAUSE,audio__original,0.581239,0.601282,12.334753036499023,16.127517700195312,20.043000000000035
376,single_sentence_500,2,YES HE ADDED AFTER A PAUSE,audio__original,0.66141,0.645375,49.00200271606445,4.465373516082764,-16.03500000000002
376,single_sentence_500,3,YES HE ADDED AFTER A PAUSE,audio__original,0.701496,0.741581,54.25288772583008,8.798611640930176,40.085000000000036
376,single_sentence_500,4,YES HE ADDED AFTER A PAUSE,audio__original,0.861838,0.781667,40.01559066772461,1.3739745616912842,-80.17099999999999
376,single_sentence_500,5,YES HE ADDED AFTER A PAUSE,audio__original,1.10235,1.122393,4.5676445960998535,6.032678604125977,20.043000000000035
376,single_sentence_500,6,YES HE ADDED AFTER A PAUSE,audio__original,1.382949,1.202564,35.21814727783203,0.3171359896659851,-180.38500000000002
376,single_sentence_500,7,YES HE ADDED AFTER A PAUSE,audio__original,1.603419,1.603419,30.844383239746094,30.844383239746094,0.0
376,single_sentence_500,8,YES HE ADDED AFTER A PAUSE,audio__original,1.663547,1.663547,6.8729329109191895,6.8729329109191895,0.0
376,single_sentence_500,9,YES HE ADDED AFTER A PAUSE,audio__original,1.68359,1.68359,3.55127215385437,3.55127215385437,0.0
376,single_sentence_500,10,YES HE ADDED AFTER A PAUSE,audio__original,1.783803,1.723675,5.306772232055664,0.11455246806144714,-60.12799999999996
376,single_sentence_500,11,YES HE ADDED AFTER A PAUSE,audio__original,2.164615,2.244562,4.988786697387695,0.26084187626838684,79.94700000000022
377,single_sentence_500,0,AND SHALL BE CONTENT TO ADD,audio__original,0.38413,0.304125,0.17803417146205902,0.014217362739145756,-80.00500000000005
377,single_sentence_500,1,AND SHALL BE CONTENT TO ADD,audio__original,0.465,0.485217,11.38111400604248,4.721921920776367,20.216999999999985
377,single_sentence_500,2,AND SHALL BE CONTENT TO ADD,audio__original,0.525652,0.525652,20.8931827545166,20.8931827545166,0.0
377,single_sentence_500,3,AND SHALL BE CONTENT TO ADD,audio__original,0.707609,0.707609,3.4374375343322754,3.4374375343322754,0.0
377,single_sentence_500,4,AND SHALL BE CONTENT TO ADD,audio__original,0.748043,0.748043,25.2069149017334,25.2069149017334,0.0
377,single_sentence_500,5,AND SHALL BE CONTENT TO ADD,audio__original,0.788478,0.808696,2.8843486309051514,0.979677677154541,20.217999999999957
377,single_sentence_500,6,AND SHALL BE CONTENT TO ADD,audio__original,0.869348,0.84913,12.110715866088867,4.608275413513184,-20.217999999999957
377,single_sentence_500,7,AND SHALL BE CONTENT TO ADD,audio__original,1.233261,1.24125,0.3322790265083313,0.24422623217105865,7.989000000000024
377,single_sentence_500,8,AND SHALL BE CONTENT TO ADD,audio__original,1.273696,1.273696,4.991612434387207,4.991612434387207,0.0
377,single_sentence_500,9,AND SHALL BE CONTENT TO ADD,audio__original,1.334348,1.334348,40.58301544189453,40.58301544189453,0.0
377,single_sentence_500,10,AND SHALL BE CONTENT TO ADD,audio__original,1.496087,1.395,254.256103515625,21.841175079345703,-101.08699999999993
377,single_sentence_500,11,AND SHALL BE CONTENT TO ADD,audio__original,1.77913,1.77913,0.013383745215833187,0.013383745215833187,0.0
378,single_sentence_500,0,ARE YOUR KINGS ELECTED THEN,audio__original,0.525977,0.445937,17.927940368652344,0.005117056891322136,-80.04000000000005
378,single_sentence_500,1,ARE YOUR KINGS ELECTED THEN,audio__original,0.606897,0.606897,2.622201442718506,2.622201442718506,0.0
378,single_sentence_500,2,ARE YOUR KINGS ELECTED THEN,audio__original,0.647356,0.627126,25.889572143554688,8.666793823242188,-20.230000000000082
378,single_sentence_500,3,ARE YOUR KINGS ELECTED THEN,audio__original,0.748506,0.748506,0.823734700679779,0.823734700679779,0.0
378,single_sentence_500,4,ARE YOUR KINGS ELECTED THEN,audio__original,0.809195,0.788966,84.90910339355469,5.991147041320801,-20.229000000000052
378,single_sentence_500,5,ARE YOUR KINGS ELECTED THEN,audio__original,1.031724,1.031724,0.3219575583934784,0.3219575583934784,0.0
378,single_sentence_500,6,ARE YOUR KINGS ELECTED THEN,audio__original,1.112644,1.072184,11.099276542663574,41.40433120727539,-40.45999999999994
378,single_sentence_500,7,ARE YOUR KINGS ELECTED THEN,audio__original,1.476782,1.476782,0.13675932586193085,0.13675932586193085,0.0
378,single_sentence_500,8,ARE YOUR KINGS ELECTED THEN,audio__original,1.537471,1.517241,54.421146392822266,20.99324607849121,-20.22999999999997
378,single_sentence_500,9,ARE YOUR KINGS ELECTED THEN,audio__original,1.658851,1.738813,8.949604034423828,0.6223766803741455,79.96199999999986
379,single_sentence_500,0,CHAPTER NINE COUNT FERRALTI,audio__original,0.260406,0.180375,3.3794476985931396,0.001719138934276998,-80.03100000000002
379,single_sentence_500,1,CHAPTER NINE COUNT FERRALTI,audio__original,0.620969,0.620969,3.427776336669922,3.427776336669922,0.0
379,single_sentence_500,2,CHAPTER NINE COUNT FERRALTI,audio__original,0.741156,0.711109,4.46942663192749,10.857122421264648,-30.047000000000047
379,single_sentence_500,3,CHAPTER NINE COUNT FERRALTI,audio__original,1.021594,1.061656,2.6645395755767822,0.3414771556854248,40.06200000000004
379,single_sentence_500,4,CHAPTER NINE COUNT FERRALTI,audio__original,1.822844,1.745812,45.29294204711914,0.002216035034507513,-77.03199999999998
379,single_sentence_500,5,CHAPTER NINE COUNT FERRALTI,audio__original,2.043188,2.08325,0.37999406456947327,10.333805084228516,40.06200000000027
379,single_sentence_500,6,CHAPTER NINE COUNT FERRALTI,audio__original,2.183406,2.139312,1.1610283851623535,0.48784521222114563,-44.0940000000003
379,single_sentence_500,7,CHAPTER NINE COUNT FERRALTI,audio__original,2.924562,2.988563,0.014326049946248531,0.008162242360413074,64.0010000000002
380,single_sentence_500,0,HE STILL PAUSED AT THE GATE,audio__original,0.561359,0.481312,0.11797434091567993,5.983700975775719e-05,-80.04700000000004
380,single_sentence_500,1,HE STILL PAUSED AT THE GATE,audio__original,0.601456,0.601456,86.53521728515625,86.53521728515625,0.0
380,single_sentence_500,2,HE STILL PAUSED AT THE GATE,audio__original,0.68165,0.68165,3.7428603172302246,3.7428603172302246,0.0
380,single_sentence_500,3,HE STILL PAUSED AT THE GATE,audio__original,0.882136,0.882136,2.206002712249756,2.206002712249756,0.0
380,single_sentence_500,4,HE STILL PAUSED AT THE GATE,audio__original,1.002427,0.942282,67.91709899902344,0.5422613620758057,-60.145
380,single_sentence_500,5,HE STILL PAUSED AT THE GATE,audio__original,1.222961,1.222961,0.23922918736934662,0.23922918736934662,0.0
380,single_sentence_500,6,HE STILL PAUSED AT THE GATE,audio__original,1.263058,1.263058,76.08040618896484,76.08040618896484,0.0
380,single_sentence_500,7,HE STILL PAUSED AT THE GATE,audio__original,1.323204,1.335187,0.00435128016397357,0.0027347567956894636,11.982999999999855
380,single_sentence_500,8,HE STILL PAUSED AT THE GATE,audio__original,1.38335,1.363301,16.351991653442383,3.0041580200195312,-20.048999999999985
380,single_sentence_500,9,HE STILL PAUSED AT THE GATE,audio__original,1.443495,1.443495,0.23599301278591156,0.23599301278591156,0.0
380,single_sentence_500,10,HE STILL PAUSED AT THE GATE,audio__original,1.523689,1.483592,81.06712341308594,1.039010763168335,-40.09700000000005
380,single_sentence_500,11,HE STILL PAUSED AT THE GATE,audio__original,1.78432,1.864313,1.7419748473912477e-05,1.6138612409122288e-05,79.99300000000021
381,single_sentence_500,0,I DO NOT RECOLLECT HIS NAME,audio__original,0.442895,0.402875,4.528761386871338,0.0007519485079683363,-40.02
381,single_sentence_500,1,I DO NOT RECOLLECT HIS NAME,audio__original,0.463026,0.503289,36.762306213378906,3.400491952896118,40.26299999999999
381,single_sentence_500,2,I DO NOT RECOLLECT HIS NAME,audio__original,0.563684,0.535375,5.994610786437988,0.149110347032547,-28.30899999999992
381,single_sentence_500,3,I DO NOT RECOLLECT HIS NAME,audio__original,0.603947,0.603947,44.147987365722656,44.147987365722656,0.0
381,single_sentence_500,4,I DO NOT RECOLLECT HIS NAME,audio__original,0.724737,0.704605,88.38468933105469,36.80075454711914,-20.131999999999927
381,single_sentence_500,5,I DO NOT RECOLLECT HIS NAME,audio__original,0.845526,0.855592,5.372586727142334,1.2152366638183594,10.06600000000002
381,single_sentence_500,6,I DO NOT RECOLLECT HIS NAME,audio__original,0.926053,0.905921,15.112005233764648,9.329133987426758,-20.13200000000004
381,single_sentence_500,7,I DO NOT RECOLLECT HIS NAME,audio__original,1.308553,1.308553,0.0010445936350151896,0.0010445936350151896,0.0
381,single_sentence_500,8,I DO NOT RECOLLECT HIS NAME,audio__original,1.389079,1.368947,9.790132522583008,11.576579093933105,-20.13200000000004
381,single_sentence_500,9,I DO NOT RECOLLECT HIS NAME,audio__original,1.489737,1.489737,0.004950237926095724,0.004950237926095724,0.0
381,single_sentence_500,10,I DO NOT RECOLLECT HIS NAME,audio__original,1.570263,1.550132,27.487728118896484,8.904486656188965,-20.1309999999999
381,single_sentence_500,11,I DO NOT RECOLLECT HIS NAME,audio__original,1.751447,1.831438,0.39158758521080017,0.004615530837327242,79.99099999999993
382,single_sentence_500,0,IMAGE OF THEE IN ALL THINGS,audio__original,0.3625,0.2825,177.3611602783203,8.55960750579834,-80.00000000000001
382,single_sentence_500,1,IMAGE OF THEE IN ALL THINGS,audio__original,0.664583,0.664583,24.873008728027344,24.873008728027344,0.0
382,single_sentence_500,2,IMAGE OF THEE IN ALL THINGS,audio__original,0.745139,0.745139,102.52942657470703,102.52942657470703,0.0
382,single_sentence_500,3,IMAGE OF THEE IN ALL THINGS,audio__original,0.805556,0.805556,3.0223095417022705,3.0223095417022705,0.0
382,single_sentence_500,4,IMAGE OF THEE IN ALL THINGS,audio__original,0.90625,0.845833,33.91094207763672,4.803049087524414,-60.41700000000005
382,single_sentence_500,5,IMAGE OF THEE IN ALL THINGS,audio__original,1.0875,1.188194,78.33544158935547,21.31954002380371,100.69400000000006
382,single_sentence_500,6,IMAGE OF THEE IN ALL THINGS,audio__original,1.309028,1.248611,176.14675903320312,32.20165252685547,-60.417000000000165
382,single_sentence_500,7,IMAGE OF THEE IN ALL THINGS,audio__original,1.389583,1.409722,15.789036750793457,7.7621636390686035,20.138999999999907
382,single_sentence_500,8,IMAGE OF THEE IN ALL THINGS,audio__original,1.611111,1.490278,104.8603744506836,22.09248924255371,-120.83299999999997
382,single_sentence_500,9,IMAGE OF THEE IN ALL THINGS,audio__original,1.852778,1.913194,148.55517578125,3.9484288692474365,60.416000000000025
382,single_sentence_500,10,IMAGE OF THEE IN ALL THINGS,audio__original,2.054167,1.973611,90.67667388916016,0.11795815825462341,-80.55600000000007
382,single_sentence_500,11,IMAGE OF THEE IN ALL THINGS,audio__original,2.557639,2.557639,1.3163540363311768,1.3163540363311768,0.0
383,single_sentence_500,0,IS IT NOT PAINTING THE LILY,audio__original,0.322689,0.242688,3.954665184020996,3.5422608561930247e-06,-80.00100000000002
383,single_sentence_500,1,IS IT NOT PAINTING THE LILY,audio__original,0.423529,0.423529,7.956694602966309,7.956694602966309,0.0
383,single_sentence_500,2,IS IT NOT PAINTING THE LILY,audio__original,0.504202,0.504202,3.5937089920043945,3.5937089920043945,0.0
383,single_sentence_500,3,IS IT NOT PAINTING THE LILY,audio__original,0.584874,0.584874,0.04462127014994621,0.04462127014994621,0.0
383,single_sentence_500,4,IS IT NOT PAINTING THE LILY,audio__original,0.72605,0.645378,16.23142433166504,0.8626819252967834,-80.67199999999997
383,single_sentence_500,5,IS IT NOT PAINTING THE LILY,audio__original,0.927731,0.947899,0.00030164161580614746,0.001230237539857626,20.168000000000074
383,single_sentence_500,6,IS IT NOT PAINTING THE LILY,audio__original,1.068908,0.99225,3.7349729537963867,0.0004840480105485767,-76.658
383,single_sentence_500,7,IS IT NOT PAINTING THE LILY,audio__original,1.431933,1.442017,1.5808547735214233,0.08560920506715775,10.084000000000204
383,single_sentence_500,8,IS IT NOT PAINTING THE LILY,audio__original,1.512605,1.512605,12.216960906982422,12.216960906982422,0.0
383,single_sentence_500,9,IS IT NOT PAINTING THE LILY,audio__original,1.573109,1.573109,2.0588204860687256,2.0588204860687256,0.0
383,single_sentence_500,10,IS IT NOT PAINTING THE LILY,audio__original,1.633613,1.633613,44.51948547363281,44.51948547363281,0.0
383,single_sentence_500,11,IS IT NOT PAINTING THE LILY,audio__original,1.87563,1.955625,2.41688871383667,0.48302748799324036,79.99500000000003
384,single_sentence_500,0,LET IT BE SOLD SO HERE I AM,audio__original,0.280432,0.200375,3.5945186614990234,3.2142030249815434e-05,-80.05700000000002
384,single_sentence_500,1,LET IT BE SOLD SO HERE I AM,audio__original,0.380586,0.388562,8.038089752197266,1.1989465951919556,7.976000000000038
384,single_sentence_500,2,LET IT BE SOLD SO HERE I AM,audio__original,0.46071,0.46071,0.5963276028633118,0.5963276028633118,0.0
384,single_sentence_500,3,LET IT BE SOLD SO HERE I AM,audio__original,0.500772,0.500772,0.0015217515174299479,0.0015217515174299479,0.0
384,single_sentence_500,4,LET IT BE SOLD SO HERE I AM,audio__original,0.600926,0.560864,23.001371383666992,0.0069296881556510925,-40.061999999999934
384,single_sentence_500,5,LET IT BE SOLD SO HERE I AM,audio__original,0.661019,0.70108,3.192984104156494,1.2065998315811157,40.061000000000014
384,single_sentence_500,6,LET IT BE SOLD SO HERE I AM,audio__original,0.781204,0.781204,2.325735330581665,2.325735330581665,0.0
384,single_sentence_500,7,LET IT BE SOLD SO HERE I AM,audio__original,1.101698,1.141759,2.9080393314361572,0.8435617089271545,40.0609999999999
384,single_sentence_500,8,LET IT BE SOLD SO HERE I AM,audio__original,1.762716,1.417938,1.8271135091781616,5.157528903509956e-06,-344.778
384,single_sentence_500,9,LET IT BE SOLD SO HERE I AM,audio__original,1.86287,2.143302,0.6733684539794922,0.5775764584541321,280.4319999999998
384,single_sentence_500,10,LET IT BE SOLD SO HERE I AM,audio__original,2.423735,2.303437,0.13226266205310822,0.0003757635713554919,-120.29800000000002
384,single_sentence_500,11,LET IT BE SOLD SO HERE I AM,audio__original,2.563951,2.573966,0.25540849566459656,1.033864140510559,10.015000000000107
384,single_sentence_500,12,LET IT BE SOLD SO HERE I AM,audio__original,2.684136,2.65409,1.6943919658660889,1.5561991930007935,-30.046000000000017
384,single_sentence_500,13,LET IT BE SOLD SO HERE I AM,audio__original,2.704167,3.124815,0.5426265001296997,2.14426851272583,420.6479999999999
384,single_sentence_500,14,LET IT BE SOLD SO HERE I AM,audio__original,3.204938,3.204938,0.025599267333745956,0.025599267333745956,0.0
385,single_sentence_500,0,NOTHING CAN KILL ME WHY NOT,audio__original,0.541888,0.621875,55.96123123168945,7.563724517822266,79.98699999999992
385,single_sentence_500,1,NOTHING CAN KILL ME WHY NOT,audio__original,0.842937,0.883077,12.279366493225098,1.1007742881774902,40.13999999999995
385,single_sentence_500,2,NOTHING CAN KILL ME WHY NOT,audio__original,0.963357,0.943287,0.44714993238449097,1.0687081813812256,-20.070000000000032
385,single_sentence_500,3,NOTHING CAN KILL ME WHY NOT,audio__original,1.083776,1.123916,0.13601672649383545,2.928626298904419,40.139999999999844
385,single_sentence_500,4,NOTHING CAN KILL ME WHY NOT,audio__original,1.204196,1.204196,0.9016152620315552,0.9016152620315552,0.0
385,single_sentence_500,5,NOTHING CAN KILL ME WHY NOT,audio__original,1.344685,1.364755,4.7776079177856445,1.5166798830032349,20.070000000000032
385,single_sentence_500,6,NOTHING CAN KILL ME WHY NOT,audio__original,1.424965,1.424965,3.87797474861145,3.87797474861145,0.0
385,single_sentence_500,7,NOTHING CAN KILL ME WHY NOT,audio__original,1.485175,1.565455,1.2897127866744995,1.0454790592193604,80.28000000000013
385,single_sentence_500,8,NOTHING CAN KILL ME WHY NOT,audio__original,1.986923,1.869813,8.27481460571289,0.007794622797518969,-117.11000000000004
385,single_sentence_500,9,NOTHING CAN KILL ME WHY NOT,audio__original,2.107343,2.167552,57.85367965698242,5.2866058349609375,60.20899999999996
385,single_sentence_500,10,NOTHING CAN KILL ME WHY NOT,audio__original,2.368252,2.328112,12.799914360046387,4.085022926330566,-40.140000000000065
385,single_sentence_500,11,NOTHING CAN KILL ME WHY NOT,audio__original,2.568951,2.580938,0.05237303674221039,0.05465078726410866,11.98699999999997
386,single_sentence_500,0,OF SUCH A MAN AS YOU ARAMIS,audio__original,0.241071,0.161062,188.62220764160156,0.0634419173002243,-80.009
386,single_sentence_500,1,OF SUCH A MAN AS YOU ARAMIS,audio__original,0.301339,0.311384,26.631328582763672,63.349029541015625,10.04499999999997
386,single_sentence_500,2,OF SUCH A MAN AS YOU ARAMIS,audio__original,0.381696,0.381696,63.36298751831055,63.36298751831055,0.0
386,single_sentence_500,3,OF SUCH A MAN AS YOU ARAMIS,audio__original,0.522321,0.522321,67.93785095214844,67.93785095214844,0.0
386,single_sentence_500,4,OF SUCH A MAN AS YOU ARAMIS,audio__original,0.582589,0.582589,12.297926902770996,12.297926902770996,0.0
386,single_sentence_500,5,OF SUCH A MAN AS YOU ARAMIS,audio__original,0.602679,0.602679,8.4214448928833,8.4214448928833,0.0
386,single_sentence_500,6,OF SUCH A MAN AS YOU ARAMIS,audio__original,0.683036,0.672991,24.211469650268555,2.7936697006225586,-10.04499999999997
386,single_sentence_500,7,OF SUCH A MAN AS YOU ARAMIS,audio__original,0.823661,0.833705,0.6021673083305359,5.167356491088867,10.044000000000054
386,single_sentence_500,8,OF SUCH A MAN AS YOU ARAMIS,audio__original,0.883929,0.883929,7.368663311004639,7.368663311004639,0.0
386,single_sentence_500,9,OF SUCH A MAN AS YOU ARAMIS,audio__original,0.964286,0.97433,10.083826065063477,10.472912788391113,10.044000000000054
386,single_sentence_500,10,OF SUCH A MAN AS YOU ARAMIS,audio__original,1.064732,1.024554,6.823351860046387,6.97570276260376,-40.17800000000005
386,single_sentence_500,11,OF SUCH A MAN AS YOU ARAMIS,audio__original,1.165179,1.305804,37.809871673583984,7.327186584472656,140.625
386,single_sentence_500,12,OF SUCH A MAN AS YOU ARAMIS,audio__original,1.466518,1.386161,18.324560165405273,0.0719364583492279,-80.35700000000001
386,single_sentence_500,13,OF SUCH A MAN AS YOU ARAMIS,audio__original,1.928571,1.848563,6.304713726043701,0.4132370948791504,-80.00800000000008
387,single_sentence_500,0,OR AT ALL EVENTS SO NEAR IT,audio__original,0.322017,0.242,44.9836540222168,0.058933913707733154,-80.01700000000001
387,single_sentence_500,1,OR AT ALL EVENTS SO NEAR IT,audio__original,0.422647,0.543403,129.87863159179688,0.13081452250480652,120.75599999999997
387,single_sentence_500,2,OR AT ALL EVENTS SO NEAR IT,audio__original,0.704412,0.62775,45.085487365722656,0.030164161697030067,-76.662
387,single_sentence_500,3,OR AT ALL EVENTS SO NEAR IT,audio__original,0.76479,0.76479,6.5083394050598145,6.5083394050598145,0.0
387,single_sentence_500,4,OR AT ALL EVENTS SO NEAR IT,audio__original,0.845294,0.825168,47.98899841308594,50.40084457397461,-20.125999999999976
387,single_sentence_500,5,OR AT ALL EVENTS SO NEAR IT,audio__original,0.96605,0.976113,60.08522033691406,45.791038513183594,10.063000000000045
387,single_sentence_500,6,OR AT ALL EVENTS SO NEAR IT,audio__original,1.026429,1.026429,16.850486755371094,16.850486755371094,0.0
387,single_sentence_500,7,OR AT ALL EVENTS SO NEAR IT,audio__original,1.388697,1.42895,4.745580673217773,0.7988588213920593,40.25299999999987
387,single_sentence_500,8,OR AT ALL EVENTS SO NEAR IT,audio__original,1.710714,1.597312,3.937102794647217,0.019614269956946373,-113.402
387,single_sentence_500,9,OR AT ALL EVENTS SO NEAR IT,audio__original,1.771092,1.871723,35.25632095336914,1.0987555980682373,100.63099999999991
387,single_sentence_500,10,OR AT ALL EVENTS SO NEAR IT,audio__original,1.932101,1.911975,7.382910251617432,0.620160698890686,-20.12600000000009
387,single_sentence_500,11,OR AT ALL EVENTS SO NEAR IT,audio__original,2.113235,2.133361,100.5713119506836,90.89659881591797,20.125999999999866
387,single_sentence_500,12,OR AT ALL EVENTS SO NEAR IT,audio__original,2.213866,2.213866,33.228233337402344,33.228233337402344,0.0
387,single_sentence_500,13,OR AT ALL EVENTS SO NEAR IT,audio__original,2.29437,2.290313,0.06376943737268448,0.015100529417395592,-4.056999999999977
388,single_sentence_500,0,POYSER IS NOT AT HOME IS HE,audio__original,0.562545,0.4825,2.022918462753296,1.4167042970657349,-80.04499999999997
388,single_sentence_500,1,POYSER IS NOT AT HOME IS HE,audio__original,0.904091,0.914136,4.66510009765625,10.51942253112793,10.04499999999997
388,single_sentence_500,2,POYSER IS NOT AT HOME IS HE,audio__original,0.964364,0.964364,9.77983283996582,9.77983283996582,0.0
388,single_sentence_500,3,POYSER IS NOT AT HOME IS HE,audio__original,1.044727,1.044727,15.102471351623535,15.102471351623535,0.0
388,single_sentence_500,4,POYSER IS NOT AT HOME IS HE,audio__original,1.105,1.084909,13.529402732849121,53.22690963745117,-20.09100000000008
388,single_sentence_500,5,POYSER IS NOT AT HOME IS HE,audio__original,1.205455,1.205455,3.072338819503784,3.072338819503784,0.0
388,single_sentence_500,6,POYSER IS NOT AT HOME IS HE,audio__original,1.245636,1.245636,5.531160831451416,5.531160831451416,0.0
388,single_sentence_500,7,POYSER IS NOT AT HOME IS HE,audio__original,1.305909,1.305909,2.5722177028656006,2.5722177028656006,0.0
388,single_sentence_500,8,POYSER IS NOT AT HOME IS HE,audio__original,1.366182,1.346091,15.071211814880371,9.354308128356934,-20.09100000000008
388,single_sentence_500,9,POYSER IS NOT AT HOME IS HE,audio__original,1.587182,1.587182,2.8801076412200928,2.8801076412200928,0.0
388,single_sentence_500,10,POYSER IS NOT AT HOME IS HE,audio__original,1.647455,1.647455,1.007096529006958,1.007096529006958,0.0
388,single_sentence_500,11,POYSER IS NOT AT HOME IS HE,audio__original,1.768,1.796,14.407461166381836,1.9514702558517456,28.000000000000025
388,single_sentence_500,12,POYSER IS NOT AT HOME IS HE,audio__original,2.069364,2.069364,1.6245266199111938,1.6245266199111938,0.0
388,single_sentence_500,13,POYSER IS NOT AT HOME IS HE,audio__original,2.109545,2.1055,0.027265062555670738,0.06486576795578003,-4.044999999999632
389,single_sentence_500,0,SAW A SHARK WITHOUT A TOOTH,audio__original,0.260915,0.180875,12.791280746459961,1.610793113708496,-80.04
389,single_sentence_500,1,SAW A SHARK WITHOUT A TOOTH,audio__original,0.501761,0.572007,35.95697021484375,43.531272888183594,70.24600000000004
389,single_sentence_500,2,SAW A SHARK WITHOUT A TOOTH,audio__original,0.742606,0.742606,97.68138122558594,97.68138122558594,0.0
389,single_sentence_500,3,SAW A SHARK WITHOUT A TOOTH,audio__original,0.762676,0.762676,60.70685577392578,60.70685577392578,0.0
389,single_sentence_500,4,SAW A SHARK WITHOUT A TOOTH,audio__original,0.923239,0.883099,13.977680206298828,8.504640579223633,-40.140000000000065
389,single_sentence_500,5,SAW A SHARK WITHOUT A TOOTH,audio__original,1.244366,1.260375,0.13325980305671692,0.10628540813922882,16.00899999999994
389,single_sentence_500,6,SAW A SHARK WITHOUT A TOOTH,audio__original,1.384859,1.324648,66.4765625,25.55527114868164,-60.21100000000001
389,single_sentence_500,7,SAW A SHARK WITHOUT A TOOTH,audio__original,1.966901,1.986972,38.71759033203125,19.919164657592773,20.070999999999948
389,single_sentence_500,8,SAW A SHARK WITHOUT A TOOTH,audio__original,2.127465,2.097359,39.958091735839844,27.52870750427246,-30.105999999999966
389,single_sentence_500,9,SAW A SHARK WITHOUT A TOOTH,audio__original,2.147535,2.207746,16.402128219604492,6.081142902374268,60.21100000000024
389,single_sentence_500,10,SAW A SHARK WITHOUT A TOOTH,audio__original,2.36831,2.292,0.9532802104949951,0.1696164309978485,-76.31000000000031
389,single_sentence_500,11,SAW A SHARK WITHOUT A TOOTH,audio__original,2.629225,2.709188,0.13706010580062866,0.006860494613647461,79.96300000000022
390,single_sentence_500,0,STAY AS YOU ARE BUT TELL ME,audio__original,0.624429,0.652375,1.9051299095153809,0.14520129561424255,27.946000000000026
390,single_sentence_500,1,STAY AS YOU ARE BUT TELL ME,audio__original,0.785571,0.805714,9.397200584411621,4.390857696533203,20.143000000000022
390,single_sentence_500,2,STAY AS YOU ARE BUT TELL ME,audio__original,0.866143,0.866143,4.758790969848633,4.758790969848633,0.0
390,single_sentence_500,3,STAY AS YOU ARE BUT TELL ME,audio__original,0.926571,0.936643,12.227788925170898,9.331236839294434,10.07199999999997
390,single_sentence_500,4,STAY AS YOU ARE BUT TELL ME,audio__original,0.987,0.987,11.912041664123535,11.912041664123535,0.0
390,single_sentence_500,5,STAY AS YOU ARE BUT TELL ME,audio__original,1.067571,1.087714,3.07826566696167,3.2987325191497803,20.143000000000022
390,single_sentence_500,6,STAY AS YOU ARE BUT TELL ME,audio__original,1.208571,1.178357,44.14327621459961,78.92486572265625,-30.213999999999963
390,single_sentence_500,7,STAY AS YOU ARE BUT TELL ME,audio__original,1.329429,1.369714,6.61158561706543,6.1301398277282715,40.285000000000124
390,single_sentence_500,8,STAY AS YOU ARE BUT TELL ME,audio__original,1.470429,1.430143,13.39773941040039,4.500907897949219,-40.286000000000044
390,single_sentence_500,9,STAY AS YOU ARE BUT TELL ME,audio__original,1.551,1.571143,0.04397023841738701,0.1720554381608963,20.143000000000022
390,single_sentence_500,10,STAY AS YOU ARE BUT TELL ME,audio__original,1.631571,1.591286,11.340727806091309,1.2771787643432617,-40.285000000000124
390,single_sentence_500,11,STAY AS YOU ARE BUT TELL ME,audio__original,1.792714,1.974,0.3932206928730011,2.029418706893921,181.28600000000006
390,single_sentence_500,12,STAY AS YOU ARE BUT TELL ME,audio__original,2.034429,2.034429,0.46222811937332153,0.46222811937332153,0.0
390,single_sentence_500,13,STAY AS YOU ARE BUT TELL ME,audio__original,2.074714,2.114688,0.09901419281959534,0.011536483652889729,39.973999999999954
391,single_sentence_500,0,THAT INVITATION DECIDED HER,audio__original,0.581306,0.50125,53.66996383666992,0.004578384105116129,-80.05600000000001
391,single_sentence_500,1,THAT INVITATION DECIDED HER,audio__original,0.701577,0.701577,2.2407782077789307,2.2407782077789307,0.0
391,single_sentence_500,2,THAT INVITATION DECIDED HER,audio__original,0.781757,0.781757,4.776524543762207,4.776524543762207,0.0
391,single_sentence_500,3,THAT INVITATION DECIDED HER,audio__original,1.302928,1.322973,0.8980987071990967,0.23461098968982697,20.044999999999867
391,single_sentence_500,4,THAT INVITATION DECIDED HER,audio__original,1.383108,1.363063,23.950300216674805,3.9317822456359863,-20.04500000000009
391,single_sentence_500,5,THAT INVITATION DECIDED HER,audio__original,1.844144,2.004505,0.339205801486969,0.1767881214618683,160.361
391,single_sentence_500,6,THAT INVITATION DECIDED HER,audio__original,2.084685,2.084685,0.04465959221124649,0.04465959221124649,0.0
391,single_sentence_500,7,THAT INVITATION DECIDED HER,audio__original,2.14482,2.224813,0.012819191440939903,0.0031959223560988903,79.99299999999998
392,single_sentence_500,0,THE HEART WITH THE TREASURE,audio__original,0.342931,0.262875,58.02374267578125,21.783016204833984,-80.05599999999995
392,single_sentence_500,1,THE HEART WITH THE TREASURE,audio__original,0.403448,0.443793,86.39527893066406,9.498313903808594,40.34500000000002
392,single_sentence_500,2,THE HEART WITH THE TREASURE,audio__original,0.50431,0.484138,16.158971786499023,2.533482551574707,-20.172000000000022
392,single_sentence_500,3,THE HEART WITH THE TREASURE,audio__original,0.806897,0.806897,3.8109185695648193,3.8109185695648193,0.0
392,single_sentence_500,4,THE HEART WITH THE TREASURE,audio__original,1.008621,0.976063,39.425994873046875,0.07064072042703629,-32.55799999999998
392,single_sentence_500,5,THE HEART WITH THE TREASURE,audio__original,1.210345,1.270862,1.383862853050232,0.36703383922576904,60.51699999999993
392,single_sentence_500,6,THE HEART WITH THE TREASURE,audio__original,1.432241,1.355375,27.377031326293945,0.01978127844631672,-76.8660000000001
392,single_sentence_500,7,THE HEART WITH THE TREASURE,audio__original,1.492759,1.512931,3.026759147644043,0.2848343849182129,20.17200000000008
392,single_sentence_500,8,THE HEART WITH THE TREASURE,audio__original,1.613793,1.553276,2.166684865951538,3.1040098667144775,-60.51699999999993
392,single_sentence_500,9,THE HEART WITH THE TREASURE,audio__original,1.976897,2.056875,2.4796605110168457,0.38452866673469543,79.97799999999988
393,single_sentence_500,0,THE HOLY ROMAN CLEMENT SAYS,audio__original,0.282718,0.202687,0.20983518660068512,0.011041773483157158,-80.03100000000002
393,single_sentence_500,1,THE HOLY ROMAN CLEMENT SAYS,audio__original,0.343301,0.363495,23.96143341064453,11.204466819763184,20.19399999999999
393,single_sentence_500,2,THE HOLY ROMAN CLEMENT SAYS,audio__original,0.444272,0.403883,40.689449310302734,1.9646307229995728,-40.38900000000001
393,single_sentence_500,3,THE HOLY ROMAN CLEMENT SAYS,audio__original,0.646214,0.656311,9.565147399902344,12.769733428955078,10.097000000000023
393,single_sentence_500,4,THE HOLY ROMAN CLEMENT SAYS,audio__original,0.72699,0.706796,9.12507152557373,1.5072261095046997,-20.194000000000045
393,single_sentence_500,5,THE HOLY ROMAN CLEMENT SAYS,audio__original,0.949126,0.989515,0.9277355074882507,2.2187535762786865,40.38900000000001
393,single_sentence_500,6,THE HOLY ROMAN CLEMENT SAYS,audio__original,1.090485,1.041937,0.8564925193786621,0.102201446890831,-48.54800000000004
393,single_sentence_500,7,THE HOLY ROMAN CLEMENT SAYS,audio__original,1.433786,1.433786,0.5702767372131348,0.5702767372131348,0.0
393,single_sentence_500,8,THE HOLY ROMAN CLEMENT SAYS,audio__original,1.59534,1.58675,10.637223243713379,2.6747851371765137,-8.589999999999876
393,single_sentence_500,9,THE HOLY ROMAN CLEMENT SAYS,audio__original,1.878058,1.958,7.472619533538818,1.827077031135559,79.94199999999995
394,single_sentence_500,0,THE WHOLE OF THIS ITINERARY,audio__original,0.541205,0.509188,0.0008217068389058113,0.0016865411307662725,-32.017000000000074
394,single_sentence_500,1,THE WHOLE OF THIS ITINERARY,audio__original,0.621384,0.641429,34.10834503173828,5.357047080993652,20.04499999999998
394,single_sentence_500,2,THE WHOLE OF THIS ITINERARY,audio__original,0.721607,0.701562,3.398226022720337,1.6986029148101807,-20.04499999999998
394,single_sentence_500,3,THE WHOLE OF THIS ITINERARY,audio__original,0.922054,0.932076,0.48737242817878723,42.28924560546875,10.021999999999975
394,single_sentence_500,4,THE WHOLE OF THIS ITINERARY,audio__original,0.982187,0.982187,20.553178787231445,20.553178787231445,0.0
394,single_sentence_500,5,THE WHOLE OF THIS ITINERARY,audio__original,1.042321,1.042321,0.35373520851135254,0.35373520851135254,0.0
394,single_sentence_500,6,THE WHOLE OF THIS ITINERARY,audio__original,1.102455,1.082411,32.30605697631836,1.338106393814087,-20.04399999999995
394,single_sentence_500,7,THE WHOLE OF THIS ITINERARY,audio__original,1.242768,1.242768,1.6188933849334717,1.6188933849334717,0.0
394,single_sentence_500,8,THE WHOLE OF THIS ITINERARY,audio__original,1.322946,1.282857,5.358644008636475,89.60253143310547,-40.08900000000004
394,single_sentence_500,9,THE WHOLE OF THIS ITINERARY,audio__original,1.98442,2.064375,0.8615147471427917,0.3586282730102539,79.955
395,single_sentence_500,0,THEN SAID THE FIRST SOLDIER,audio__original,0.562545,0.4825,5.750922203063965,0.12038446217775345,-80.04499999999997
395,single_sentence_500,1,THEN SAID THE FIRST SOLDIER,audio__original,0.723273,0.763455,0.8336254358291626,2.677612066268921,40.18199999999994
395,single_sentence_500,2,THEN SAID THE FIRST SOLDIER,audio__original,0.863909,0.823727,185.3294219970703,101.83373260498047,-40.18200000000005
395,single_sentence_500,3,THEN SAID THE FIRST SOLDIER,audio__original,1.004545,1.004545,0.4812959134578705,0.4812959134578705,0.0
395,single_sentence_500,4,THEN SAID THE FIRST SOLDIER,audio__original,1.044727,1.044727,14.564759254455566,14.564759254455566,0.0
395,single_sentence_500,5,THEN SAID THE FIRST SOLDIER,audio__original,1.105,1.105,3.0376856327056885,3.0376856327056885,0.0
395,single_sentence_500,6,THEN SAID THE FIRST SOLDIER,audio__original,1.165273,1.145182,3.646357536315918,7.504039287567139,-20.09100000000008
395,single_sentence_500,7,THEN SAID THE FIRST SOLDIER,audio__original,1.346091,1.346091,817.9832153320312,817.9832153320312,0.0
395,single_sentence_500,8,THEN SAID THE FIRST SOLDIER,audio__original,1.386273,1.386273,101.32050323486328,101.32050323486328,0.0
395,single_sentence_500,9,THEN SAID THE FIRST SOLDIER,audio__original,1.687636,1.767625,3.181857109069824,0.08197522908449173,79.98900000000009
396,single_sentence_500,0,THERE IS ONE I MUST CONSULT,audio__original,0.320748,0.240687,48.69826126098633,0.006333061959594488,-80.06099999999996
396,single_sentence_500,1,THERE IS ONE I MUST CONSULT,audio__original,0.461075,0.461075,83.10128784179688,83.10128784179688,0.0
396,single_sentence_500,2,THERE IS ONE I MUST CONSULT,audio__original,0.501168,0.491145,82.40064239501953,109.8746337890625,-10.022999999999948
396,single_sentence_500,3,THERE IS ONE I MUST CONSULT,audio__original,0.581355,0.581355,73.05404663085938,73.05404663085938,0.0
396,single_sentence_500,4,THERE IS ONE I MUST CONSULT,audio__original,0.721682,0.661542,73.11670684814453,70.6737060546875,-60.140000000000086
396,single_sentence_500,5,THERE IS ONE I MUST CONSULT,audio__original,0.841963,0.851986,1.6941003799438477,16.80622673034668,10.023000000000003
396,single_sentence_500,6,THERE IS ONE I MUST CONSULT,audio__original,0.92215,0.92215,192.9122314453125,192.9122314453125,0.0
396,single_sentence_500,7,THERE IS ONE I MUST CONSULT,audio__original,0.942196,0.942196,96.25878143310547,96.25878143310547,0.0
396,single_sentence_500,8,THERE IS ONE I MUST CONSULT,audio__original,1.04243,1.022383,186.9234619140625,70.58773040771484,-20.046999999999926
396,single_sentence_500,9,THERE IS ONE I MUST CONSULT,audio__original,1.202804,1.202804,12.774520874023438,12.774520874023438,0.0
396,single_sentence_500,10,THERE IS ONE I MUST CONSULT,audio__original,1.282991,1.262944,3.8164150714874268,28.692869186401367,-20.046999999999926
396,single_sentence_500,11,THERE IS ONE I MUST CONSULT,audio__original,1.904439,1.984438,0.04337875172495842,0.0141955791041255,79.99899999999994
397,single_sentence_500,0,AH THE SWAMP THE CRUEL SWAMP,audio__original,0.421511,0.421511,7.123098850250244,7.123098850250244,0.0
397,single_sentence_500,1,AH THE SWAMP THE CRUEL SWAMP,audio__original,0.541942,0.602158,6.934055328369141,37.478946685791016,60.21599999999994
397,single_sentence_500,2,AH THE SWAMP THE CRUEL SWAMP,audio__original,0.682446,0.674375,1.5401662588119507,0.4082624316215515,-8.071000000000051
397,single_sentence_500,3,AH THE SWAMP THE CRUEL SWAMP,audio__original,0.762734,0.782806,17.987218856811523,17.757225036621094,20.071999999999978
397,single_sentence_500,4,AH THE SWAMP THE CRUEL SWAMP,audio__original,0.903237,0.903237,69.57868957519531,69.57868957519531,0.0
397,single_sentence_500,5,AH THE SWAMP THE CRUEL SWAMP,audio__original,1.304676,1.364892,0.3539768159389496,0.7256919145584106,60.21600000000005
397,single_sentence_500,6,AH THE SWAMP THE CRUEL SWAMP,audio__original,1.525468,1.405036,13.582975387573242,0.21668745577335358,-120.4320000000001
397,single_sentence_500,7,AH THE SWAMP THE CRUEL SWAMP,audio__original,1.585683,1.625827,27.947446823120117,0.2554810345172882,40.143999999999956
397,single_sentence_500,8,AH THE SWAMP THE CRUEL SWAMP,audio__original,1.766331,1.649875,1.740305781364441,0.28845638036727905,-116.45600000000012
397,single_sentence_500,9,AH THE SWAMP THE CRUEL SWAMP,audio__original,2.06741,2.111438,3.3166747093200684,15.958319664001465,44.027999999999956
397,single_sentence_500,10,AH THE SWAMP THE CRUEL SWAMP,audio__original,2.227986,2.227986,26.91950225830078,26.91950225830078,0.0
397,single_sentence_500,11,AH THE SWAMP THE CRUEL SWAMP,audio__original,2.629424,2.709375,0.6155568361282349,0.6907583475112915,79.95099999999988
398,single_sentence_500,0,AND UPON THE SEAT HE SAT HIM,audio__original,0.241607,0.161562,20.29575538635254,0.0003589065163396299,-80.04499999999997
398,single_sentence_500,1,AND UPON THE SEAT HE SAT HIM,audio__original,0.342277,0.35825,10.589872360229492,11.160470008850098,15.973000000000015
398,single_sentence_500,2,AND UPON THE SEAT HE SAT HIM,audio__original,0.422813,0.422813,1.0228514671325684,1.0228514671325684,0.0
398,single_sentence_500,3,AND UPON THE SEAT HE SAT HIM,audio__original,0.684554,0.704688,6.035228252410889,3.966562271118164,20.133999999999986
398,single_sentence_500,4,AND UPON THE SEAT HE SAT HIM,audio__original,0.765089,0.765089,14.283646583557129,14.283646583557129,0.0
398,single_sentence_500,5,AND UPON THE SEAT HE SAT HIM,audio__original,0.825491,0.8415,9.678202629089355,1.0054919719696045,16.00900000000005
398,single_sentence_500,6,AND UPON THE SEAT HE SAT HIM,audio__original,1.006696,1.006696,7.653892993927002,7.653892993927002,0.0
398,single_sentence_500,7,AND UPON THE SEAT HE SAT HIM,audio__original,1.22817,1.268438,0.11622720956802368,0.12689782679080963,40.26799999999997
398,single_sentence_500,8,AND UPON THE SEAT HE SAT HIM,audio__original,1.328839,1.308705,2.2496657371520996,0.024897679686546326,-20.134000000000096
398,single_sentence_500,9,AND UPON THE SEAT HE SAT HIM,audio__original,1.369107,1.409375,9.445148468017578,0.3939751982688904,40.26799999999997
398,single_sentence_500,10,AND UPON THE SEAT HE SAT HIM,audio__original,1.550313,1.449643,0.984264075756073,9.984394073486328,-100.67000000000004
398,single_sentence_500,11,AND UPON THE SEAT HE SAT HIM,audio__original,1.751652,1.763625,0.29892265796661377,0.1432061791419983,11.973000000000011
398,single_sentence_500,12,AND UPON THE SEAT HE SAT HIM,audio__original,2.114063,2.114063,0.09349457919597626,0.09349457919597626,0.0
398,single_sentence_500,13,AND UPON THE SEAT HE SAT HIM,audio__original,2.174464,2.206437,0.0029395015444606543,0.0012003560550510883,31.97300000000025
399,single_sentence_500,0,AND WITH HER BRINGS HER DOWR,audio__original,0.362389,0.282375,18.05542755126953,0.025321397930383682,-80.01400000000002
399,single_sentence_500,1,AND WITH HER BRINGS HER DOWR,audio__original,0.463053,0.473119,3.517744302749634,6.86629056930542,10.06600000000002
399,single_sentence_500,2,AND WITH HER BRINGS HER DOWR,audio__original,0.523451,0.513385,11.36016845703125,4.757277965545654,-10.06600000000002
399,single_sentence_500,3,AND WITH HER BRINGS HER DOWR,audio__original,0.704646,0.724779,86.1690673828125,24.283870697021484,20.132999999999956
399,single_sentence_500,4,AND WITH HER BRINGS HER DOWR,audio__original,0.765044,0.744912,39.51109313964844,23.875804901123047,-20.131999999999927
399,single_sentence_500,5,AND WITH HER BRINGS HER DOWR,audio__original,0.865708,0.926106,11.101860046386719,2.9544754028320312,60.39799999999995
399,single_sentence_500,6,AND WITH HER BRINGS HER DOWR,audio__original,1.207965,1.046903,2.0263454914093018,0.08277802914381027,-161.06200000000004
399,single_sentence_500,7,AND WITH HER BRINGS HER DOWR,audio__original,1.46969,1.489823,13.67790412902832,5.613831043243408,20.132999999999956
399,single_sentence_500,8,AND WITH HER BRINGS HER DOWR,audio__original,1.530088,1.509956,17.562870025634766,3.2207555770874023,-20.131999999999817
399,single_sentence_500,9,AND WITH HER BRINGS HER DOWR,audio__original,1.610619,1.630752,0.5641347765922546,0.67551589012146,20.132999999999956
399,single_sentence_500,10,AND WITH HER BRINGS HER DOWR,audio__original,1.751549,1.683,97.69860076904297,0.36830973625183105,-68.54899999999998
399,single_sentence_500,11,AND WITH HER BRINGS HER DOWR,audio__original,2.013274,2.09325,19.861024856567383,0.9825533032417297,79.97599999999983
400,single_sentence_500,0,CHAPTER FIVE AS AIDE DE CAMP,audio__original,0.341062,0.261062,8.341360092163086,0.00018116009596269578,-79.99999999999996
400,single_sentence_500,1,CHAPTER FIVE AS AIDE DE CAMP,audio__original,0.621938,0.662062,133.02053833007812,3.3145148754119873,40.12400000000005
400,single_sentence_500,2,CHAPTER FIVE AS AIDE DE CAMP,audio__original,0.8025,0.762188,53.5411376953125,0.3706071972846985,-40.31200000000001
400,single_sentence_500,3,CHAPTER FIVE AS AIDE DE CAMP,audio__original,1.163625,1.173656,0.2564902901649475,0.19122327864170074,10.031000000000123
400,single_sentence_500,4,CHAPTER FIVE AS AIDE DE CAMP,audio__original,1.825687,1.496,63.70183181762695,1.6909169062273577e-05,-329.68700000000007
400,single_sentence_500,5,CHAPTER FIVE AS AIDE DE CAMP,audio__original,1.946063,1.966125,28.9150390625,8.465361595153809,20.061999999999802
400,single_sentence_500,6,CHAPTER FIVE AS AIDE DE CAMP,audio__original,2.126625,2.046375,135.54107666015625,5.6499342918396,-80.25000000000037
400,single_sentence_500,7,CHAPTER FIVE AS AIDE DE CAMP,audio__original,2.32725,2.347313,4.230680465698242,2.1436655521392822,20.063000000000386
400,single_sentence_500,8,CHAPTER FIVE AS AIDE DE CAMP,audio__original,2.4075,2.387437,90.95458984375,35.0548095703125,-20.063000000000386
400,single_sentence_500,9,CHAPTER FIVE AS AIDE DE CAMP,audio__original,2.447625,2.48775,5.132826805114746,0.22946198284626007,40.125000000000185
400,single_sentence_500,10,CHAPTER FIVE AS AIDE DE CAMP,audio__original,2.608125,2.507812,132.78428649902344,0.3898395299911499,-100.31299999999987
400,single_sentence_500,11,CHAPTER FIVE AS AIDE DE CAMP,audio__original,2.848875,2.888875,0.05284261330962181,0.006656838580965996,40.000000000000036
401,single_sentence_500,0,CHAPTER FIVE FIRST VICTORIES,audio__original,0.342036,0.262,291.8258361816406,0.0009241806110367179,-80.036
401,single_sentence_500,1,CHAPTER FIVE FIRST VICTORIES,audio__original,0.663952,0.668,8.807656288146973,2.593621015548706,4.048000000000052
401,single_sentence_500,2,CHAPTER FIVE FIRST VICTORIES,audio__original,0.80479,0.784438,69.47798919677734,3.9502711296081543,-20.352000000000036
401,single_sentence_500,3,CHAPTER FIVE FIRST VICTORIES,audio__original,1.066347,1.066347,0.5966271162033081,0.5966271162033081,0.0
401,single_sentence_500,4,CHAPTER FIVE FIRST VICTORIES,audio__original,1.830898,1.591187,0.791689395904541,1.3312834198586643e-05,-239.711
401,single_sentence_500,5,CHAPTER FIVE FIRST VICTORIES,audio__original,2.072335,2.096375,0.019399303942918777,0.007411979138851166,24.040000000000283
401,single_sentence_500,6,CHAPTER FIVE FIRST VICTORIES,audio__original,2.233293,2.176938,6.83267879486084,0.0782635435461998,-56.35500000000037
401,single_sentence_500,7,CHAPTER FIVE FIRST VICTORIES,audio__original,2.736287,2.65625,11.23293399810791,0.5487082600593567,-80.03699999999992
402,single_sentence_500,0,ENTRUSTED THIS DELICATE TASK,audio__original,0.381301,0.30125,18.54768943786621,0.006032424513250589,-80.05099999999999
402,single_sentence_500,1,ENTRUSTED THIS DELICATE TASK,audio__original,1.023493,1.033527,0.9707747101783752,0.34794819355010986,10.034000000000098
402,single_sentence_500,2,ENTRUSTED THIS DELICATE TASK,audio__original,1.224178,1.163973,8.57241153717041,0.08615683019161224,-60.20500000000006
402,single_sentence_500,3,ENTRUSTED THIS DELICATE TASK,audio__original,1.384726,1.404795,75.01753234863281,2.8343300819396973,20.069000000000116
402,single_sentence_500,4,ENTRUSTED THIS DELICATE TASK,audio__original,1.505137,1.468938,19.0582275390625,0.07633624970912933,-36.19899999999987
402,single_sentence_500,5,ENTRUSTED THIS DELICATE TASK,audio__original,1.966712,1.966712,0.0036191295366734266,0.0036191295366734266,0.0
402,single_sentence_500,6,ENTRUSTED THIS DELICATE TASK,audio__original,2.207534,2.006849,94.38042449951172,0.0035981826949864626,-200.685
402,single_sentence_500,7,ENTRUSTED THIS DELICATE TASK,audio__original,2.588836,2.668813,0.05758333206176758,0.004755931906402111,79.97699999999996
403,single_sentence_500,0,GOOD IS RESTRAINT IN THE EAR,audio__original,0.403509,0.3395,36.89020919799805,0.07446568459272385,-64.00899999999999
403,single_sentence_500,1,GOOD IS RESTRAINT IN THE EAR,audio__original,0.585088,0.593125,7.146561622619629,4.210373878479004,8.03699999999996
403,single_sentence_500,2,GOOD IS RESTRAINT IN THE EAR,audio__original,0.726316,0.70614,27.11460304260254,0.1898142397403717,-20.175999999999974
403,single_sentence_500,3,GOOD IS RESTRAINT IN THE EAR,audio__original,0.807018,0.807018,38.35352325439453,38.35352325439453,0.0
403,single_sentence_500,4,GOOD IS RESTRAINT IN THE EAR,audio__original,0.867544,0.867544,56.75978088378906,56.75978088378906,0.0
403,single_sentence_500,5,GOOD IS RESTRAINT IN THE EAR,audio__original,1.291228,1.291228,185.90724182128906,185.90724182128906,0.0
403,single_sentence_500,6,GOOD IS RESTRAINT IN THE EAR,audio__original,1.432456,1.400125,51.050636291503906,6.75504207611084,-32.33099999999989
403,single_sentence_500,7,GOOD IS RESTRAINT IN THE EAR,audio__original,1.492982,1.50307,35.59412384033203,29.837230682373047,10.087999999999875
403,single_sentence_500,8,GOOD IS RESTRAINT IN THE EAR,audio__original,1.553509,1.553509,57.07809829711914,57.07809829711914,0.0
403,single_sentence_500,9,GOOD IS RESTRAINT IN THE EAR,audio__original,1.614035,1.634211,28.954818725585938,4.635396480560303,20.175999999999974
403,single_sentence_500,10,GOOD IS RESTRAINT IN THE EAR,audio__original,1.735088,1.674561,59.24681091308594,34.42710876464844,-60.527
403,single_sentence_500,11,GOOD IS RESTRAINT IN THE EAR,audio__original,1.896491,1.976438,47.62060546875,3.5416970252990723,79.94699999999999
404,single_sentence_500,0,HE EXCLAIMED NOW IS THE TIME,audio__original,0.220786,0.14075,0.07526309043169022,0.01339002326130867,-80.03600000000003
404,single_sentence_500,1,HE EXCLAIMED NOW IS THE TIME,audio__original,0.260929,0.260929,20.187538146972656,20.187538146972656,0.0
404,single_sentence_500,2,HE EXCLAIMED NOW IS THE TIME,audio__original,0.361286,0.361286,0.378244012594223,0.378244012594223,0.0
404,single_sentence_500,3,HE EXCLAIMED NOW IS THE TIME,audio__original,0.863071,0.863071,0.019936751574277878,0.019936751574277878,0.0
404,single_sentence_500,4,HE EXCLAIMED NOW IS THE TIME,audio__original,1.525429,0.963429,81.5981674194336,0.005715296138077974,-562.0
404,single_sentence_500,5,HE EXCLAIMED NOW IS THE TIME,audio__original,1.625786,1.665929,13.749812126159668,2.7274844646453857,40.14300000000004
404,single_sentence_500,6,HE EXCLAIMED NOW IS THE TIME,audio__original,1.706071,1.706071,12.34343433380127,12.34343433380127,0.0
404,single_sentence_500,7,HE EXCLAIMED NOW IS THE TIME,audio__original,1.766286,1.786357,3.0313050746917725,0.5516878366470337,20.070999999999948
404,single_sentence_500,8,HE EXCLAIMED NOW IS THE TIME,audio__original,1.8265,1.8265,0.04687422513961792,0.04687422513961792,0.0
404,single_sentence_500,9,HE EXCLAIMED NOW IS THE TIME,audio__original,1.886714,1.886714,0.10584237426519394,0.10584237426519394,0.0
404,single_sentence_500,10,HE EXCLAIMED NOW IS THE TIME,audio__original,2.027214,1.946929,32.238037109375,9.489887237548828,-80.28499999999994
404,single_sentence_500,11,HE EXCLAIMED NOW IS THE TIME,audio__original,2.248,2.328,0.6968498229980469,0.04664638265967369,79.99999999999963
405,single_sentence_500,0,HE WAS PROUD OF HIS STRENGTH,audio__original,0.541055,0.461,1.0878634452819824,0.057093068957328796,-80.05499999999994
405,single_sentence_500,1,HE WAS PROUD OF HIS STRENGTH,audio__original,0.581133,0.581133,32.31650924682617,32.31650924682617,0.0
405,single_sentence_500,2,HE WAS PROUD OF HIS STRENGTH,audio__original,0.661289,0.65127,19.234363555908203,6.419775009155273,-10.019
405,single_sentence_500,3,HE WAS PROUD OF HIS STRENGTH,audio__original,0.761484,0.781523,6.7839460372924805,0.5697710514068604,20.038999999999916
405,single_sentence_500,4,HE WAS PROUD OF HIS STRENGTH,audio__original,0.901758,0.841641,16.88873291015625,0.5773847699165344,-60.116999999999976
405,single_sentence_500,5,HE WAS PROUD OF HIS STRENGTH,audio__original,1.222383,1.262461,9.500895500183105,10.10374641418457,40.07800000000006
405,single_sentence_500,6,HE WAS PROUD OF HIS STRENGTH,audio__original,1.442813,1.382695,7.976728439331055,0.2130236178636551,-60.117999999999896
405,single_sentence_500,7,HE WAS PROUD OF HIS STRENGTH,audio__original,1.482891,1.50293,0.9023730754852295,1.562608003616333,20.03900000000014
405,single_sentence_500,8,HE WAS PROUD OF HIS STRENGTH,audio__original,1.563047,1.543008,13.789544105529785,5.950626373291016,-20.03900000000014
405,single_sentence_500,9,HE WAS PROUD OF HIS STRENGTH,audio__original,1.643203,1.653223,4.280983924865723,5.268764495849609,10.02000000000014
405,single_sentence_500,10,HE WAS PROUD OF HIS STRENGTH,audio__original,1.70332,1.70332,12.026144981384277,12.026144981384277,0.0
405,single_sentence_500,11,HE WAS PROUD OF HIS STRENGTH,audio__original,2.244375,2.284375,0.07219962030649185,0.25150808691978455,40.000000000000036
406,single_sentence_500,0,IF NOT A CHASTENED PERFORMER,audio__original,0.3216,0.265562,110.98925018310547,0.008174911141395569,-56.037999999999975
406,single_sentence_500,1,IF NOT A CHASTENED PERFORMER,audio__original,0.402,0.4221,1.6185508966445923,0.6310009360313416,20.09999999999995
406,single_sentence_500,2,IF NOT A CHASTENED PERFORMER,audio__original,0.5025,0.4623,48.339691162109375,1.6980431079864502,-40.19999999999996
406,single_sentence_500,3,IF NOT A CHASTENED PERFORMER,audio__original,0.6432,0.6432,87.68575286865234,87.68575286865234,0.0
406,single_sentence_500,4,IF NOT A CHASTENED PERFORMER,audio__original,0.7035,0.7035,80.126220703125,80.126220703125,0.0
406,single_sentence_500,5,IF NOT A CHASTENED PERFORMER,audio__original,0.7236,0.7236,5.237490653991699,5.237490653991699,0.0
406,single_sentence_500,6,IF NOT A CHASTENED PERFORMER,audio__original,0.8643,0.7839,3.735935688018799,0.7661811113357544,-80.39999999999992
406,single_sentence_500,7,IF NOT A CHASTENED PERFORMER,audio__original,1.2261,1.2261,3.0997798442840576,3.0997798442840576,0.0
406,single_sentence_500,8,IF NOT A CHASTENED PERFORMER,audio__original,1.2864,1.270312,0.4859136641025543,0.2289668619632721,-16.08799999999988
406,single_sentence_500,9,IF NOT A CHASTENED PERFORMER,audio__original,1.9296,2.009562,0.0519695021212101,0.0071785906329751015,79.96199999999986
407,single_sentence_500,0,IS THE CHILD OF YOUR THOUGHT,audio__original,0.361957,0.281938,90.36583709716797,0.002506160642951727,-80.01899999999995
407,single_sentence_500,1,IS THE CHILD OF YOUR THOUGHT,audio__original,0.583152,0.663587,7.1531453132629395,2.7792840003967285,80.43500000000003
407,single_sentence_500,2,IS THE CHILD OF YOUR THOUGHT,audio__original,0.844565,0.76413,9.439192771911621,2.837101936340332,-80.43500000000003
407,single_sentence_500,3,IS THE CHILD OF YOUR THOUGHT,audio__original,0.925,0.925,5.533901214599609,5.533901214599609,0.0
407,single_sentence_500,4,IS THE CHILD OF YOUR THOUGHT,audio__original,1.045652,0.965217,22.39430046081543,1.6651499271392822,-80.43500000000003
407,single_sentence_500,5,IS THE CHILD OF YOUR THOUGHT,audio__original,1.407609,1.467935,6.408090114593506,1.3676525354385376,60.32599999999988
407,single_sentence_500,6,IS THE CHILD OF YOUR THOUGHT,audio__original,1.709239,1.600375,72.08167266845703,0.004542285110801458,-108.86399999999985
407,single_sentence_500,7,IS THE CHILD OF YOUR THOUGHT,audio__original,1.789674,1.789674,3.170090913772583,3.170090913772583,0.0
407,single_sentence_500,8,IS THE CHILD OF YOUR THOUGHT,audio__original,2.051087,1.96225,37.51713562011719,1.2428300380706787,-88.83699999999983
407,single_sentence_500,9,IS THE CHILD OF YOUR THOUGHT,audio__original,2.272283,2.433152,71.80448913574219,0.585866391658783,160.86900000000037
407,single_sentence_500,10,IS THE CHILD OF YOUR THOUGHT,audio__original,2.734783,2.565562,4.470091342926025,0.003992738202214241,-169.2210000000003
407,single_sentence_500,11,IS THE CHILD OF YOUR THOUGHT,audio__original,3.217391,3.265375,0.004411705769598484,0.003267479594796896,47.98400000000002
408,single_sentence_500,0,MY VESSEL IS AT YOUR SERVICE,audio__original,0.52194,0.441937,76.73963928222656,0.11692680418491364,-80.00299999999993
408,single_sentence_500,1,MY VESSEL IS AT YOUR SERVICE,audio__original,0.582164,0.602239,59.70875549316406,45.26904296875,20.074999999999953
408,single_sentence_500,2,MY VESSEL IS AT YOUR SERVICE,audio__original,0.702612,0.682537,37.15032196044922,1.7055718898773193,-20.075000000000067
408,single_sentence_500,3,MY VESSEL IS AT YOUR SERVICE,audio__original,0.963582,0.983657,4.25994873046875,5.348952293395996,20.074999999999953
408,single_sentence_500,4,MY VESSEL IS AT YOUR SERVICE,audio__original,1.043881,1.033843,12.027410507202148,4.918524742126465,-10.037999999999991
408,single_sentence_500,5,MY VESSEL IS AT YOUR SERVICE,audio__original,1.124179,1.134216,33.45408248901367,33.248565673828125,10.036999999999852
408,single_sentence_500,6,MY VESSEL IS AT YOUR SERVICE,audio__original,1.204478,1.184403,51.07887268066406,58.145965576171875,-20.074999999999843
408,single_sentence_500,7,MY VESSEL IS AT YOUR SERVICE,audio__original,1.284776,1.284776,0.9506214261054993,0.9506214261054993,0.0
408,single_sentence_500,8,MY VESSEL IS AT YOUR SERVICE,audio__original,1.345,1.334963,10.32905101776123,17.638916015625,-10.037000000000074
408,single_sentence_500,9,MY VESSEL IS AT YOUR SERVICE,audio__original,1.465448,1.465448,142.62953186035156,142.62953186035156,0.0
408,single_sentence_500,10,MY VESSEL IS AT YOUR SERVICE,audio__original,1.545746,1.525672,132.5145263671875,183.79615783691406,-20.074000000000147
408,single_sentence_500,11,MY VESSEL IS AT YOUR SERVICE,audio__original,1.967313,2.047312,152.727294921875,10.211142539978027,79.99899999999971
409,single_sentence_500,0,REFUSED AND FOR WHOSE SISTER,audio__original,0.220316,0.164313,4.6059160232543945,0.004976682364940643,-56.00300000000003
409,single_sentence_500,1,REFUSED AND FOR WHOSE SISTER,audio__original,0.921322,0.941351,0.055374108254909515,0.0016883474308997393,20.029000000000075
409,single_sentence_500,2,REFUSED AND FOR WHOSE SISTER,audio__original,1.822615,1.6455,5.7176055908203125,0.0011033173650503159,-177.11500000000012
409,single_sentence_500,3,REFUSED AND FOR WHOSE SISTER,audio__original,1.962816,1.982845,0.5469843745231628,10.091243743896484,20.029000000000075
409,single_sentence_500,4,REFUSED AND FOR WHOSE SISTER,audio__original,2.143075,2.103,0.355745792388916,0.08272579312324524,-40.07499999999986
409,single_sentence_500,5,REFUSED AND FOR WHOSE SISTER,audio__original,2.323333,2.353376,0.9998140335083008,4.64923095703125,30.043000000000042
409,single_sentence_500,6,REFUSED AND FOR WHOSE SISTER,audio__original,2.563678,2.551625,11.46517562866211,2.3210368156433105,-12.05299999999987
409,single_sentence_500,7,REFUSED AND FOR WHOSE SISTER,audio__original,2.804023,2.804023,5.476208209991455,5.476208209991455,0.0
409,single_sentence_500,8,REFUSED AND FOR WHOSE SISTER,audio__original,2.904167,2.904063,1.872015118598938,1.872015118598938,-0.10400000000032605
409,single_sentence_500,9,REFUSED AND FOR WHOSE SISTER,audio__original,3.464971,3.432937,0.07428352534770966,0.01026232074946165,-32.03399999999989
410,single_sentence_500,0,SO IT IS WITH THAT CHINA DOG,audio__original,0.34068,0.260625,8.516725540161133,0.004374688025563955,-80.05499999999999
410,single_sentence_500,1,SO IT IS WITH THAT CHINA DOG,audio__original,0.42084,0.4509,218.50648498535156,36.10063171386719,30.06000000000003
410,single_sentence_500,2,SO IT IS WITH THAT CHINA DOG,audio__original,0.54108,0.54108,10.426233291625977,10.426233291625977,0.0
410,single_sentence_500,3,SO IT IS WITH THAT CHINA DOG,audio__original,0.6012,0.62124,1.2929526567459106,3.05550217628479,20.040000000000056
410,single_sentence_500,4,SO IT IS WITH THAT CHINA DOG,audio__original,0.72144,0.68136,1.7698874473571777,6.232616424560547,-40.080000000000005
410,single_sentence_500,5,SO IT IS WITH THAT CHINA DOG,audio__original,0.9018,0.92184,2.910961151123047,1.8874003887176514,20.039999999999946
410,single_sentence_500,6,SO IT IS WITH THAT CHINA DOG,audio__original,1.002,1.002,1.0184950828552246,1.0184950828552246,0.0
410,single_sentence_500,7,SO IT IS WITH THAT CHINA DOG,audio__original,1.12224,1.14228,0.014520743861794472,0.020203128457069397,20.040000000000056
410,single_sentence_500,8,SO IT IS WITH THAT CHINA DOG,audio__original,1.2024,1.18236,24.062734603881836,19.794408798217773,-20.039999999999836
410,single_sentence_500,9,SO IT IS WITH THAT CHINA DOG,audio__original,1.32264,1.32264,0.07666896283626556,0.07666896283626556,0.0
410,single_sentence_500,10,SO IT IS WITH THAT CHINA DOG,audio__original,1.46292,1.38276,0.7048947215080261,0.06293037533760071,-80.16000000000001
410,single_sentence_500,11,SO IT IS WITH THAT CHINA DOG,audio__original,1.7034,1.74348,4.940972328186035,0.9382583498954773,40.07999999999989
410,single_sentence_500,12,SO IT IS WITH THAT CHINA DOG,audio__original,1.84368,1.8036,10.713205337524414,0.49399688839912415,-40.07999999999989
410,single_sentence_500,13,SO IT IS WITH THAT CHINA DOG,audio__original,2.1042,2.168188,0.5851140022277832,0.007923230528831482,63.987999999999715
411,single_sentence_500,0,TAKE ONE QUITE EXTERNAL CASE,audio__original,0.402679,0.338625,3.3890743255615234,0.0013785725459456444,-64.054
411,single_sentence_500,1,TAKE ONE QUITE EXTERNAL CASE,audio__original,0.543616,0.543616,1.1721549034118652,1.1721549034118652,0.0
411,single_sentence_500,2,TAKE ONE QUITE EXTERNAL CASE,audio__original,0.644286,0.604018,22.177127838134766,7.750792026519775,-40.26799999999997
411,single_sentence_500,3,TAKE ONE QUITE EXTERNAL CASE,audio__original,0.765089,0.785223,10.80113410949707,5.987358093261719,20.133999999999986
411,single_sentence_500,4,TAKE ONE QUITE EXTERNAL CASE,audio__original,0.885893,0.845625,0.20462653040885925,0.10828214883804321,-40.26800000000008
411,single_sentence_500,5,TAKE ONE QUITE EXTERNAL CASE,audio__original,1.087232,1.087232,2.2801311016082764,2.2801311016082764,0.0
411,single_sentence_500,6,TAKE ONE QUITE EXTERNAL CASE,audio__original,1.167768,1.167768,1.4100079536437988,1.4100079536437988,0.0
411,single_sentence_500,7,TAKE ONE QUITE EXTERNAL CASE,audio__original,1.550313,1.570446,0.010447868146002293,0.006017960608005524,20.132999999999956
411,single_sentence_500,8,TAKE ONE QUITE EXTERNAL CASE,audio__original,1.711384,1.610714,11.171563148498535,0.3391578197479248,-100.67000000000004
411,single_sentence_500,9,TAKE ONE QUITE EXTERNAL CASE,audio__original,1.952991,2.032938,0.5406842231750488,0.014536428265273571,79.94700000000022
412,single_sentence_500,0,TO MORROW IS THE EXAMINATION,audio__original,0.303,0.223,530.37255859375,0.0077865151688456535,-79.99999999999999
412,single_sentence_500,1,TO MORROW IS THE EXAMINATION,audio__original,0.3636,0.3737,6.284918785095215,1.110732913017273,10.099999999999998
412,single_sentence_500,2,TO MORROW IS THE EXAMINATION,audio__original,0.4646,0.4343,16.200857162475586,1.1969594955444336,-30.299999999999994
412,single_sentence_500,3,TO MORROW IS THE EXAMINATION,audio__original,0.707,0.7171,6.275567054748535,7.914353847503662,10.099999999999998
412,single_sentence_500,4,TO MORROW IS THE EXAMINATION,audio__original,0.7676,0.7575,25.672134399414062,12.697053909301758,-10.099999999999998
412,single_sentence_500,5,TO MORROW IS THE EXAMINATION,audio__original,0.8282,0.8282,6.670995235443115,6.670995235443115,0.0
412,single_sentence_500,6,TO MORROW IS THE EXAMINATION,audio__original,0.8686,0.8686,5.900734901428223,5.900734901428223,0.0
412,single_sentence_500,7,TO MORROW IS THE EXAMINATION,audio__original,0.9292,0.9393,1.9738306999206543,0.7775386571884155,10.099999999999998
412,single_sentence_500,8,TO MORROW IS THE EXAMINATION,audio__original,1.01,1.01,0.475542813539505,0.475542813539505,0.0
412,single_sentence_500,9,TO MORROW IS THE EXAMINATION,audio__original,1.7372,1.817187,0.7382028102874756,0.04110459238290787,79.98700000000002
413,single_sentence_500,0,WITH IT RAINEST AND THE HAIL,audio__original,0.38255,0.3025,27.2142391204834,0.002508979057893157,-80.05000000000001
413,single_sentence_500,1,WITH IT RAINEST AND THE HAIL,audio__original,0.52349,0.52349,38.47305679321289,38.47305679321289,0.0
413,single_sentence_500,2,WITH IT RAINEST AND THE HAIL,audio__original,0.583893,0.583893,181.28781127929688,181.28781127929688,0.0
413,single_sentence_500,3,WITH IT RAINEST AND THE HAIL,audio__original,0.644295,0.644295,27.517301559448242,27.517301559448242,0.0
413,single_sentence_500,4,WITH IT RAINEST AND THE HAIL,audio__original,0.724832,0.684564,18.194591522216797,58.06129455566406,-40.26800000000008
413,single_sentence_500,5,WITH IT RAINEST AND THE HAIL,audio__original,1.167785,1.17175,0.004404079169034958,0.003983158618211746,3.9649999999999963
413,single_sentence_500,6,WITH IT RAINEST AND THE HAIL,audio__original,2.013423,1.704875,39.1081657409668,0.0014632230158895254,-308.54800000000006
413,single_sentence_500,7,WITH IT RAINEST AND THE HAIL,audio__original,2.154362,2.154362,9.439614295959473,9.439614295959473,0.0
413,single_sentence_500,8,WITH IT RAINEST AND THE HAIL,audio__original,2.255034,2.234899,17.603914260864258,93.91292572021484,-20.135000000000236
413,single_sentence_500,9,WITH IT RAINEST AND THE HAIL,audio__original,2.315436,2.331437,9.606710433959961,5.985051155090332,16.001000000000154
413,single_sentence_500,10,WITH IT RAINEST AND THE HAIL,audio__original,2.416107,2.375839,11.438477516174316,13.54975700378418,-40.267999999999745
413,single_sentence_500,11,WITH IT RAINEST AND THE HAIL,audio__original,2.657718,2.737687,7.3618268966674805,3.090975284576416,79.96900000000018
414,single_sentence_500,0,ARE CARRIED EVEN INTO ICELAND,audio__original,0.181216,0.101187,35.566184997558594,0.048993486911058426,-80.02899999999998
414,single_sentence_500,1,ARE CARRIED EVEN INTO ICELAND,audio__original,0.281892,0.281892,0.04957569018006325,0.04957569018006325,0.0
414,single_sentence_500,2,ARE CARRIED EVEN INTO ICELAND,audio__original,0.442973,0.342297,7.506298065185547,0.02902604453265667,-100.67599999999999
414,single_sentence_500,3,ARE CARRIED EVEN INTO ICELAND,audio__original,0.724865,0.724865,2.449150562286377,2.449150562286377,0.0
414,single_sentence_500,4,ARE CARRIED EVEN INTO ICELAND,audio__original,0.885946,0.837375,25.072708129882812,0.009247856214642525,-48.57100000000003
414,single_sentence_500,5,ARE CARRIED EVEN INTO ICELAND,audio__original,1.067162,1.087297,12.953624725341797,10.435009002685547,20.135000000000012
414,single_sentence_500,6,ARE CARRIED EVEN INTO ICELAND,audio__original,1.208108,1.167838,6.589086055755615,27.06709861755371,-40.270000000000024
414,single_sentence_500,7,ARE CARRIED EVEN INTO ICELAND,audio__original,1.389324,1.409459,14.822368621826172,57.46308517456055,20.135000000000012
414,single_sentence_500,8,ARE CARRIED EVEN INTO ICELAND,audio__original,1.570541,1.49,29.089536666870117,75.1290283203125,-80.54099999999997
414,single_sentence_500,9,ARE CARRIED EVEN INTO ICELAND,audio__original,1.953108,2.033063,0.058692947030067444,0.011053238995373249,79.95499999999977
415,single_sentence_500,0,CHAPTER EIGHT TWO APPARITIONS,audio__original,0.281474,0.201437,14.17673110961914,0.17665846645832062,-80.03699999999999
415,single_sentence_500,1,CHAPTER EIGHT TWO APPARITIONS,audio__original,0.603158,0.623263,12.667728424072266,1.1841351985931396,20.10500000000004
415,single_sentence_500,2,CHAPTER EIGHT TWO APPARITIONS,audio__original,0.743895,0.667438,30.16579818725586,0.06703485548496246,-76.457
415,single_sentence_500,3,CHAPTER EIGHT TWO APPARITIONS,audio__original,0.985158,0.985158,0.0770164355635643,0.0770164355635643,0.0
415,single_sentence_500,4,CHAPTER EIGHT TWO APPARITIONS,audio__original,1.930105,1.225937,5.503075122833252,0.0024275430478155613,-704.1679999999999
415,single_sentence_500,5,CHAPTER EIGHT TWO APPARITIONS,audio__original,2.030632,2.211579,9.109663963317871,2.54225754737854,180.94699999999975
415,single_sentence_500,6,CHAPTER EIGHT TWO APPARITIONS,audio__original,2.372421,2.271895,55.81565856933594,0.07096686959266663,-100.5259999999999
415,single_sentence_500,7,CHAPTER EIGHT TWO APPARITIONS,audio__original,3.096211,3.096211,12.558235168457031,12.558235168457031,0.0
416,single_sentence_500,0,CHAPTER FOUR HE MAY BE OF USE,audio__original,0.563237,0.483187,4.8561882972717285,0.6604323387145996,-80.05000000000001
416,single_sentence_500,1,CHAPTER FOUR HE MAY BE OF USE,audio__original,0.844855,0.864971,7.265715599060059,0.280243456363678,20.11600000000002
416,single_sentence_500,2,CHAPTER FOUR HE MAY BE OF USE,audio__original,0.945434,0.905202,1.4331612586975098,3.411043643951416,-40.23200000000004
416,single_sentence_500,3,CHAPTER FOUR HE MAY BE OF USE,audio__original,1.126474,1.186821,122.33533477783203,2.490313768386841,60.34699999999993
416,single_sentence_500,4,CHAPTER FOUR HE MAY BE OF USE,audio__original,1.910983,1.609249,6.469613552093506,2.2405548095703125,-301.73400000000015
416,single_sentence_500,5,CHAPTER FOUR HE MAY BE OF USE,audio__original,1.971329,1.991445,4.443599700927734,1.9392050504684448,20.1159999999998
416,single_sentence_500,6,CHAPTER FOUR HE MAY BE OF USE,audio__original,2.092023,2.051792,34.66342544555664,5.967747211456299,-40.23100000000035
416,single_sentence_500,7,CHAPTER FOUR HE MAY BE OF USE,audio__original,2.232832,2.273064,4.219552516937256,2.044816732406616,40.23200000000004
416,single_sentence_500,8,CHAPTER FOUR HE MAY BE OF USE,audio__original,2.33341,2.293179,11.45699405670166,3.7389752864837646,-40.23100000000035
416,single_sentence_500,9,CHAPTER FOUR HE MAY BE OF USE,audio__original,2.373642,2.433988,8.200559616088867,24.3238468170166,60.34600000000001
416,single_sentence_500,10,CHAPTER FOUR HE MAY BE OF USE,audio__original,2.47422,2.47422,8.404313087463379,8.404313087463379,0.0
416,single_sentence_500,11,CHAPTER FOUR HE MAY BE OF USE,audio__original,2.534566,2.534566,9.693803787231445,9.693803787231445,0.0
416,single_sentence_500,12,CHAPTER FOUR HE MAY BE OF USE,audio__original,2.635145,2.615029,2.8737025260925293,3.60962176322937,-20.116000000000245
416,single_sentence_500,13,CHAPTER FOUR HE MAY BE OF USE,audio__original,2.856416,2.856416,0.7037526369094849,0.7037526369094849,0.0
417,single_sentence_500,0,DOUBTLESS IT IS CHANCE CHANCE,audio__original,0.300417,0.220375,28.009235382080078,0.06749934703111649,-80.042
417,single_sentence_500,1,DOUBTLESS IT IS CHANCE CHANCE,audio__original,0.721,0.721,11.273056983947754,11.273056983947754,0.0
417,single_sentence_500,2,DOUBTLESS IT IS CHANCE CHANCE,audio__original,0.781083,0.781083,11.175222396850586,11.175222396850586,0.0
417,single_sentence_500,3,DOUBTLESS IT IS CHANCE CHANCE,audio__original,0.821139,0.821139,6.179995059967041,6.179995059967041,0.0
417,single_sentence_500,4,DOUBTLESS IT IS CHANCE CHANCE,audio__original,0.881222,0.861194,3.1815195083618164,6.536045551300049,-20.027999999999935
417,single_sentence_500,5,DOUBTLESS IT IS CHANCE CHANCE,audio__original,0.981361,0.981361,46.94146728515625,46.94146728515625,0.0
417,single_sentence_500,6,DOUBTLESS IT IS CHANCE CHANCE,audio__original,1.121556,1.041444,77.22431182861328,1.7904434204101562,-80.11199999999997
417,single_sentence_500,7,DOUBTLESS IT IS CHANCE CHANCE,audio__original,1.562167,1.662306,44.092193603515625,45.989871978759766,100.13899999999998
417,single_sentence_500,8,DOUBTLESS IT IS CHANCE CHANCE,audio__original,2.803889,2.283167,15.302234649658203,2.3627023696899414,-520.7219999999996
417,single_sentence_500,9,DOUBTLESS IT IS CHANCE CHANCE,audio__original,3.224472,3.144437,60.96929168701172,4.034412384033203,-80.03500000000008
418,single_sentence_500,0,HAVING COME TO THIS AGREEMENT,audio__original,0.4235,0.3475,8.9927396774292,0.9662787318229675,-76.00000000000001
418,single_sentence_500,1,HAVING COME TO THIS AGREEMENT,audio__original,0.625167,0.625167,7.468462944030762,7.468462944030762,0.0
418,single_sentence_500,2,HAVING COME TO THIS AGREEMENT,audio__original,0.705833,0.6655,36.76368713378906,34.24240493774414,-40.33300000000006
418,single_sentence_500,3,HAVING COME TO THIS AGREEMENT,audio__original,0.806667,0.822688,16.094118118286133,8.093119621276855,16.02099999999995
418,single_sentence_500,4,HAVING COME TO THIS AGREEMENT,audio__original,0.867167,0.847,90.74624633789062,377.79168701171875,-20.167000000000044
418,single_sentence_500,5,HAVING COME TO THIS AGREEMENT,audio__original,0.9075,0.9075,25.207740783691406,25.207740783691406,0.0
418,single_sentence_500,6,HAVING COME TO THIS AGREEMENT,audio__original,0.968,0.968,34.5697135925293,34.5697135925293,0.0
418,single_sentence_500,7,HAVING COME TO THIS AGREEMENT,audio__original,1.109167,1.109167,376.1589050292969,376.1589050292969,0.0
418,single_sentence_500,8,HAVING COME TO THIS AGREEMENT,audio__original,1.1495,1.1495,13.189898490905762,13.189898490905762,0.0
418,single_sentence_500,9,HAVING COME TO THIS AGREEMENT,audio__original,1.613333,1.533313,195.3729705810547,2.1532626152038574,-80.01999999999998
419,single_sentence_500,0,I SHALL LIKE IT OF ALL THINGS,audio__original,0.565895,0.485875,3.456678867340088,0.10997061431407928,-80.02000000000004
419,single_sentence_500,1,I SHALL LIKE IT OF ALL THINGS,audio__original,0.586105,0.626526,15.750927925109863,55.02518081665039,40.42100000000004
419,single_sentence_500,2,I SHALL LIKE IT OF ALL THINGS,audio__original,0.747789,0.717474,28.718463897705078,78.61032104492188,-30.31500000000009
419,single_sentence_500,3,I SHALL LIKE IT OF ALL THINGS,audio__original,0.929684,0.939789,5.41217041015625,0.20744618773460388,10.10500000000003
419,single_sentence_500,4,I SHALL LIKE IT OF ALL THINGS,audio__original,0.990316,0.990316,48.44057846069336,48.44057846069336,0.0
419,single_sentence_500,5,I SHALL LIKE IT OF ALL THINGS,audio__original,1.131789,1.131789,0.9512137770652771,0.9512137770652771,0.0
419,single_sentence_500,6,I SHALL LIKE IT OF ALL THINGS,audio__original,1.172211,1.172211,6.291426181793213,6.291426181793213,0.0
419,single_sentence_500,7,I SHALL LIKE IT OF ALL THINGS,audio__original,1.212632,1.212632,37.13048553466797,37.13048553466797,0.0
419,single_sentence_500,8,I SHALL LIKE IT OF ALL THINGS,audio__original,1.253053,1.253053,37.048397064208984,37.048397064208984,0.0
419,single_sentence_500,9,I SHALL LIKE IT OF ALL THINGS,audio__original,1.293474,1.293474,34.70119094848633,34.70119094848633,0.0
419,single_sentence_500,10,I SHALL LIKE IT OF ALL THINGS,audio__original,1.354105,1.354105,18.45094871520996,18.45094871520996,0.0
419,single_sentence_500,11,I SHALL LIKE IT OF ALL THINGS,audio__original,1.475368,1.495579,10.097967147827148,0.07055126130580902,20.210999999999977
419,single_sentence_500,12,I SHALL LIKE IT OF ALL THINGS,audio__original,1.556211,1.556211,6.287935256958008,6.287935256958008,0.0
419,single_sentence_500,13,I SHALL LIKE IT OF ALL THINGS,audio__original,1.859368,1.843312,0.17271025478839874,0.05501650273799896,-16.055999999999848
420,single_sentence_500,0,I WILL GO AND LEARN WHO HE IS,audio__original,0.343063,0.263062,47.30470275878906,0.14623145759105682,-80.00099999999999
420,single_sentence_500,1,I WILL GO AND LEARN WHO HE IS,audio__original,0.363243,0.373333,58.02611541748047,55.3570442199707,10.090000000000042
420,single_sentence_500,2,I WILL GO AND LEARN WHO HE IS,audio__original,0.423784,0.423784,7.316628456115723,7.316628456115723,0.0
420,single_sentence_500,3,I WILL GO AND LEARN WHO HE IS,audio__original,0.565045,0.565045,2.493403434753418,2.493403434753418,0.0
420,single_sentence_500,4,I WILL GO AND LEARN WHO HE IS,audio__original,0.605405,0.605405,98.28630828857422,98.28630828857422,0.0
420,single_sentence_500,5,I WILL GO AND LEARN WHO HE IS,audio__original,0.665946,0.686126,63.63990020751953,79.09851837158203,20.179999999999975
420,single_sentence_500,6,I WILL GO AND LEARN WHO HE IS,audio__original,0.746667,0.746667,39.820919036865234,39.820919036865234,0.0
420,single_sentence_500,7,I WILL GO AND LEARN WHO HE IS,audio__original,0.827387,0.827387,13.634099006652832,13.634099006652832,0.0
420,single_sentence_500,8,I WILL GO AND LEARN WHO HE IS,audio__original,0.887928,0.877838,152.56837463378906,17.41503143310547,-10.090000000000042
420,single_sentence_500,9,I WILL GO AND LEARN WHO HE IS,audio__original,1.049369,1.06955,24.197036743164062,45.013458251953125,20.181000000000004
420,single_sentence_500,10,I WILL GO AND LEARN WHO HE IS,audio__original,1.10991,1.10991,11.183259010314941,11.183259010314941,0.0
420,single_sentence_500,11,I WILL GO AND LEARN WHO HE IS,audio__original,1.210811,1.230991,8.326136589050293,38.58314514160156,20.179999999999865
420,single_sentence_500,12,I WILL GO AND LEARN WHO HE IS,audio__original,1.291532,1.291532,19.216325759887695,19.216325759887695,0.0
420,single_sentence_500,13,I WILL GO AND LEARN WHO HE IS,audio__original,1.352072,1.372252,0.4876880347728729,0.856715738773346,20.180000000000085
420,single_sentence_500,14,I WILL GO AND LEARN WHO HE IS,audio__original,1.493333,1.493333,51.174530029296875,51.174530029296875,0.0
420,single_sentence_500,15,I WILL GO AND LEARN WHO HE IS,audio__original,1.715315,1.715315,13.875083923339844,13.875083923339844,0.0
421,single_sentence_500,0,IS FOUND IN NO PART OF NATURE,audio__original,0.241132,0.161125,4.570657730102539,0.005378774367272854,-80.00700000000002
421,single_sentence_500,1,IS FOUND IN NO PART OF NATURE,audio__original,0.321509,0.341604,14.021549224853516,4.6741943359375,20.09500000000003
421,single_sentence_500,2,IS FOUND IN NO PART OF NATURE,audio__original,0.442075,0.381792,66.35202026367188,0.1744493693113327,-60.28299999999997
421,single_sentence_500,3,IS FOUND IN NO PART OF NATURE,audio__original,0.622925,0.622925,1.7440643310546875,1.7440643310546875,0.0
421,single_sentence_500,4,IS FOUND IN NO PART OF NATURE,audio__original,0.683208,0.683208,16.906784057617188,16.906784057617188,0.0
421,single_sentence_500,5,IS FOUND IN NO PART OF NATURE,audio__original,0.743491,0.743491,6.292904853820801,6.292904853820801,0.0
421,single_sentence_500,6,IS FOUND IN NO PART OF NATURE,audio__original,0.823868,0.783679,29.51978302001953,0.7963101863861084,-40.18900000000003
421,single_sentence_500,7,IS FOUND IN NO PART OF NATURE,audio__original,0.864057,0.944434,14.168261528015137,0.5012635588645935,80.37700000000004
421,single_sentence_500,8,IS FOUND IN NO PART OF NATURE,audio__original,1.085094,0.984623,0.7129898071289062,0.018346501514315605,-100.47099999999998
421,single_sentence_500,9,IS FOUND IN NO PART OF NATURE,audio__original,1.286038,1.286038,1.2889145612716675,1.2889145612716675,0.0
421,single_sentence_500,10,IS FOUND IN NO PART OF NATURE,audio__original,1.346321,1.346321,1.966796875,1.966796875,0.0
421,single_sentence_500,11,IS FOUND IN NO PART OF NATURE,audio__original,1.386509,1.386509,0.040657252073287964,0.040657252073287964,0.0
421,single_sentence_500,12,IS FOUND IN NO PART OF NATURE,audio__original,1.466887,1.446792,42.18109893798828,4.739002704620361,-20.094999999999974
421,single_sentence_500,13,IS FOUND IN NO PART OF NATURE,audio__original,1.768302,1.84825,2.0808098316192627,0.17666088044643402,79.94799999999991
422,single_sentence_500,0,IT WAS A LONG TIME AFTER THIS,audio__original,0.6036,0.523563,14.696778297424316,0.014664284884929657,-80.03700000000002
422,single_sentence_500,1,IT WAS A LONG TIME AFTER THIS,audio__original,0.64384,0.6539,17.310091018676758,18.665637969970703,10.06000000000007
422,single_sentence_500,2,IT WAS A LONG TIME AFTER THIS,audio__original,0.7042,0.68408,71.6642074584961,38.296932220458984,-20.120000000000026
422,single_sentence_500,3,IT WAS A LONG TIME AFTER THIS,audio__original,0.78468,0.78468,5.0509233474731445,5.0509233474731445,0.0
422,single_sentence_500,4,IT WAS A LONG TIME AFTER THIS,audio__original,0.84504,0.84504,39.43233871459961,39.43233871459961,0.0
422,single_sentence_500,5,IT WAS A LONG TIME AFTER THIS,audio__original,0.86516,0.86516,11.30511474609375,11.30511474609375,0.0
422,single_sentence_500,6,IT WAS A LONG TIME AFTER THIS,audio__original,0.94564,0.9054,41.19564437866211,20.541948318481445,-40.24000000000005
422,single_sentence_500,7,IT WAS A LONG TIME AFTER THIS,audio__original,1.12672,1.16696,3.5872836112976074,1.2563583850860596,40.24000000000005
422,single_sentence_500,8,IT WAS A LONG TIME AFTER THIS,audio__original,1.28768,1.2072,8.466465950012207,2.6195099353790283,-80.47999999999989
422,single_sentence_500,9,IT WAS A LONG TIME AFTER THIS,audio__original,1.509,1.509,23.447731018066406,23.447731018066406,0.0
422,single_sentence_500,10,IT WAS A LONG TIME AFTER THIS,audio__original,1.6096,1.6096,56.300933837890625,56.300933837890625,0.0
422,single_sentence_500,11,IT WAS A LONG TIME AFTER THIS,audio__original,1.8108,1.83092,6.03181266784668,3.796110153198242,20.12000000000014
422,single_sentence_500,12,IT WAS A LONG TIME AFTER THIS,audio__original,1.89128,1.87116,20.455114364624023,11.705683708190918,-20.12000000000014
422,single_sentence_500,13,IT WAS A LONG TIME AFTER THIS,audio__original,2.1126,2.192563,2.6845202445983887,0.9452192187309265,79.96299999999978
423,single_sentence_500,0,OF THE PROBABILITY OF CHANCES,audio__original,0.54263,0.462625,50.893558502197266,0.20437581837177277,-80.00499999999994
423,single_sentence_500,1,OF THE PROBABILITY OF CHANCES,audio__original,0.602922,0.602922,2.6169745922088623,2.6169745922088623,0.0
423,single_sentence_500,2,OF THE PROBABILITY OF CHANCES,audio__original,0.663214,0.663214,118.0724868774414,118.0724868774414,0.0
423,single_sentence_500,3,OF THE PROBABILITY OF CHANCES,audio__original,0.723506,0.723506,0.8135973811149597,0.8135973811149597,0.0
423,single_sentence_500,4,OF THE PROBABILITY OF CHANCES,audio__original,0.823994,0.763701,11.537747383117676,0.08864138275384903,-60.29300000000004
423,single_sentence_500,5,OF THE PROBABILITY OF CHANCES,audio__original,1.527403,1.62789,4.325859069824219,0.36276042461395264,100.487
423,single_sentence_500,6,OF THE PROBABILITY OF CHANCES,audio__original,1.748474,1.668084,16.108264923095703,0.055476900190114975,-80.39000000000019
423,single_sentence_500,7,OF THE PROBABILITY OF CHANCES,audio__original,1.808766,1.808766,4.499514102935791,4.499514102935791,0.0
423,single_sentence_500,8,OF THE PROBABILITY OF CHANCES,audio__original,1.949448,1.889156,7.251583099365234,23.00371551513672,-60.292000000000016
423,single_sentence_500,9,OF THE PROBABILITY OF CHANCES,audio__original,2.451883,2.371875,13.298425674438477,2.229952812194824,-80.00799999999985
424,single_sentence_500,0,PART THREE MY SHORE ADVENTURE,audio__original,0.462629,0.438625,2.2265028953552246,0.0014001098461449146,-24.004000000000026
424,single_sentence_500,1,PART THREE MY SHORE ADVENTURE,audio__original,0.643657,0.659687,0.29602348804473877,0.022655077278614044,16.029999999999987
424,single_sentence_500,2,PART THREE MY SHORE ADVENTURE,audio__original,0.764343,0.704,0.6161144971847534,1.397691011428833,-60.34300000000003
424,single_sentence_500,3,PART THREE MY SHORE ADVENTURE,audio__original,0.9856,1.166629,37.47733688354492,0.16462966799736023,181.02899999999988
424,single_sentence_500,4,PART THREE MY SHORE ADVENTURE,audio__original,1.930971,1.423437,258.9335021972656,0.0011029382003471255,-507.53399999999993
424,single_sentence_500,5,PART THREE MY SHORE ADVENTURE,audio__original,1.991314,2.051657,93.0041275024414,4.269551753997803,60.34300000000003
424,single_sentence_500,6,PART THREE MY SHORE ADVENTURE,audio__original,2.152229,2.091886,5.961312770843506,6.0987067222595215,-60.34300000000003
424,single_sentence_500,7,PART THREE MY SHORE ADVENTURE,audio__original,2.353371,2.397375,77.47332000732422,6.448622226715088,44.00399999999971
424,single_sentence_500,8,PART THREE MY SHORE ADVENTURE,audio__original,2.474057,2.474057,46.08052444458008,46.08052444458008,0.0
424,single_sentence_500,9,PART THREE MY SHORE ADVENTURE,audio__original,2.916571,2.996563,4.079026222229004,0.08376625180244446,79.99200000000029
425,single_sentence_500,0,STRAIGHT FROM THE HEART HARRY,audio__original,0.240335,0.284313,7.8396501541137695,0.01085058692842722,43.97799999999999
425,single_sentence_500,1,STRAIGHT FROM THE HEART HARRY,audio__original,0.500698,0.500698,0.8415330648422241,0.8415330648422241,0.0
425,single_sentence_500,2,STRAIGHT FROM THE HEART HARRY,audio__original,0.560782,0.540754,12.565635681152344,1.2104545831680298,-20.028000000000045
425,single_sentence_500,3,STRAIGHT FROM THE HEART HARRY,audio__original,0.68095,0.690964,4.093642234802246,0.5758828520774841,10.013999999999967
425,single_sentence_500,4,STRAIGHT FROM THE HEART HARRY,audio__original,0.741034,0.741034,9.432768821716309,9.432768821716309,0.0
425,single_sentence_500,5,STRAIGHT FROM THE HEART HARRY,audio__original,0.801117,0.801117,2.1877946853637695,2.1877946853637695,0.0
425,single_sentence_500,6,STRAIGHT FROM THE HEART HARRY,audio__original,0.861201,0.853125,1.420065999031067,1.6787729263305664,-8.075999999999972
425,single_sentence_500,7,STRAIGHT FROM THE HEART HARRY,audio__original,1.121564,1.16162,0.21256108582019806,2.6240763664245605,40.05600000000009
425,single_sentence_500,8,STRAIGHT FROM THE HEART HARRY,audio__original,2.803911,2.42975,167.39251708984375,0.0014962744899094105,-374.16099999999994
425,single_sentence_500,9,STRAIGHT FROM THE HEART HARRY,audio__original,3.10433,3.184312,23.233562469482422,3.479243278503418,79.98199999999977
426,single_sentence_500,0,THE PLACE PRAGUE AND THE TIME,audio__original,0.241558,0.1615,0.8605508208274841,0.016572818160057068,-80.05799999999999
426,single_sentence_500,1,THE PLACE PRAGUE AND THE TIME,audio__original,0.301948,0.342208,2.5817275047302246,0.07279454916715622,40.26000000000002
426,single_sentence_500,2,THE PLACE PRAGUE AND THE TIME,audio__original,0.462987,0.362338,40.753787994384766,8.425817489624023,-100.64899999999999
426,single_sentence_500,3,THE PLACE PRAGUE AND THE TIME,audio__original,0.845455,0.925974,23.243947982788086,7.981459617614746,80.519
426,single_sentence_500,4,THE PLACE PRAGUE AND THE TIME,audio__original,1.187662,1.0905,3.048272132873535,0.003768675960600376,-97.16199999999998
426,single_sentence_500,5,THE PLACE PRAGUE AND THE TIME,audio__original,1.630519,1.650649,0.3891758620738983,0.5267416834831238,20.12999999999998
426,single_sentence_500,6,THE PLACE PRAGUE AND THE TIME,audio__original,2.093506,2.059188,17.670433044433594,0.0057873837649822235,-34.318000000000296
426,single_sentence_500,7,THE PLACE PRAGUE AND THE TIME,audio__original,2.174026,2.184091,3.6432135105133057,13.562910079956055,10.06499999999999
426,single_sentence_500,8,THE PLACE PRAGUE AND THE TIME,audio__original,2.234416,2.234416,21.230918884277344,21.230918884277344,0.0
426,single_sentence_500,9,THE PLACE PRAGUE AND THE TIME,audio__original,2.294805,2.294805,0.6990593671798706,0.6990593671798706,0.0
426,single_sentence_500,10,THE PLACE PRAGUE AND THE TIME,audio__original,2.455844,2.335065,23.403091430664062,47.46641540527344,-120.77899999999974
426,single_sentence_500,11,THE PLACE PRAGUE AND THE TIME,audio__original,2.979221,3.059188,0.28760161995887756,0.119583360850811,79.9669999999999
427,single_sentence_500,0,THE STORY OF THE GRECIAN KING,audio__original,0.505,0.425,1.395041823387146,0.3931862711906433,-80.00000000000001
427,single_sentence_500,1,THE STORY OF THE GRECIAN KING,audio__original,0.5656,0.577625,86.19613647460938,13.516308784484863,12.025000000000063
427,single_sentence_500,2,THE STORY OF THE GRECIAN KING,audio__original,0.6464,0.6464,24.436656951904297,24.436656951904297,0.0
427,single_sentence_500,3,THE STORY OF THE GRECIAN KING,audio__original,0.8888,0.8989,41.85279083251953,20.013193130493164,10.099999999999998
427,single_sentence_500,4,THE STORY OF THE GRECIAN KING,audio__original,0.9494,0.9494,99.88204956054688,99.88204956054688,0.0
427,single_sentence_500,5,THE STORY OF THE GRECIAN KING,audio__original,0.9898,0.9898,9.863293647766113,9.863293647766113,0.0
427,single_sentence_500,6,THE STORY OF THE GRECIAN KING,audio__original,1.0302,1.0302,170.98062133789062,170.98062133789062,0.0
427,single_sentence_500,7,THE STORY OF THE GRECIAN KING,audio__original,1.0908,1.0908,1.8668216466903687,1.8668216466903687,0.0
427,single_sentence_500,8,THE STORY OF THE GRECIAN KING,audio__original,1.1514,1.147188,0.9001295566558838,3.0420215129852295,-4.2119999999998825
427,single_sentence_500,9,THE STORY OF THE GRECIAN KING,audio__original,1.4342,1.4746,29.17098045349121,3.3723978996276855,40.39999999999999
427,single_sentence_500,10,THE STORY OF THE GRECIAN KING,audio__original,1.5756,1.567,14.795794486999512,1.7627718448638916,-8.599999999999941
427,single_sentence_500,11,THE STORY OF THE GRECIAN KING,audio__original,1.7776,1.857563,1.30693519115448,2.9109232425689697,79.96300000000001
428,single_sentence_500,0,THE THREE MODES OF MANAGEMENT,audio__original,0.241983,0.161938,54.223663330078125,0.000839365238789469,-80.045
428,single_sentence_500,1,THE THREE MODES OF MANAGEMENT,audio__original,0.302479,0.34281,22.158851623535156,1.8166135549545288,40.331
428,single_sentence_500,2,THE THREE MODES OF MANAGEMENT,audio__original,0.443636,0.382937,5.6160078048706055,0.2140016108751297,-60.69899999999995
428,single_sentence_500,3,THE THREE MODES OF MANAGEMENT,audio__original,0.665455,0.665455,4.245024681091309,4.245024681091309,0.0
428,single_sentence_500,4,THE THREE MODES OF MANAGEMENT,audio__original,0.826777,0.796529,136.71737670898438,76.17650604248047,-30.24799999999994
428,single_sentence_500,5,THE THREE MODES OF MANAGEMENT,audio__original,1.169587,1.169587,7.536985397338867,7.536985397338867,0.0
428,single_sentence_500,6,THE THREE MODES OF MANAGEMENT,audio__original,1.230083,1.230083,36.10687255859375,36.10687255859375,0.0
428,single_sentence_500,7,THE THREE MODES OF MANAGEMENT,audio__original,1.270413,1.270413,1.07861328125,1.07861328125,0.0
428,single_sentence_500,8,THE THREE MODES OF MANAGEMENT,audio__original,1.37124,1.330909,188.8716583251953,115.04717254638672,-40.33100000000012
428,single_sentence_500,9,THE THREE MODES OF MANAGEMENT,audio__original,1.855207,1.935188,1.9673488140106201,0.004330700263381004,79.98099999999985
429,single_sentence_500,0,WE ARE IMPELLED TO THINK LONG,audio__original,0.501059,0.421,12.973153114318848,0.4611085057258606,-80.05900000000004
429,single_sentence_500,1,WE ARE IMPELLED TO THINK LONG,audio__original,0.541144,0.561186,9.94002914428711,13.015214920043945,20.042000000000005
429,single_sentence_500,2,WE ARE IMPELLED TO THINK LONG,audio__original,0.641356,0.621314,231.7952880859375,110.98068237304688,-20.042000000000005
429,single_sentence_500,3,WE ARE IMPELLED TO THINK LONG,audio__original,0.741568,0.741568,102.82232666015625,102.82232666015625,0.0
429,single_sentence_500,4,WE ARE IMPELLED TO THINK LONG,audio__original,0.801695,0.801695,31.12156867980957,31.12156867980957,0.0
429,single_sentence_500,5,WE ARE IMPELLED TO THINK LONG,audio__original,1.1825,1.192521,16.15583038330078,9.120230674743652,10.020999999999836
429,single_sentence_500,6,WE ARE IMPELLED TO THINK LONG,audio__original,1.242627,1.242627,43.98569107055664,43.98569107055664,0.0
429,single_sentence_500,7,WE ARE IMPELLED TO THINK LONG,audio__original,1.282712,1.282712,5.055454730987549,5.055454730987549,0.0
429,single_sentence_500,8,WE ARE IMPELLED TO THINK LONG,audio__original,1.402966,1.342839,53.26872253417969,1.3271236419677734,-60.12700000000004
429,single_sentence_500,9,WE ARE IMPELLED TO THINK LONG,audio__original,1.583347,1.60339,11.410704612731934,16.33653450012207,20.043000000000035
429,single_sentence_500,10,WE ARE IMPELLED TO THINK LONG,audio__original,1.783771,1.683559,33.42166519165039,13.772931098937988,-100.21199999999996
429,single_sentence_500,11,WE ARE IMPELLED TO THINK LONG,audio__original,2.064364,2.144312,10.355411529541016,4.029602527618408,79.94800000000035
430,single_sentence_500,0,WHERE THE INTERFERENCE PROVED,audio__original,0.222037,0.174,13.173913955688477,0.04893583059310913,-48.03700000000003
430,single_sentence_500,1,WHERE THE INTERFERENCE PROVED,audio__original,0.403704,0.464259,8.465904235839844,25.726818084716797,60.55499999999997
430,single_sentence_500,2,WHERE THE INTERFERENCE PROVED,audio__original,0.58537,0.569187,22.515615463256836,0.5179673433303833,-16.182999999999947
430,single_sentence_500,3,WHERE THE INTERFERENCE PROVED,audio__original,0.645926,0.686296,6.954947471618652,10.599593162536621,40.37000000000002
430,single_sentence_500,4,WHERE THE INTERFERENCE PROVED,audio__original,0.746852,0.726667,6.632683753967285,10.884933471679688,-20.18500000000001
430,single_sentence_500,5,WHERE THE INTERFERENCE PROVED,audio__original,1.392778,1.412963,9.130231857299805,0.09556129574775696,20.184999999999896
430,single_sentence_500,6,WHERE THE INTERFERENCE PROVED,audio__original,1.513889,1.445188,6.01506233215332,0.004485725425183773,-68.70100000000012
430,single_sentence_500,7,WHERE THE INTERFERENCE PROVED,audio__original,1.957963,1.913938,6.040529251098633,0.3455179035663605,-44.02499999999998
431,single_sentence_500,0,AND CAROUSE WITH ME THIS NIGHT,audio__original,0.242087,0.162062,27.415884017944336,0.03037179261445999,-80.02499999999999
431,single_sentence_500,1,AND CAROUSE WITH ME THIS NIGHT,audio__original,0.342957,0.36313,92.529296875,73.22209930419922,20.172999999999995
431,single_sentence_500,2,AND CAROUSE WITH ME THIS NIGHT,audio__original,0.464,0.423652,15.149859428405762,16.754690170288086,-40.34800000000005
431,single_sentence_500,3,AND CAROUSE WITH ME THIS NIGHT,audio__original,0.82713,0.837217,2.518489122390747,1.3692681789398193,10.086999999999957
431,single_sentence_500,4,AND CAROUSE WITH ME THIS NIGHT,audio__original,0.907826,0.887652,79.47171783447266,10.038164138793945,-20.174000000000024
431,single_sentence_500,5,AND CAROUSE WITH ME THIS NIGHT,audio__original,1.02887,1.032875,3.164417266845703,1.609236240386963,4.005000000000036
431,single_sentence_500,6,AND CAROUSE WITH ME THIS NIGHT,audio__original,1.109565,1.109565,99.9097671508789,99.9097671508789,0.0
431,single_sentence_500,7,AND CAROUSE WITH ME THIS NIGHT,audio__original,1.170087,1.230609,33.20073699951172,100.7093734741211,60.52199999999996
431,single_sentence_500,8,AND CAROUSE WITH ME THIS NIGHT,audio__original,1.311304,1.29113,111.05355072021484,2.111149311065674,-20.173999999999914
431,single_sentence_500,9,AND CAROUSE WITH ME THIS NIGHT,audio__original,1.452522,1.472696,6.405007839202881,4.697702407836914,20.173999999999914
431,single_sentence_500,10,AND CAROUSE WITH ME THIS NIGHT,audio__original,1.593739,1.563478,271.402099609375,54.27585220336914,-30.261000000000095
431,single_sentence_500,11,AND CAROUSE WITH ME THIS NIGHT,audio__original,1.977043,2.057,0.00199809018522501,1.064804382622242e-05,79.95699999999984
432,single_sentence_500,0,AND HERE IS THE PLAIN OF DOEAS,audio__original,0.301402,0.221375,36.13751220703125,0.037506863474845886,-80.02700000000002
432,single_sentence_500,1,AND HERE IS THE PLAIN OF DOEAS,audio__original,0.381776,0.381776,75.91773986816406,75.91773986816406,0.0
432,single_sentence_500,2,AND HERE IS THE PLAIN OF DOEAS,audio__original,0.46215,0.442056,25.10590362548828,7.803115367889404,-20.094
432,single_sentence_500,3,AND HERE IS THE PLAIN OF DOEAS,audio__original,0.58271,0.58271,57.74604797363281,57.74604797363281,0.0
432,single_sentence_500,4,AND HERE IS THE PLAIN OF DOEAS,audio__original,0.622897,0.622897,39.152366638183594,39.152366638183594,0.0
432,single_sentence_500,5,AND HERE IS THE PLAIN OF DOEAS,audio__original,0.683178,0.703271,0.03982333838939667,0.0022299778647720814,20.09300000000003
432,single_sentence_500,6,AND HERE IS THE PLAIN OF DOEAS,audio__original,0.743458,0.743458,0.1786707043647766,0.1786707043647766,0.0
432,single_sentence_500,7,AND HERE IS THE PLAIN OF DOEAS,audio__original,0.823832,0.823832,0.15155766904354095,0.15155766904354095,0.0
432,single_sentence_500,8,AND HERE IS THE PLAIN OF DOEAS,audio__original,0.964486,0.884125,8.754074096679688,0.007592054083943367,-80.3609999999999
432,single_sentence_500,9,AND HERE IS THE PLAIN OF DOEAS,audio__original,1.185514,1.245794,90.35780334472656,93.85710144042969,60.280000000000115
432,single_sentence_500,10,AND HERE IS THE PLAIN OF DOEAS,audio__original,1.285981,1.285981,36.88895797729492,36.88895797729492,0.0
432,single_sentence_500,11,AND HERE IS THE PLAIN OF DOEAS,audio__original,1.346262,1.346262,1.4584434032440186,1.4584434032440186,0.0
432,single_sentence_500,12,AND HERE IS THE PLAIN OF DOEAS,audio__original,1.466822,1.4305,151.67433166503906,0.06907820701599121,-36.32199999999997
432,single_sentence_500,13,AND HERE IS THE PLAIN OF DOEAS,audio__original,2.069626,2.021625,0.2987682521343231,0.06630874425172806,-48.00100000000018
433,single_sentence_500,0,AND THEN HE MADE OFF WITH THIS,audio__original,0.221606,0.141563,0.12071014195680618,0.0003473895776551217,-80.043
433,single_sentence_500,1,AND THEN HE MADE OFF WITH THIS,audio__original,0.282044,0.282044,0.732562780380249,0.732562780380249,0.0
433,single_sentence_500,2,AND THEN HE MADE OFF WITH THIS,audio__original,0.322336,0.322336,8.783411026000977,8.783411026000977,0.0
433,single_sentence_500,3,AND THEN HE MADE OFF WITH THIS,audio__original,0.423066,0.423066,28.46724510192871,28.46724510192871,0.0
433,single_sentence_500,4,AND THEN HE MADE OFF WITH THIS,audio__original,0.463358,0.463358,1.4029682874679565,1.4029682874679565,0.0
433,single_sentence_500,5,AND THEN HE MADE OFF WITH THIS,audio__original,0.50365,0.543942,25.368024826049805,4.537347316741943,40.291999999999994
433,single_sentence_500,6,AND THEN HE MADE OFF WITH THIS,audio__original,0.60438,0.60438,79.30374908447266,79.30374908447266,0.0
433,single_sentence_500,7,AND THEN HE MADE OFF WITH THIS,audio__original,0.765547,0.765547,33.53534698486328,33.53534698486328,0.0
433,single_sentence_500,8,AND THEN HE MADE OFF WITH THIS,audio__original,0.866277,0.836058,6.495541095733643,8.553353309631348,-30.218999999999994
433,single_sentence_500,9,AND THEN HE MADE OFF WITH THIS,audio__original,1.047591,1.087883,0.21795079112052917,0.048120200634002686,40.291999999999994
433,single_sentence_500,10,AND THEN HE MADE OFF WITH THIS,audio__original,1.934015,1.660438,9.478654861450195,0.00034795451210811734,-273.57699999999994
433,single_sentence_500,11,AND THEN HE MADE OFF WITH THIS,audio__original,2.115328,2.115328,0.0017259493470191956,0.0017259493470191956,0.0
433,single_sentence_500,12,AND THEN HE MADE OFF WITH THIS,audio__original,2.216058,2.175766,5.711441516876221,0.06357470154762268,-40.291999999999994
433,single_sentence_500,13,AND THEN HE MADE OFF WITH THIS,audio__original,2.45781,2.45781,1.477447748184204,1.477447748184204,0.0
434,single_sentence_500,0,AS QUICK AS YOU CAN POOR THING,audio__original,0.322883,0.242875,5.258954048156738,0.0025282956194132566,-80.00799999999997
434,single_sentence_500,1,AS QUICK AS YOU CAN POOR THING,audio__original,0.423784,0.443964,1.1369874477386475,0.01711079478263855,20.18000000000003
434,single_sentence_500,2,AS QUICK AS YOU CAN POOR THING,audio__original,0.504505,0.464187,3.917905330657959,0.004788303282111883,-40.31799999999996
434,single_sentence_500,3,AS QUICK AS YOU CAN POOR THING,audio__original,0.665946,0.665946,3.8907999992370605,3.8907999992370605,0.0
434,single_sentence_500,4,AS QUICK AS YOU CAN POOR THING,audio__original,0.706306,0.706306,3.1780543327331543,3.1780543327331543,0.0
434,single_sentence_500,5,AS QUICK AS YOU CAN POOR THING,audio__original,0.766847,0.766847,4.264955997467041,4.264955997467041,0.0
434,single_sentence_500,6,AS QUICK AS YOU CAN POOR THING,audio__original,0.807207,0.807207,2.499396324157715,2.499396324157715,0.0
434,single_sentence_500,7,AS QUICK AS YOU CAN POOR THING,audio__original,0.867748,0.88775,1.5023486614227295,0.06977684795856476,20.002000000000073
434,single_sentence_500,8,AS QUICK AS YOU CAN POOR THING,audio__original,0.968649,0.928288,0.34637364745140076,0.83522629737854,-40.36099999999998
434,single_sentence_500,9,AS QUICK AS YOU CAN POOR THING,audio__original,1.15027,1.190631,1.781072974205017,2.093857526779175,40.36100000000009
434,single_sentence_500,10,AS QUICK AS YOU CAN POOR THING,audio__original,1.271351,1.230991,0.2737819254398346,0.7997420430183411,-40.35999999999995
434,single_sentence_500,11,AS QUICK AS YOU CAN POOR THING,audio__original,1.452973,1.493333,3.0213189125061035,0.03304322808980942,40.35999999999995
434,single_sentence_500,12,AS QUICK AS YOU CAN POOR THING,audio__original,1.574054,1.533694,22.128305435180664,0.009481438435614109,-40.36000000000017
434,single_sentence_500,13,AS QUICK AS YOU CAN POOR THING,audio__original,1.755676,1.835625,0.25518789887428284,0.004096727818250656,79.94900000000004
435,single_sentence_500,0,HE SET THE PART CALLED BEZETHA,audio__original,0.261066,0.181062,0.08735036104917526,0.26284074783325195,-80.00400000000002
435,single_sentence_500,1,HE SET THE PART CALLED BEZETHA,audio__original,0.30123,0.30123,19.39528465270996,19.39528465270996,0.0
435,single_sentence_500,2,HE SET THE PART CALLED BEZETHA,audio__original,0.441803,0.381557,67.00560760498047,123.73408508300781,-60.24600000000002
435,single_sentence_500,3,HE SET THE PART CALLED BEZETHA,audio__original,0.582377,0.602459,3.4803287982940674,2.110969305038452,20.081999999999933
435,single_sentence_500,4,HE SET THE PART CALLED BEZETHA,audio__original,0.642623,0.642623,2.7241528034210205,2.7241528034210205,0.0
435,single_sentence_500,5,HE SET THE PART CALLED BEZETHA,audio__original,0.702869,0.722951,1.9024723768234253,1.3374205827713013,20.082000000000043
435,single_sentence_500,6,HE SET THE PART CALLED BEZETHA,audio__original,0.803279,0.763115,61.8328742980957,1.3346885442733765,-40.16399999999998
435,single_sentence_500,7,HE SET THE PART CALLED BEZETHA,audio__original,1.004098,1.02418,1.234452486038208,0.3049776256084442,20.082000000000157
435,single_sentence_500,8,HE SET THE PART CALLED BEZETHA,audio__original,1.12459,1.064344,2.307603359222412,0.3476647734642029,-60.24600000000002
435,single_sentence_500,9,HE SET THE PART CALLED BEZETHA,audio__original,1.385656,1.395697,2.616955518722534,1.3518749475479126,10.040999999999967
435,single_sentence_500,10,HE SET THE PART CALLED BEZETHA,audio__original,1.586475,1.558062,12.59385871887207,0.2601127028465271,-28.41300000000002
435,single_sentence_500,11,HE SET THE PART CALLED BEZETHA,audio__original,2.269262,2.34925,0.08406033366918564,0.08531896024942398,79.98800000000017
436,single_sentence_500,0,IN ADDITION TO THIS EXPERIENCE,audio__original,0.320777,0.24075,3.085902214050293,0.0047900257632136345,-80.02699999999999
436,single_sentence_500,1,IN ADDITION TO THIS EXPERIENCE,audio__original,0.360874,0.360874,12.94890308380127,12.94890308380127,0.0
436,single_sentence_500,2,IN ADDITION TO THIS EXPERIENCE,audio__original,0.441068,0.441068,5.917513847351074,5.917513847351074,0.0
436,single_sentence_500,3,IN ADDITION TO THIS EXPERIENCE,audio__original,0.761845,0.771869,3.466068744659424,1.0101736783981323,10.024000000000033
436,single_sentence_500,4,IN ADDITION TO THIS EXPERIENCE,audio__original,0.82199,0.82199,16.46625518798828,16.46625518798828,0.0
436,single_sentence_500,5,IN ADDITION TO THIS EXPERIENCE,audio__original,0.862087,0.862087,2.693847417831421,2.693847417831421,0.0
436,single_sentence_500,6,IN ADDITION TO THIS EXPERIENCE,audio__original,0.922233,0.902184,11.431509017944336,1.33578360080719,-20.048999999999985
436,single_sentence_500,7,IN ADDITION TO THIS EXPERIENCE,audio__original,1.042524,1.062573,69.03468322753906,59.9089241027832,20.048999999999985
436,single_sentence_500,8,IN ADDITION TO THIS EXPERIENCE,audio__original,1.122718,1.122718,1.0956971645355225,1.0956971645355225,0.0
436,single_sentence_500,9,IN ADDITION TO THIS EXPERIENCE,audio__original,1.804369,1.724312,356.98565673828125,0.16108886897563934,-80.05699999999982
437,single_sentence_500,0,LED BACK TO THE STARTING POINT,audio__original,0.322667,0.242625,83.26628875732422,6.8887457847595215,-80.04199999999997
437,single_sentence_500,1,LED BACK TO THE STARTING POINT,audio__original,0.504167,0.524333,40.31043243408203,3.7155299186706543,20.166000000000018
437,single_sentence_500,2,LED BACK TO THE STARTING POINT,audio__original,0.685667,0.628625,12.947064399719238,0.02811661921441555,-57.04200000000004
437,single_sentence_500,3,LED BACK TO THE STARTING POINT,audio__original,0.867167,0.867167,0.9253937005996704,0.9253937005996704,0.0
437,single_sentence_500,4,LED BACK TO THE STARTING POINT,audio__original,0.947833,0.927667,14.249800682067871,1.5036629438400269,-20.166000000000018
437,single_sentence_500,5,LED BACK TO THE STARTING POINT,audio__original,1.008333,1.0285,6.978466987609863,0.36194270849227905,20.167000000000044
437,single_sentence_500,6,LED BACK TO THE STARTING POINT,audio__original,1.068833,1.068833,28.85383415222168,28.85383415222168,0.0
437,single_sentence_500,7,LED BACK TO THE STARTING POINT,audio__original,1.1495,1.1495,21.36910057067871,21.36910057067871,0.0
437,single_sentence_500,8,LED BACK TO THE STARTING POINT,audio__original,1.230167,1.230167,32.1019172668457,32.1019172668457,0.0
437,single_sentence_500,9,LED BACK TO THE STARTING POINT,audio__original,1.613333,1.653667,0.3250185251235962,1.242967963218689,40.33400000000009
437,single_sentence_500,10,LED BACK TO THE STARTING POINT,audio__original,1.7545,1.673833,0.922741174697876,0.004754373338073492,-80.66700000000004
437,single_sentence_500,11,LED BACK TO THE STARTING POINT,audio__original,2.077167,2.025125,3.000850200653076,0.015113401226699352,-52.042000000000144
438,single_sentence_500,0,STRANGERS REPEATED THE OLD MAN,audio__original,0.601064,0.521062,6.210599899291992,0.002009154297411442,-80.00200000000002
438,single_sentence_500,1,STRANGERS REPEATED THE OLD MAN,audio__original,1.142021,1.202128,26.070322036743164,27.98108673095703,60.107000000000134
438,single_sentence_500,2,STRANGERS REPEATED THE OLD MAN,audio__original,1.743085,1.354375,0.24341678619384766,7.081650266194117e-10,-388.70999999999987
438,single_sentence_500,3,STRANGERS REPEATED THE OLD MAN,audio__original,2.063652,2.083688,0.020406626164913177,0.011146710254251957,20.036000000000165
438,single_sentence_500,4,STRANGERS REPEATED THE OLD MAN,audio__original,2.103723,2.103723,0.02236967720091343,0.02236967720091343,0.0
438,single_sentence_500,5,STRANGERS REPEATED THE OLD MAN,audio__original,2.183865,2.183865,0.3548118472099304,0.3548118472099304,0.0
438,single_sentence_500,6,STRANGERS REPEATED THE OLD MAN,audio__original,2.243972,2.233954,0.29281187057495117,0.5072243213653564,-10.017999999999638
438,single_sentence_500,7,STRANGERS REPEATED THE OLD MAN,audio__original,2.364184,2.368187,0.002464425517246127,0.0001339651207672432,4.002999999999979
438,single_sentence_500,8,STRANGERS REPEATED THE OLD MAN,audio__original,2.444326,2.424291,2.218179225921631,0.75780189037323,-20.035000000000025
438,single_sentence_500,9,STRANGERS REPEATED THE OLD MAN,audio__original,2.744858,2.744813,1.3846695878783066e-07,1.3846695878783066e-07,-0.04499999999962867
439,single_sentence_500,0,THE CONTENTS OF WHICH RAN THUS,audio__original,0.361929,0.281875,4.512757778167725,0.0004081670776940882,-80.05400000000002
439,single_sentence_500,1,THE CONTENTS OF WHICH RAN THUS,audio__original,0.42225,0.42225,1.2590572834014893,1.2590572834014893,0.0
439,single_sentence_500,2,THE CONTENTS OF WHICH RAN THUS,audio__original,0.522786,0.462464,112.11920166015625,7.573910236358643,-60.32199999999999
439,single_sentence_500,3,THE CONTENTS OF WHICH RAN THUS,audio__original,0.965143,0.965143,358.94793701171875,358.94793701171875,0.0
439,single_sentence_500,4,THE CONTENTS OF WHICH RAN THUS,audio__original,1.025464,1.025464,87.16300964355469,87.16300964355469,0.0
439,single_sentence_500,5,THE CONTENTS OF WHICH RAN THUS,audio__original,1.085786,1.085786,20.021574020385742,20.021574020385742,0.0
439,single_sentence_500,6,THE CONTENTS OF WHICH RAN THUS,audio__original,1.146107,1.126,221.11338806152344,49.27097702026367,-20.1070000000001
439,single_sentence_500,7,THE CONTENTS OF WHICH RAN THUS,audio__original,1.367286,1.487929,106.42656707763672,20.774389266967773,120.64300000000006
439,single_sentence_500,8,THE CONTENTS OF WHICH RAN THUS,audio__original,1.709107,1.588464,42.109317779541016,0.0006372575298883021,-120.64299999999983
439,single_sentence_500,9,THE CONTENTS OF WHICH RAN THUS,audio__original,1.849857,1.869964,120.14082336425781,129.03001403808594,20.106999999999875
439,single_sentence_500,10,THE CONTENTS OF WHICH RAN THUS,audio__original,1.9705,1.950393,242.48855590820312,170.0344696044922,-20.106999999999875
439,single_sentence_500,11,THE CONTENTS OF WHICH RAN THUS,audio__original,2.231893,2.151875,15.615005493164062,1.6803102493286133,-80.01799999999992
440,single_sentence_500,0,WHAT'S THE NAME OF THE HOUSE T,audio__original,0.563889,0.483875,0.13377033174037933,0.0,-80.01399999999997
440,single_sentence_500,1,WHAT'S THE NAME OF THE HOUSE T,audio__original,0.725,0.725,41.760154724121094,41.760154724121094,0.0
440,single_sentence_500,2,WHAT'S THE NAME OF THE HOUSE T,audio__original,0.745139,0.745139,37.99989318847656,37.99989318847656,0.0
440,single_sentence_500,3,WHAT'S THE NAME OF THE HOUSE T,audio__original,0.805556,0.805556,0.31311342120170593,0.31311342120170593,0.0
440,single_sentence_500,4,WHAT'S THE NAME OF THE HOUSE T,audio__original,0.825694,0.825694,56.35603713989258,56.35603713989258,0.0
440,single_sentence_500,5,WHAT'S THE NAME OF THE HOUSE T,audio__original,0.926389,0.926389,2.1378395557403564,2.1378395557403564,0.0
440,single_sentence_500,6,WHAT'S THE NAME OF THE HOUSE T,audio__original,0.946528,0.946528,23.143991470336914,23.143991470336914,0.0
440,single_sentence_500,7,WHAT'S THE NAME OF THE HOUSE T,audio__original,0.986806,0.986806,3.7339441776275635,3.7339441776275635,0.0
440,single_sentence_500,8,WHAT'S THE NAME OF THE HOUSE T,audio__original,1.027083,1.027083,37.27670669555664,37.27670669555664,0.0
440,single_sentence_500,9,WHAT'S THE NAME OF THE HOUSE T,audio__original,1.0875,1.0875,21.307998657226562,21.307998657226562,0.0
440,single_sentence_500,10,WHAT'S THE NAME OF THE HOUSE T,audio__original,1.107639,1.107639,23.922420501708984,23.922420501708984,0.0
440,single_sentence_500,11,WHAT'S THE NAME OF THE HOUSE T,audio__original,1.349306,1.45,5.8298492431640625,4.595968723297119,100.69400000000006
440,single_sentence_500,12,WHAT'S THE NAME OF THE HOUSE T,audio__original,2.094444,1.550694,0.00022242551494855434,0.0,-543.7500000000002
440,single_sentence_500,13,WHAT'S THE NAME OF THE HOUSE T,audio__original,2.154861,2.090813,0.0012406494934111834,0.00013964163372293115,-64.0480000000001
441,single_sentence_500,0,AND HE SET ALL THE CORN ON FIRE,audio__original,0.34136,0.261313,0.2670098841190338,0.011299322359263897,-80.04699999999998
441,single_sentence_500,1,AND HE SET ALL THE CORN ON FIRE,audio__original,0.44176,0.4518,4.987039566040039,3.0282392501831055,10.039999999999994
441,single_sentence_500,2,AND HE SET ALL THE CORN ON FIRE,audio__original,0.502,0.48192,4.172203540802002,3.436553955078125,-20.079999999999988
441,single_sentence_500,3,AND HE SET ALL THE CORN ON FIRE,audio__original,0.56224,0.6024,31.00589370727539,4.13053035736084,40.16000000000008
441,single_sentence_500,4,AND HE SET ALL THE CORN ON FIRE,audio__original,0.7028,0.64256,16.78595733642578,45.080833435058594,-60.23999999999996
441,single_sentence_500,5,AND HE SET ALL THE CORN ON FIRE,audio__original,0.86344,0.9036,0.6149187088012695,0.4208594858646393,40.159999999999975
441,single_sentence_500,6,AND HE SET ALL THE CORN ON FIRE,audio__original,1.04416,0.979812,301.6632385253906,0.3066009283065796,-64.34799999999996
441,single_sentence_500,7,AND HE SET ALL THE CORN ON FIRE,audio__original,1.16464,1.18472,41.20402145385742,2.3039634227752686,20.080000000000098
441,single_sentence_500,8,AND HE SET ALL THE CORN ON FIRE,audio__original,1.24496,1.24496,15.835245132446289,15.835245132446289,0.0
441,single_sentence_500,9,AND HE SET ALL THE CORN ON FIRE,audio__original,1.3052,1.3052,0.600246250629425,0.600246250629425,0.0
441,single_sentence_500,10,AND HE SET ALL THE CORN ON FIRE,audio__original,1.42568,1.36544,0.3331076502799988,0.07189355790615082,-60.24000000000007
441,single_sentence_500,11,AND HE SET ALL THE CORN ON FIRE,audio__original,1.6064,1.62648,9.891971588134766,24.804628372192383,20.079999999999878
441,single_sentence_500,12,AND HE SET ALL THE CORN ON FIRE,audio__original,1.72688,1.7068,64.28418731689453,59.719024658203125,-20.079999999999878
441,single_sentence_500,13,AND HE SET ALL THE CORN ON FIRE,audio__original,1.8072,1.84736,10.629629135131836,2.0706775188446045,40.159999999999975
441,single_sentence_500,14,AND HE SET ALL THE CORN ON FIRE,audio__original,1.98792,1.88752,33.25912094116211,1.3775092363357544,-100.39999999999982
441,single_sentence_500,15,AND HE SET ALL THE CORN ON FIRE,audio__original,2.24896,2.328937,14.493969917297363,0.4497844874858856,79.97699999999996
442,single_sentence_500,0,SO IT IS WITH THE LOWER ANIMALS,audio__original,0.322182,0.242125,25.179012298583984,1.950358510017395,-80.05700000000002
442,single_sentence_500,1,SO IT IS WITH THE LOWER ANIMALS,audio__original,0.382591,0.382591,44.8507080078125,44.8507080078125,0.0
442,single_sentence_500,2,SO IT IS WITH THE LOWER ANIMALS,audio__original,0.483273,0.483273,27.862836837768555,27.862836837768555,0.0
442,single_sentence_500,3,SO IT IS WITH THE LOWER ANIMALS,audio__original,0.543682,0.543682,32.760292053222656,32.760292053222656,0.0
442,single_sentence_500,4,SO IT IS WITH THE LOWER ANIMALS,audio__original,0.624227,0.604091,5.67301082611084,27.738849639892578,-20.13599999999993
442,single_sentence_500,5,SO IT IS WITH THE LOWER ANIMALS,audio__original,0.785318,0.805455,33.244895935058594,81.7923812866211,20.13700000000007
442,single_sentence_500,6,SO IT IS WITH THE LOWER ANIMALS,audio__original,0.865864,0.865864,0.05895354598760605,0.05895354598760605,0.0
442,single_sentence_500,7,SO IT IS WITH THE LOWER ANIMALS,audio__original,1.006818,1.006818,0.025725223124027252,0.025725223124027252,0.0
442,single_sentence_500,8,SO IT IS WITH THE LOWER ANIMALS,audio__original,1.067227,1.067227,5.342113494873047,5.342113494873047,0.0
442,single_sentence_500,9,SO IT IS WITH THE LOWER ANIMALS,audio__original,1.127636,1.127636,2.009669303894043,2.009669303894043,0.0
442,single_sentence_500,10,SO IT IS WITH THE LOWER ANIMALS,audio__original,1.188045,1.167909,7.651703834533691,28.254064559936523,-20.13599999999993
442,single_sentence_500,11,SO IT IS WITH THE LOWER ANIMALS,audio__original,1.389409,1.399477,72.21713256835938,17.803905487060547,10.068000000000188
442,single_sentence_500,12,SO IT IS WITH THE LOWER ANIMALS,audio__original,1.530364,1.449818,22.40456771850586,20.464000701904297,-80.546
442,single_sentence_500,13,SO IT IS WITH THE LOWER ANIMALS,audio__original,1.933091,2.013063,2.8602304458618164,0.013388879597187042,79.97199999999994
443,single_sentence_500,0,DANGEROUS PROSTRATION OF STRENGTH,audio__original,0.200439,0.120438,185.14915466308594,0.0,-80.001
443,single_sentence_500,1,DANGEROUS PROSTRATION OF STRENGTH,audio__original,0.641404,0.661447,52.526371002197266,15.661590576171875,20.043000000000035
443,single_sentence_500,2,DANGEROUS PROSTRATION OF STRENGTH,audio__original,0.721579,0.701535,7.684826850891113,0.15068376064300537,-20.04399999999995
443,single_sentence_500,3,DANGEROUS PROSTRATION OF STRENGTH,audio__original,1.302851,1.322895,5.909934043884277,11.517326354980469,20.04399999999995
443,single_sentence_500,4,DANGEROUS PROSTRATION OF STRENGTH,audio__original,1.40307,1.40307,2.915393590927124,2.915393590927124,0.0
443,single_sentence_500,5,DANGEROUS PROSTRATION OF STRENGTH,audio__original,1.463202,1.473224,45.41496276855469,113.74903869628906,10.022000000000197
443,single_sentence_500,6,DANGEROUS PROSTRATION OF STRENGTH,audio__original,1.543377,1.543377,11.16192626953125,11.16192626953125,0.0
443,single_sentence_500,7,DANGEROUS PROSTRATION OF STRENGTH,audio__original,2.044474,2.092437,0.13323865830898285,1.5291663491012741e-09,47.96299999999975
444,single_sentence_500,0,THE DEATH OF THE SECOND MAN EATER,audio__original,0.441618,0.409562,61.80351638793945,0.023962855339050293,-32.056000000000026
444,single_sentence_500,1,THE DEATH OF THE SECOND MAN EATER,audio__original,0.501838,0.521912,57.870887756347656,21.684106826782227,20.074000000000037
444,single_sentence_500,2,THE DEATH OF THE SECOND MAN EATER,audio__original,0.622279,0.594063,203.2828369140625,0.962020993232727,-28.21600000000002
444,single_sentence_500,3,THE DEATH OF THE SECOND MAN EATER,audio__original,0.883235,0.903309,1.0036547183990479,15.744892120361328,20.074000000000037
444,single_sentence_500,4,THE DEATH OF THE SECOND MAN EATER,audio__original,1.043824,1.02375,43.520206451416016,307.26580810546875,-20.074000000000147
444,single_sentence_500,5,THE DEATH OF THE SECOND MAN EATER,audio__original,1.104044,1.104044,40.15786361694336,40.15786361694336,0.0
444,single_sentence_500,6,THE DEATH OF THE SECOND MAN EATER,audio__original,1.164265,1.144191,220.27000427246094,34.93361282348633,-20.074000000000147
444,single_sentence_500,7,THE DEATH OF THE SECOND MAN EATER,audio__original,1.224485,1.224485,156.8288116455078,156.8288116455078,0.0
444,single_sentence_500,8,THE DEATH OF THE SECOND MAN EATER,audio__original,1.324853,1.294743,99.38732147216797,36.69161605834961,-30.11000000000008
444,single_sentence_500,9,THE DEATH OF THE SECOND MAN EATER,audio__original,1.585809,1.605882,26.942541122436523,3.7410664558410645,20.073000000000008
444,single_sentence_500,10,THE DEATH OF THE SECOND MAN EATER,audio__original,1.726324,1.666103,77.55716705322266,37.267860412597656,-60.22100000000008
444,single_sentence_500,11,THE DEATH OF THE SECOND MAN EATER,audio__original,1.846765,1.886912,80.81985473632812,11.80245590209961,40.146999999999935
444,single_sentence_500,12,THE DEATH OF THE SECOND MAN EATER,audio__original,1.927059,1.917022,2.047086238861084,8.560705184936523,-10.037000000000074
444,single_sentence_500,13,THE DEATH OF THE SECOND MAN EATER,audio__original,2.147868,2.227813,1.3948897123336792,0.9012061953544617,79.94499999999994
445,single_sentence_500,0,OUR LEADER IN YOUR NAME IN MY NAME,audio__original,0.380417,0.300375,73.0289306640625,0.001246186438947916,-80.042
445,single_sentence_500,1,OUR LEADER IN YOUR NAME IN MY NAME,audio__original,0.460504,0.480526,181.86463928222656,25.78661346435547,20.021999999999984
445,single_sentence_500,2,OUR LEADER IN YOUR NAME IN MY NAME,audio__original,0.540592,0.530581,5.02651834487915,7.3463969230651855,-10.010999999999992
445,single_sentence_500,3,OUR LEADER IN YOUR NAME IN MY NAME,audio__original,0.820899,0.900987,21.688812255859375,0.811543881893158,80.08799999999994
445,single_sentence_500,4,OUR LEADER IN YOUR NAME IN MY NAME,audio__original,1.421557,1.165125,8.6619291305542,0.0019780925940722227,-256.432
445,single_sentence_500,5,OUR LEADER IN YOUR NAME IN MY NAME,audio__original,1.481623,1.501645,1.4018909931182861,37.90850067138672,20.021999999999984
445,single_sentence_500,6,OUR LEADER IN YOUR NAME IN MY NAME,audio__original,1.561711,1.5517,54.53673553466797,59.46666717529297,-10.010999999999992
445,single_sentence_500,7,OUR LEADER IN YOUR NAME IN MY NAME,audio__original,1.681842,1.701864,33.733482360839844,38.521949768066406,20.021999999999984
445,single_sentence_500,8,OUR LEADER IN YOUR NAME IN MY NAME,audio__original,1.801974,1.76193,13.107054710388184,5.8584113121032715,-40.04399999999997
445,single_sentence_500,9,OUR LEADER IN YOUR NAME IN MY NAME,audio__original,2.002193,2.042237,2.828223943710327,0.10018312931060791,40.04399999999997
445,single_sentence_500,10,OUR LEADER IN YOUR NAME IN MY NAME,audio__original,3.403728,2.798313,22.12084197998047,0.0014459685189649463,-605.4150000000003
445,single_sentence_500,11,OUR LEADER IN YOUR NAME IN MY NAME,audio__original,3.483816,3.493827,2.3082735538482666,0.8255485892295837,10.010999999999992
445,single_sentence_500,12,OUR LEADER IN YOUR NAME IN MY NAME,audio__original,3.603947,3.573914,28.597627639770508,7.256767749786377,-30.032999999999976
445,single_sentence_500,13,OUR LEADER IN YOUR NAME IN MY NAME,audio__original,3.684035,3.724079,11.994487762451172,11.240402221679688,40.04399999999997
445,single_sentence_500,14,OUR LEADER IN YOUR NAME IN MY NAME,audio__original,3.844211,3.804167,18.01949691772461,11.553491592407227,-40.04399999999997
445,single_sentence_500,15,OUR LEADER IN YOUR NAME IN MY NAME,audio__original,4.264671,4.344625,0.0035082646645605564,0.0029864273965358734,79.95399999999987
446,single_sentence_500,0,BUT WHERE THE SITTER WHERE OH WHERE,audio__original,0.301027,0.221,34.95328903198242,0.2643086314201355,-80.02699999999999
446,single_sentence_500,1,BUT WHERE THE SITTER WHERE OH WHERE,audio__original,0.40137,0.421438,1.631007432937622,15.69754409790039,20.067999999999977
446,single_sentence_500,2,BUT WHERE THE SITTER WHERE OH WHERE,audio__original,0.481644,0.465562,11.382733345031738,0.5079620480537415,-16.08200000000004
446,single_sentence_500,3,BUT WHERE THE SITTER WHERE OH WHERE,audio__original,0.642192,0.642192,54.34989547729492,54.34989547729492,0.0
446,single_sentence_500,4,BUT WHERE THE SITTER WHERE OH WHERE,audio__original,0.722466,0.722466,21.74148178100586,21.74148178100586,0.0
446,single_sentence_500,5,BUT WHERE THE SITTER WHERE OH WHERE,audio__original,0.782671,0.782671,159.45681762695312,159.45681762695312,0.0
446,single_sentence_500,6,BUT WHERE THE SITTER WHERE OH WHERE,audio__original,0.883014,0.883014,55.40382766723633,55.40382766723633,0.0
446,single_sentence_500,7,BUT WHERE THE SITTER WHERE OH WHERE,audio__original,1.143904,1.184041,26.92278289794922,0.6905747652053833,40.136999999999865
446,single_sentence_500,8,BUT WHERE THE SITTER WHERE OH WHERE,audio__original,1.465,1.324313,8.936896324157715,0.002313710981979966,-140.687
446,single_sentence_500,9,BUT WHERE THE SITTER WHERE OH WHERE,audio__original,1.72589,1.766027,85.24617767333984,22.607080459594727,40.137000000000086
446,single_sentence_500,10,BUT WHERE THE SITTER WHERE OH WHERE,audio__original,1.886438,1.846301,70.34845733642578,78.4679946899414,-40.137000000000086
446,single_sentence_500,11,BUT WHERE THE SITTER WHERE OH WHERE,audio__original,1.966712,2.006849,18.89003562927246,6.624967575073242,40.136999999999865
446,single_sentence_500,12,BUT WHERE THE SITTER WHERE OH WHERE,audio__original,2.087123,2.046986,2.8639001846313477,0.17244653403759003,-40.137000000000086
446,single_sentence_500,13,BUT WHERE THE SITTER WHERE OH WHERE,audio__original,2.52863,2.52863,0.02861952595412731,0.02861952595412731,0.0
447,single_sentence_500,0,PROMONTORY AND STARTING FROM THENCE,audio__original,0.180315,0.100312,2.366082191467285,1.3424596786499023,-80.003
447,single_sentence_500,1,PROMONTORY AND STARTING FROM THENCE,audio__original,0.841469,0.941643,5.103458881378174,4.821577548980713,100.17399999999998
447,single_sentence_500,2,PROMONTORY AND STARTING FROM THENCE,audio__original,1.482587,1.021783,8.900312423706055,0.3327415883541107,-460.804
447,single_sentence_500,3,PROMONTORY AND STARTING FROM THENCE,audio__original,1.582762,1.602797,1.972888708114624,3.4070208072662354,20.035000000000025
447,single_sentence_500,4,PROMONTORY AND STARTING FROM THENCE,audio__original,1.702972,1.702972,0.919148325920105,0.919148325920105,0.0
447,single_sentence_500,5,PROMONTORY AND STARTING FROM THENCE,audio__original,2.043566,2.043566,2.959050416946411,2.959050416946411,0.0
447,single_sentence_500,6,PROMONTORY AND STARTING FROM THENCE,audio__original,2.123706,2.103671,3.033522129058838,9.952409744262695,-20.035000000000025
447,single_sentence_500,7,PROMONTORY AND STARTING FROM THENCE,audio__original,2.243916,2.243916,9.36818790435791,9.36818790435791,0.0
447,single_sentence_500,8,PROMONTORY AND STARTING FROM THENCE,audio__original,2.344091,2.312,47.82025909423828,0.4533863961696625,-32.091000000000314
447,single_sentence_500,9,PROMONTORY AND STARTING FROM THENCE,audio__original,2.604545,2.604545,2.748931884765625,2.748931884765625,0.0
