sample_id,n_segments,present_mask,coalition_size,util_emb,util_tfidf
1,6,63,6,1.0,1.0000000000000002
1,6,0,0,0.7239150404930115,0.0
1,6,1,1,0.7867984175682068,0.5773502691896258
1,6,2,1,0.7490307092666626,0.4714045207910318
1,6,4,1,0.7239150404930115,0.0
1,6,8,1,0.8504679203033447,0.2886751345948129
1,6,16,1,0.8655052781105042,0.7071067811865477
1,6,32,1,0.7816053628921509,0.4082482904638631
1,6,3,2,0.7839717864990234,0.7071067811865477
1,6,5,2,0.7726337909698486,0.4082482904638631
1,6,9,2,0.8945248126983643,0.4714045207910318
1,6,17,2,0.882300853729248,0.912870929175277
1,6,33,2,0.8387840986251831,0.8164965809277261
1,6,6,2,0.7441120147705078,0.2886751345948129
1,6,10,2,0.891330897808075,0.6123724356957946
1,6,18,2,0.882300853729248,0.912870929175277
1,6,34,2,0.8387840986251831,0.8164965809277261
1,6,12,2,0.8504679203033447,0.2886751345948129
1,6,20,2,0.8655052781105042,0.7071067811865477
1,6,36,2,0.7594276070594788,0.4082482904638631
1,6,24,2,0.9848079681396484,0.8164965809277261
1,6,40,2,0.8691809177398682,0.4714045207910318
1,6,48,2,0.8421600461006165,0.5477225575051663
1,6,7,3,0.7839717864990234,0.7071067811865477
1,6,11,3,0.891330897808075,0.6123724356957946
1,6,19,3,0.8535498380661011,0.8333333333333336
1,6,35,3,0.8387840986251831,0.8164965809277261
1,6,13,3,0.891330897808075,0.6123724356957946
1,6,21,3,0.8535498380661011,0.8333333333333336
1,6,37,3,0.8075422048568726,0.7302967433402217
1,6,25,3,0.9625030159950256,0.7302967433402217
1,6,41,3,0.9211452007293701,0.6123724356957946
1,6,49,3,0.882300853729248,0.912870929175277
1,6,14,3,0.891330897808075,0.6123724356957946
1,6,22,3,0.8535498380661011,0.8333333333333336
1,6,38,3,0.7490307092666626,0.4714045207910318
1,6,26,3,1.0,1.0000000000000002
1,6,42,3,0.9219603538513184,0.7302967433402217
1,6,50,3,0.882300853729248,0.912870929175277
1,6,28,3,0.9848079681396484,0.8164965809277261
1,6,44,3,0.9327933192253113,0.7071067811865477
1,6,52,3,0.7594276070594788,0.4082482904638631
1,6,56,3,0.9652116894721985,0.8164965809277261
1,6,15,4,0.891330897808075,0.6123724356957946
1,6,23,4,0.8535498380661011,0.8333333333333336
1,6,39,4,0.8043088912963867,0.7302967433402217
1,6,27,4,1.0,1.0000000000000002
1,6,43,4,0.9219603538513184,0.7302967433402217
1,6,51,4,0.882300853729248,0.912870929175277
1,6,29,4,1.0,1.0000000000000002
1,6,45,4,0.9219603538513184,0.7302967433402217
1,6,53,4,0.8513003587722778,0.8333333333333336
1,6,57,4,1.0,1.0000000000000002
1,6,30,4,1.0,1.0000000000000002
1,6,46,4,0.8893706798553467,0.5477225575051663
1,6,54,4,0.8513003587722778,0.8333333333333336
1,6,58,4,0.9561071395874023,0.8333333333333336
1,6,60,4,0.9652116894721985,0.8164965809277261
1,6,31,5,1.0,1.0000000000000002
1,6,47,5,0.9219603538513184,0.7302967433402217
1,6,55,5,0.8513003587722778,0.8333333333333336
1,6,59,5,1.0,1.0000000000000002
1,6,61,5,1.0,1.0000000000000002
1,6,62,5,0.9561071395874023,0.8333333333333336
2,6,63,6,1.0000001192092896,1.0000000000000004
2,6,0,0,0.7626475691795349,0.0
2,6,1,1,0.8192009925842285,0.3418817293789139
2,6,2,1,0.8382655382156372,0.46291004988627593
2,6,4,1,0.9108005166053772,0.6172133998483679
2,6,8,1,0.7373623847961426,0.0
2,6,16,1,0.8465183973312378,0.40089186286863665
2,6,32,1,0.7303943634033203,0.11952286093343942
2,6,3,2,0.8381808400154114,0.30860669992418394
2,6,5,2,0.9108005166053772,0.6172133998483679
2,6,9,2,0.8412296772003174,0.46291004988627593
2,6,17,2,0.8770992755889893,0.6761234037828134
2,6,33,2,0.8467564582824707,0.40089186286863665
2,6,6,2,0.9108005166053772,0.6172133998483679
2,6,10,2,0.8657870292663574,0.6172133998483679
2,6,18,2,0.9008952975273132,0.7715167498104598
2,6,34,2,0.8467564582824707,0.40089186286863665
2,6,12,2,0.9048795700073242,0.6761234037828134
2,6,20,2,0.9642702341079712,0.8017837257372734
2,6,36,2,0.9108005166053772,0.6172133998483679
2,6,24,2,0.8336138725280762,0.26726124191242445
2,6,40,2,0.7863321304321289,0.28571428571428586
2,6,48,2,0.8319972157478333,0.40089186286863665
2,6,7,3,0.9108005166053772,0.6172133998483679
2,6,11,3,0.8412296772003174,0.46291004988627593
2,6,19,3,0.8770992755889893,0.6761234037828134
2,6,35,3,0.8467564582824707,0.40089186286863665
2,6,13,3,0.9048795700073242,0.6761234037828134
2,6,21,3,0.9266442060470581,0.629940788348712
2,6,37,3,0.9108005166053772,0.6172133998483679
2,6,25,3,0.9060091376304626,0.7142857142857146
2,6,41,3,0.8525233268737793,0.6172133998483679
2,6,49,3,0.8899174332618713,0.7142857142857146
2,6,14,3,0.9352736473083496,0.7559289460184546
2,6,22,3,0.9266442060470581,0.629940788348712
2,6,38,3,0.9108005166053772,0.6172133998483679
2,6,26,3,0.9060091376304626,0.7142857142857146
2,6,42,3,0.8525233268737793,0.6172133998483679
2,6,50,3,0.880467414855957,0.6761234037828134
2,6,28,3,0.98934406042099,1.0000000000000004
2,6,44,3,0.8899132609367371,0.7142857142857146
2,6,52,3,0.9644620418548584,0.8571428571428575
2,6,56,3,0.8465183973312378,0.40089186286863665
2,6,15,4,0.9048795700073242,0.6761234037828134
2,6,23,4,0.9266442060470581,0.629940788348712
2,6,39,4,0.9108005166053772,0.6172133998483679
2,6,27,4,0.9060091376304626,0.7142857142857146
2,6,43,4,0.8525233268737793,0.6172133998483679
2,6,51,4,0.880467414855957,0.6761234037828134
2,6,29,4,0.9057266116142273,0.7715167498104598
2,6,45,4,0.8899132609367371,0.7142857142857146
2,6,53,4,0.9642702341079712,0.8017837257372734
2,6,57,4,0.9016940593719482,0.7142857142857146
2,6,30,4,0.9057266116142273,0.7715167498104598
2,6,46,4,0.8899132609367371,0.7142857142857146
2,6,54,4,0.9642702341079712,0.8017837257372734
2,6,58,4,0.9016940593719482,0.7142857142857146
2,6,60,4,1.0000001192092896,1.0000000000000004
2,6,31,5,0.9057266116142273,0.7715167498104598
2,6,47,5,0.9071905612945557,0.7715167498104598
2,6,55,5,0.9642702341079712,0.8017837257372734
2,6,59,5,0.9073660373687744,0.7142857142857146
2,6,61,5,0.9057266116142273,0.7715167498104598
2,6,62,5,1.0000001192092896,1.0000000000000004
3,4,15,4,1.0,1.0
3,4,0,0,0.7317713499069214,0.0
3,4,1,1,0.833233118057251,0.5
3,4,2,1,0.7407323122024536,0.0
3,4,4,1,0.7728545665740967,0.5
3,4,8,1,0.7796107530593872,0.0
3,4,3,2,0.7410486936569214,0.25
3,4,5,2,0.7948421239852905,0.5773502691896258
3,4,9,2,0.9099963307380676,0.3535533905932738
3,4,6,2,0.7498458623886108,0.3535533905932738
3,4,10,2,0.7956357002258301,0.2886751345948129
3,4,12,2,0.8400980234146118,0.0
3,4,7,3,0.722637414932251,0.25
3,4,11,3,0.8877249956130981,0.0
3,4,13,3,0.7861243486404419,0.2886751345948129
3,4,14,3,0.8020108938217163,0.2886751345948129
4,3,7,3,1.0,1.0000000000000004
4,3,0,0,0.9566054344177246,0.7715167498104598
4,3,1,1,0.955251932144165,0.8017837257372734
4,3,2,1,0.9303130507469177,0.8571428571428575
4,3,4,1,0.9952428340911865,0.8571428571428575
4,3,3,2,0.9185163378715515,0.8571428571428575
4,3,5,2,1.0,1.0000000000000004
4,3,6,2,1.0,1.0000000000000004
6,7,127,7,1.0,1.0000000000000002
6,7,0,0,0.7298065423965454,0.0
6,7,1,1,0.8114790916442871,0.7559289460184544
6,7,2,1,0.7193986773490906,0.0
6,7,4,1,0.8541889190673828,0.3849001794597505
6,7,8,1,0.7679216861724854,0.0
6,7,16,1,0.7298065423965454,0.0
6,7,32,1,0.8716259598731995,0.3333333333333333
6,7,64,1,0.8847637176513672,0.3333333333333333
6,7,3,2,0.7963857054710388,0.447213595499958
6,7,5,2,0.8987232446670532,0.8819171036881968
6,7,9,2,0.8272114396095276,0.7559289460184544
6,7,17,2,0.7963857054710388,0.447213595499958
6,7,33,2,0.9633171558380127,0.8888888888888891
6,7,65,2,0.9476112127304077,0.9428090415820635
6,7,6,2,0.8541889190673828,0.3849001794597505
6,7,10,2,0.7404757738113403,0.5773502691896257
6,7,18,2,0.7266197204589844,0.0
6,7,34,2,0.8716259598731995,0.3333333333333333
6,7,66,2,0.8847637176513672,0.3333333333333333
6,7,12,2,0.870724618434906,0.816496580927726
6,7,20,2,0.8541889190673828,0.3849001794597505
6,7,36,2,0.9343048930168152,0.8819171036881968
6,7,68,2,0.9210482835769653,0.8819171036881968
6,7,24,2,0.7753442525863647,0.7071067811865475
6,7,40,2,0.9073432683944702,0.6666666666666666
6,7,72,2,0.8835121393203735,0.769800358919501
6,7,48,2,0.8716259598731995,0.3333333333333333
6,7,80,2,0.8847637176513672,0.3333333333333333
6,7,96,2,0.9423325657844543,0.8333333333333333
6,7,7,3,0.8987232446670532,0.8819171036881968
6,7,11,3,0.8076341152191162,0.7559289460184544
6,7,19,3,0.7963857054710388,0.447213595499958
6,7,35,3,0.9633171558380127,0.8888888888888891
6,7,67,3,0.9476112127304077,0.9428090415820635
6,7,13,3,0.8987232446670532,0.8819171036881968
6,7,21,3,0.8987232446670532,0.8819171036881968
6,7,37,3,0.9633171558380127,0.8888888888888891
6,7,69,3,0.9476112127304077,0.9428090415820635
6,7,25,3,0.8272114396095276,0.7559289460184544
6,7,41,3,0.9633171558380127,0.8888888888888891
6,7,73,3,0.9476112127304077,0.9428090415820635
6,7,49,3,0.9633171558380127,0.8888888888888891
6,7,81,3,0.9476112127304077,0.9428090415820635
6,7,97,3,1.0,1.0000000000000002
6,7,14,3,0.870724618434906,0.816496580927726
6,7,22,3,0.8541889190673828,0.3849001794597505
6,7,38,3,0.9343048930168152,0.8819171036881968
6,7,70,3,0.9210482835769653,0.8819171036881968
6,7,26,3,0.7404757738113403,0.5773502691896257
6,7,42,3,0.8958179354667664,0.6666666666666666
6,7,74,3,0.8835121393203735,0.769800358919501
6,7,50,3,0.8716259598731995,0.3333333333333333
6,7,82,3,0.8847637176513672,0.3333333333333333
6,7,98,3,0.9423325657844543,0.8333333333333333
6,7,28,3,0.870724618434906,0.816496580927726
6,7,44,3,0.9327989816665649,0.8249579113843055
6,7,76,3,0.9210482835769653,0.8819171036881968
6,7,52,3,0.9343048930168152,0.8819171036881968
6,7,84,3,0.9210482835769653,0.8819171036881968
6,7,100,3,0.9694585204124451,0.9428090415820635
6,7,56,3,0.8919219374656677,0.769800358919501
6,7,88,3,0.8835121393203735,0.769800358919501
6,7,104,3,0.9423325657844543,0.8333333333333333
6,7,112,3,0.9423325657844543,0.8333333333333333
6,7,15,4,0.8987232446670532,0.8819171036881968
6,7,23,4,0.8987232446670532,0.8819171036881968
6,7,39,4,1.0,1.0000000000000002
6,7,71,4,0.9476112127304077,0.9428090415820635
6,7,27,4,0.8076341152191162,0.7559289460184544
6,7,43,4,1.0,1.0000000000000002
6,7,75,4,0.9476112127304077,0.9428090415820635
6,7,51,4,1.0,1.0000000000000002
6,7,83,4,0.9476112127304077,0.9428090415820635
6,7,99,4,1.0,1.0000000000000002
6,7,29,4,0.8987232446670532,0.8819171036881968
6,7,45,4,1.0,1.0000000000000002
6,7,77,4,0.9476112127304077,0.9428090415820635
6,7,53,4,1.0,1.0000000000000002
6,7,85,4,0.9476112127304077,0.9428090415820635
6,7,101,4,1.0,1.0000000000000002
6,7,57,4,1.0,1.0000000000000002
6,7,89,4,1.0,1.0000000000000002
6,7,105,4,1.0,1.0000000000000002
6,7,113,4,1.0,1.0000000000000002
6,7,30,4,0.870724618434906,0.816496580927726
6,7,46,4,0.9753187894821167,0.9428090415820635
6,7,78,4,0.9210482835769653,0.8819171036881968
6,7,54,4,0.9753187894821167,0.9428090415820635
6,7,86,4,0.9210482835769653,0.8819171036881968
6,7,102,4,0.9694585204124451,0.9428090415820635
6,7,58,4,0.8767948746681213,0.5773502691896257
6,7,90,4,0.8835121393203735,0.769800358919501
6,7,106,4,0.9423325657844543,0.8333333333333333
6,7,114,4,0.9423325657844543,0.8333333333333333
6,7,60,4,0.9753187894821167,0.9428090415820635
6,7,92,4,0.9210482835769653,0.8819171036881968
6,7,108,4,0.9694585204124451,0.9428090415820635
6,7,116,4,0.9694585204124451,0.9428090415820635
6,7,120,4,0.9423325657844543,0.8333333333333333
6,7,31,5,0.8987232446670532,0.8819171036881968
6,7,47,5,1.0,1.0000000000000002
6,7,79,5,1.0,1.0000000000000002
6,7,55,5,1.0,1.0000000000000002
6,7,87,5,1.0,1.0000000000000002
6,7,103,5,1.0,1.0000000000000002
6,7,59,5,1.0,1.0000000000000002
6,7,91,5,1.0,1.0000000000000002
6,7,107,5,1.0,1.0000000000000002
6,7,115,5,1.0,1.0000000000000002
6,7,61,5,1.0,1.0000000000000002
6,7,93,5,1.0,1.0000000000000002
6,7,109,5,1.0,1.0000000000000002
6,7,117,5,1.0,1.0000000000000002
6,7,121,5,1.0,1.0000000000000002
6,7,62,5,0.9694585204124451,0.9428090415820635
6,7,94,5,0.9210482835769653,0.8819171036881968
6,7,110,5,0.9694585204124451,0.9428090415820635
6,7,118,5,0.9694585204124451,0.9428090415820635
6,7,122,5,0.9423325657844543,0.8333333333333333
6,7,124,5,0.9694585204124451,0.9428090415820635
6,7,63,6,1.0,1.0000000000000002
6,7,95,6,1.0,1.0000000000000002
6,7,111,6,1.0,1.0000000000000002
6,7,119,6,1.0,1.0000000000000002
6,7,123,6,1.0,1.0000000000000002
6,7,125,6,1.0,1.0000000000000002
6,7,126,6,0.9694585204124451,0.9428090415820635
7,7,127,7,1.0,1.0000000000000004
7,7,0,0,0.8209880590438843,0.0
7,7,1,1,0.994065523147583,0.7142857142857146
7,7,2,1,0.7686023116111755,0.0
7,7,4,1,0.994065523147583,0.7142857142857146
7,7,8,1,0.7894150018692017,0.0
7,7,16,1,0.9074638485908508,0.7559289460184546
7,7,32,1,0.9074638485908508,0.7559289460184546
7,7,64,1,0.8991647958755493,0.3779644730092273
7,7,3,2,0.994065523147583,0.7142857142857146
7,7,5,2,0.9713659286499023,0.7142857142857146
7,7,9,2,0.994065523147583,0.7142857142857146
7,7,17,2,1.0,1.0000000000000004
7,7,33,2,1.0,1.0000000000000004
7,7,65,2,0.994065523147583,0.7142857142857146
7,7,6,2,0.994065523147583,0.7142857142857146
7,7,10,2,0.7894150018692017,0.0
7,7,18,2,0.9074638485908508,0.7559289460184546
7,7,34,2,1.0,1.0000000000000004
7,7,66,2,1.0,1.0000000000000004
7,7,12,2,0.994065523147583,0.7142857142857146
7,7,20,2,1.0,1.0000000000000004
7,7,36,2,1.0,1.0000000000000004
7,7,68,2,0.994065523147583,0.7142857142857146
7,7,24,2,0.9074638485908508,0.7559289460184546
7,7,40,2,0.888025164604187,0.566946709513841
7,7,72,2,0.8991647958755493,0.3779644730092273
7,7,48,2,0.9074638485908508,0.7559289460184546
7,7,80,2,0.9074638485908508,0.7559289460184546
7,7,96,2,0.9074638485908508,0.7559289460184546
7,7,7,3,0.9713659286499023,0.7142857142857146
7,7,11,3,0.994065523147583,0.7142857142857146
7,7,19,3,1.0,1.0000000000000004
7,7,35,3,1.0,1.0000000000000004
7,7,67,3,1.0,1.0000000000000004
7,7,13,3,0.994065523147583,0.7142857142857146
7,7,21,3,1.0,1.0000000000000004
7,7,37,3,1.0,1.0000000000000004
7,7,69,3,1.0,1.0000000000000004
7,7,25,3,1.0,1.0000000000000004
7,7,41,3,1.0,1.0000000000000004
7,7,73,3,0.994065523147583,0.7142857142857146
7,7,49,3,1.0,1.0000000000000004
7,7,81,3,1.0,1.0000000000000004
7,7,97,3,1.0,1.0000000000000004
7,7,14,3,0.994065523147583,0.7142857142857146
7,7,22,3,1.0,1.0000000000000004
7,7,38,3,1.0,1.0000000000000004
7,7,70,3,1.0,1.0000000000000004
7,7,26,3,1.0,1.0000000000000004
7,7,42,3,1.0,1.0000000000000004
7,7,74,3,0.994065523147583,0.7142857142857146
7,7,50,3,1.0,1.0000000000000004
7,7,82,3,1.0,1.0000000000000004
7,7,98,3,1.0,1.0000000000000004
7,7,28,3,1.0,1.0000000000000004
7,7,44,3,1.0,1.0000000000000004
7,7,76,3,0.994065523147583,0.7142857142857146
7,7,52,3,1.0,1.0000000000000004
7,7,84,3,1.0,1.0000000000000004
7,7,100,3,1.0,1.0000000000000004
7,7,56,3,1.0,1.0000000000000004
7,7,88,3,0.9074638485908508,0.7559289460184546
7,7,104,3,0.9074638485908508,0.7559289460184546
7,7,112,3,0.9074638485908508,0.7559289460184546
7,7,15,4,0.994065523147583,0.7142857142857146
7,7,23,4,1.0,1.0000000000000004
7,7,39,4,1.0,1.0000000000000004
7,7,71,4,1.0,1.0000000000000004
7,7,27,4,1.0,1.0000000000000004
7,7,43,4,1.0,1.0000000000000004
7,7,75,4,0.994065523147583,0.7142857142857146
7,7,51,4,1.0,1.0000000000000004
7,7,83,4,1.0,1.0000000000000004
7,7,99,4,1.0,1.0000000000000004
7,7,29,4,1.0,1.0000000000000004
7,7,45,4,1.0,1.0000000000000004
7,7,77,4,0.994065523147583,0.7142857142857146
7,7,53,4,1.0,1.0000000000000004
7,7,85,4,1.0,1.0000000000000004
7,7,101,4,1.0,1.0000000000000004
7,7,57,4,1.0,1.0000000000000004
7,7,89,4,1.0,1.0000000000000004
7,7,105,4,1.0,1.0000000000000004
7,7,113,4,1.0,1.0000000000000004
7,7,30,4,1.0,1.0000000000000004
7,7,46,4,1.0,1.0000000000000004
7,7,78,4,0.994065523147583,0.7142857142857146
7,7,54,4,1.0,1.0000000000000004
7,7,86,4,1.0,1.0000000000000004
7,7,102,4,1.0,1.0000000000000004
7,7,58,4,1.0,1.0000000000000004
7,7,90,4,1.0,1.0000000000000004
7,7,106,4,1.0,1.0000000000000004
7,7,114,4,1.0,1.0000000000000004
7,7,60,4,1.0,1.0000000000000004
7,7,92,4,1.0,1.0000000000000004
7,7,108,4,1.0,1.0000000000000004
7,7,116,4,1.0,1.0000000000000004
7,7,120,4,0.9074638485908508,0.7559289460184546
7,7,31,5,1.0,1.0000000000000004
7,7,47,5,1.0,1.0000000000000004
7,7,79,5,0.994065523147583,0.7142857142857146
7,7,55,5,1.0,1.0000000000000004
7,7,87,5,1.0,1.0000000000000004
7,7,103,5,1.0,1.0000000000000004
7,7,59,5,1.0,1.0000000000000004
7,7,91,5,1.0,1.0000000000000004
7,7,107,5,1.0,1.0000000000000004
7,7,115,5,1.0,1.0000000000000004
7,7,61,5,1.0,1.0000000000000004
7,7,93,5,1.0,1.0000000000000004
7,7,109,5,1.0,1.0000000000000004
7,7,117,5,1.0,1.0000000000000004
7,7,121,5,1.0,1.0000000000000004
7,7,62,5,1.0,1.0000000000000004
7,7,94,5,1.0,1.0000000000000004
7,7,110,5,1.0,1.0000000000000004
7,7,118,5,1.0,1.0000000000000004
7,7,122,5,1.0,1.0000000000000004
7,7,124,5,1.0,1.0000000000000004
7,7,63,6,1.0,1.0000000000000004
7,7,95,6,1.0,1.0000000000000004
7,7,111,6,1.0,1.0000000000000004
7,7,119,6,1.0,1.0000000000000004
7,7,123,6,1.0,1.0000000000000004
7,7,125,6,1.0,1.0000000000000004
7,7,126,6,1.0,1.0000000000000004
9,4,15,4,0.9999998807907104,1.0
9,4,0,0,0.7830830812454224,0.0
9,4,1,1,0.8241328001022339,0.5
9,4,2,1,0.7684720158576965,0.0
9,4,4,1,0.8415993452072144,0.2886751345948129
9,4,8,1,0.7830830812454224,0.0
9,4,3,2,0.735231876373291,0.0
9,4,5,2,0.9999998807907104,1.0
9,4,9,2,0.8241328001022339,0.5
9,4,6,2,0.9199049472808838,0.5773502691896258
9,4,10,2,0.7684720158576965,0.0
9,4,12,2,0.8415993452072144,0.2886751345948129
9,4,7,3,0.9999998807907104,1.0
9,4,11,3,0.735231876373291,0.0
9,4,13,3,0.9999998807907104,1.0
9,4,14,3,0.9199049472808838,0.5773502691896258
11,6,63,6,0.9999998807907104,1.0000000000000002
11,6,0,0,0.6981995701789856,0.0
11,6,1,1,0.7594676613807678,0.4714045207910318
11,6,2,1,0.7354645729064941,0.2357022603955159
11,6,4,1,0.8408298492431641,0.4082482904638631
11,6,8,1,0.7378545999526978,0.2357022603955159
11,6,16,1,0.7649065852165222,0.1666666666666667
11,6,32,1,0.6981995701789856,0.0
11,6,3,2,0.7650085687637329,0.5773502691896258
11,6,5,2,0.8545249700546265,0.6123724356957946
11,6,9,2,0.7618744373321533,0.4714045207910318
11,6,17,2,0.7424719333648682,0.5477225575051663
11,6,33,2,0.7594676613807678,0.4714045207910318
11,6,6,2,0.8408298492431641,0.4082482904638631
11,6,10,2,0.7632896900177002,0.4082482904638631
11,6,18,2,0.7424719333648682,0.5477225575051663
11,6,34,2,0.7376689314842224,0.2357022603955159
11,6,12,2,0.8627586960792542,0.5773502691896258
11,6,20,2,0.9413479566574097,0.8164965809277261
11,6,36,2,0.8408298492431641,0.4082482904638631
11,6,24,2,0.8332422971725464,0.2357022603955159
11,6,40,2,0.7357292771339417,0.0
11,6,48,2,0.748599648475647,0.0
11,6,7,3,0.8569485545158386,0.7071067811865477
11,6,11,3,0.7904479503631592,0.6123724356957946
11,6,19,3,0.7424719333648682,0.5477225575051663
11,6,35,3,0.7650085687637329,0.5773502691896258
11,6,13,3,0.8772251605987549,0.8164965809277261
11,6,21,3,0.9413479566574097,0.8164965809277261
11,6,37,3,0.8545249700546265,0.6123724356957946
11,6,25,3,0.8534585237503052,0.5477225575051663
11,6,41,3,0.7696235775947571,0.4714045207910318
11,6,49,3,0.7424719333648682,0.5477225575051663
11,6,14,3,0.8741912841796875,0.6123724356957946
11,6,22,3,0.9717020988464355,0.912870929175277
11,6,38,3,0.8408298492431641,0.4082482904638631
11,6,26,3,0.9999998807907104,1.0000000000000002
11,6,42,3,0.7065114974975586,0.1825741858350554
11,6,50,3,0.7482430338859558,0.3651483716701108
11,6,28,3,0.8936924338340759,0.4082482904638631
11,6,44,3,0.8627586960792542,0.5773502691896258
11,6,52,3,0.9413479566574097,0.8164965809277261
11,6,56,3,0.8332422971725464,0.2357022603955159
11,6,15,4,0.8772251605987549,0.8164965809277261
11,6,23,4,0.9717020988464355,0.912870929175277
11,6,39,4,0.8569485545158386,0.7071067811865477
11,6,27,4,0.880384087562561,0.6666666666666669
11,6,43,4,0.7904479503631592,0.6123724356957946
11,6,51,4,0.7386004328727722,0.3333333333333334
11,6,29,4,0.9469935894012451,0.7715167498104598
11,6,45,4,0.8772251605987549,0.8164965809277261
11,6,53,4,0.9413479566574097,0.8164965809277261
11,6,57,4,0.8745388388633728,0.6666666666666669
11,6,30,4,0.9999998807907104,1.0000000000000002
11,6,46,4,0.8741912841796875,0.6123724356957946
11,6,54,4,0.9717020988464355,0.912870929175277
11,6,58,4,0.9274768829345703,0.8333333333333336
11,6,60,4,0.8936924338340759,0.4082482904638631
11,6,31,5,0.9999998807907104,1.0000000000000002
11,6,47,5,0.8772251605987549,0.8164965809277261
11,6,55,5,0.9717020988464355,0.912870929175277
11,6,59,5,0.880384087562561,0.6666666666666669
11,6,61,5,0.9486423134803772,0.7715167498104598
11,6,62,5,0.9999998807907104,1.0000000000000002
13,7,127,7,1.0,1.0000000000000004
13,7,0,0,0.7092947363853455,0.0
13,7,1,1,0.7681280374526978,0.46291004988627593
13,7,2,1,0.7092947363853455,0.0
13,7,4,1,0.7345311045646667,0.25197631533948484
13,7,8,1,0.7638399600982666,0.21821789023599245
13,7,16,1,0.819870114326477,0.3779644730092273
13,7,32,1,0.8263111114501953,0.3779644730092273
13,7,64,1,0.9125978946685791,0.5345224838248489
13,7,3,2,0.7823014259338379,0.4285714285714288
13,7,5,2,0.8205990791320801,0.46291004988627593
13,7,9,2,0.855132520198822,0.6761234037828134
13,7,17,2,0.8376275897026062,0.566946709513841
13,7,33,2,0.9326724410057068,0.7142857142857146
13,7,65,2,0.941401481628418,0.629940788348712
13,7,6,2,0.7837862968444824,0.4285714285714288
13,7,10,2,0.7971733808517456,0.6172133998483679
13,7,18,2,0.819870114326477,0.3779644730092273
13,7,34,2,0.9326724410057068,0.7142857142857146
13,7,66,2,0.9426881074905396,0.6681531047810612
13,7,12,2,0.7887732982635498,0.5714285714285717
13,7,20,2,0.893468976020813,0.7715167498104598
13,7,36,2,0.8862276673316956,0.6761234037828134
13,7,68,2,0.9026416540145874,0.6761234037828134
13,7,24,2,0.9110145568847656,0.8571428571428575
13,7,40,2,0.9706515073776245,0.9258200997725518
13,7,72,2,0.8329017162322998,0.26726124191242445
13,7,48,2,0.8810012340545654,0.4364357804719849
13,7,80,2,0.9481415748596191,0.6546536707079773
13,7,96,2,0.9125978946685791,0.5345224838248489
13,7,7,3,0.817378580570221,0.4285714285714288
13,7,11,3,0.8879498243331909,0.5714285714285717
13,7,19,3,0.8541135191917419,0.6761234037828134
13,7,35,3,0.9326724410057068,0.7142857142857146
13,7,67,3,0.9326724410057068,0.7142857142857146
13,7,13,3,0.9426069259643555,0.8571428571428575
13,7,21,3,0.824469804763794,0.6172133998483679
13,7,37,3,0.9706515073776245,0.9258200997725518
13,7,69,3,0.9465976357460022,0.8451542547285168
13,7,25,3,0.8504568934440613,0.7142857142857146
13,7,41,3,1.0,1.0000000000000004
13,7,73,3,0.9371713995933533,0.8571428571428575
13,7,49,3,0.978952944278717,0.9258200997725518
13,7,81,3,0.9544420838356018,0.8451542547285168
13,7,97,3,0.9632114768028259,0.7559289460184544
13,7,14,3,0.9110145568847656,0.8571428571428575
13,7,22,3,0.8433109521865845,0.6172133998483679
13,7,38,3,0.9706515073776245,0.9258200997725518
13,7,70,3,0.9465976357460022,0.8451542547285168
13,7,26,3,0.9110145568847656,0.8571428571428575
13,7,42,3,0.9706515073776245,0.9258200997725518
13,7,74,3,0.9706515073776245,0.9258200997725518
13,7,50,3,0.978952944278717,0.9258200997725518
13,7,82,3,0.9481415748596191,0.6546536707079773
13,7,98,3,0.9632114768028259,0.7559289460184544
13,7,28,3,0.9110145568847656,0.8571428571428575
13,7,44,3,1.0,1.0000000000000004
13,7,76,3,1.0,1.0000000000000004
13,7,52,3,0.978952944278717,0.9258200997725518
13,7,84,3,0.978952944278717,0.9258200997725518
13,7,100,3,0.9706515073776245,0.9258200997725518
13,7,56,3,1.0,1.0000000000000004
13,7,88,3,0.9741374254226685,0.7559289460184546
13,7,104,3,0.9487366080284119,0.6546536707079773
13,7,112,3,0.9481415748596191,0.6546536707079773
13,7,15,4,0.9426069259643555,0.8571428571428575
13,7,23,4,0.824469804763794,0.6172133998483679
13,7,39,4,0.9706515073776245,0.9258200997725518
13,7,71,4,0.9465976357460022,0.8451542547285168
13,7,27,4,0.8544033765792847,0.7142857142857146
13,7,43,4,1.0,1.0000000000000004
13,7,75,4,0.8837048411369324,0.7715167498104598
13,7,51,4,0.978952944278717,0.9258200997725518
13,7,83,4,0.978952944278717,0.9258200997725518
13,7,99,4,0.941401481628418,0.629940788348712
13,7,29,4,0.9110145568847656,0.8571428571428575
13,7,45,4,1.0,1.0000000000000004
13,7,77,4,0.8837048411369324,0.7715167498104598
13,7,53,4,0.978952944278717,0.9258200997725518
13,7,85,4,0.978952944278717,0.9258200997725518
13,7,101,4,0.9706515073776245,0.9258200997725518
13,7,57,4,1.0,1.0000000000000004
13,7,89,4,1.0,1.0000000000000004
13,7,105,4,0.9706515073776245,0.9258200997725518
13,7,113,4,0.978952944278717,0.9258200997725518
13,7,30,4,0.9110145568847656,0.8571428571428575
13,7,46,4,1.0,1.0000000000000004
13,7,78,4,0.915930986404419,0.7142857142857146
13,7,54,4,1.0,1.0000000000000004
13,7,86,4,1.0,1.0000000000000004
13,7,102,4,0.9706515073776245,0.9258200997725518
13,7,58,4,1.0,1.0000000000000004
13,7,90,4,1.0,1.0000000000000004
13,7,106,4,0.9706515073776245,0.9258200997725518
13,7,114,4,0.978952944278717,0.9258200997725518
13,7,60,4,1.0,1.0000000000000004
13,7,92,4,1.0,1.0000000000000004
13,7,108,4,0.9706515073776245,0.9258200997725518
13,7,116,4,1.0,1.0000000000000004
13,7,120,4,0.9741374254226685,0.7559289460184546
13,7,31,5,0.9110145568847656,0.8571428571428575
13,7,47,5,1.0,1.0000000000000004
13,7,79,5,0.8837048411369324,0.7715167498104598
13,7,55,5,1.0,1.0000000000000004
13,7,87,5,0.978952944278717,0.9258200997725518
13,7,103,5,0.9706515073776245,0.9258200997725518
13,7,59,5,0.8653126358985901,0.484182026135042
13,7,91,5,1.0,1.0000000000000004
13,7,107,5,0.9706515073776245,0.9258200997725518
13,7,115,5,0.978952944278717,0.9258200997725518
13,7,61,5,1.0,1.0000000000000004
13,7,93,5,1.0,1.0000000000000004
13,7,109,5,1.0,1.0000000000000004
13,7,117,5,1.0,1.0000000000000004
13,7,121,5,1.0,1.0000000000000004
13,7,62,5,1.0,1.0000000000000004
13,7,94,5,1.0,1.0000000000000004
13,7,110,5,0.9706515073776245,0.9258200997725518
13,7,118,5,1.0,1.0000000000000004
13,7,122,5,1.0,1.0000000000000004
13,7,124,5,1.0,1.0000000000000004
13,7,63,6,1.0,1.0000000000000004
13,7,95,6,1.0,1.0000000000000004
13,7,111,6,1.0,1.0000000000000004
13,7,119,6,1.0,1.0000000000000004
13,7,123,6,1.0,1.0000000000000004
13,7,125,6,1.0,1.0000000000000004
13,7,126,6,1.0,1.0000000000000004
15,5,31,5,1.0,1.0000000000000002
15,5,0,0,0.7939521074295044,0.0
15,5,1,1,0.9258216023445129,0.8000000000000002
15,5,2,1,0.896769642829895,0.632455532033676
15,5,4,1,0.7989377975463867,0.0
15,5,8,1,0.9574498534202576,0.894427190999916
15,5,16,1,0.8784455060958862,0.447213595499958
15,5,3,2,1.0,1.0000000000000002
15,5,5,2,0.9258216023445129,0.8000000000000002
15,5,9,2,1.0,1.0000000000000002
15,5,17,2,0.9258216023445129,0.8000000000000002
15,5,6,2,0.8926373720169067,0.632455532033676
15,5,10,2,0.9574498534202576,0.894427190999916
15,5,18,2,0.9574498534202576,0.894427190999916
15,5,12,2,0.9057268500328064,0.7745966692414836
15,5,20,2,0.7983907461166382,0.4000000000000001
15,5,24,2,0.9057268500328064,0.7745966692414836
15,5,7,3,1.0,1.0000000000000002
15,5,11,3,1.0,1.0000000000000002
15,5,19,3,1.0,1.0000000000000002
15,5,13,3,1.0,1.0000000000000002
15,5,21,3,0.9258216023445129,0.8000000000000002
15,5,25,3,1.0,1.0000000000000002
15,5,14,3,0.9574498534202576,0.894427190999916
15,5,22,3,0.9133684635162354,0.670820393249937
15,5,26,3,0.9574498534202576,0.894427190999916
15,5,28,3,0.9057268500328064,0.7745966692414836
15,5,15,4,1.0,1.0000000000000002
15,5,23,4,1.0,1.0000000000000002
15,5,27,4,1.0,1.0000000000000002
15,5,29,4,1.0,1.0000000000000002
15,5,30,4,0.9574498534202576,0.894427190999916
16,6,63,6,1.0,1.0000000000000002
16,6,0,0,0.7920902371406555,0.7071067811865477
16,6,1,1,0.7944443821907043,0.7071067811865477
16,6,2,1,0.7920902371406555,0.7071067811865477
16,6,4,1,0.8103591203689575,0.7302967433402217
16,6,8,1,0.7399253249168396,0.0
16,6,16,1,0.7920902371406555,0.7071067811865477
16,6,32,1,1.0,1.0000000000000002
16,6,3,2,0.7944443821907043,0.7071067811865477
16,6,5,2,0.7557699084281921,0.6666666666666669
16,6,9,2,0.8651639819145203,0.8333333333333336
16,6,17,2,0.7944443821907043,0.7071067811865477
16,6,33,2,1.0,1.0000000000000002
16,6,6,2,0.8103591203689575,0.7302967433402217
16,6,10,2,0.9198628664016724,0.912870929175277
16,6,18,2,0.7920902371406555,0.7071067811865477
16,6,34,2,1.0,1.0000000000000002
16,6,12,2,0.7399253249168396,0.0
16,6,20,2,0.7399253249168396,0.0
16,6,36,2,1.0,1.0000000000000002
16,6,24,2,0.7399253249168396,0.0
16,6,40,2,1.0,1.0000000000000002
16,6,48,2,1.0,1.0000000000000002
16,6,7,3,0.9234497547149658,0.912870929175277
16,6,11,3,0.8651639819145203,0.8333333333333336
16,6,19,3,0.7944443821907043,0.7071067811865477
16,6,35,3,1.0,1.0000000000000002
16,6,13,3,0.8561239838600159,0.8333333333333336
16,6,21,3,0.9056617617607117,0.8333333333333336
16,6,37,3,1.0,1.0000000000000002
16,6,25,3,0.8561239838600159,0.8333333333333336
16,6,41,3,1.0,1.0000000000000002
16,6,49,3,1.0,1.0000000000000002
16,6,14,3,0.8673340678215027,0.8333333333333336
16,6,22,3,0.7944443821907043,0.7071067811865477
16,6,38,3,1.0,1.0000000000000002
16,6,26,3,0.9198628664016724,0.912870929175277
16,6,42,3,1.0,1.0000000000000002
16,6,50,3,1.0,1.0000000000000002
16,6,28,3,0.7399253249168396,0.0
16,6,44,3,1.0,1.0000000000000002
16,6,52,3,1.0,1.0000000000000002
16,6,56,3,1.0,1.0000000000000002
16,6,15,4,0.8561239838600159,0.8333333333333336
16,6,23,4,0.9198628664016724,0.912870929175277
16,6,39,4,1.0,1.0000000000000002
16,6,27,4,0.8561239838600159,0.8333333333333336
16,6,43,4,1.0,1.0000000000000002
16,6,51,4,1.0,1.0000000000000002
16,6,29,4,0.7999386191368103,0.6666666666666669
16,6,45,4,1.0,1.0000000000000002
16,6,53,4,1.0,1.0000000000000002
16,6,57,4,1.0,1.0000000000000002
16,6,30,4,0.9198628664016724,0.912870929175277
16,6,46,4,1.0,1.0000000000000002
16,6,54,4,1.0,1.0000000000000002
16,6,58,4,1.0,1.0000000000000002
16,6,60,4,1.0,1.0000000000000002
16,6,31,5,0.7999386191368103,0.6666666666666669
16,6,47,5,1.0,1.0000000000000002
16,6,55,5,1.0,1.0000000000000002
16,6,59,5,1.0,1.0000000000000002
16,6,61,5,1.0,1.0000000000000002
16,6,62,5,1.0,1.0000000000000002
17,5,31,5,1.0000001192092896,1.0000000000000002
17,5,0,0,0.7290395498275757,0.0
17,5,1,1,0.7199679613113403,0.0
17,5,2,1,0.7290395498275757,0.0
17,5,4,1,0.8636497259140015,0.0
17,5,8,1,0.6997886300086975,0.0
17,5,16,1,0.7013153433799744,0.0
17,5,3,2,0.771520733833313,0.632455532033676
17,5,5,2,0.9556344747543335,0.670820393249937
17,5,9,2,0.7170963287353516,0.0
17,5,17,2,0.7429285645484924,0.2581988897471612
17,5,6,2,0.817966103553772,0.16903085094570336
17,5,10,2,0.6832134127616882,0.0
17,5,18,2,0.7013153433799744,0.0
17,5,12,2,0.8636497259140015,0.0
17,5,20,2,0.8320909738540649,0.0
17,5,24,2,0.6964516043663025,0.0
17,5,7,3,0.9028457403182983,0.6000000000000001
17,5,11,3,0.771520733833313,0.632455532033676
17,5,19,3,0.771520733833313,0.632455532033676
17,5,13,3,0.9265387654304504,0.6000000000000001
17,5,21,3,0.9265387654304504,0.6000000000000001
17,5,25,3,0.8244739770889282,0.6000000000000001
17,5,14,3,0.9574248194694519,0.670820393249937
17,5,22,3,0.8994051814079285,0.447213595499958
17,5,26,3,0.7468605041503906,0.447213595499958
17,5,28,3,0.8636497259140015,0.0
17,5,15,4,0.9700855016708374,0.8000000000000002
17,5,23,4,0.9184021353721619,0.6000000000000001
17,5,27,4,0.8287720084190369,0.8000000000000002
17,5,29,4,0.9306288361549377,0.6000000000000001
17,5,30,4,0.926824688911438,0.2581988897471612
18,4,15,4,1.0000001192092896,1.0000000000000002
18,4,0,0,0.74603271484375,0.0975900072948533
18,4,1,1,0.751283586025238,0.2581988897471612
18,4,2,1,0.7189256548881531,0.0
18,4,4,1,0.7449023723602295,0.09534625892455925
18,4,8,1,0.7372047901153564,0.0
18,4,3,2,0.7456163167953491,0.223606797749979
18,4,5,2,0.7705589532852173,0.2581988897471612
18,4,9,2,0.8884219527244568,0.8000000000000002
18,4,6,2,0.7696746587753296,0.0
18,4,10,2,0.7656298279762268,0.3651483716701108
18,4,12,2,0.7413465976715088,0.0
18,4,7,3,0.7872061729431152,0.5163977794943224
18,4,11,3,1.0000001192092896,1.0000000000000002
18,4,13,3,1.0000001192092896,1.0000000000000002
18,4,14,3,0.8168679475784302,0.6000000000000001
21,7,127,7,0.9999999403953552,1.0000000000000002
21,7,0,0,0.7610129117965698,0.30316953129541624
21,7,1,1,0.8011236190795898,0.632455532033676
21,7,2,1,0.7823676466941833,0.3535533905932738
21,7,4,1,0.9301302433013916,0.5303300858899107
21,7,8,1,0.7836642861366272,0.37796447300922736
21,7,16,1,0.7246698141098022,0.3061862178478973
21,7,32,1,0.8248009085655212,0.4082482904638631
21,7,64,1,0.7489625215530396,0.40089186286863665
21,7,3,2,0.8011236190795898,0.632455532033676
21,7,5,2,0.9894149899482727,0.8660254037844387
21,7,9,2,0.7827256321907043,0.474341649025257
21,7,17,2,0.7606567144393921,0.5773502691896258
21,7,33,2,0.8718850016593933,0.6681531047810612
21,7,65,2,0.8011236190795898,0.632455532033676
21,7,6,2,0.9388757348060608,0.3535533905932738
21,7,10,2,0.7711187601089478,0.36084391824351625
21,7,18,2,0.7360861897468567,0.40089186286863665
21,7,34,2,0.8371519446372986,0.5345224838248489
21,7,66,2,0.7918916940689087,0.474341649025257
21,7,12,2,0.8616994619369507,0.3750000000000001
21,7,20,2,0.9368301630020142,0.632455532033676
21,7,36,2,0.931363046169281,0.632455532033676
21,7,68,2,0.9881930947303772,0.7216878364870323
21,7,24,2,0.7707127332687378,0.447213595499958
21,7,40,2,0.8473898768424988,0.5103103630798288
21,7,72,2,0.7215956449508667,0.1767766952966369
21,7,48,2,0.8325321674346924,0.40089186286863665
21,7,80,2,0.7918916940689087,0.474341649025257
21,7,96,2,0.8787421584129333,0.5590169943749476
21,7,7,3,0.9894149899482727,0.8660254037844387
21,7,11,3,0.7725632190704346,0.5303300858899107
21,7,19,3,0.7606567144393921,0.5773502691896258
21,7,35,3,0.8871458172798157,0.6681531047810612
21,7,67,3,0.8011236190795898,0.632455532033676
21,7,13,3,0.9715633392333984,0.790569415042095
21,7,21,3,0.96012282371521,0.7500000000000001
21,7,37,3,0.9506601095199585,0.8017837257372734
21,7,69,3,0.9894149899482727,0.8660254037844387
21,7,25,3,0.7844781875610352,0.6250000000000001
21,7,41,3,0.8871458172798157,0.6681531047810612
21,7,73,3,0.8830437660217285,0.790569415042095
21,7,49,3,0.8885862827301025,0.8017837257372734
21,7,81,3,0.7719680666923523,0.6708203932499369
21,7,97,3,0.883944034576416,0.6708203932499369
21,7,14,3,0.9265391826629639,0.632455532033676
21,7,22,3,0.8350392580032349,0.7216878364870323
21,7,38,3,0.931363046169281,0.632455532033676
21,7,70,3,0.8690518140792847,0.5773502691896258
21,7,26,3,0.780287504196167,0.474341649025257
21,7,42,3,0.9058820009231567,0.5345224838248489
21,7,74,3,0.9211978912353516,0.5773502691896258
21,7,50,3,0.8826647996902466,0.6681531047810612
21,7,82,3,0.7918916940689087,0.474341649025257
21,7,98,3,0.8826415538787842,0.6250000000000001
21,7,28,3,0.8783812522888184,0.5345224838248489
21,7,44,3,0.8847277760505676,0.5103103630798288
21,7,76,3,0.9881930947303772,0.7216878364870323
21,7,52,3,0.977628767490387,0.8333333333333334
21,7,84,3,0.9987587332725525,0.8750000000000001
21,7,100,3,0.9978048801422119,0.7500000000000001
21,7,56,3,0.9508189558982849,0.7216878364870323
21,7,88,3,0.799258828163147,0.40089186286863665
21,7,104,3,0.9987587332725525,0.8750000000000001
21,7,112,3,0.8826647996902466,0.6681531047810612
21,7,15,4,0.9715633392333984,0.790569415042095
21,7,23,4,0.96012282371521,0.7500000000000001
21,7,39,4,0.9506601095199585,0.8017837257372734
21,7,71,4,0.9894149899482727,0.8660254037844387
21,7,27,4,0.7730749845504761,0.632455532033676
21,7,43,4,0.9506601095199585,0.8017837257372734
21,7,75,4,0.9260647892951965,0.7216878364870323
21,7,51,4,0.8885862827301025,0.8017837257372734
21,7,83,4,0.7719680666923523,0.6708203932499369
21,7,99,4,0.8826415538787842,0.6250000000000001
21,7,29,4,0.9210695028305054,0.8017837257372734
21,7,45,4,0.9956835508346558,0.9354143466934857
21,7,77,4,0.9894149899482727,0.8660254037844387
21,7,53,4,0.9999999403953552,1.0000000000000002
21,7,85,4,0.9999999403953552,1.0000000000000002
21,7,101,4,0.9956835508346558,0.9354143466934857
21,7,57,4,0.9999999403953552,1.0000000000000002
21,7,89,4,0.9384804964065552,0.8750000000000001
21,7,105,4,0.9956835508346558,0.9354143466934857
21,7,113,4,0.8885862827301025,0.8017837257372734
21,7,30,4,0.8783812522888184,0.5345224838248489
21,7,46,4,0.9178496599197388,0.6681531047810612
21,7,78,4,0.9881930947303772,0.7216878364870323
21,7,54,4,0.9999999403953552,1.0000000000000002
21,7,86,4,0.8309412002563477,0.6396021490668313
21,7,102,4,0.9956835508346558,0.9354143466934857
21,7,58,4,0.9987587332725525,0.8750000000000001
21,7,90,4,0.8158235549926758,0.5590169943749476
21,7,106,4,0.9987587332725525,0.8750000000000001
21,7,114,4,0.8885862827301025,0.8017837257372734
21,7,60,4,0.9348178505897522,0.6250000000000001
21,7,92,4,0.9316816329956055,0.7500000000000001
21,7,108,4,0.9946410059928894,0.8017837257372734
21,7,116,4,0.9987587332725525,0.8750000000000001
21,7,120,4,0.9987587332725525,0.8750000000000001
21,7,31,5,0.9210695028305054,0.8017837257372734
21,7,47,5,0.9506601095199585,0.8017837257372734
21,7,79,5,0.9894149899482727,0.8660254037844387
21,7,55,5,0.9999999403953552,1.0000000000000002
21,7,87,5,0.9999999403953552,1.0000000000000002
21,7,103,5,0.9956835508346558,0.9354143466934857
21,7,59,5,0.9999999403953552,1.0000000000000002
21,7,91,5,0.9384804964065552,0.8750000000000001
21,7,107,5,0.9999999403953552,1.0000000000000002
21,7,115,5,0.8885862827301025,0.8017837257372734
21,7,61,5,0.9999999403953552,1.0000000000000002
21,7,93,5,0.9999999403953552,1.0000000000000002
21,7,109,5,0.9956835508346558,0.9354143466934857
21,7,117,5,0.9999999403953552,1.0000000000000002
21,7,121,5,0.9999999403953552,1.0000000000000002
21,7,62,5,0.9134103655815125,0.7559289460184547
21,7,94,5,0.9316816329956055,0.7500000000000001
21,7,110,5,0.9987587332725525,0.8750000000000001
21,7,118,5,0.9999999403953552,1.0000000000000002
21,7,122,5,0.9987587332725525,0.8750000000000001
21,7,124,5,0.9987587332725525,0.8750000000000001
21,7,63,6,0.9999999403953552,1.0000000000000002
21,7,95,6,0.9999999403953552,1.0000000000000002
21,7,111,6,0.9956835508346558,0.9354143466934857
21,7,119,6,0.9999999403953552,1.0000000000000002
21,7,123,6,0.9999999403953552,1.0000000000000002
21,7,125,6,0.9999999403953552,1.0000000000000002
21,7,126,6,0.9987587332725525,0.8750000000000001
23,4,15,4,1.0,1.0
23,4,0,0,0.759300708770752,0.0
23,4,1,1,0.7921097278594971,0.5
23,4,2,1,0.7532025575637817,0.0
23,4,4,1,0.759300708770752,0.0
23,4,8,1,0.8285958766937256,0.2886751345948129
23,4,3,2,0.8694636821746826,0.75
23,4,5,2,0.7921097278594971,0.5
23,4,9,2,0.8510054349899292,0.75
23,4,6,2,0.7584510445594788,0.0
23,4,10,2,0.9445750713348389,0.8660254037844388
23,4,12,2,0.8148057460784912,0.2886751345948129
23,4,7,3,0.8694636821746826,0.75
23,4,11,3,1.0,1.0
23,4,13,3,1.0,1.0
23,4,14,3,0.9445750713348389,0.8660254037844388
24,4,15,4,1.0,1.0
24,4,0,0,0.7273948192596436,0.0
24,4,1,1,0.7739022374153137,0.5
24,4,2,1,0.7797254323959351,0.0
24,4,4,1,0.7621167302131653,0.2886751345948129
24,4,8,1,0.7273948192596436,0.0
24,4,3,2,0.8305696845054626,0.2886751345948129
24,4,5,2,0.9563758969306946,0.75
24,4,9,2,0.7739022374153137,0.5
24,4,6,2,0.9368981122970581,0.8660254037844388
24,4,10,2,0.7601879239082336,0.0
24,4,12,2,0.7621167302131653,0.2886751345948129
24,4,7,3,1.0,1.0
24,4,11,3,0.8397612571716309,0.2886751345948129
24,4,13,3,0.9563758969306946,0.75
24,4,14,3,1.0,1.0
29,5,31,5,1.0,1.0
29,5,0,0,0.6940642595291138,0.0
29,5,1,1,0.7809767723083496,0.7071067811865476
29,5,2,1,0.7351686954498291,0.0
29,5,4,1,0.6887104511260986,0.0
29,5,8,1,0.6940642595291138,0.0
29,5,16,1,0.7335271835327148,0.0
29,5,3,2,0.7809767723083496,0.7071067811865476
29,5,5,2,0.7743505239486694,0.5773502691896258
29,5,9,2,0.783406138420105,0.5773502691896258
29,5,17,2,0.8278144598007202,0.75
29,5,6,2,0.7079095840454102,0.0
29,5,10,2,0.7202125787734985,0.3535533905932738
29,5,18,2,0.7517220973968506,0.25
29,5,12,2,0.7306903600692749,0.0
29,5,20,2,0.7454162240028381,0.0
29,5,24,2,0.741511881351471,0.0
29,5,7,3,0.7743505239486694,0.5773502691896258
29,5,11,3,0.783406138420105,0.5773502691896258
29,5,19,3,0.7822842001914978,0.75
29,5,13,3,0.779721200466156,0.0
29,5,21,3,0.7912837266921997,0.75
29,5,25,3,0.8278144598007202,0.75
29,5,14,3,0.7374776005744934,0.0
29,5,22,3,0.7894920110702515,0.0
29,5,26,3,0.7552841305732727,0.25
29,5,28,3,0.7497099041938782,0.0
29,5,15,4,0.7743505239486694,0.5773502691896258
29,5,23,4,0.7912837266921997,0.75
29,5,27,4,0.785488486289978,0.75
29,5,29,4,0.8762383460998535,0.75
29,5,30,4,0.906772792339325,0.75
31,6,63,6,1.0,1.0000000000000004
31,6,0,0,0.7104167938232422,0.0
31,6,1,1,0.7869117259979248,0.5070925528371101
31,6,2,1,0.7368794679641724,0.15430334996209197
31,6,4,1,0.7869117259979248,0.5070925528371101
31,6,8,1,0.74364173412323,0.16903085094570336
31,6,16,1,0.7536966800689697,0.5070925528371101
31,6,32,1,0.8335833549499512,0.6761234037828134
31,6,3,2,0.7869117259979248,0.5070925528371101
31,6,5,2,0.7869117259979248,0.5070925528371101
31,6,9,2,0.8391494154930115,0.7715167498104598
31,6,17,2,0.7738391160964966,0.5070925528371101
31,6,33,2,0.8335833549499512,0.6761234037828134
31,6,6,2,0.7869117259979248,0.5070925528371101
31,6,10,2,0.74364173412323,0.16903085094570336
31,6,18,2,0.7536966800689697,0.5070925528371101
31,6,34,2,0.8335833549499512,0.6761234037828134
31,6,12,2,0.74364173412323,0.16903085094570336
31,6,20,2,0.7792263031005859,0.5070925528371101
31,6,36,2,0.8335833549499512,0.6761234037828134
31,6,24,2,0.7484703660011292,0.15430334996209197
31,6,40,2,0.9201095104217529,0.9258200997725518
31,6,48,2,0.8085604310035706,0.6172133998483679
31,6,7,3,0.7823389172554016,0.40089186286863665
31,6,11,3,0.8513932228088379,0.7715167498104598
31,6,19,3,0.7738391160964966,0.5070925528371101
31,6,35,3,0.8335833549499512,0.6761234037828134
31,6,13,3,0.8513932228088379,0.7715167498104598
31,6,21,3,0.7738391160964966,0.5070925528371101
31,6,37,3,0.8335833549499512,0.6761234037828134
31,6,25,3,0.8668456077575684,0.7715167498104598
31,6,41,3,0.8957852721214294,0.7715167498104598
31,6,49,3,0.8085604310035706,0.6172133998483679
31,6,14,3,0.74364173412323,0.16903085094570336
31,6,22,3,0.7536966800689697,0.5070925528371101
31,6,38,3,0.8335833549499512,0.6761234037828134
31,6,26,3,0.812667965888977,0.5070925528371101
31,6,42,3,0.9201095104217529,0.9258200997725518
31,6,50,3,0.8085604310035706,0.6172133998483679
31,6,28,3,0.7705929279327393,0.15430334996209197
31,6,44,3,0.9201095104217529,0.9258200997725518
31,6,52,3,0.8085604310035706,0.6172133998483679
31,6,56,3,0.9133949875831604,0.8571428571428575
31,6,15,4,0.8513932228088379,0.7715167498104598
31,6,23,4,0.7738391160964966,0.5070925528371101
31,6,39,4,0.8335833549499512,0.6761234037828134
31,6,27,4,0.8668456077575684,0.7715167498104598
31,6,43,4,0.8957852721214294,0.7715167498104598
31,6,51,4,0.8085604310035706,0.6172133998483679
31,6,29,4,0.8668456077575684,0.7715167498104598
31,6,45,4,0.8957852721214294,0.7715167498104598
31,6,53,4,0.8085604310035706,0.6172133998483679
31,6,57,4,1.0,1.0000000000000004
31,6,30,4,0.8668456077575684,0.7715167498104598
31,6,46,4,0.9201095104217529,0.9258200997725518
31,6,54,4,0.8085604310035706,0.6172133998483679
31,6,58,4,1.0,1.0000000000000004
31,6,60,4,0.8919960260391235,0.4285714285714288
31,6,31,5,0.8668456077575684,0.7715167498104598
31,6,47,5,0.8957852721214294,0.7715167498104598
31,6,55,5,0.8085604310035706,0.6172133998483679
31,6,59,5,1.0,1.0000000000000004
31,6,61,5,1.0,1.0000000000000004
31,6,62,5,1.0,1.0000000000000004
33,6,63,6,1.0000001192092896,1.0000000000000002
33,6,0,0,0.6951344013214111,0.0
33,6,1,1,0.7259737849235535,0.2886751345948129
33,6,2,1,0.684015154838562,0.0
33,6,4,1,0.741945207118988,0.0
33,6,8,1,0.696278989315033,0.0
33,6,16,1,0.745684027671814,0.4082482904638631
33,6,32,1,0.8392152786254883,0.4082482904638631
33,6,3,2,0.684015154838562,0.0
33,6,5,2,0.8687808513641357,0.4714045207910318
33,6,9,2,0.7227053642272949,0.2886751345948129
33,6,17,2,0.7259737849235535,0.2886751345948129
33,6,33,2,0.8906371593475342,0.7071067811865477
33,6,6,2,0.7071241140365601,0.0
33,6,10,2,0.6867438554763794,0.0
33,6,18,2,0.684015154838562,0.0
33,6,34,2,0.7972026467323303,0.20412414523193154
33,6,12,2,0.8680379390716553,0.4714045207910318
33,6,20,2,0.7204831838607788,0.0
33,6,36,2,0.8897669911384583,0.4082482904638631
33,6,24,2,0.7331525087356567,0.1825741858350554
33,6,40,2,0.8321727514266968,0.20412414523193154
33,6,48,2,0.850196123123169,0.5773502691896258
33,6,7,3,0.8072384595870972,0.2357022603955159
33,6,11,3,0.6867438554763794,0.0
33,6,19,3,0.684015154838562,0.0
33,6,35,3,0.7972026467323303,0.20412414523193154
33,6,13,3,0.938622236251831,0.912870929175277
33,6,21,3,0.8072384595870972,0.2357022603955159
33,6,37,3,0.9587616920471191,0.7302967433402217
33,6,25,3,0.7152122259140015,0.2886751345948129
33,6,41,3,0.8549244403839111,0.5477225575051663
33,6,49,3,0.8906371593475342,0.7071067811865477
33,6,14,3,0.8083875179290771,0.1825741858350554
33,6,22,3,0.7071241140365601,0.0
33,6,38,3,0.8693863153457642,0.3651483716701108
33,6,26,3,0.7097145318984985,0.15430334996209197
33,6,42,3,0.8128932118415833,0.15430334996209197
33,6,50,3,0.7904975414276123,0.1825741858350554
33,6,28,3,0.936752200126648,0.6123724356957946
33,6,44,3,0.9259586930274963,0.4714045207910318
33,6,52,3,0.8507487773895264,0.30860669992418394
33,6,56,3,0.8413217663764954,0.3651483716701108
33,6,15,4,0.8419207334518433,0.20412414523193154
33,6,23,4,0.8006232976913452,0.2357022603955159
33,6,39,4,0.8728022575378418,0.3651483716701108
33,6,27,4,0.653638482093811,0.1666666666666667
33,6,43,4,0.790117621421814,0.1666666666666667
33,6,51,4,0.7972026467323303,0.20412414523193154
33,6,29,4,1.0000001192092896,1.0000000000000002
33,6,45,4,0.9941319227218628,0.912870929175277
33,6,53,4,0.9376368522644043,0.5477225575051663
33,6,57,4,0.8334998488426208,0.3872983346207417
33,6,30,4,0.8760563731193542,0.4082482904638631
33,6,46,4,0.9259586930274963,0.4714045207910318
33,6,54,4,0.8693863153457642,0.3651483716701108
33,6,58,4,0.8252110481262207,0.2886751345948129
33,6,60,4,0.936752200126648,0.6123724356957946
33,6,31,5,1.0000001192092896,1.0000000000000002
33,6,47,5,0.9941319227218628,0.912870929175277
33,6,55,5,0.8728022575378418,0.3651483716701108
33,6,59,5,0.8603978157043457,0.6172133998483679
33,6,61,5,1.0000001192092896,1.0000000000000002
33,6,62,5,0.936752200126648,0.6123724356957946
34,7,127,7,1.0,1.0000000000000004
34,7,0,0,0.6923450231552124,0.0
34,7,1,1,0.7210354804992676,0.3779644730092273
34,7,2,1,0.7029659748077393,0.26726124191242445
34,7,4,1,0.6923450231552124,0.0
34,7,8,1,0.8255795240402222,0.3779644730092273
34,7,16,1,0.7052493095397949,0.0
34,7,32,1,0.8726128339767456,0.3779644730092273
34,7,64,1,0.6691502332687378,0.11952286093343942
34,7,3,2,0.8581889867782593,0.7559289460184546
34,7,5,2,0.8581889867782593,0.7559289460184546
34,7,9,2,0.8581889867782593,0.7559289460184546
34,7,17,2,0.8580406904220581,0.8451542547285168
34,7,33,2,0.8860493898391724,0.3380617018914067
34,7,65,2,0.7210354804992676,0.3779644730092273
34,7,6,2,0.7340066432952881,0.5345224838248489
34,7,10,2,0.8581889867782593,0.7559289460184546
34,7,18,2,0.7465486526489258,0.6761234037828134
34,7,34,2,0.8775674104690552,0.26726124191242445
34,7,66,2,0.7490806579589844,0.6546536707079773
34,7,12,2,0.8444299697875977,0.566946709513841
34,7,20,2,0.7052493095397949,0.0
34,7,36,2,0.8726128339767456,0.3779644730092273
34,7,68,2,0.6710107326507568,0.21821789023599245
34,7,24,2,0.8344377279281616,0.6761234037828134
34,7,40,2,0.9571422934532166,0.566946709513841
34,7,72,2,0.8255795240402222,0.3779644730092273
34,7,48,2,0.9263127446174622,0.7559289460184546
34,7,80,2,0.7577048540115356,0.566946709513841
34,7,96,2,0.8733327388763428,0.5345224838248489
34,7,7,3,0.8581889867782593,0.7559289460184546
34,7,11,3,0.8581889867782593,0.7559289460184546
34,7,19,3,0.8580406904220581,0.8451542547285168
34,7,35,3,1.0,1.0000000000000004
34,7,67,3,0.8770661354064941,0.8017837257372734
34,7,13,3,0.8581889867782593,0.7559289460184546
34,7,21,3,0.8580406904220581,0.8451542547285168
34,7,37,3,1.0,1.0000000000000004
34,7,69,3,0.8559637665748596,0.7715167498104598
34,7,25,3,0.8580406904220581,0.8451542547285168
34,7,41,3,1.0,1.0000000000000004
34,7,73,3,0.8767815828323364,0.8366600265340756
34,7,49,3,0.9263127446174622,0.7559289460184546
34,7,81,3,0.8580406904220581,0.8451542547285168
34,7,97,3,1.0,1.0000000000000004
34,7,14,3,0.8581889867782593,0.7559289460184546
34,7,22,3,0.7465486526489258,0.6761234037828134
34,7,38,3,0.9126124382019043,0.5070925528371101
34,7,70,3,0.7490806579589844,0.6546536707079773
34,7,26,3,0.8580406904220581,0.8451542547285168
34,7,42,3,1.0,1.0000000000000004
34,7,74,3,0.845571756362915,0.7142857142857146
34,7,50,3,1.0,1.0000000000000004
34,7,82,3,0.7465486526489258,0.6761234037828134
34,7,98,3,1.0,1.0000000000000004
34,7,28,3,0.8405080437660217,0.6761234037828134
34,7,44,3,0.9438890218734741,0.6172133998483679
34,7,76,3,0.8132714033126831,0.3779644730092273
34,7,52,3,0.9263127446174622,0.7559289460184546
34,7,84,3,0.8580406904220581,0.8451542547285168
34,7,100,3,0.8733327388763428,0.5345224838248489
34,7,56,3,1.0,1.0000000000000004
34,7,88,3,0.8580406904220581,0.8451542547285168
34,7,104,3,1.0,1.0000000000000004
34,7,112,3,0.9263127446174622,0.7559289460184546
34,7,15,4,0.8581889867782593,0.7559289460184546
34,7,23,4,0.8580406904220581,0.8451542547285168
34,7,39,4,1.0,1.0000000000000004
34,7,71,4,0.8654007911682129,0.8571428571428575
34,7,27,4,0.8580406904220581,0.8451542547285168
34,7,43,4,1.0,1.0000000000000004
34,7,75,4,0.84250807762146,0.7142857142857146
34,7,51,4,1.0,1.0000000000000004
34,7,83,4,0.8423337340354919,0.8571428571428575
34,7,99,4,1.0,1.0000000000000004
34,7,29,4,0.8580406904220581,0.8451542547285168
34,7,45,4,1.0,1.0000000000000004
34,7,77,4,0.8562318086624146,0.8017837257372734
34,7,53,4,1.0,1.0000000000000004
34,7,85,4,0.8580406904220581,0.8451542547285168
34,7,101,4,1.0,1.0000000000000004
34,7,57,4,1.0,1.0000000000000004
34,7,89,4,0.8629801273345947,0.8571428571428575
34,7,105,4,1.0,1.0000000000000004
34,7,113,4,0.9263127446174622,0.7559289460184546
34,7,30,4,0.8580406904220581,0.8451542547285168
34,7,46,4,1.0,1.0000000000000004
34,7,78,4,0.8581889867782593,0.7559289460184546
34,7,54,4,1.0,1.0000000000000004
34,7,86,4,0.7465486526489258,0.6761234037828134
34,7,102,4,1.0,1.0000000000000004
34,7,58,4,1.0,1.0000000000000004
34,7,90,4,0.8580406904220581,0.8451542547285168
34,7,106,4,1.0,1.0000000000000004
34,7,114,4,1.0,1.0000000000000004
34,7,60,4,1.0,1.0000000000000004
34,7,92,4,0.8580406904220581,0.8451542547285168
34,7,108,4,1.0,1.0000000000000004
34,7,116,4,1.0,1.0000000000000004
34,7,120,4,1.0,1.0000000000000004
34,7,31,5,0.8580406904220581,0.8451542547285168
34,7,47,5,1.0,1.0000000000000004
34,7,79,5,0.84250807762146,0.7142857142857146
34,7,55,5,1.0,1.0000000000000004
34,7,87,5,0.8580406904220581,0.8451542547285168
34,7,103,5,1.0,1.0000000000000004
34,7,59,5,1.0,1.0000000000000004
34,7,91,5,0.8629801273345947,0.8571428571428575
34,7,107,5,1.0,1.0000000000000004
34,7,115,5,1.0,1.0000000000000004
34,7,61,5,1.0,1.0000000000000004
34,7,93,5,0.8629801273345947,0.8571428571428575
34,7,109,5,1.0,1.0000000000000004
34,7,117,5,1.0,1.0000000000000004
34,7,121,5,1.0,1.0000000000000004
34,7,62,5,1.0,1.0000000000000004
34,7,94,5,0.8580406904220581,0.8451542547285168
34,7,110,5,1.0,1.0000000000000004
34,7,118,5,1.0,1.0000000000000004
34,7,122,5,1.0,1.0000000000000004
34,7,124,5,1.0,1.0000000000000004
34,7,63,6,1.0,1.0000000000000004
34,7,95,6,0.8629801273345947,0.8571428571428575
34,7,111,6,1.0,1.0000000000000004
34,7,119,6,1.0,1.0000000000000004
34,7,123,6,1.0,1.0000000000000004
34,7,125,6,1.0,1.0000000000000004
34,7,126,6,1.0,1.0000000000000004
35,7,127,7,0.9999998211860657,1.0000000000000004
35,7,0,0,0.7380086779594421,0.28571428571428586
35,7,1,1,0.6947513818740845,0.15430334996209197
35,7,2,1,0.7393678426742554,0.18898223650461365
35,7,4,1,0.6789804100990295,0.16903085094570336
35,7,8,1,0.6720360517501831,0.15430334996209197
35,7,16,1,0.8181414604187012,0.4364357804719849
35,7,32,1,0.7039365768432617,0.0
35,7,64,1,0.8507229685783386,0.5345224838248489
35,7,3,2,0.7838542461395264,0.5070925528371101
35,7,5,2,0.7838542461395264,0.5070925528371101
35,7,9,2,0.7308177351951599,0.16903085094570336
35,7,17,2,0.861982524394989,0.8571428571428575
35,7,33,2,0.7245157957077026,0.15430334996209197
35,7,65,2,0.7825146913528442,0.7142857142857146
35,7,6,2,0.6789804100990295,0.16903085094570336
35,7,10,2,0.7278457880020142,0.3380617018914067
35,7,18,2,0.834946870803833,0.4364357804719849
35,7,34,2,0.7393678426742554,0.18898223650461365
35,7,66,2,0.8572676181793213,0.30860669992418394
35,7,12,2,0.7416549324989319,0.18898223650461365
35,7,20,2,0.7986031770706177,0.46291004988627593
35,7,36,2,0.7442623376846313,0.21821789023599245
35,7,68,2,0.8233199715614319,0.16903085094570336
35,7,24,2,0.8482372164726257,0.7715167498104598
35,7,40,2,0.740143895149231,0.18898223650461365
35,7,72,2,0.7573287487030029,0.0
35,7,48,2,0.8579474687576294,0.566946709513841
35,7,80,2,0.9328086972236633,0.7559289460184546
35,7,96,2,0.8507229685783386,0.5345224838248489
35,7,7,3,0.7647053003311157,0.5714285714285717
35,7,11,3,0.7813513278961182,0.6172133998483679
35,7,19,3,0.861982524394989,0.8571428571428575
35,7,35,3,0.7850726246833801,0.6761234037828134
35,7,67,3,0.9244076013565063,0.6761234037828134
35,7,13,3,0.7838542461395264,0.5070925528371101
35,7,21,3,0.861982524394989,0.8571428571428575
35,7,37,3,0.7922042012214661,0.5070925528371101
35,7,69,3,0.7854425311088562,0.7142857142857146
35,7,25,3,0.861982524394989,0.8571428571428575
35,7,41,3,0.7690373659133911,0.46291004988627593
35,7,73,3,0.9249295592308044,0.8571428571428575
35,7,49,3,0.8452690243721008,0.5714285714285717
35,7,81,3,0.9999998211860657,1.0000000000000004
35,7,97,3,0.9077603816986084,0.6172133998483679
35,7,14,3,0.740143895149231,0.18898223650461365
35,7,22,3,0.8277016282081604,0.7142857142857146
35,7,38,3,0.7416549324989319,0.18898223650461365
35,7,70,3,0.902126669883728,0.7559289460184544
35,7,26,3,0.8482372164726257,0.7715167498104598
35,7,42,3,0.7266621589660645,0.46291004988627593
35,7,74,3,0.8667886257171631,0.5714285714285717
35,7,50,3,0.8435525298118591,0.6761234037828134
35,7,82,3,0.957282304763794,0.8819171036881968
35,7,98,3,0.8589681386947632,0.4285714285714288
35,7,28,3,0.7986031770706177,0.46291004988627593
35,7,44,3,0.7416549324989319,0.18898223650461365
35,7,76,3,0.8629757165908813,0.46291004988627593
35,7,52,3,0.7963166832923889,0.46291004988627593
35,7,84,3,0.920462965965271,0.6172133998483679
35,7,100,3,0.8682631254196167,0.46291004988627593
35,7,56,3,0.8622488975524902,0.6546536707079773
35,7,88,3,0.9328086972236633,0.7559289460184546
35,7,104,3,0.8507229685783386,0.5345224838248489
35,7,112,3,0.9328086972236633,0.7559289460184546
35,7,15,4,0.7683699131011963,0.5345224838248489
35,7,23,4,0.861982524394989,0.8571428571428575
35,7,39,4,0.80066978931427,0.6172133998483679
35,7,71,4,0.9220978021621704,0.5070925528371101
35,7,27,4,0.861982524394989,0.8571428571428575
35,7,43,4,0.7855304479598999,0.7142857142857146
35,7,75,4,0.9249295592308044,0.8571428571428575
35,7,51,4,0.8658109903335571,0.8571428571428575
35,7,83,4,0.9999998211860657,1.0000000000000004
35,7,99,4,0.8645926117897034,0.7142857142857146
35,7,29,4,0.861982524394989,0.8571428571428575
35,7,45,4,0.7396596074104309,0.3380617018914067
35,7,77,4,0.9287965893745422,0.8571428571428575
35,7,53,4,0.8619701862335205,0.8571428571428575
35,7,85,4,0.9999998211860657,1.0000000000000004
35,7,101,4,0.9424505233764648,0.7142857142857146
35,7,57,4,0.8619701862335205,0.8571428571428575
35,7,89,4,0.9999998211860657,1.0000000000000004
35,7,105,4,0.9249295592308044,0.8571428571428575
35,7,113,4,0.9999998211860657,1.0000000000000004
35,7,30,4,0.7986031770706177,0.46291004988627593
35,7,46,4,0.7416549324989319,0.18898223650461365
35,7,78,4,0.8835910558700562,0.5698028822981899
35,7,54,4,0.8194500803947449,0.7142857142857146
35,7,86,4,0.9229046702384949,0.7142857142857146
35,7,102,4,0.902126669883728,0.7559289460184544
35,7,58,4,0.8836768865585327,0.8017837257372734
35,7,90,4,0.957282304763794,0.8819171036881968
35,7,106,4,0.8667886257171631,0.5714285714285717
35,7,114,4,0.9330043196678162,0.8571428571428575
35,7,60,4,0.7963166832923889,0.46291004988627593
35,7,92,4,0.920462965965271,0.6172133998483679
35,7,108,4,0.8647289276123047,0.46291004988627593
35,7,116,4,0.920462965965271,0.6172133998483679
35,7,120,4,0.9328086972236633,0.7559289460184546
35,7,31,5,0.8069490194320679,0.5714285714285717
35,7,47,5,0.7855304479598999,0.7142857142857146
35,7,79,5,0.9999998211860657,1.0000000000000004
35,7,55,5,0.7911591529846191,0.40089186286863665
35,7,87,5,0.9999998211860657,1.0000000000000004
35,7,103,5,0.9424505233764648,0.7142857142857146
35,7,59,5,0.8658109903335571,0.8571428571428575
35,7,91,5,0.9999998211860657,1.0000000000000004
35,7,107,5,0.9249295592308044,0.8571428571428575
35,7,115,5,0.9999998211860657,1.0000000000000004
35,7,61,5,0.8619701862335205,0.8571428571428575
35,7,93,5,0.9999998211860657,1.0000000000000004
35,7,109,5,0.9249295592308044,0.8571428571428575
35,7,117,5,0.9999998211860657,1.0000000000000004
35,7,121,5,0.9999998211860657,1.0000000000000004
35,7,62,5,0.8146370053291321,0.7142857142857146
35,7,94,5,0.9474228620529175,0.8571428571428575
35,7,110,5,0.8835910558700562,0.5698028822981899
35,7,118,5,0.9229046702384949,0.7142857142857146
35,7,122,5,0.957282304763794,0.8819171036881968
35,7,124,5,0.920462965965271,0.6172133998483679
35,7,63,6,0.7911591529846191,0.40089186286863665
35,7,95,6,0.9999998211860657,1.0000000000000004
35,7,111,6,0.9999998211860657,1.0000000000000004
35,7,119,6,0.9999998211860657,1.0000000000000004
35,7,123,6,0.9999998211860657,1.0000000000000004
35,7,125,6,0.9999998211860657,1.0000000000000004
35,7,126,6,0.9474228620529175,0.8571428571428575
36,7,127,7,1.0,1.0000000000000004
36,7,0,0,0.6972589492797852,0.0
36,7,1,1,0.742792010307312,0.26726124191242445
36,7,2,1,0.8441774845123291,0.3779644730092273
36,7,4,1,0.8356489539146423,0.3779644730092273
36,7,8,1,0.806946337223053,0.3779644730092273
36,7,16,1,0.7308149337768555,0.3779644730092273
36,7,32,1,0.7064110040664673,0.0
36,7,64,1,0.786321759223938,0.3779644730092273
36,7,3,2,0.8713095188140869,0.5345224838248489
36,7,5,2,0.8356677889823914,0.566946709513841
36,7,9,2,0.777192234992981,0.26726124191242445
36,7,17,2,0.7398722171783447,0.4364357804719849
36,7,33,2,0.7234073877334595,0.18898223650461365
36,7,65,2,0.7076771259307861,0.0
36,7,6,2,0.9145498275756836,0.5345224838248489
36,7,10,2,0.8956420421600342,0.5345224838248489
36,7,18,2,0.8441774845123291,0.3779644730092273
36,7,34,2,0.8795599937438965,0.5345224838248489
36,7,66,2,0.8905311226844788,0.5345224838248489
36,7,12,2,0.8880674839019775,0.5345224838248489
36,7,20,2,0.8356489539146423,0.3779644730092273
36,7,36,2,0.8502857685089111,0.5345224838248489
36,7,68,2,0.8754386901855469,0.5345224838248489
36,7,24,2,0.8226614594459534,0.5345224838248489
36,7,40,2,0.8631032705307007,0.6546536707079773
36,7,72,2,0.8423432111740112,0.5345224838248489
36,7,48,2,0.7783910632133484,0.5345224838248489
36,7,80,2,0.7883225679397583,0.5345224838248489
36,7,96,2,0.7444757223129272,0.0
36,7,7,3,0.9422160387039185,0.6546536707079773
36,7,11,3,0.9165262579917908,0.6546536707079773
36,7,19,3,0.8713095188140869,0.5345224838248489
36,7,35,3,0.9081405997276306,0.6546536707079773
36,7,67,3,0.8674002289772034,0.4364357804719849
36,7,13,3,0.8629986643791199,0.4364357804719849
36,7,21,3,0.8747022151947021,0.566946709513841
36,7,37,3,0.8489165306091309,0.4364357804719849
36,7,69,3,0.886638343334198,0.566946709513841
36,7,25,3,0.7978655695915222,0.4364357804719849
36,7,41,3,0.8296768069267273,0.4364357804719849
36,7,73,3,0.8077796697616577,0.4364357804719849
36,7,49,3,0.7947642207145691,0.566946709513841
36,7,81,3,0.7139315009117126,0.18898223650461365
36,7,97,3,0.7203012704849243,0.0
36,7,14,3,0.9413873553276062,0.6546536707079773
36,7,22,3,0.9145498275756836,0.5345224838248489
36,7,38,3,0.9118961095809937,0.6546536707079773
36,7,70,3,0.9420780539512634,0.6546536707079773
36,7,26,3,0.8979086875915527,0.6546536707079773
36,7,42,3,0.9229768514633179,0.6546536707079773
36,7,74,3,0.9052290916442871,0.6546536707079773
36,7,50,3,0.884061872959137,0.6546536707079773
36,7,82,3,0.8666093349456787,0.4364357804719849
36,7,98,3,0.9186398983001709,0.6546536707079773
36,7,28,3,0.8903172016143799,0.566946709513841
36,7,44,3,0.9128717184066772,0.7559289460184546
36,7,76,3,0.8989107608795166,0.6546536707079773
36,7,52,3,0.8567260503768921,0.6546536707079773
36,7,84,3,0.8696330785751343,0.6546536707079773
36,7,100,3,0.8801748156547546,0.6546536707079773
36,7,56,3,0.8631032705307007,0.6546536707079773
36,7,88,3,0.8449127674102783,0.566946709513841
36,7,104,3,0.8722989559173584,0.6761234037828134
36,7,112,3,0.8428630828857422,0.6546536707079773
36,7,15,4,0.9678295850753784,0.7559289460184546
36,7,23,4,0.9422160387039185,0.6546536707079773
36,7,39,4,0.9394897222518921,0.566946709513841
36,7,71,4,0.9606829285621643,0.566946709513841
36,7,27,4,0.8877770900726318,0.6761234037828134
36,7,43,4,0.9481843709945679,0.7559289460184546
36,7,75,4,0.9372672438621521,0.7559289460184546
36,7,51,4,0.9001590609550476,0.6761234037828134
36,7,83,4,0.85097336769104,0.3779644730092273
36,7,99,4,0.9326262474060059,0.7559289460184546
36,7,29,4,0.8726612329483032,0.566946709513841
36,7,45,4,0.8841301202774048,0.6761234037828134
36,7,77,4,0.8743633031845093,0.566946709513841
36,7,53,4,0.8865463733673096,0.6761234037828134
36,7,85,4,0.8832142949104309,0.6761234037828134
36,7,101,4,0.8646023869514465,0.566946709513841
36,7,57,4,0.8317350149154663,0.566946709513841
36,7,89,4,0.8100411295890808,0.566946709513841
36,7,105,4,0.8422589302062988,0.566946709513841
36,7,113,4,0.8446093201637268,0.6761234037828134
36,7,30,4,0.9405049085617065,0.6761234037828134
36,7,46,4,0.9598221778869629,0.7559289460184546
36,7,78,4,0.9489914774894714,0.7559289460184546
36,7,54,4,0.9297914505004883,0.7559289460184546
36,7,86,4,0.9411427974700928,0.4364357804719849
36,7,102,4,0.9455240368843079,0.7559289460184546
36,7,58,4,0.9260922074317932,0.7559289460184546
36,7,90,4,0.9018751382827759,0.7559289460184546
36,7,106,4,0.9258098602294922,0.8451542547285168
36,7,114,4,0.9178889989852905,0.7559289460184546
36,7,60,4,0.9133885502815247,0.8451542547285168
36,7,92,4,0.899340033531189,0.7559289460184546
36,7,108,4,0.9128717184066772,0.7559289460184546
36,7,116,4,0.8890988826751709,0.7559289460184546
36,7,120,4,0.8722989559173584,0.6761234037828134
36,7,31,5,0.9712695479393005,0.8451542547285168
36,7,47,5,0.9794899225234985,0.8451542547285168
36,7,79,5,0.9770241379737854,0.8451542547285168
36,7,55,5,0.945904552936554,0.8451542547285168
36,7,87,5,0.9606829285621643,0.566946709513841
36,7,103,5,0.957708477973938,0.8451542547285168
36,7,59,5,0.9491719007492065,0.8451542547285168
36,7,91,5,0.9363943338394165,0.8451542547285168
36,7,107,5,0.9691486358642578,0.8451542547285168
36,7,115,5,0.9293408393859863,0.7715167498104598
36,7,61,5,0.8839714527130127,0.7715167498104598
36,7,93,5,0.8726515769958496,0.6761234037828134
36,7,109,5,0.8841301202774048,0.6761234037828134
36,7,117,5,0.917910099029541,0.7715167498104598
36,7,121,5,0.8435534834861755,0.6761234037828134
36,7,62,5,0.9588143825531006,0.9258200997725518
36,7,94,5,0.9474457502365112,0.8451542547285168
36,7,110,5,0.9583741426467896,0.8451542547285168
36,7,118,5,0.9477514624595642,0.8451542547285168
36,7,122,5,0.9258098602294922,0.8451542547285168
36,7,124,5,0.9133885502815247,0.8451542547285168
36,7,63,6,1.0,1.0000000000000004
36,7,95,6,0.9774094820022583,0.9258200997725518
36,7,111,6,0.9991189241409302,0.9258200997725518
36,7,119,6,0.9680459499359131,0.9258200997725518
36,7,123,6,0.9583969712257385,0.9258200997725518
36,7,125,6,0.8839714527130127,0.7715167498104598
36,7,126,6,0.9588143825531006,0.9258200997725518
37,7,127,7,1.000000238418579,1.0000000000000004
37,7,0,0,0.7295443415641785,0.0
37,7,1,1,0.7715340852737427,0.26726124191242445
37,7,2,1,0.7267454266548157,0.3779644730092273
37,7,4,1,0.8253552913665771,0.566946709513841
37,7,8,1,0.7841383218765259,0.0
37,7,16,1,0.7386837005615234,0.5345224838248489
37,7,32,1,0.7386837005615234,0.5345224838248489
37,7,64,1,0.8523715734481812,0.4285714285714288
37,7,3,2,0.7866036295890808,0.30860669992418394
37,7,5,2,0.8438975811004639,0.4364357804719849
37,7,9,2,0.8323168754577637,0.5241424183609593
37,7,17,2,0.7715340852737427,0.26726124191242445
37,7,33,2,0.7641448378562927,0.5070925528371101
37,7,65,2,0.9643534421920776,0.46291004988627593
37,7,6,2,0.8407450318336487,0.5345224838248489
37,7,10,2,0.7539100050926208,0.40089186286863665
37,7,18,2,0.7267454266548157,0.3779644730092273
37,7,34,2,0.6971526741981506,0.3380617018914067
37,7,66,2,0.9553155303001404,0.8451542547285168
37,7,12,2,0.8587403297424316,0.5070925528371101
37,7,20,2,0.8253552913665771,0.566946709513841
37,7,36,2,0.8279067277908325,0.566946709513841
37,7,68,2,0.9525388479232788,0.6172133998483679
37,7,24,2,0.8056501150131226,0.566946709513841
37,7,40,2,0.7740572690963745,0.566946709513841
37,7,72,2,0.8869147300720215,0.5039526306789697
37,7,48,2,0.7386837005615234,0.5345224838248489
37,7,80,2,0.8523715734481812,0.4285714285714288
37,7,96,2,0.8523715734481812,0.4285714285714288
37,7,7,3,0.8726482391357422,0.8571428571428575
37,7,11,3,0.8726482391357422,0.8571428571428575
37,7,19,3,0.8089455366134644,0.6761234037828134
37,7,35,3,0.786551833152771,0.5070925528371101
37,7,67,3,0.9310718774795532,0.6172133998483679
37,7,13,3,0.8696464896202087,0.6837634587578278
37,7,21,3,0.8438975811004639,0.4364357804719849
37,7,37,3,0.8889926075935364,0.6172133998483679
37,7,69,3,0.9915168285369873,0.7142857142857146
37,7,25,3,0.8494731783866882,0.5345224838248489
37,7,41,3,0.8444193601608276,0.5455447255899811
37,7,73,3,0.9656567573547363,0.6289709020331512
37,7,49,3,0.7483737468719482,0.5070925528371101
37,7,81,3,0.9484077095985413,0.5714285714285717
37,7,97,3,0.9449333548545837,0.5698028822981899
37,7,14,3,0.8767095804214478,0.8451542547285168
37,7,22,3,0.851413905620575,0.7559289460184546
37,7,38,3,0.8767095804214478,0.8451542547285168
37,7,70,3,0.9612301588058472,0.9258200997725518
37,7,26,3,0.7539100050926208,0.40089186286863665
37,7,42,3,0.7539100050926208,0.40089186286863665
37,7,74,3,0.9612301588058472,0.9258200997725518
37,7,50,3,0.6971526741981506,0.3380617018914067
37,7,82,3,0.9553155303001404,0.8451542547285168
37,7,98,3,0.9557597637176514,0.6761234037828134
37,7,28,3,0.8587403297424316,0.5070925528371101
37,7,44,3,0.8587403297424316,0.5070925528371101
37,7,76,3,0.9525388479232788,0.6172133998483679
37,7,52,3,0.8253552913665771,0.566946709513841
37,7,84,3,0.9525388479232788,0.6172133998483679
37,7,100,3,0.9525388479232788,0.6172133998483679
37,7,56,3,0.7740572690963745,0.566946709513841
37,7,88,3,0.924597978591919,0.6681531047810612
37,7,104,3,0.8869147300720215,0.5039526306789697
37,7,112,3,0.8523715734481812,0.4285714285714288
37,7,15,4,0.8726482391357422,0.8571428571428575
37,7,23,4,0.8993407487869263,0.9258200997725518
37,7,39,4,0.8993407487869263,0.9258200997725518
37,7,71,4,1.000000238418579,1.0000000000000004
37,7,27,4,0.9062223434448242,0.9258200997725518
37,7,43,4,0.8777515888214111,0.8571428571428575
37,7,75,4,1.000000238418579,1.0000000000000004
37,7,51,4,0.7770814299583435,0.6172133998483679
37,7,83,4,0.9358088374137878,0.6681531047810612
37,7,99,4,1.000000238418579,1.0000000000000004
37,7,29,4,0.8857276439666748,0.7715167498104598
37,7,45,4,0.8639688491821289,0.5345224838248489
37,7,77,4,0.9948257207870483,0.7977240352174658
37,7,53,4,0.8889926075935364,0.6172133998483679
37,7,85,4,0.9808693528175354,0.6172133998483679
37,7,101,4,0.9915168285369873,0.7142857142857146
37,7,57,4,0.8444193601608276,0.5455447255899811
37,7,89,4,0.9656567573547363,0.6289709020331512
37,7,105,4,0.9900314807891846,0.7337993857053431
37,7,113,4,0.9484077095985413,0.5714285714285717
37,7,30,4,0.8767095804214478,0.8451542547285168
37,7,46,4,0.8767095804214478,0.8451542547285168
37,7,78,4,0.9612301588058472,0.9258200997725518
37,7,54,4,0.851413905620575,0.7559289460184546
37,7,86,4,0.9612301588058472,0.9258200997725518
37,7,102,4,0.9612301588058472,0.9258200997725518
37,7,58,4,0.7539100050926208,0.40089186286863665
37,7,90,4,0.9612301588058472,0.9258200997725518
37,7,106,4,0.9612301588058472,0.9258200997725518
37,7,114,4,0.9553155303001404,0.8451542547285168
37,7,60,4,0.8587403297424316,0.5070925528371101
37,7,92,4,0.9525388479232788,0.6172133998483679
37,7,108,4,0.9476646184921265,0.7715167498104598
37,7,116,4,0.9525388479232788,0.6172133998483679
37,7,120,4,0.924597978591919,0.6681531047810612
37,7,31,5,0.8993407487869263,0.9258200997725518
37,7,47,5,0.8726482391357422,0.8571428571428575
37,7,79,5,1.000000238418579,1.0000000000000004
37,7,55,5,0.8993407487869263,0.9258200997725518
37,7,87,5,1.000000238418579,1.0000000000000004
37,7,103,5,1.000000238418579,1.0000000000000004
37,7,59,5,0.8726482391357422,0.8571428571428575
37,7,91,5,1.000000238418579,1.0000000000000004
37,7,107,5,1.000000238418579,1.0000000000000004
37,7,115,5,1.000000238418579,1.0000000000000004
37,7,61,5,0.8674651384353638,0.6681531047810612
37,7,93,5,0.9952572584152222,0.9258200997725518
37,7,109,5,0.9948257207870483,0.7977240352174658
37,7,117,5,0.9915168285369873,0.7142857142857146
37,7,121,5,0.9900314807891846,0.7337993857053431
37,7,62,5,0.8767095804214478,0.8451542547285168
37,7,94,5,0.9612301588058472,0.9258200997725518
37,7,110,5,0.9612301588058472,0.9258200997725518
37,7,118,5,0.9612301588058472,0.9258200997725518
37,7,122,5,0.9612301588058472,0.9258200997725518
37,7,124,5,0.9476646184921265,0.7715167498104598
37,7,63,6,0.8726482391357422,0.8571428571428575
37,7,95,6,1.000000238418579,1.0000000000000004
37,7,111,6,1.000000238418579,1.0000000000000004
37,7,119,6,1.000000238418579,1.0000000000000004
37,7,123,6,1.000000238418579,1.0000000000000004
37,7,125,6,0.9952572584152222,0.9258200997725518
37,7,126,6,0.9612301588058472,0.9258200997725518
39,4,15,4,0.9999998807907104,1.0
39,4,0,0,0.7204774618148804,0.0
39,4,1,1,0.7675898671150208,0.7071067811865476
39,4,2,1,0.7060892581939697,0.223606797749979
39,4,4,1,0.7708374261856079,0.5
39,4,8,1,0.7464553117752075,0.0
39,4,3,2,0.7332059741020203,0.0
39,4,5,2,0.8324508666992188,0.5773502691896258
39,4,9,2,0.7419153451919556,0.5773502691896258
39,4,6,2,0.8324508666992188,0.5773502691896258
39,4,10,2,0.8739707469940186,0.447213595499958
39,4,12,2,0.9551528692245483,0.670820393249937
39,4,7,3,0.9999998807907104,1.0
39,4,11,3,0.8462216854095459,0.4082482904638631
39,4,13,3,0.9999998807907104,1.0
39,4,14,3,0.9999998807907104,1.0
40,7,127,7,1.0,1.0000000000000004
40,7,0,0,0.7357657551765442,0.0
40,7,1,1,0.7243064641952515,0.16903085094570336
40,7,2,1,0.8817671537399292,0.3779644730092273
40,7,4,1,0.7578194737434387,0.0
40,7,8,1,0.7357657551765442,0.0
40,7,16,1,0.8562324643135071,0.14285714285714293
40,7,32,1,0.7813149094581604,0.26726124191242445
40,7,64,1,0.7703590989112854,0.16903085094570336
40,7,3,2,0.9077672362327576,0.5345224838248489
40,7,5,2,0.7243064641952515,0.16903085094570336
40,7,9,2,0.7351040244102478,0.16903085094570336
40,7,17,2,0.826524019241333,0.30860669992418394
40,7,33,2,0.7776060700416565,0.16903085094570336
40,7,65,2,0.7500535249710083,0.28571428571428586
40,7,6,2,0.9077672362327576,0.5345224838248489
40,7,10,2,0.8623756766319275,0.5070925528371101
40,7,18,2,0.9329348802566528,0.5714285714285717
40,7,34,2,0.9340651035308838,0.7715167498104598
40,7,66,2,0.9151254892349243,0.6761234037828134
40,7,12,2,0.7578194737434387,0.0
40,7,20,2,0.8067973256111145,0.16903085094570336
40,7,36,2,0.9096274375915527,0.8571428571428575
40,7,68,2,0.9151254892349243,0.6761234037828134
40,7,24,2,0.8601825833320618,0.16903085094570336
40,7,40,2,0.793657124042511,0.26726124191242445
40,7,72,2,0.7611544132232666,0.15430334996209197
40,7,48,2,0.9444769620895386,0.3779644730092273
40,7,80,2,0.9161032438278198,0.30860669992418394
40,7,96,2,0.8590003848075867,0.5345224838248489
40,7,7,3,0.9151254892349243,0.6761234037828134
40,7,11,3,0.9077672362327576,0.5345224838248489
40,7,19,3,0.9329348802566528,0.5714285714285717
40,7,35,3,0.9340651035308838,0.7715167498104598
40,7,67,3,0.9208613634109497,0.7715167498104598
40,7,13,3,0.7458779811859131,0.16903085094570336
40,7,21,3,0.8739349842071533,0.46291004988627593
40,7,37,3,0.9096274375915527,0.8571428571428575
40,7,69,3,0.9208613634109497,0.7715167498104598
40,7,25,3,0.826150119304657,0.30860669992418394
40,7,41,3,0.8003555536270142,0.18898223650461365
40,7,73,3,0.7816343307495117,0.3380617018914067
40,7,49,3,0.8936266899108887,0.28571428571428586
40,7,81,3,0.845381498336792,0.4285714285714288
40,7,97,3,0.9096274375915527,0.8571428571428575
40,7,14,3,0.9077672362327576,0.5345224838248489
40,7,22,3,0.8739349842071533,0.46291004988627593
40,7,38,3,0.9340651035308838,0.7715167498104598
40,7,70,3,0.9151254892349243,0.6761234037828134
40,7,26,3,0.9329348802566528,0.5714285714285717
40,7,42,3,0.9340651035308838,0.7715167498104598
40,7,74,3,0.8885951638221741,0.7715167498104598
40,7,50,3,1.0,1.0000000000000004
40,7,82,3,0.9625640511512756,0.7142857142857146
40,7,98,3,0.9340651035308838,0.7715167498104598
40,7,28,3,0.8644691109657288,0.30860669992418394
40,7,44,3,0.9104803204536438,0.566946709513841
40,7,76,3,0.8885951638221741,0.7715167498104598
40,7,52,3,1.0,1.0000000000000004
40,7,84,3,0.8993518352508545,0.5345224838248489
40,7,100,3,0.9096274375915527,0.8571428571428575
40,7,56,3,0.937075138092041,0.3779644730092273
40,7,88,3,0.8445173501968384,0.18898223650461365
40,7,104,3,0.8590003848075867,0.5345224838248489
40,7,112,3,0.9322516322135925,0.3779644730092273
40,7,15,4,0.9151254892349243,0.6761234037828134
40,7,23,4,0.960206151008606,0.7142857142857146
40,7,39,4,0.9096274375915527,0.8571428571428575
40,7,71,4,0.9208613634109497,0.7715167498104598
40,7,27,4,0.9329348802566528,0.5714285714285717
40,7,43,4,0.9340651035308838,0.7715167498104598
40,7,75,4,0.8885951638221741,0.7715167498104598
40,7,51,4,1.0,1.0000000000000004
40,7,83,4,0.9625640511512756,0.7142857142857146
40,7,99,4,0.9340651035308838,0.7715167498104598
40,7,29,4,0.9324931502342224,0.6172133998483679
40,7,45,4,0.8620273470878601,0.7142857142857146
40,7,77,4,0.8885951638221741,0.7715167498104598
40,7,53,4,1.0,1.0000000000000004
40,7,85,4,0.8984887003898621,0.5714285714285717
40,7,101,4,0.9096274375915527,0.8571428571428575
40,7,57,4,1.0,1.0000000000000004
40,7,89,4,0.9190090894699097,0.4285714285714288
40,7,105,4,0.9096274375915527,0.8571428571428575
40,7,113,4,1.0,1.0000000000000004
40,7,30,4,0.8739349842071533,0.46291004988627593
40,7,46,4,0.9340651035308838,0.7715167498104598
40,7,78,4,0.9151254892349243,0.6761234037828134
40,7,54,4,1.0,1.0000000000000004
40,7,86,4,0.9017027020454407,0.5714285714285717
40,7,102,4,0.9340651035308838,0.7715167498104598
40,7,58,4,1.0,1.0000000000000004
40,7,90,4,0.9625640511512756,0.7142857142857146
40,7,106,4,0.9340651035308838,0.7715167498104598
40,7,114,4,1.0,1.0000000000000004
40,7,60,4,1.0,1.0000000000000004
40,7,92,4,0.8993518352508545,0.5345224838248489
40,7,108,4,0.9096274375915527,0.8571428571428575
40,7,116,4,1.0,1.0000000000000004
40,7,120,4,0.9322516322135925,0.3779644730092273
40,7,31,5,0.9324931502342224,0.6172133998483679
40,7,47,5,0.9191431999206543,0.8571428571428575
40,7,79,5,0.9119036197662354,0.7142857142857146
40,7,55,5,0.9920742511749268,0.8571428571428575
40,7,87,5,0.9017027020454407,0.5714285714285717
40,7,103,5,0.9340651035308838,0.7715167498104598
40,7,59,5,1.0,1.0000000000000004
40,7,91,5,0.9625640511512756,0.7142857142857146
40,7,107,5,0.9096274375915527,0.8571428571428575
40,7,115,5,1.0,1.0000000000000004
40,7,61,5,1.0,1.0000000000000004
40,7,93,5,0.8984887003898621,0.5714285714285717
40,7,109,5,0.904883623123169,0.8017837257372734
40,7,117,5,1.0,1.0000000000000004
40,7,121,5,1.0,1.0000000000000004
40,7,62,5,1.0,1.0000000000000004
40,7,94,5,0.8993518352508545,0.5345224838248489
40,7,110,5,0.9340651035308838,0.7715167498104598
40,7,118,5,1.0,1.0000000000000004
40,7,122,5,1.0,1.0000000000000004
40,7,124,5,1.0,1.0000000000000004
40,7,63,6,1.0,1.0000000000000004
40,7,95,6,0.9017027020454407,0.5714285714285717
40,7,111,6,0.9204142093658447,0.9258200997725518
40,7,119,6,0.9920742511749268,0.8571428571428575
40,7,123,6,1.0,1.0000000000000004
40,7,125,6,1.0,1.0000000000000004
40,7,126,6,1.0,1.0000000000000004
41,5,31,5,0.9999998807907104,1.0000000000000002
41,5,0,0,0.7363133430480957,0.0
41,5,1,1,0.8030062913894653,0.7745966692414836
41,5,2,1,0.7362701892852783,0.0
41,5,4,1,0.7696356773376465,0.0
41,5,8,1,0.8681658506393433,0.670820393249937
41,5,16,1,0.8761929273605347,0.223606797749979
41,5,3,2,0.8030062913894653,0.7745966692414836
41,5,5,2,0.8030062913894653,0.7745966692414836
41,5,9,2,0.9217311143875122,0.894427190999916
41,5,17,2,0.9286513328552246,0.894427190999916
41,5,6,2,0.7541131377220154,0.0
41,5,10,2,0.9192233085632324,0.670820393249937
41,5,18,2,0.9211128950119019,0.670820393249937
41,5,12,2,0.874504029750824,0.447213595499958
41,5,20,2,0.8761929273605347,0.223606797749979
41,5,24,2,0.9999998807907104,1.0000000000000002
41,5,7,3,0.8030062913894653,0.7745966692414836
41,5,11,3,0.9217311143875122,0.894427190999916
41,5,19,3,0.9286513328552246,0.894427190999916
41,5,13,3,0.9217311143875122,0.894427190999916
41,5,21,3,0.9211128950119019,0.670820393249937
41,5,25,3,0.9999998807907104,1.0000000000000002
41,5,14,3,0.9192233085632324,0.670820393249937
41,5,22,3,0.9151403307914734,0.670820393249937
41,5,26,3,0.9933010339736938,0.8000000000000002
41,5,28,3,0.9999998807907104,1.0000000000000002
41,5,15,4,0.9217311143875122,0.894427190999916
41,5,23,4,0.9286513328552246,0.894427190999916
41,5,27,4,0.9999998807907104,1.0000000000000002
41,5,29,4,0.9999998807907104,1.0000000000000002
41,5,30,4,0.9933010339736938,0.8000000000000002
43,7,127,7,1.0,1.0000000000000004
43,7,0,0,0.7532414197921753,0.0
43,7,1,1,0.8100464940071106,0.4364357804719849
43,7,2,1,0.7532414197921753,0.0
43,7,4,1,0.8360623121261597,0.4364357804719849
43,7,8,1,0.7681505680084229,0.3779644730092273
43,7,16,1,0.913470983505249,0.3779644730092273
43,7,32,1,0.7532414197921753,0.0
43,7,64,1,0.8782805800437927,0.3779644730092273
43,7,3,2,0.8100464940071106,0.4364357804719849
43,7,5,2,0.8610683083534241,0.7559289460184546
43,7,9,2,0.8610683083534241,0.7559289460184546
43,7,17,2,0.9356459379196167,0.6546536707079773
43,7,33,2,0.8048145771026611,0.3380617018914067
43,7,65,2,0.9066721200942993,0.5070925528371101
43,7,6,2,0.7977310419082642,0.5070925528371101
43,7,10,2,0.7413913011550903,0.0
43,7,18,2,0.913470983505249,0.3779644730092273
43,7,34,2,0.7518156170845032,0.26726124191242445
43,7,66,2,0.8680489659309387,0.3779644730092273
43,7,12,2,0.8504168391227722,0.6546536707079773
43,7,20,2,0.9525158405303955,0.6172133998483679
43,7,36,2,0.8504168391227722,0.6546536707079773
43,7,68,2,0.9260165095329285,0.6761234037828134
43,7,24,2,0.8994619250297546,0.3779644730092273
43,7,40,2,0.7504162788391113,0.18898223650461365
43,7,72,2,0.8559591174125671,0.4364357804719849
43,7,48,2,0.8934786319732666,0.21821789023599245
43,7,80,2,0.9360080361366272,0.6546536707079773
43,7,96,2,0.866320788860321,0.5345224838248489
43,7,7,3,0.8610683083534241,0.7559289460184546
43,7,11,3,0.8056217432022095,0.5345224838248489
43,7,19,3,0.9356459379196167,0.6546536707079773
43,7,35,3,0.8048145771026611,0.3380617018914067
43,7,67,3,0.8986830711364746,0.566946709513841
43,7,13,3,0.8454821109771729,0.5714285714285717
43,7,21,3,0.9591530561447144,0.7142857142857146
43,7,37,3,0.8610683083534241,0.7559289460184546
43,7,69,3,0.9502646327018738,0.7715167498104598
43,7,25,3,0.9591530561447144,0.7142857142857146
43,7,41,3,0.8267253041267395,0.5714285714285717
43,7,73,3,0.9502646327018738,0.7715167498104598
43,7,49,3,0.9140530824661255,0.5070925528371101
43,7,81,3,0.9493892192840576,0.7559289460184546
43,7,97,3,0.9066721200942993,0.5070925528371101
43,7,14,3,0.8504168391227722,0.6546536707079773
43,7,22,3,0.9525158405303955,0.6172133998483679
43,7,38,3,0.8565878868103027,0.6546536707079773
43,7,70,3,0.944652795791626,0.7559289460184546
43,7,26,3,0.8994619250297546,0.3779644730092273
43,7,42,3,0.7504162788391113,0.18898223650461365
43,7,74,3,0.8559591174125671,0.4364357804719849
43,7,50,3,0.8934786319732666,0.21821789023599245
43,7,82,3,0.9360080361366272,0.6546536707079773
43,7,98,3,0.8599427938461304,0.5345224838248489
43,7,28,3,0.9525158405303955,0.6172133998483679
43,7,44,3,0.8133195638656616,0.46291004988627593
43,7,76,3,0.9260165095329285,0.6761234037828134
43,7,52,3,0.9525158405303955,0.6172133998483679
43,7,84,3,0.9768170118331909,0.9258200997725518
43,7,100,3,0.9406272172927856,0.8451542547285168
43,7,56,3,0.8994619250297546,0.3779644730092273
43,7,88,3,0.9276283979415894,0.7559289460184546
43,7,104,3,0.8559591174125671,0.4364357804719849
43,7,112,3,0.9360080361366272,0.6546536707079773
43,7,15,4,0.8454821109771729,0.5714285714285717
43,7,23,4,0.9591530561447144,0.7142857142857146
43,7,39,4,0.868105947971344,0.7559289460184546
43,7,71,4,0.9389655590057373,0.7715167498104598
43,7,27,4,0.9591530561447144,0.7142857142857146
43,7,43,4,0.8056217432022095,0.5345224838248489
43,7,75,4,0.8824151754379272,0.6172133998483679
43,7,51,4,0.9096717238426208,0.5070925528371101
43,7,83,4,0.9493892192840576,0.7559289460184546
43,7,99,4,0.9066721200942993,0.5070925528371101
43,7,29,4,0.9591530561447144,0.7142857142857146
43,7,45,4,0.8267253041267395,0.5714285714285717
43,7,77,4,0.953633189201355,0.7715167498104598
43,7,53,4,0.9591530561447144,0.7142857142857146
43,7,85,4,1.0,1.0000000000000004
43,7,101,4,0.868105947971344,0.7559289460184546
43,7,57,4,0.9463058710098267,0.6681531047810612
43,7,89,4,1.0,1.0000000000000004
43,7,105,4,0.9502646327018738,0.7715167498104598
43,7,113,4,0.9433239698410034,0.7142857142857146
43,7,30,4,0.9525158405303955,0.6172133998483679
43,7,46,4,0.8146275281906128,0.46291004988627593
43,7,78,4,0.9260165095329285,0.6761234037828134
43,7,54,4,0.9525158405303955,0.6172133998483679
43,7,86,4,0.9768170118331909,0.9258200997725518
43,7,102,4,0.9406272172927856,0.8451542547285168
43,7,58,4,0.8994619250297546,0.3779644730092273
43,7,90,4,0.9276283979415894,0.7559289460184546
43,7,106,4,0.8559591174125671,0.4364357804719849
43,7,114,4,0.9360080361366272,0.6546536707079773
43,7,60,4,0.9525158405303955,0.6172133998483679
43,7,92,4,0.9768170118331909,0.9258200997725518
43,7,108,4,0.9260165095329285,0.6761234037828134
43,7,116,4,0.9768170118331909,0.9258200997725518
43,7,120,4,0.9276283979415894,0.7559289460184546
43,7,31,5,0.9326074719429016,0.6681531047810612
43,7,47,5,0.8267253041267395,0.5714285714285717
43,7,79,5,0.953633189201355,0.7715167498104598
43,7,55,5,0.9679296016693115,0.7142857142857146
43,7,87,5,1.0,1.0000000000000004
43,7,103,5,0.868105947971344,0.7559289460184546
43,7,59,5,0.9463058710098267,0.6681531047810612
43,7,91,5,1.0,1.0000000000000004
43,7,107,5,0.9502646327018738,0.7715167498104598
43,7,115,5,0.9567399024963379,0.8451542547285168
43,7,61,5,0.9679296016693115,0.7142857142857146
43,7,93,5,1.0,1.0000000000000004
43,7,109,5,0.8610683083534241,0.7559289460184546
43,7,117,5,1.0,1.0000000000000004
43,7,121,5,1.0,1.0000000000000004
43,7,62,5,0.9525158405303955,0.6172133998483679
43,7,94,5,0.9768170118331909,0.9258200997725518
43,7,110,5,0.9260165095329285,0.6761234037828134
43,7,118,5,0.9768170118331909,0.9258200997725518
43,7,122,5,0.9276283979415894,0.7559289460184546
43,7,124,5,0.9768170118331909,0.9258200997725518
43,7,63,6,0.9679296016693115,0.7142857142857146
43,7,95,6,1.0,1.0000000000000004
43,7,111,6,0.9479103684425354,0.8571428571428575
43,7,119,6,1.0,1.0000000000000004
43,7,123,6,1.0,1.0000000000000004
43,7,125,6,1.0,1.0000000000000004
43,7,126,6,0.9768170118331909,0.9258200997725518
46,7,127,7,0.9999998211860657,1.0000000000000004
46,7,0,0,0.7574516534805298,0.21821789023599245
46,7,1,1,0.8492468595504761,0.6546536707079773
46,7,2,1,0.7896155714988708,0.5345224838248489
46,7,4,1,0.8362764120101929,0.46291004988627593
46,7,8,1,0.8443753719329834,0.5070925528371101
46,7,16,1,0.8466377258300781,0.40089186286863665
46,7,32,1,0.9091765284538269,0.5455447255899811
46,7,64,1,0.7574516534805298,0.21821789023599245
46,7,3,2,0.8492468595504761,0.6546536707079773
46,7,5,2,0.8492468595504761,0.6546536707079773
46,7,9,2,0.8973174095153809,0.6172133998483679
46,7,17,2,0.8492468595504761,0.6546536707079773
46,7,33,2,0.9999998211860657,1.0000000000000004
46,7,65,2,0.8492468595504761,0.6546536707079773
46,7,6,2,0.8492468595504761,0.6546536707079773
46,7,10,2,0.8443753719329834,0.5070925528371101
46,7,18,2,0.7949581742286682,0.0
46,7,34,2,0.9999998211860657,1.0000000000000004
46,7,66,2,0.8492468595504761,0.6546536707079773
46,7,12,2,0.8443753719329834,0.5070925528371101
46,7,20,2,0.8362764120101929,0.46291004988627593
46,7,36,2,0.9999998211860657,1.0000000000000004
46,7,68,2,0.8362764120101929,0.46291004988627593
46,7,24,2,0.8443753719329834,0.5070925528371101
46,7,40,2,0.9999998211860657,1.0000000000000004
46,7,72,2,0.8443753719329834,0.5070925528371101
46,7,48,2,0.8789592981338501,0.5039526306789697
46,7,80,2,0.8466377258300781,0.40089186286863665
46,7,96,2,0.9091765284538269,0.5455447255899811
46,7,7,3,0.8492468595504761,0.6546536707079773
46,7,11,3,0.9182462096214294,0.8451542547285168
46,7,19,3,0.8492468595504761,0.6546536707079773
46,7,35,3,0.9999998211860657,1.0000000000000004
46,7,67,3,0.8492468595504761,0.6546536707079773
46,7,13,3,0.8973174095153809,0.6172133998483679
46,7,21,3,0.8492468595504761,0.6546536707079773
46,7,37,3,0.9999998211860657,1.0000000000000004
46,7,69,3,0.8492468595504761,0.6546536707079773
46,7,25,3,0.9080480933189392,0.6761234037828134
46,7,41,3,0.9999998211860657,1.0000000000000004
46,7,73,3,0.8973174095153809,0.6172133998483679
46,7,49,3,0.9999998211860657,1.0000000000000004
46,7,81,3,0.8492468595504761,0.6546536707079773
46,7,97,3,0.9999998211860657,1.0000000000000004
46,7,14,3,0.8443753719329834,0.5070925528371101
46,7,22,3,0.8492468595504761,0.6546536707079773
46,7,38,3,0.9999998211860657,1.0000000000000004
46,7,70,3,0.8492468595504761,0.6546536707079773
46,7,26,3,0.8443753719329834,0.5070925528371101
46,7,42,3,0.9999998211860657,1.0000000000000004
46,7,74,3,0.8443753719329834,0.5070925528371101
46,7,50,3,0.9999998211860657,1.0000000000000004
46,7,82,3,0.7949581742286682,0.0
46,7,98,3,0.9999998211860657,1.0000000000000004
46,7,28,3,0.8443753719329834,0.5070925528371101
46,7,44,3,0.9999998211860657,1.0000000000000004
46,7,76,3,0.8443753719329834,0.5070925528371101
46,7,52,3,0.9999998211860657,1.0000000000000004
46,7,84,3,0.8362764120101929,0.46291004988627593
46,7,100,3,0.9999998211860657,1.0000000000000004
46,7,56,3,0.9999998211860657,1.0000000000000004
46,7,88,3,0.8443753719329834,0.5070925528371101
46,7,104,3,0.9999998211860657,1.0000000000000004
46,7,112,3,0.8789592981338501,0.5039526306789697
46,7,15,4,0.904096782207489,0.6761234037828134
46,7,23,4,0.8492468595504761,0.6546536707079773
46,7,39,4,0.9999998211860657,1.0000000000000004
46,7,71,4,0.8492468595504761,0.6546536707079773
46,7,27,4,0.9182462096214294,0.8451542547285168
46,7,43,4,0.9999998211860657,1.0000000000000004
46,7,75,4,0.9182462096214294,0.8451542547285168
46,7,51,4,0.9999998211860657,1.0000000000000004
46,7,83,4,0.8492468595504761,0.6546536707079773
46,7,99,4,0.9999998211860657,1.0000000000000004
46,7,29,4,0.9080480933189392,0.6761234037828134
46,7,45,4,0.9999998211860657,1.0000000000000004
46,7,77,4,0.8973174095153809,0.6172133998483679
46,7,53,4,0.9999998211860657,1.0000000000000004
46,7,85,4,0.8492468595504761,0.6546536707079773
46,7,101,4,0.9999998211860657,1.0000000000000004
46,7,57,4,0.9999998211860657,1.0000000000000004
46,7,89,4,0.9080480933189392,0.6761234037828134
46,7,105,4,0.9999998211860657,1.0000000000000004
46,7,113,4,0.9999998211860657,1.0000000000000004
46,7,30,4,0.8443753719329834,0.5070925528371101
46,7,46,4,0.9999998211860657,1.0000000000000004
46,7,78,4,0.8443753719329834,0.5070925528371101
46,7,54,4,0.9999998211860657,1.0000000000000004
46,7,86,4,0.8492468595504761,0.6546536707079773
46,7,102,4,0.9999998211860657,1.0000000000000004
46,7,58,4,0.9999998211860657,1.0000000000000004
46,7,90,4,0.8443753719329834,0.5070925528371101
46,7,106,4,0.9999998211860657,1.0000000000000004
46,7,114,4,0.9999998211860657,1.0000000000000004
46,7,60,4,0.9999998211860657,1.0000000000000004
46,7,92,4,0.8443753719329834,0.5070925528371101
46,7,108,4,0.9999998211860657,1.0000000000000004
46,7,116,4,0.9999998211860657,1.0000000000000004
46,7,120,4,0.9999998211860657,1.0000000000000004
46,7,31,5,0.9080480933189392,0.6761234037828134
46,7,47,5,0.9999998211860657,1.0000000000000004
46,7,79,5,0.904096782207489,0.6761234037828134
46,7,55,5,0.9999998211860657,1.0000000000000004
46,7,87,5,0.8492468595504761,0.6546536707079773
46,7,103,5,0.9999998211860657,1.0000000000000004
46,7,59,5,0.9999998211860657,1.0000000000000004
46,7,91,5,0.8899325728416443,0.6681531047810612
46,7,107,5,0.9999998211860657,1.0000000000000004
46,7,115,5,0.9999998211860657,1.0000000000000004
46,7,61,5,0.9999998211860657,1.0000000000000004
46,7,93,5,0.9080480933189392,0.6761234037828134
46,7,109,5,0.9999998211860657,1.0000000000000004
46,7,117,5,0.9999998211860657,1.0000000000000004
46,7,121,5,0.9999998211860657,1.0000000000000004
46,7,62,5,0.9999998211860657,1.0000000000000004
46,7,94,5,0.8443753719329834,0.5070925528371101
46,7,110,5,0.9999998211860657,1.0000000000000004
46,7,118,5,0.9999998211860657,1.0000000000000004
46,7,122,5,0.9999998211860657,1.0000000000000004
46,7,124,5,0.9999998211860657,1.0000000000000004
46,7,63,6,0.9999998211860657,1.0000000000000004
46,7,95,6,0.9080480933189392,0.6761234037828134
46,7,111,6,0.9999998211860657,1.0000000000000004
46,7,119,6,0.9999998211860657,1.0000000000000004
46,7,123,6,0.9999998211860657,1.0000000000000004
46,7,125,6,0.9999998211860657,1.0000000000000004
46,7,126,6,0.9999998211860657,1.0000000000000004
47,5,31,5,0.9999999403953552,1.0000000000000002
47,5,0,0,0.7566549181938171,0.0
47,5,1,1,0.8365432620048523,0.447213595499958
47,5,2,1,0.8788535594940186,0.447213595499958
47,5,4,1,0.8336809873580933,0.5163977794943224
47,5,8,1,0.8906890749931335,0.7745966692414836
47,5,16,1,0.7566549181938171,0.0
47,5,3,2,0.902073860168457,0.632455532033676
47,5,5,2,0.8751286268234253,0.6000000000000001
47,5,9,2,0.8943419456481934,0.670820393249937
47,5,17,2,0.8365432620048523,0.447213595499958
47,5,6,2,0.9421271681785583,0.670820393249937
47,5,10,2,0.9657467603683472,0.894427190999916
47,5,18,2,0.8788535594940186,0.447213595499958
47,5,12,2,0.8906890749931335,0.7745966692414836
47,5,20,2,0.8336809873580933,0.5163977794943224
47,5,24,2,0.8906890749931335,0.7745966692414836
47,5,7,3,0.9999999403953552,1.0000000000000002
47,5,11,3,0.9999999403953552,1.0000000000000002
47,5,19,3,0.902073860168457,0.632455532033676
47,5,13,3,0.9223150610923767,0.8000000000000002
47,5,21,3,0.8927105665206909,0.6000000000000001
47,5,25,3,0.8943419456481934,0.670820393249937
47,5,14,3,0.9657467603683472,0.894427190999916
47,5,22,3,0.9421271681785583,0.670820393249937
47,5,26,3,0.9657467603683472,0.894427190999916
47,5,28,3,0.8906890749931335,0.7745966692414836
47,5,15,4,0.9999999403953552,1.0000000000000002
47,5,23,4,0.9999999403953552,1.0000000000000002
47,5,27,4,0.9999999403953552,1.0000000000000002
47,5,29,4,0.9223150610923767,0.8000000000000002
47,5,30,4,0.9657467603683472,0.894427190999916
49,4,15,4,1.0,1.0
49,4,0,0,0.6913100481033325,0.0
49,4,1,1,0.7163906097412109,0.0
49,4,2,1,0.709723711013794,0.0
49,4,4,1,0.8355613946914673,0.0
49,4,8,1,0.843365490436554,0.670820393249937
49,4,3,2,0.7885667681694031,0.5773502691896258
49,4,5,2,0.9137535691261292,0.75
49,4,9,2,0.8038657903671265,0.75
49,4,6,2,1.0,1.0
49,4,10,2,0.7834034562110901,0.5773502691896258
49,4,12,2,1.0,1.0
49,4,7,3,0.9137535691261292,0.75
49,4,11,3,0.7834034562110901,0.5773502691896258
49,4,13,3,1.0,1.0
49,4,14,3,1.0,1.0
50,7,127,7,1.0,1.0000000000000004
50,7,0,0,0.7159557938575745,0.0
50,7,1,1,0.745449423789978,0.46291004988627593
50,7,2,1,0.7578332424163818,0.3779644730092273
50,7,4,1,0.7387099862098694,0.5039526306789697
50,7,8,1,0.8189984560012817,0.5070925528371101
50,7,16,1,0.876389741897583,0.6172133998483679
50,7,32,1,0.8251416683197021,0.3380617018914067
50,7,64,1,0.8831539750099182,0.7715167498104598
50,7,3,2,0.7436685562133789,0.46291004988627593
50,7,5,2,0.7906138300895691,0.566946709513841
50,7,9,2,0.8069429397583008,0.6172133998483679
50,7,17,2,0.8265740871429443,0.4285714285714288
50,7,33,2,0.8392199277877808,0.6172133998483679
50,7,65,2,0.8473342657089233,0.6761234037828134
50,7,6,2,0.75603187084198,0.4285714285714288
50,7,10,2,0.8189984560012817,0.5070925528371101
50,7,18,2,0.8596595525741577,0.4285714285714288
50,7,34,2,0.8663637638092041,0.6761234037828134
50,7,66,2,0.8626374006271362,0.5070925528371101
50,7,12,2,0.8421501517295837,0.5070925528371101
50,7,20,2,0.7527586221694946,0.14285714285714293
50,7,36,2,0.8763560056686401,0.7715167498104598
50,7,68,2,0.8678137063980103,0.7715167498104598
50,7,24,2,0.8798681497573853,0.6546536707079773
50,7,40,2,0.9675158262252808,0.8571428571428575
50,7,72,2,0.9202286005020142,0.6172133998483679
50,7,48,2,0.9978480935096741,0.8571428571428575
50,7,80,2,0.9571847319602966,0.7142857142857146
50,7,96,2,0.940954327583313,0.6761234037828134
50,7,7,3,0.7906138300895691,0.566946709513841
50,7,11,3,0.7912735342979431,0.5039526306789697
50,7,19,3,0.8600780963897705,0.5714285714285717
50,7,35,3,0.9157792925834656,0.7715167498104598
50,7,67,3,0.8678137063980103,0.7715167498104598
50,7,13,3,0.7969071865081787,0.6172133998483679
50,7,21,3,0.916060209274292,0.7142857142857146
50,7,37,3,0.9486435651779175,0.8571428571428575
50,7,69,3,0.8831539750099182,0.7715167498104598
50,7,25,3,0.8880504369735718,0.7142857142857146
50,7,41,3,0.9675158262252808,0.8571428571428575
50,7,73,3,0.9195126295089722,0.7715167498104598
50,7,49,3,1.0,1.0000000000000004
50,7,81,3,0.9591510891914368,0.8571428571428575
50,7,97,3,0.9486435651779175,0.8571428571428575
50,7,14,3,0.8421501517295837,0.5070925528371101
50,7,22,3,0.8596595525741577,0.4285714285714288
50,7,38,3,0.8763560056686401,0.7715167498104598
50,7,70,3,0.8678137063980103,0.7715167498104598
50,7,26,3,0.8795548677444458,0.5714285714285717
50,7,42,3,0.9671001434326172,0.7142857142857146
50,7,74,3,0.9202286005020142,0.6172133998483679
50,7,50,3,1.0,1.0000000000000004
50,7,82,3,0.9606812000274658,0.9258200997725518
50,7,98,3,0.9157792925834656,0.7715167498104598
50,7,28,3,0.876389741897583,0.6172133998483679
50,7,44,3,0.9675158262252808,0.8571428571428575
50,7,76,3,0.9195126295089722,0.7715167498104598
50,7,52,3,0.9978480935096741,0.8571428571428575
50,7,84,3,0.9978480935096741,0.8571428571428575
50,7,100,3,0.9624375104904175,0.8571428571428575
50,7,56,3,0.9784485101699829,0.8451542547285168
50,7,88,3,0.9452071189880371,0.7559289460184546
50,7,104,3,0.9675158262252808,0.8571428571428575
50,7,112,3,0.9784485101699829,0.8451542547285168
50,7,15,4,0.7912735342979431,0.5039526306789697
50,7,23,4,0.916060209274292,0.7142857142857146
50,7,39,4,0.8763560056686401,0.7715167498104598
50,7,71,4,0.8678137063980103,0.7715167498104598
50,7,27,4,0.916060209274292,0.7142857142857146
50,7,43,4,0.9675158262252808,0.8571428571428575
50,7,75,4,0.9195126295089722,0.7715167498104598
50,7,51,4,1.0,1.0000000000000004
50,7,83,4,0.9591510891914368,0.8571428571428575
50,7,99,4,0.9486435651779175,0.8571428571428575
50,7,29,4,0.916060209274292,0.7142857142857146
50,7,45,4,0.9675158262252808,0.8571428571428575
50,7,77,4,0.8763259053230286,0.7715167498104598
50,7,53,4,1.0,1.0000000000000004
50,7,85,4,0.9591510891914368,0.8571428571428575
50,7,101,4,0.9675158262252808,0.8571428571428575
50,7,57,4,1.0,1.0000000000000004
50,7,89,4,0.9591510891914368,0.8571428571428575
50,7,105,4,0.9675158262252808,0.8571428571428575
50,7,113,4,1.0,1.0000000000000004
50,7,30,4,0.8795548677444458,0.5714285714285717
50,7,46,4,0.9675158262252808,0.8571428571428575
50,7,78,4,0.9202286005020142,0.6172133998483679
50,7,54,4,1.0,1.0000000000000004
50,7,86,4,0.9606812000274658,0.9258200997725518
50,7,102,4,0.9624375104904175,0.8571428571428575
50,7,58,4,1.0,1.0000000000000004
50,7,90,4,0.9606812000274658,0.9258200997725518
50,7,106,4,0.9675158262252808,0.8571428571428575
50,7,114,4,1.0,1.0000000000000004
50,7,60,4,1.0,1.0000000000000004
50,7,92,4,0.9598170518875122,0.7715167498104598
50,7,108,4,0.9675158262252808,0.8571428571428575
50,7,116,4,1.0,1.0000000000000004
50,7,120,4,0.9784485101699829,0.8451542547285168
50,7,31,5,0.9131783843040466,0.7142857142857146
50,7,47,5,0.9675158262252808,0.8571428571428575
50,7,79,5,0.9195126295089722,0.7715167498104598
50,7,55,5,1.0,1.0000000000000004
50,7,87,5,0.9591510891914368,0.8571428571428575
50,7,103,5,0.9675158262252808,0.8571428571428575
50,7,59,5,1.0,1.0000000000000004
50,7,91,5,0.9606812000274658,0.9258200997725518
50,7,107,5,0.9675158262252808,0.8571428571428575
50,7,115,5,1.0,1.0000000000000004
50,7,61,5,1.0,1.0000000000000004
50,7,93,5,0.9591510891914368,0.8571428571428575
50,7,109,5,0.9675158262252808,0.8571428571428575
50,7,117,5,1.0,1.0000000000000004
50,7,121,5,1.0,1.0000000000000004
50,7,62,5,1.0,1.0000000000000004
50,7,94,5,0.9606812000274658,0.9258200997725518
50,7,110,5,0.9675158262252808,0.8571428571428575
50,7,118,5,1.0,1.0000000000000004
50,7,122,5,1.0,1.0000000000000004
50,7,124,5,1.0,1.0000000000000004
50,7,63,6,1.0,1.0000000000000004
50,7,95,6,0.9591510891914368,0.8571428571428575
50,7,111,6,0.9675158262252808,0.8571428571428575
50,7,119,6,1.0,1.0000000000000004
50,7,123,6,1.0,1.0000000000000004
50,7,125,6,1.0,1.0000000000000004
50,7,126,6,1.0,1.0000000000000004
51,7,127,7,1.0,1.0000000000000002
51,7,0,0,0.7415826320648193,0.3535533905932738
51,7,1,1,0.7569675445556641,0.5000000000000001
51,7,2,1,0.7284622192382812,0.25000000000000006
51,7,4,1,0.7983887195587158,0.6123724356957946
51,7,8,1,0.7415826320648193,0.3535533905932738
51,7,16,1,0.7739495635032654,0.2886751345948129
51,7,32,1,0.7415826320648193,0.3535533905932738
51,7,64,1,0.7239961624145508,0.316227766016838
51,7,3,2,0.7842998504638672,0.6123724356957946
51,7,5,2,0.8050795197486877,0.7071067811865476
51,7,9,2,0.7569675445556641,0.5000000000000001
51,7,17,2,0.7290598154067993,0.474341649025257
51,7,33,2,0.7569675445556641,0.5000000000000001
51,7,65,2,0.7561570405960083,0.4330127018922194
51,7,6,2,0.7585129141807556,0.5303300858899107
51,7,10,2,0.7284622192382812,0.25000000000000006
51,7,18,2,0.789821982383728,0.3535533905932738
51,7,34,2,0.7284622192382812,0.25000000000000006
51,7,66,2,0.751460075378418,0.6250000000000001
51,7,12,2,0.7983887195587158,0.6123724356957946
51,7,20,2,0.7519254088401794,0.5303300858899107
51,7,36,2,0.8578124642372131,0.632455532033676
51,7,68,2,0.7761800289154053,0.4330127018922194
51,7,24,2,0.7739495635032654,0.2886751345948129
51,7,40,2,0.7415826320648193,0.3535533905932738
51,7,72,2,0.731176495552063,0.2886751345948129
51,7,48,2,0.7390347123146057,0.316227766016838
51,7,80,2,0.730623722076416,0.316227766016838
51,7,96,2,0.783441424369812,0.5773502691896258
51,7,7,3,0.8572283983230591,0.7216878364870323
51,7,11,3,0.7614104747772217,0.5345224838248489
51,7,19,3,0.8404884934425354,0.5773502691896258
51,7,35,3,0.7974462509155273,0.5892556509887896
51,7,67,3,0.777790904045105,0.6250000000000001
51,7,13,3,0.8050795197486877,0.7071067811865476
51,7,21,3,0.9282846450805664,0.790569415042095
51,7,37,3,0.8480731248855591,0.7216878364870323
51,7,69,3,0.8342980146408081,0.8017837257372734
51,7,25,3,0.7290598154067993,0.474341649025257
51,7,41,3,0.7569675445556641,0.5000000000000001
51,7,73,3,0.751460075378418,0.6250000000000001
51,7,49,3,0.8387647867202759,0.5773502691896258
51,7,81,3,0.7395641803741455,0.5345224838248489
51,7,97,3,0.7641608715057373,0.6681531047810612
51,7,14,3,0.7585129141807556,0.5303300858899107
51,7,22,3,0.8613033294677734,0.474341649025257
51,7,38,3,0.7585129141807556,0.5303300858899107
51,7,70,3,0.8111599683761597,0.7500000000000001
51,7,26,3,0.8085997104644775,0.3535533905932738
51,7,42,3,0.7284622192382812,0.25000000000000006
51,7,74,3,0.7577818632125854,0.6681531047810612
51,7,50,3,0.8509312272071838,0.474341649025257
51,7,82,3,0.844639241695404,0.6250000000000001
51,7,98,3,0.7577818632125854,0.6681531047810612
51,7,28,3,0.7519254088401794,0.5303300858899107
51,7,44,3,0.8578124642372131,0.632455532033676
51,7,76,3,0.7761800289154053,0.4330127018922194
51,7,52,3,0.9550397396087646,0.790569415042095
51,7,84,3,0.8636846542358398,0.4330127018922194
51,7,100,3,0.7982468605041504,0.474341649025257
51,7,56,3,0.7390347123146057,0.316227766016838
51,7,88,3,0.722176730632782,0.2886751345948129
51,7,104,3,0.7394091486930847,0.2886751345948129
51,7,112,3,0.8870277404785156,0.7216878364870323
51,7,15,4,0.8572283983230591,0.7216878364870323
51,7,23,4,0.8702658414840698,0.6681531047810612
51,7,39,4,0.8364978432655334,0.8017837257372734
51,7,71,4,0.8503363132476807,0.8017837257372734
51,7,27,4,0.8404884934425354,0.5773502691896258
51,7,43,4,0.726170539855957,0.5345224838248489
51,7,75,4,0.777790904045105,0.6250000000000001
51,7,51,4,0.9454654455184937,0.8750000000000001
51,7,83,4,0.848617672920227,0.6250000000000001
51,7,99,4,0.7735021114349365,0.6681531047810612
51,7,29,4,0.8833581209182739,0.632455532033676
51,7,45,4,0.8480731248855591,0.7216878364870323
51,7,77,4,0.8503363132476807,0.8017837257372734
51,7,53,4,0.9640204310417175,0.8017837257372734
51,7,85,4,1.0,1.0000000000000002
51,7,101,4,0.8329741954803467,0.8017837257372734
51,7,57,4,0.8542121648788452,0.5773502691896258
51,7,89,4,0.7332633137702942,0.5345224838248489
51,7,105,4,0.7577818632125854,0.6681531047810612
51,7,113,4,0.9399215579032898,0.8750000000000001
51,7,30,4,0.891860842704773,0.7216878364870323
51,7,46,4,0.7535021901130676,0.474341649025257
51,7,78,4,0.8111599683761597,0.7500000000000001
51,7,54,4,0.9532594680786133,0.7216878364870323
51,7,86,4,0.8666911125183105,0.7500000000000001
51,7,102,4,0.8227273225784302,0.8017837257372734
51,7,58,4,0.8509312272071838,0.474341649025257
51,7,90,4,0.8310531973838806,0.6250000000000001
51,7,106,4,0.7628211975097656,0.6250000000000001
51,7,114,4,0.9399215579032898,0.8750000000000001
51,7,60,4,0.9550397396087646,0.790569415042095
51,7,92,4,0.8350715637207031,0.4330127018922194
51,7,108,4,0.7982468605041504,0.474341649025257
51,7,116,4,0.9362457990646362,0.8660254037844387
51,7,120,4,0.8870277404785156,0.7216878364870323
51,7,31,5,0.8739096522331238,0.6681531047810612
51,7,47,5,0.8873074650764465,0.8750000000000001
51,7,79,5,0.8503363132476807,0.8017837257372734
51,7,55,5,1.0,1.0000000000000002
51,7,87,5,1.0,1.0000000000000002
51,7,103,5,0.8956854343414307,0.8017837257372734
51,7,59,5,0.9454654455184937,0.8750000000000001
51,7,91,5,0.848617672920227,0.6250000000000001
51,7,107,5,0.7921289801597595,0.6250000000000001
51,7,115,5,0.9399215579032898,0.8750000000000001
51,7,61,5,0.9640204310417175,0.8017837257372734
51,7,93,5,1.0,1.0000000000000002
51,7,109,5,0.8329741954803467,0.8017837257372734
51,7,117,5,1.0,1.0000000000000002
51,7,121,5,0.9399215579032898,0.8750000000000001
51,7,62,5,0.8763980865478516,0.6681531047810612
51,7,94,5,0.8803621530532837,0.7500000000000001
51,7,110,5,0.8227273225784302,0.8017837257372734
51,7,118,5,1.0,1.0000000000000002
51,7,122,5,0.9399215579032898,0.8750000000000001
51,7,124,5,0.9532594680786133,0.7216878364870323
51,7,63,6,1.0,1.0000000000000002
51,7,95,6,1.0,1.0000000000000002
51,7,111,6,0.8956854343414307,0.8017837257372734
51,7,119,6,1.0,1.0000000000000002
51,7,123,6,0.9399215579032898,0.8750000000000001
51,7,125,6,1.0,1.0000000000000002
51,7,126,6,1.0,1.0000000000000002
52,5,31,5,0.9999998807907104,1.0000000000000002
52,5,0,0,0.736711859703064,0.0
52,5,1,1,0.7309340238571167,0.0
52,5,2,1,0.8875290751457214,0.447213595499958
52,5,4,1,0.740090012550354,0.0
52,5,8,1,0.8413068056106567,0.447213595499958
52,5,16,1,0.8748271465301514,0.447213595499958
52,5,3,2,0.9344080090522766,0.632455532033676
52,5,5,2,0.7309340238571167,0.0
52,5,9,2,0.8083862066268921,0.2581988897471612
52,5,17,2,0.873645544052124,0.2581988897471612
52,5,6,2,0.8950886726379395,0.632455532033676
52,5,10,2,0.9281717538833618,0.632455532033676
52,5,18,2,0.9502403140068054,0.7745966692414836
52,5,12,2,0.839362621307373,0.2581988897471612
52,5,20,2,0.8748271465301514,0.447213595499958
52,5,24,2,0.9138005375862122,0.632455532033676
52,5,7,3,0.9296384453773499,0.5163977794943224
52,5,11,3,0.9585393071174622,0.670820393249937
52,5,19,3,0.9751149415969849,0.894427190999916
52,5,13,3,0.8684062957763672,0.447213595499958
52,5,21,3,0.8305261135101318,0.2581988897471612
52,5,25,3,0.8731896877288818,0.447213595499958
52,5,14,3,0.9772966504096985,0.894427190999916
52,5,22,3,0.9502403140068054,0.7745966692414836
52,5,26,3,0.9608729481697083,0.7745966692414836
52,5,28,3,0.9041997194290161,0.7745966692414836
52,5,15,4,0.9999998807907104,1.0000000000000002
52,5,23,4,0.9674230217933655,0.6761234037828134
52,5,27,4,0.9999998807907104,1.0000000000000002
52,5,29,4,0.8684118986129761,0.670820393249937
52,5,30,4,0.968761682510376,0.894427190999916
53,6,63,6,1.0,1.0000000000000002
53,6,0,0,0.7272326350212097,0.1666666666666667
53,6,1,1,0.7056505084037781,0.0
53,6,2,1,0.7527499198913574,0.2357022603955159
53,6,4,1,0.7275346517562866,0.4082482904638631
53,6,8,1,0.777096152305603,0.5773502691896258
53,6,16,1,0.7308919429779053,0.20412414523193154
53,6,32,1,0.8083425164222717,0.5773502691896258
53,6,3,2,0.8428117036819458,0.6123724356957946
53,6,5,2,0.692691445350647,0.0
53,6,9,2,0.7569593787193298,0.2886751345948129
53,6,17,2,0.7339690923690796,0.0
53,6,33,2,0.8058810830116272,0.2357022603955159
53,6,6,2,0.7348244190216064,0.4082482904638631
53,6,10,2,0.7804962396621704,0.2357022603955159
53,6,18,2,0.7753188610076904,0.3651483716701108
53,6,34,2,0.8089009523391724,0.5477225575051663
53,6,12,2,0.777096152305603,0.5773502691896258
53,6,20,2,0.7417781949043274,0.2357022603955159
53,6,36,2,0.8028085231781006,0.4714045207910318
53,6,24,2,0.8451650738716125,0.6123724356957946
53,6,40,2,0.9294602274894714,0.8164965809277261
53,6,48,2,0.8773025274276733,0.7071067811865477
53,6,7,3,0.8428117036819458,0.6123724356957946
53,6,11,3,0.8716174960136414,0.6123724356957946
53,6,19,3,0.815106213092804,0.6123724356957946
53,6,35,3,0.8521338701248169,0.6666666666666669
53,6,13,3,0.7554545402526855,0.3651483716701108
53,6,21,3,0.7208660244941711,0.0
53,6,37,3,0.8665463924407959,0.7302967433402217
53,6,25,3,0.9452733993530273,0.8164965809277261
53,6,41,3,1.0,1.0000000000000002
53,6,49,3,0.8462293148040771,0.3333333333333334
53,6,14,3,0.8195345401763916,0.5477225575051663
53,6,22,3,0.8033722639083862,0.5000000000000001
53,6,38,3,0.8565911054611206,0.5477225575051663
53,6,26,3,0.8959166407585144,0.6123724356957946
53,6,42,3,0.9439948201179504,0.8333333333333336
53,6,50,3,0.8806633949279785,0.6666666666666669
53,6,28,3,0.8602242469787598,0.6123724356957946
53,6,44,3,0.9294602274894714,0.8164965809277261
53,6,52,3,0.8647301197052002,0.6123724356957946
53,6,56,3,0.9294602274894714,0.8164965809277261
53,6,15,4,0.840130090713501,0.7302967433402217
53,6,23,4,0.8261914253234863,0.5477225575051663
53,6,39,4,0.8665463924407959,0.7302967433402217
53,6,27,4,0.9452733993530273,0.8164965809277261
53,6,43,4,1.0,1.0000000000000002
53,6,51,4,0.9217578172683716,0.8333333333333336
53,6,29,4,1.0,1.0000000000000002
53,6,45,4,1.0,1.0000000000000002
53,6,53,4,0.9217578172683716,0.8333333333333336
53,6,57,4,1.0,1.0000000000000002
53,6,30,4,0.8654265403747559,0.6666666666666669
53,6,46,4,0.9439948201179504,0.8333333333333336
53,6,54,4,0.8863602876663208,0.6666666666666669
53,6,58,4,0.9439948201179504,0.8333333333333336
53,6,60,4,0.9294602274894714,0.8164965809277261
53,6,31,5,1.0,1.0000000000000002
53,6,47,5,1.0,1.0000000000000002
53,6,55,5,0.9076098203659058,0.7302967433402217
53,6,59,5,1.0,1.0000000000000002
53,6,61,5,1.0,1.0000000000000002
53,6,62,5,0.9439948201179504,0.8333333333333336
54,4,15,4,1.0,1.0
54,4,0,0,0.7343384027481079,0.0
54,4,1,1,0.7799645662307739,0.2886751345948129
54,4,2,1,0.7585873603820801,0.0
54,4,4,1,0.7360929250717163,0.0
54,4,8,1,0.722261369228363,0.0
54,4,3,2,0.8052942752838135,0.7071067811865476
54,4,5,2,0.7572706341743469,0.18898223650461365
54,4,9,2,0.8101832866668701,0.5
54,4,6,2,0.7848033905029297,0.447213595499958
54,4,10,2,0.7215334177017212,0.0
54,4,12,2,0.8579772710800171,0.25
54,4,7,3,0.8294692039489746,0.5773502691896258
54,4,11,3,0.7753792405128479,0.447213595499958
54,4,13,3,1.0,1.0
54,4,14,3,0.8642793297767639,0.75
55,7,127,7,1.0000001192092896,1.0000000000000004
55,7,0,0,0.7182436585426331,0.0
55,7,1,1,0.7894384860992432,0.3779644730092273
55,7,2,1,0.7907811999320984,0.6546536707079773
55,7,4,1,0.6964808106422424,0.0
55,7,8,1,0.7542568445205688,0.0
55,7,16,1,0.790113091468811,0.4364357804719849
55,7,32,1,0.8221924304962158,0.5345224838248489
55,7,64,1,0.6964808106422424,0.0
55,7,3,2,0.7747435569763184,0.5070925528371101
55,7,5,2,0.7907811999320984,0.6546536707079773
55,7,9,2,0.7827664613723755,0.26726124191242445
55,7,17,2,0.7994510531425476,0.5070925528371101
55,7,33,2,0.8917627334594727,0.6761234037828134
55,7,65,2,0.7589855194091797,0.3779644730092273
55,7,6,2,0.727277934551239,0.3779644730092273
55,7,10,2,0.9098683595657349,0.7142857142857146
55,7,18,2,0.7817002534866333,0.566946709513841
55,7,34,2,0.8545480966567993,0.7715167498104598
55,7,66,2,0.7512466907501221,0.4364357804719849
55,7,12,2,0.8878324031829834,0.5345224838248489
55,7,20,2,0.7877611517906189,0.5345224838248489
55,7,36,2,0.8031641840934753,0.5070925528371101
55,7,68,2,0.6964808106422424,0.0
55,7,24,2,0.7923483848571777,0.26726124191242445
55,7,40,2,0.8502154350280762,0.4364357804719849
55,7,72,2,0.7542568445205688,0.0
55,7,48,2,0.8675731420516968,0.6761234037828134
55,7,80,2,0.7696216702461243,0.3779644730092273
55,7,96,2,0.8221924304962158,0.5345224838248489
55,7,7,3,0.7747435569763184,0.5070925528371101
55,7,11,3,0.9677545428276062,0.9258200997725518
55,7,19,3,0.8043988347053528,0.6761234037828134
55,7,35,3,0.8545480966567993,0.7715167498104598
55,7,67,3,0.7907811999320984,0.6546536707079773
55,7,13,3,0.9428108334541321,0.7715167498104598
55,7,21,3,0.7991206049919128,0.6172133998483679
55,7,37,3,0.8545480966567993,0.7715167498104598
55,7,69,3,0.7907811999320984,0.6546536707079773
55,7,25,3,0.7821048498153687,0.3779644730092273
55,7,41,3,0.8444598913192749,0.6172133998483679
55,7,73,3,0.7827664613723755,0.26726124191242445
55,7,49,3,0.9080244898796082,0.7715167498104598
55,7,81,3,0.7994510531425476,0.5070925528371101
55,7,97,3,0.8917627334594727,0.6761234037828134
55,7,14,3,0.8707612156867981,0.58554004376912
55,7,22,3,0.7357665300369263,0.3779644730092273
55,7,38,3,0.8545480966567993,0.7715167498104598
55,7,70,3,0.7512466907501221,0.4364357804719849
55,7,26,3,0.9042612314224243,0.7715167498104598
55,7,42,3,0.9420291185379028,0.8451542547285168
55,7,74,3,0.9098683595657349,0.7142857142857146
55,7,50,3,0.9081990122795105,0.9258200997725518
55,7,82,3,0.7817002534866333,0.566946709513841
55,7,98,3,0.8466969132423401,0.7715167498104598
55,7,28,3,0.9205366969108582,0.6546536707079773
55,7,44,3,0.9420291185379028,0.8451542547285168
55,7,76,3,0.8878324031829834,0.5345224838248489
55,7,52,3,0.8351218700408936,0.6172133998483679
55,7,84,3,0.7877611517906189,0.5345224838248489
55,7,100,3,0.8031641840934753,0.5070925528371101
55,7,56,3,0.9561866521835327,0.7559289460184546
55,7,88,3,0.7923483848571777,0.26726124191242445
55,7,104,3,0.8502154350280762,0.4364357804719849
55,7,112,3,0.8675731420516968,0.6761234037828134
55,7,15,4,0.8928619027137756,0.6761234037828134
55,7,23,4,0.7855393886566162,0.6172133998483679
55,7,39,4,0.8612996935844421,0.7142857142857146
55,7,71,4,0.7747435569763184,0.5070925528371101
55,7,27,4,0.9677545428276062,0.9258200997725518
55,7,43,4,0.9922308921813965,0.9258200997725518
55,7,75,4,0.9677545428276062,0.9258200997725518
55,7,51,4,0.9081990122795105,0.9258200997725518
55,7,83,4,0.8043988347053528,0.6761234037828134
55,7,99,4,0.8545480966567993,0.7715167498104598
55,7,29,4,0.9677545428276062,0.9258200997725518
55,7,45,4,0.9922308921813965,0.9258200997725518
55,7,77,4,0.9428108334541321,0.7715167498104598
55,7,53,4,0.9020453095436096,0.8017837257372734
55,7,85,4,0.7991206049919128,0.6172133998483679
55,7,101,4,0.8545480966567993,0.7715167498104598
55,7,57,4,0.9791849851608276,0.8451542547285168
55,7,89,4,0.7856334447860718,0.3779644730092273
55,7,105,4,0.9896523952484131,0.8451542547285168
55,7,113,4,0.9080244898796082,0.7715167498104598
55,7,30,4,0.9042612314224243,0.7715167498104598
55,7,46,4,0.9922308921813965,0.9258200997725518
55,7,78,4,0.8707612156867981,0.58554004376912
55,7,54,4,0.8683557510375977,0.8571428571428575
55,7,86,4,0.7403564453125,0.3779644730092273
55,7,102,4,0.8545480966567993,0.7715167498104598
55,7,58,4,1.0000001192092896,1.0000000000000004
55,7,90,4,0.8932868838310242,0.566946709513841
55,7,106,4,0.9420291185379028,0.8451542547285168
55,7,114,4,0.9081990122795105,0.9258200997725518
55,7,60,4,0.9540067315101624,0.8451542547285168
55,7,92,4,0.9205366969108582,0.6546536707079773
55,7,108,4,0.9420291185379028,0.8451542547285168
55,7,116,4,0.8457217216491699,0.7715167498104598
55,7,120,4,0.9561866521835327,0.7559289460184546
55,7,31,5,0.9677545428276062,0.9258200997725518
55,7,47,5,0.9922308921813965,0.9258200997725518
55,7,79,5,0.8928619027137756,0.6761234037828134
55,7,55,5,0.8962129354476929,0.8571428571428575
55,7,87,5,0.773558497428894,0.5714285714285717
55,7,103,5,0.8612996935844421,0.7142857142857146
55,7,59,5,1.0000001192092896,1.0000000000000004
55,7,91,5,0.9677545428276062,0.9258200997725518
55,7,107,5,0.9922308921813965,0.9258200997725518
55,7,115,5,0.8723688125610352,0.8017837257372734
55,7,61,5,1.0000001192092896,1.0000000000000004
55,7,93,5,0.9677545428276062,0.9258200997725518
55,7,109,5,0.9922308921813965,0.9258200997725518
55,7,117,5,0.9020453095436096,0.8017837257372734
55,7,121,5,0.9791849851608276,0.8451542547285168
55,7,62,5,1.0000001192092896,1.0000000000000004
55,7,94,5,0.9042612314224243,0.7715167498104598
55,7,110,5,0.9922308921813965,0.9258200997725518
55,7,118,5,0.8683557510375977,0.8571428571428575
55,7,122,5,1.0000001192092896,1.0000000000000004
55,7,124,5,0.9540067315101624,0.8451542547285168
55,7,63,6,1.0000001192092896,1.0000000000000004
55,7,95,6,0.9677545428276062,0.9258200997725518
55,7,111,6,0.9922308921813965,0.9258200997725518
55,7,119,6,0.8723688125610352,0.8017837257372734
55,7,123,6,1.0000001192092896,1.0000000000000004
55,7,125,6,1.0000001192092896,1.0000000000000004
55,7,126,6,1.0000001192092896,1.0000000000000004
57,5,31,5,1.0,1.0000000000000002
57,5,0,0,0.7225852012634277,0.158113883008419
57,5,1,1,0.7750349044799805,0.447213595499958
57,5,2,1,0.6998886466026306,0.20000000000000004
57,5,4,1,0.7006869316101074,0.20000000000000004
57,5,8,1,0.6921497583389282,0.13483997249264842
57,5,16,1,0.7792037129402161,0.223606797749979
57,5,3,2,0.8536474704742432,0.6000000000000001
57,5,5,2,0.7750349044799805,0.447213595499958
57,5,9,2,0.7365648150444031,0.20000000000000004
57,5,17,2,0.7724170684814453,0.223606797749979
57,5,6,2,0.7156472206115723,0.20000000000000004
57,5,10,2,0.7349395155906677,0.20000000000000004
57,5,18,2,0.7271921038627625,0.20000000000000004
57,5,12,2,0.728790283203125,0.20000000000000004
57,5,20,2,0.7782492637634277,0.223606797749979
57,5,24,2,0.6990736722946167,0.0
57,5,7,3,0.8536474704742432,0.6000000000000001
57,5,11,3,0.801469087600708,0.6000000000000001
57,5,19,3,0.8569008111953735,0.6000000000000001
57,5,13,3,0.7969096899032593,0.447213595499958
57,5,21,3,0.79576575756073,0.447213595499958
57,5,25,3,0.7423743009567261,0.20000000000000004
57,5,14,3,0.7349395155906677,0.20000000000000004
57,5,22,3,0.7271921038627625,0.20000000000000004
57,5,26,3,0.7470923066139221,0.20000000000000004
57,5,28,3,0.7263054251670837,0.0
57,5,15,4,0.8031773567199707,0.6000000000000001
57,5,23,4,0.8569008111953735,0.6000000000000001
57,5,27,4,1.0,1.0000000000000002
57,5,29,4,0.7719495296478271,0.4000000000000001
57,5,30,4,0.8223789930343628,0.4000000000000001
58,6,63,6,0.9999999403953552,1.0000000000000002
58,6,0,0,0.6993124485015869,0.0
58,6,1,1,0.7585480213165283,0.6172133998483679
58,6,2,1,0.7585480213165283,0.6172133998483679
58,6,4,1,0.867827296257019,0.5773502691896258
58,6,8,1,0.7282145023345947,0.0
58,6,16,1,0.7073191404342651,0.0
58,6,32,1,0.8518645763397217,0.20412414523193154
58,6,3,2,0.762482225894928,0.6666666666666669
58,6,5,2,0.9129248261451721,0.912870929175277
58,6,9,2,0.7585480213165283,0.6172133998483679
58,6,17,2,0.7612159252166748,0.6666666666666669
58,6,33,2,0.9260740280151367,0.8333333333333336
58,6,6,2,0.87879478931427,0.7715167498104598
58,6,10,2,0.766265869140625,0.6666666666666669
58,6,18,2,0.766265869140625,0.6666666666666669
58,6,34,2,0.8946083784103394,0.8333333333333336
58,6,12,2,0.8556714057922363,0.7071067811865477
58,6,20,2,0.8741765022277832,0.8164965809277261
58,6,36,2,0.9273018836975098,0.7302967433402217
58,6,24,2,0.7073191404342651,0.0
58,6,40,2,0.8518548011779785,0.4082482904638631
58,6,48,2,0.8518548011779785,0.4082482904638631
58,6,7,3,0.87879478931427,0.7715167498104598
58,6,11,3,0.7613438963890076,0.5477225575051663
58,6,19,3,0.7587969303131104,0.7302967433402217
58,6,35,3,0.9260740280151367,0.8333333333333336
58,6,13,3,0.9129248261451721,0.912870929175277
58,6,21,3,0.8956599235534668,0.8333333333333336
58,6,37,3,0.9999999403953552,1.0000000000000002
58,6,25,3,0.7612159252166748,0.6666666666666669
58,6,41,3,0.9260740280151367,0.8333333333333336
58,6,49,3,0.9260740280151367,0.8333333333333336
58,6,14,3,0.9129248261451721,0.912870929175277
58,6,22,3,0.9129248261451721,0.912870929175277
58,6,38,3,0.9999999403953552,1.0000000000000002
58,6,26,3,0.7445851564407349,0.6666666666666669
58,6,42,3,0.9260740280151367,0.8333333333333336
58,6,50,3,0.9260740280151367,0.8333333333333336
58,6,28,3,0.8741765022277832,0.8164965809277261
58,6,44,3,0.9273018836975098,0.7302967433402217
58,6,52,3,0.9230771064758301,0.3651483716701108
58,6,56,3,0.8518548011779785,0.4082482904638631
58,6,15,4,0.9129248261451721,0.912870929175277
58,6,23,4,0.9129248261451721,0.912870929175277
58,6,39,4,0.9999999403953552,1.0000000000000002
58,6,27,4,0.7612159252166748,0.6666666666666669
58,6,43,4,0.9260740280151367,0.8333333333333336
58,6,51,4,0.9260740280151367,0.8333333333333336
58,6,29,4,0.8956599235534668,0.8333333333333336
58,6,45,4,0.9999999403953552,1.0000000000000002
58,6,53,4,0.9999999403953552,1.0000000000000002
58,6,57,4,0.9260740280151367,0.8333333333333336
58,6,30,4,0.9129248261451721,0.912870929175277
58,6,46,4,0.9999999403953552,1.0000000000000002
58,6,54,4,0.9999999403953552,1.0000000000000002
58,6,58,4,0.9260740280151367,0.8333333333333336
58,6,60,4,0.9230771064758301,0.3651483716701108
58,6,31,5,0.9129248261451721,0.912870929175277
58,6,47,5,0.9999999403953552,1.0000000000000002
58,6,55,5,0.9999999403953552,1.0000000000000002
58,6,59,5,0.9260740280151367,0.8333333333333336
58,6,61,5,0.9999999403953552,1.0000000000000002
58,6,62,5,0.9999999403953552,1.0000000000000002
59,5,31,5,0.9999999403953552,1.0000000000000002
59,5,0,0,0.7454533576965332,0.0
59,5,1,1,0.8280696868896484,0.6000000000000001
59,5,2,1,0.6979151964187622,0.0
59,5,4,1,0.7454533576965332,0.0
59,5,8,1,0.9877148270606995,0.6000000000000001
59,5,16,1,0.7628434896469116,0.2581988897471612
59,5,3,2,0.8403134346008301,0.6000000000000001
59,5,5,2,0.8197189569473267,0.6000000000000001
59,5,9,2,0.9999999403953552,1.0000000000000002
59,5,17,2,0.8846924304962158,0.670820393249937
59,5,6,2,0.7040461301803589,0.0
59,5,10,2,0.8242074251174927,0.670820393249937
59,5,18,2,0.8260750770568848,0.4000000000000001
59,5,12,2,0.9892897605895996,0.670820393249937
59,5,20,2,0.7862989902496338,0.20000000000000004
59,5,24,2,0.8257124423980713,0.4000000000000001
59,5,7,3,0.853396475315094,0.8000000000000002
59,5,11,3,0.9999999403953552,1.0000000000000002
59,5,19,3,0.836929440498352,0.8000000000000002
59,5,13,3,0.9999999403953552,1.0000000000000002
59,5,21,3,0.8314951658248901,0.8000000000000002
59,5,25,3,0.9999999403953552,1.0000000000000002
59,5,14,3,0.9948153495788574,0.894427190999916
59,5,22,3,0.8495030999183655,0.670820393249937
59,5,26,3,0.9948153495788574,0.894427190999916
59,5,28,3,0.8257124423980713,0.4000000000000001
59,5,15,4,0.9999999403953552,1.0000000000000002
59,5,23,4,0.8317279815673828,0.8000000000000002
59,5,27,4,0.9999999403953552,1.0000000000000002
59,5,29,4,0.9999999403953552,1.0000000000000002
59,5,30,4,0.9948153495788574,0.894427190999916
60,6,63,6,0.9999999403953552,1.0000000000000002
60,6,0,0,0.7710785865783691,0.1825741858350554
60,6,1,1,0.7521059513092041,0.4714045207910318
60,6,2,1,0.7521059513092041,0.4714045207910318
60,6,4,1,0.9172660112380981,0.4082482904638631
60,6,8,1,0.8577499389648438,0.5477225575051663
60,6,16,1,0.740080714225769,0.1666666666666667
60,6,32,1,0.8224815726280212,0.3651483716701108
60,6,3,2,0.7830713391304016,0.5773502691896258
60,6,5,2,0.9085451364517212,0.2357022603955159
60,6,9,2,0.8491363525390625,0.5000000000000001
60,6,17,2,0.7866083383560181,0.4082482904638631
60,6,33,2,0.8316650986671448,0.7071067811865477
60,6,6,2,0.8983317613601685,0.4714045207910318
60,6,10,2,0.8038997650146484,0.30860669992418394
60,6,18,2,0.7687418460845947,0.3651483716701108
60,6,34,2,0.8301863670349121,0.7302967433402217
60,6,12,2,0.95660400390625,0.8164965809277261
60,6,20,2,0.8979291915893555,0.5000000000000001
60,6,36,2,0.8831554651260376,0.4714045207910318
60,6,24,2,0.8672521114349365,0.6172133998483679
60,6,40,2,0.8979556560516357,0.6666666666666669
60,6,48,2,0.8375505208969116,0.6666666666666669
60,6,7,3,0.942291259765625,0.7071067811865477
60,6,11,3,0.857154905796051,0.6666666666666669
60,6,19,3,0.7847737073898315,0.5000000000000001
60,6,35,3,0.8238013386726379,0.5773502691896258
60,6,13,3,0.9900828003883362,0.912870929175277
60,6,21,3,0.9125937819480896,0.3651483716701108
60,6,37,3,0.9366524815559387,0.6123724356957946
60,6,25,3,0.886814296245575,0.6172133998483679
60,6,41,3,0.886814296245575,0.6172133998483679
60,6,49,3,0.8602893352508545,0.7302967433402217
60,6,14,3,0.9112400412559509,0.3333333333333334
60,6,22,3,0.8983317613601685,0.4714045207910318
60,6,38,3,0.9776496887207031,0.912870929175277
60,6,26,3,0.7763948440551758,0.2886751345948129
60,6,42,3,0.9189149141311646,0.8333333333333336
60,6,50,3,0.8536903858184814,0.7302967433402217
60,6,28,3,0.95660400390625,0.8164965809277261
60,6,44,3,0.9820118546485901,0.912870929175277
60,6,52,3,0.9055240154266357,0.5000000000000001
60,6,56,3,0.8979556560516357,0.6666666666666669
60,6,15,4,0.9999999403953552,1.0000000000000002
60,6,23,4,0.9390117526054382,0.6666666666666669
60,6,39,4,0.9776496887207031,0.912870929175277
60,6,27,4,0.8480263948440552,0.6666666666666669
60,6,43,4,0.916386604309082,0.8333333333333336
60,6,51,4,0.8558937311172485,0.7302967433402217
60,6,29,4,0.9820118546485901,0.912870929175277
60,6,45,4,0.9820118546485901,0.912870929175277
60,6,53,4,0.9623661041259766,0.6123724356957946
60,6,57,4,0.8724461197853088,0.6172133998483679
60,6,30,4,0.9479782581329346,0.5477225575051663
60,6,46,4,0.9999999403953552,1.0000000000000002
60,6,54,4,0.9013480544090271,0.7302967433402217
60,6,58,4,0.9189149141311646,0.8333333333333336
60,6,60,4,0.9820118546485901,0.912870929175277
60,6,31,5,0.9999999403953552,1.0000000000000002
60,6,47,5,0.9999999403953552,1.0000000000000002
60,6,55,5,0.9776496887207031,0.912870929175277
60,6,59,5,0.916386604309082,0.8333333333333336
60,6,61,5,0.9820118546485901,0.912870929175277
60,6,62,5,0.9479782581329346,0.5477225575051663
63,6,63,6,0.9999999403953552,1.0000000000000002
63,6,0,0,0.6930690407752991,0.0
63,6,1,1,0.8229531049728394,0.3651483716701108
63,6,2,1,0.6930690407752991,0.0
63,6,4,1,0.6930690407752991,0.0
63,6,8,1,0.822328507900238,0.6666666666666669
63,6,16,1,0.6930690407752991,0.0
63,6,32,1,0.8480263352394104,0.0
63,6,3,2,0.861070990562439,0.7302967433402217
63,6,5,2,0.8717281818389893,0.8333333333333336
63,6,9,2,0.8369289040565491,0.6666666666666669
63,6,17,2,0.8481401801109314,0.7302967433402217
63,6,33,2,0.9792349338531494,0.8333333333333336
63,6,6,2,0.8853664398193359,0.912870929175277
63,6,10,2,0.6930690407752991,0.0
63,6,18,2,0.8308542370796204,0.6123724356957946
63,6,34,2,0.9802986979484558,0.8333333333333336
63,6,12,2,0.781097948551178,0.7071067811865477
63,6,20,2,0.8422926664352417,0.6666666666666669
63,6,36,2,0.7381703853607178,0.20412414523193154
63,6,24,2,0.822328507900238,0.6666666666666669
63,6,40,2,0.7311745285987854,0.0
63,6,48,2,0.869318962097168,0.4082482904638631
63,6,7,3,0.8828160762786865,0.912870929175277
63,6,11,3,0.8828160762786865,0.912870929175277
63,6,19,3,0.8634389638900757,0.6666666666666669
63,6,35,3,0.9556472897529602,0.6666666666666669
63,6,13,3,0.8828160762786865,0.912870929175277
63,6,21,3,0.8189584612846375,0.6666666666666669
63,6,37,3,0.9999999403953552,1.0000000000000002
63,6,25,3,0.8313888907432556,0.6172133998483679
63,6,41,3,0.9801318049430847,0.7715167498104598
63,6,49,3,0.9792349338531494,0.8333333333333336
63,6,14,3,0.8608576655387878,0.8164965809277261
63,6,22,3,0.8608576655387878,0.8164965809277261
63,6,38,3,0.9469391107559204,0.8333333333333336
63,6,26,3,0.8828160762786865,0.912870929175277
63,6,42,3,0.9999999403953552,1.0000000000000002
63,6,50,3,0.9999999403953552,1.0000000000000002
63,6,28,3,0.781097948551178,0.7071067811865477
63,6,44,3,0.7311745285987854,0.0
63,6,52,3,0.869318962097168,0.4082482904638631
63,6,56,3,0.9714136123657227,0.6666666666666669
63,6,15,4,0.8828160762786865,0.912870929175277
63,6,23,4,0.8108755350112915,0.8333333333333336
63,6,39,4,0.9999999403953552,1.0000000000000002
63,6,27,4,0.8831402659416199,0.8333333333333336
63,6,43,4,0.9999999403953552,1.0000000000000002
63,6,51,4,0.9556472897529602,0.6666666666666669
63,6,29,4,0.8831402659416199,0.8333333333333336
63,6,45,4,0.9999999403953552,1.0000000000000002
63,6,53,4,0.9999999403953552,1.0000000000000002
63,6,57,4,0.9801318049430847,0.7715167498104598
63,6,30,4,0.8828160762786865,0.912870929175277
63,6,46,4,0.9999999403953552,1.0000000000000002
63,6,54,4,0.9999999403953552,1.0000000000000002
63,6,58,4,0.9999999403953552,1.0000000000000002
63,6,60,4,0.9999999403953552,1.0000000000000002
63,6,31,5,0.8828160762786865,0.912870929175277
63,6,47,5,0.9999999403953552,1.0000000000000002
63,6,55,5,0.9999999403953552,1.0000000000000002
63,6,59,5,0.9999999403953552,1.0000000000000002
63,6,61,5,0.9999999403953552,1.0000000000000002
63,6,62,5,0.9999999403953552,1.0000000000000002
64,6,63,6,1.0,1.0000000000000002
64,6,0,0,0.7094426155090332,0.0
64,6,1,1,0.7750035524368286,0.5773502691896258
64,6,2,1,0.6780283451080322,0.0
64,6,4,1,0.6780283451080322,0.0
64,6,8,1,0.8842284679412842,0.2886751345948129
64,6,16,1,0.8593915700912476,0.4082482904638631
64,6,32,1,0.7729253768920898,0.4082482904638631
64,6,3,2,0.7750035524368286,0.5773502691896258
64,6,5,2,0.7811092138290405,0.7071067811865477
64,6,9,2,0.9370195269584656,0.7071067811865477
64,6,17,2,0.9327706694602966,0.912870929175277
64,6,33,2,0.7901158332824707,0.7302967433402217
64,6,6,2,0.6779291033744812,0.0
64,6,10,2,0.9056261777877808,0.2886751345948129
64,6,18,2,0.801673173904419,0.1825741858350554
64,6,34,2,0.8193099498748779,0.6123724356957946
64,6,12,2,0.9703904390335083,0.7302967433402217
64,6,20,2,0.8664361834526062,0.3333333333333334
64,6,36,2,0.8019146919250488,0.7302967433402217
64,6,24,2,0.944589376449585,0.5773502691896258
64,6,40,2,0.9505355358123779,0.6123724356957946
64,6,48,2,0.9327706694602966,0.912870929175277
64,6,7,3,0.7811092138290405,0.7071067811865477
64,6,11,3,0.9370195269584656,0.7071067811865477
64,6,19,3,0.9327706694602966,0.912870929175277
64,6,35,3,0.7901158332824707,0.7302967433402217
64,6,13,3,0.9370195269584656,0.7071067811865477
64,6,21,3,0.9327706694602966,0.912870929175277
64,6,37,3,0.7690231800079346,0.5773502691896258
64,6,25,3,1.0,1.0000000000000002
64,6,41,3,0.9699667692184448,0.8164965809277261
64,6,49,3,0.9327706694602966,0.912870929175277
64,6,14,3,0.9081835746765137,0.7302967433402217
64,6,22,3,0.9327706694602966,0.912870929175277
64,6,38,3,0.8125011920928955,0.7302967433402217
64,6,26,3,1.0,1.0000000000000002
64,6,42,3,1.0,1.0000000000000002
64,6,50,3,0.892097532749176,0.7071067811865477
64,6,28,3,1.0,1.0000000000000002
64,6,44,3,0.9987297058105469,0.8333333333333336
64,6,52,3,0.9327706694602966,0.912870929175277
64,6,56,3,1.0,1.0000000000000002
64,6,15,4,0.9829805493354797,0.912870929175277
64,6,23,4,0.9327706694602966,0.912870929175277
64,6,39,4,0.8125011920928955,0.7302967433402217
64,6,27,4,1.0,1.0000000000000002
64,6,43,4,1.0,1.0000000000000002
64,6,51,4,0.9327706694602966,0.912870929175277
64,6,29,4,0.9987297058105469,0.8333333333333336
64,6,45,4,0.9987297058105469,0.8333333333333336
64,6,53,4,0.9327706694602966,0.912870929175277
64,6,57,4,1.0,1.0000000000000002
64,6,30,4,1.0,1.0000000000000002
64,6,46,4,1.0,1.0000000000000002
64,6,54,4,0.9327706694602966,0.912870929175277
64,6,58,4,1.0,1.0000000000000002
64,6,60,4,1.0,1.0000000000000002
64,6,31,5,1.0,1.0000000000000002
64,6,47,5,1.0,1.0000000000000002
64,6,55,5,0.9327706694602966,0.912870929175277
64,6,59,5,1.0,1.0000000000000002
64,6,61,5,1.0,1.0000000000000002
64,6,62,5,1.0,1.0000000000000002
66,6,63,6,1.0,1.0000000000000004
66,6,0,0,0.8066093921661377,0.11952286093343939
66,6,1,1,0.8162001967430115,0.3779644730092273
66,6,2,1,0.8071075677871704,0.566946709513841
66,6,4,1,0.8496403694152832,0.3779644730092273
66,6,8,1,0.7957059741020203,0.3779644730092273
66,6,16,1,0.7884860634803772,0.0
66,6,32,1,0.9176944494247437,0.3779644730092273
66,6,3,2,0.8338746428489685,0.566946709513841
66,6,5,2,0.8999797701835632,0.6172133998483679
66,6,9,2,0.8946634531021118,0.5070925528371101
66,6,17,2,0.8485623002052307,0.4285714285714288
66,6,33,2,0.9176976680755615,0.5070925528371101
66,6,6,2,0.9190929532051086,0.6761234037828134
66,6,10,2,0.850723147392273,0.8451542547285168
66,6,18,2,0.8249445557594299,0.16903085094570336
66,6,34,2,0.917011022567749,0.4285714285714288
66,6,12,2,0.8772555589675903,0.7559289460184546
66,6,20,2,0.8496403694152832,0.3779644730092273
66,6,36,2,0.9146431684494019,0.7559289460184546
66,6,24,2,0.7687438726425171,0.26726124191242445
66,6,40,2,0.886130690574646,0.5345224838248489
66,6,48,2,0.9020936489105225,0.6546536707079773
66,6,7,3,0.9133541584014893,0.6761234037828134
66,6,11,3,0.8364157676696777,0.8451542547285168
66,6,19,3,0.8338746428489685,0.566946709513841
66,6,35,3,0.9068878889083862,0.5070925528371101
66,6,13,3,0.9235793352127075,0.9258200997725518
66,6,21,3,0.9141761064529419,0.8571428571428575
66,6,37,3,0.9933611154556274,0.9354143466934857
66,6,25,3,0.8249738812446594,0.5345224838248489
66,6,41,3,0.91263747215271,0.7559289460184546
66,6,49,3,0.9112593531608582,0.6172133998483679
66,6,14,3,0.9235793352127075,0.9258200997725518
66,6,22,3,0.9190929532051086,0.6761234037828134
66,6,38,3,1.0,1.0000000000000004
66,6,26,3,0.8156436681747437,0.7142857142857146
66,6,42,3,0.91263747215271,0.7559289460184546
66,6,50,3,0.9068878889083862,0.5070925528371101
66,6,28,3,0.8271626234054565,0.47809144373375756
66,6,44,3,0.9146431684494019,0.7559289460184546
66,6,52,3,0.9583140015602112,0.8451542547285168
66,6,56,3,0.9023889303207397,0.6546536707079773
66,6,15,4,0.9235793352127075,0.9258200997725518
66,6,23,4,0.9235793352127075,0.9258200997725518
66,6,39,4,0.9664735794067383,0.9258200997725518
66,6,27,4,0.8364157676696777,0.8451542547285168
66,6,43,4,0.9316676259040833,0.9258200997725518
66,6,51,4,0.9316676259040833,0.9258200997725518
66,6,29,4,0.9235793352127075,0.9258200997725518
66,6,45,4,0.9973951578140259,1.0000000000000004
66,6,53,4,0.9933611154556274,0.9354143466934857
66,6,57,4,0.966626763343811,0.7715167498104598
66,6,30,4,0.9235793352127075,0.9258200997725518
66,6,46,4,1.0,1.0000000000000004
66,6,54,4,1.0,1.0000000000000004
66,6,58,4,0.9316676259040833,0.9258200997725518
66,6,60,4,0.920301616191864,0.8017837257372734
66,6,31,5,0.9235793352127075,0.9258200997725518
66,6,47,5,0.9973951578140259,1.0000000000000004
66,6,55,5,1.0,1.0000000000000004
66,6,59,5,0.966626763343811,0.7715167498104598
66,6,61,5,1.0,1.0000000000000004
66,6,62,5,1.0,1.0000000000000004
67,4,15,4,1.0000001192092896,1.0
67,4,0,0,0.7189652919769287,0.0
67,4,1,1,0.7407541871070862,0.3535533905932738
67,4,2,1,0.7911608219146729,0.3535533905932738
67,4,4,1,0.7189652919769287,0.0
67,4,8,1,0.7189652919769287,0.0
67,4,3,2,0.8510968089103699,0.7071067811865476
67,4,5,2,0.7701948285102844,0.18898223650461365
67,4,9,2,0.7605757713317871,0.25
67,4,6,2,1.0000001192092896,1.0
67,4,10,2,0.7911608219146729,0.3535533905932738
67,4,12,2,0.8900917768478394,0.7071067811865476
67,4,7,3,1.0000001192092896,1.0
67,4,11,3,0.9122581481933594,0.75
67,4,13,3,0.812861442565918,0.447213595499958
67,4,14,3,1.0000001192092896,1.0
69,4,15,4,1.0,1.0
69,4,0,0,0.7757561206817627,0.0
69,4,1,1,0.7610207796096802,0.0
69,4,2,1,0.8159919381141663,0.3535533905932738
69,4,4,1,0.8763339519500732,0.8660254037844388
69,4,8,1,0.941109836101532,0.5
69,4,3,2,0.8763339519500732,0.8660254037844388
69,4,5,2,0.8763339519500732,0.8660254037844388
69,4,9,2,1.0,1.0
69,4,6,2,0.8763339519500732,0.8660254037844388
69,4,10,2,0.9551694393157959,0.75
69,4,12,2,1.0,1.0
69,4,7,3,0.8763339519500732,0.8660254037844388
69,4,11,3,1.0,1.0
69,4,13,3,1.0,1.0
69,4,14,3,1.0,1.0
70,6,63,6,1.0,1.0000000000000002
70,6,0,0,0.8449602723121643,0.2357022603955159
70,6,1,1,0.8807445168495178,0.7302967433402217
70,6,2,1,0.8449602723121643,0.2357022603955159
70,6,4,1,0.7749327421188354,0.2886751345948129
70,6,8,1,0.8412151336669922,0.4082482904638631
70,6,16,1,0.9329032301902771,0.4082482904638631
70,6,32,1,0.864745020866394,0.4082482904638631
70,6,3,2,0.8807445168495178,0.7302967433402217
70,6,5,2,0.795458197593689,0.0
70,6,9,2,0.864771842956543,0.7302967433402217
70,6,17,2,0.9139702320098877,0.6666666666666669
70,6,33,2,0.940081775188446,0.7302967433402217
70,6,6,2,0.8449602723121643,0.2357022603955159
70,6,10,2,0.8412151336669922,0.4082482904638631
70,6,18,2,0.9329032301902771,0.4082482904638631
70,6,34,2,0.864745020866394,0.4082482904638631
70,6,12,2,0.836483359336853,0.4082482904638631
70,6,20,2,0.848212480545044,0.20412414523193154
70,6,36,2,0.864745020866394,0.4082482904638631
70,6,24,2,0.9249048233032227,0.6123724356957946
70,6,40,2,0.9081522822380066,0.5477225575051663
70,6,48,2,0.9025132060050964,0.6123724356957946
70,6,7,3,0.8807445168495178,0.7302967433402217
70,6,11,3,0.854013979434967,0.5477225575051663
70,6,19,3,0.9139702320098877,0.6666666666666669
70,6,35,3,0.940081775188446,0.7302967433402217
70,6,13,3,0.854013979434967,0.5477225575051663
70,6,21,3,0.9139702320098877,0.6666666666666669
70,6,37,3,0.940081775188446,0.7302967433402217
70,6,25,3,0.9139702320098877,0.6666666666666669
70,6,41,3,0.9284110069274902,0.6666666666666669
70,6,49,3,0.9827642440795898,0.8333333333333336
70,6,14,3,0.836483359336853,0.4082482904638631
70,6,22,3,0.9329032301902771,0.4082482904638631
70,6,38,3,0.9276062846183777,0.4082482904638631
70,6,26,3,0.9249048233032227,0.6123724356957946
70,6,42,3,0.9081522822380066,0.5477225575051663
70,6,50,3,0.9621471762657166,0.6123724356957946
70,6,28,3,0.9249048233032227,0.6123724356957946
70,6,44,3,0.9081522822380066,0.5477225575051663
70,6,52,3,0.9621471762657166,0.6123724356957946
70,6,56,3,0.9827642440795898,0.8333333333333336
70,6,15,4,0.854013979434967,0.5477225575051663
70,6,23,4,0.9139702320098877,0.6666666666666669
70,6,39,4,0.940081775188446,0.7302967433402217
70,6,27,4,0.9139702320098877,0.6666666666666669
70,6,43,4,0.9284110069274902,0.6666666666666669
70,6,51,4,1.0,1.0000000000000002
70,6,29,4,0.9139702320098877,0.6666666666666669
70,6,45,4,0.9284110069274902,0.6666666666666669
70,6,53,4,0.9827642440795898,0.8333333333333336
70,6,57,4,0.9827642440795898,0.8333333333333336
70,6,30,4,0.9249048233032227,0.6123724356957946
70,6,46,4,0.9081522822380066,0.5477225575051663
70,6,54,4,0.9621471762657166,0.6123724356957946
70,6,58,4,0.9606398344039917,0.7302967433402217
70,6,60,4,0.9827642440795898,0.8333333333333336
70,6,31,5,0.9139702320098877,0.6666666666666669
70,6,47,5,0.9284110069274902,0.6666666666666669
70,6,55,5,0.9827642440795898,0.8333333333333336
70,6,59,5,0.9827642440795898,0.8333333333333336
70,6,61,5,0.9827642440795898,0.8333333333333336
70,6,62,5,0.9606398344039917,0.7302967433402217
71,7,127,7,1.0,1.0000000000000004
71,7,0,0,0.7052944302558899,0.0
71,7,1,1,0.736972451210022,0.3779644730092273
71,7,2,1,0.7477200627326965,0.21821789023599245
71,7,4,1,1.0,1.0000000000000004
71,7,8,1,0.8598394393920898,0.5070925528371101
71,7,16,1,0.7480008602142334,0.3380617018914067
71,7,32,1,0.7168667912483215,0.0
71,7,64,1,0.8014405965805054,0.26726124191242445
71,7,3,2,0.7999721765518188,0.3779644730092273
71,7,5,2,1.0,1.0000000000000004
71,7,9,2,0.8931968212127686,0.7715167498104598
71,7,17,2,0.8115920424461365,0.6172133998483679
71,7,33,2,0.736972451210022,0.3779644730092273
71,7,65,2,0.8405725955963135,0.6761234037828134
71,7,6,2,0.8222638964653015,0.4285714285714288
71,7,10,2,0.8598394393920898,0.5070925528371101
71,7,18,2,0.7480008602142334,0.3380617018914067
71,7,34,2,0.7168667912483215,0.0
71,7,66,2,0.8140461444854736,0.26726124191242445
71,7,12,2,0.9404367208480835,0.7559289460184546
71,7,20,2,0.890799343585968,0.566946709513841
71,7,36,2,1.0,1.0000000000000004
71,7,68,2,1.0,1.0000000000000004
71,7,24,2,0.8722101449966431,0.566946709513841
71,7,40,2,0.8598394393920898,0.5070925528371101
71,7,72,2,0.8990281820297241,0.6172133998483679
71,7,48,2,0.7168667912483215,0.0
71,7,80,2,0.8694292306900024,0.6546536707079773
71,7,96,2,0.8174216151237488,0.16903085094570336
71,7,7,3,0.9189167618751526,0.8571428571428575
71,7,11,3,0.8723468780517578,0.7142857142857146
71,7,19,3,0.8894129395484924,0.7715167498104598
71,7,35,3,0.816769003868103,0.6172133998483679
71,7,67,3,0.8894129395484924,0.7715167498104598
71,7,13,3,0.8968320488929749,0.5541085158475322
71,7,21,3,1.0,1.0000000000000004
71,7,37,3,1.0,1.0000000000000004
71,7,69,3,1.0,1.0000000000000004
71,7,25,3,0.8931968212127686,0.7715167498104598
71,7,41,3,0.8931968212127686,0.7715167498104598
71,7,73,3,1.0,1.0000000000000004
71,7,49,3,0.8242130279541016,0.6172133998483679
71,7,81,3,0.8890818357467651,0.7715167498104598
71,7,97,3,0.8880582451820374,0.7715167498104598
71,7,14,3,0.9364062547683716,0.8451542547285168
71,7,22,3,0.9270856380462646,0.5070925528371101
71,7,38,3,0.9126349687576294,0.4252100321353807
71,7,70,3,0.9521872997283936,0.8571428571428575
71,7,26,3,0.8722101449966431,0.566946709513841
71,7,42,3,0.8524194359779358,0.6172133998483679
71,7,74,3,0.8990281820297241,0.6172133998483679
71,7,50,3,0.7168667912483215,0.0
71,7,82,3,0.8514131903648376,0.566946709513841
71,7,98,3,0.7896206378936768,0.21821789023599245
71,7,28,3,0.9404367208480835,0.7559289460184546
71,7,44,3,0.9404367208480835,0.7559289460184546
71,7,76,3,0.9814286231994629,0.8451542547285168
71,7,52,3,0.890799343585968,0.566946709513841
71,7,84,3,0.9208555221557617,0.6761234037828134
71,7,100,3,1.0,1.0000000000000004
71,7,56,3,0.7168667912483215,0.0
71,7,88,3,0.9134069681167603,0.6761234037828134
71,7,104,3,0.8990281820297241,0.6172133998483679
71,7,112,3,0.8694292306900024,0.6546536707079773
71,7,15,4,0.9189167618751526,0.8571428571428575
71,7,23,4,1.0,1.0000000000000004
71,7,39,4,1.0,1.0000000000000004
71,7,71,4,1.0,1.0000000000000004
71,7,27,4,0.8723468780517578,0.7142857142857146
71,7,43,4,0.8723468780517578,0.7142857142857146
71,7,75,4,1.0,1.0000000000000004
71,7,51,4,0.816769003868103,0.6172133998483679
71,7,83,4,0.8894129395484924,0.7715167498104598
71,7,99,4,0.8894129395484924,0.7715167498104598
71,7,29,4,1.0,1.0000000000000004
71,7,45,4,1.0,1.0000000000000004
71,7,77,4,1.0,1.0000000000000004
71,7,53,4,1.0,1.0000000000000004
71,7,85,4,1.0,1.0000000000000004
71,7,101,4,1.0,1.0000000000000004
71,7,57,4,0.8931968212127686,0.7715167498104598
71,7,89,4,0.9662128686904907,0.9258200997725518
71,7,105,4,1.0,1.0000000000000004
71,7,113,4,1.0,1.0000000000000004
71,7,30,4,0.9364062547683716,0.8451542547285168
71,7,46,4,0.9364062547683716,0.8451542547285168
71,7,78,4,0.9595725536346436,0.9258200997725518
71,7,54,4,0.863103985786438,0.5070925528371101
71,7,86,4,0.8935068845748901,0.6172133998483679
71,7,102,4,0.8660484552383423,0.5714285714285717
71,7,58,4,0.8722101449966431,0.566946709513841
71,7,90,4,0.9134069681167603,0.6761234037828134
71,7,106,4,0.8990281820297241,0.6172133998483679
71,7,114,4,0.851421594619751,0.566946709513841
71,7,60,4,0.9404367208480835,0.7559289460184546
71,7,92,4,0.9595725536346436,0.9258200997725518
71,7,108,4,0.9740465879440308,0.8451542547285168
71,7,116,4,0.9499082565307617,0.6172133998483679
71,7,120,4,0.9373205900192261,0.7559289460184546
71,7,31,5,0.9507451057434082,0.9258200997725518
71,7,47,5,1.0,1.0000000000000004
71,7,79,5,1.0,1.0000000000000004
71,7,55,5,1.0,1.0000000000000004
71,7,87,5,1.0,1.0000000000000004
71,7,103,5,0.9403268098831177,0.8571428571428575
71,7,59,5,0.9453858137130737,0.8571428571428575
71,7,91,5,1.0,1.0000000000000004
71,7,107,5,1.0,1.0000000000000004
71,7,115,5,0.8894129395484924,0.7715167498104598
71,7,61,5,1.0,1.0000000000000004
71,7,93,5,1.0,1.0000000000000004
71,7,109,5,0.910059928894043,0.42857142857142894
71,7,117,5,1.0,1.0000000000000004
71,7,121,5,0.9662128686904907,0.9258200997725518
71,7,62,5,0.9831994771957397,0.9258200997725518
71,7,94,5,0.9595725536346436,0.9258200997725518
71,7,110,5,0.9595725536346436,0.9258200997725518
71,7,118,5,0.8935068845748901,0.6172133998483679
71,7,122,5,0.9134069681167603,0.6761234037828134
71,7,124,5,0.9595725536346436,0.9258200997725518
71,7,63,6,1.0,1.0000000000000004
71,7,95,6,1.0,1.0000000000000004
71,7,111,6,1.0,1.0000000000000004
71,7,119,6,1.0,1.0000000000000004
71,7,123,6,1.0,1.0000000000000004
71,7,125,6,1.0,1.0000000000000004
71,7,126,6,0.9595725536346436,0.9258200997725518
73,7,127,7,1.0,1.0000000000000002
73,7,0,0,0.7726343870162964,0.0
73,7,1,1,0.8865787982940674,0.7071067811865476
73,7,2,1,0.7726343870162964,0.0
73,7,4,1,0.8529866933822632,0.3849001794597505
73,7,8,1,0.8367098569869995,0.3849001794597505
73,7,16,1,0.9091929793357849,0.769800358919501
73,7,32,1,0.7754250168800354,0.0
73,7,64,1,0.8239026069641113,0.23570226039551584
73,7,3,2,0.8865787982940674,0.7071067811865476
73,7,5,2,0.8524637222290039,0.7453559924999299
73,7,9,2,0.8150253295898438,0.5962847939999439
73,7,17,2,0.959364652633667,0.8888888888888891
73,7,33,2,0.8183268308639526,0.5892556509887896
73,7,65,2,0.7934044599533081,0.5
73,7,6,2,0.8529866933822632,0.3849001794597505
73,7,10,2,0.7810570001602173,0.0
73,7,18,2,0.9091929793357849,0.769800358919501
73,7,34,2,0.7754250168800354,0.0
73,7,66,2,0.8239026069641113,0.23570226039551584
73,7,12,2,0.8664201498031616,0.769800358919501
73,7,20,2,0.9618043899536133,0.9428090415820635
73,7,36,2,0.8529866933822632,0.3849001794597505
73,7,68,2,0.8938835263252258,0.7453559924999299
73,7,24,2,0.9001537561416626,0.8333333333333333
73,7,40,2,0.7810570001602173,0.0
73,7,72,2,0.8367098569869995,0.3849001794597505
73,7,48,2,0.9091929793357849,0.769800358919501
73,7,80,2,0.9091929793357849,0.769800358919501
73,7,96,2,0.8239026069641113,0.23570226039551584
73,7,7,3,0.8516717553138733,0.7453559924999299
73,7,11,3,0.8150253295898438,0.5962847939999439
73,7,19,3,0.959364652633667,0.8888888888888891
73,7,35,3,0.8823995590209961,0.5443310539518174
73,7,67,3,0.8865787982940674,0.7071067811865476
73,7,13,3,0.8848265409469604,0.816496580927726
73,7,21,3,1.0,1.0000000000000002
73,7,37,3,0.8524637222290039,0.7453559924999299
73,7,69,3,0.9287402629852295,0.816496580927726
73,7,25,3,0.959364652633667,0.8888888888888891
73,7,41,3,0.8150253295898438,0.5962847939999439
73,7,73,3,0.8864107728004456,0.6804138174397717
73,7,49,3,0.959364652633667,0.8888888888888891
73,7,81,3,0.8961654901504517,0.7559289460184544
73,7,97,3,0.7934044599533081,0.5
73,7,14,3,0.8664201498031616,0.769800358919501
73,7,22,3,0.9618043899536133,0.9428090415820635
73,7,38,3,0.8529866933822632,0.3849001794597505
73,7,70,3,0.892227053642273,0.37796447300922725
73,7,26,3,0.9001537561416626,0.8333333333333333
73,7,42,3,0.7726343870162964,0.0
73,7,74,3,0.8239026069641113,0.23570226039551584
73,7,50,3,0.9091929793357849,0.769800358919501
73,7,82,3,0.9091929793357849,0.769800358919501
73,7,98,3,0.8239026069641113,0.23570226039551584
73,7,28,3,0.9618043899536133,0.9428090415820635
73,7,44,3,0.8664201498031616,0.769800358919501
73,7,76,3,0.8912453651428223,0.6804138174397717
73,7,52,3,0.9618043899536133,0.9428090415820635
73,7,84,3,0.9618043899536133,0.9428090415820635
73,7,100,3,0.8760992884635925,0.5962847939999439
73,7,56,3,0.9001537561416626,0.8333333333333333
73,7,88,3,0.9001537561416626,0.8333333333333333
73,7,104,3,0.8383654356002808,0.3333333333333333
73,7,112,3,0.9091929793357849,0.769800358919501
73,7,15,4,0.8848265409469604,0.816496580927726
73,7,23,4,1.0,1.0000000000000002
73,7,39,4,0.8498389720916748,0.7453559924999299
73,7,71,4,0.9287402629852295,0.816496580927726
73,7,27,4,0.959364652633667,0.8888888888888891
73,7,43,4,0.7897393703460693,0.5443310539518174
73,7,75,4,0.8864107728004456,0.6804138174397717
73,7,51,4,0.959364652633667,0.8888888888888891
73,7,83,4,0.8741860389709473,0.7071067811865476
73,7,99,4,0.7911667227745056,0.5892556509887896
73,7,29,4,1.0,1.0000000000000002
73,7,45,4,0.8815105557441711,0.816496580927726
73,7,77,4,0.8334953188896179,0.6804138174397717
73,7,53,4,1.0,1.0000000000000002
73,7,85,4,1.0,1.0000000000000002
73,7,101,4,0.9287402629852295,0.816496580927726
73,7,57,4,0.959364652633667,0.8888888888888891
73,7,89,4,0.959364652633667,0.8888888888888891
73,7,105,4,0.8864107728004456,0.6804138174397717
73,7,113,4,0.8741860389709473,0.7071067811865476
73,7,30,4,0.9618043899536133,0.9428090415820635
73,7,46,4,0.8664201498031616,0.769800358919501
73,7,78,4,0.8912453651428223,0.6804138174397717
73,7,54,4,0.9618043899536133,0.9428090415820635
73,7,86,4,0.9618043899536133,0.9428090415820635
73,7,102,4,0.8760992884635925,0.5962847939999439
73,7,58,4,0.9001537561416626,0.8333333333333333
73,7,90,4,0.9001537561416626,0.8333333333333333
73,7,106,4,0.8480963706970215,0.6666666666666666
73,7,114,4,0.9091929793357849,0.769800358919501
73,7,60,4,0.9618043899536133,0.9428090415820635
73,7,92,4,0.9618043899536133,0.9428090415820635
73,7,108,4,0.8950726389884949,0.8249579113843055
73,7,116,4,0.9618043899536133,0.9428090415820635
73,7,120,4,0.9001537561416626,0.8333333333333333
73,7,31,5,1.0,1.0000000000000002
73,7,47,5,0.8461302518844604,0.6804138174397717
73,7,79,5,0.9250450730323792,0.8888888888888891
73,7,55,5,1.0,1.0000000000000002
73,7,87,5,1.0,1.0000000000000002
73,7,103,5,0.9250450730323792,0.8888888888888891
73,7,59,5,0.959364652633667,0.8888888888888891
73,7,91,5,0.959364652633667,0.8888888888888891
73,7,107,5,0.8864107728004456,0.6804138174397717
73,7,115,5,0.8741860389709473,0.7071067811865476
73,7,61,5,1.0,1.0000000000000002
73,7,93,5,1.0,1.0000000000000002
73,7,109,5,0.9250450730323792,0.8888888888888891
73,7,117,5,1.0,1.0000000000000002
73,7,121,5,0.959364652633667,0.8888888888888891
73,7,62,5,0.9618043899536133,0.9428090415820635
73,7,94,5,0.9618043899536133,0.9428090415820635
73,7,110,5,0.8912453651428223,0.6804138174397717
73,7,118,5,0.9618043899536133,0.9428090415820635
73,7,122,5,0.9001537561416626,0.8333333333333333
73,7,124,5,0.9618043899536133,0.9428090415820635
73,7,63,6,1.0,1.0000000000000002
73,7,95,6,1.0,1.0000000000000002
73,7,111,6,0.9250450730323792,0.8888888888888891
73,7,119,6,1.0,1.0000000000000002
73,7,123,6,0.959364652633667,0.8888888888888891
73,7,125,6,1.0,1.0000000000000002
73,7,126,6,0.9618043899536133,0.9428090415820635
74,7,127,7,1.0,1.0000000000000004
74,7,0,0,0.7117514610290527,0.0
74,7,1,1,0.777336597442627,0.5345224838248489
74,7,2,1,0.744684100151062,0.26726124191242445
74,7,4,1,0.7117514610290527,0.0
74,7,8,1,0.761141300201416,0.3779644730092273
74,7,16,1,0.8532138466835022,0.566946709513841
74,7,32,1,0.7191591858863831,0.16903085094570336
74,7,64,1,0.6959193348884583,0.0
74,7,3,2,0.777336597442627,0.5345224838248489
74,7,5,2,0.777336597442627,0.5345224838248489
74,7,9,2,0.8363116979598999,0.7559289460184546
74,7,17,2,0.8348870277404785,0.6172133998483679
74,7,33,2,0.7979226112365723,0.6172133998483679
74,7,65,2,0.7793112993240356,0.3779644730092273
74,7,6,2,0.7529809474945068,0.26726124191242445
74,7,10,2,0.8349051475524902,0.7559289460184546
74,7,18,2,0.8018181324005127,0.4364357804719849
74,7,34,2,0.7317348718643188,0.18898223650461365
74,7,66,2,0.7521618008613586,0.3779644730092273
74,7,12,2,0.761141300201416,0.3779644730092273
74,7,20,2,0.8292628526687622,0.46291004988627593
74,7,36,2,0.8450081944465637,0.5714285714285717
74,7,68,2,0.755352258682251,0.18898223650461365
74,7,24,2,0.8555967807769775,0.6172133998483679
74,7,40,2,0.7562574148178101,0.30860669992418394
74,7,72,2,0.8090912699699402,0.5070925528371101
74,7,48,2,0.9030739068984985,0.7715167498104598
74,7,80,2,0.826085090637207,0.5070925528371101
74,7,96,2,0.8443676233291626,0.6761234037828134
74,7,7,3,0.7896662354469299,0.6546536707079773
74,7,11,3,0.8349051475524902,0.7559289460184546
74,7,19,3,0.8348870277404785,0.6172133998483679
74,7,35,3,0.7948301434516907,0.6172133998483679
74,7,67,3,0.8093507885932922,0.6761234037828134
74,7,13,3,0.8363116979598999,0.7559289460184546
74,7,21,3,0.8348870277404785,0.6172133998483679
74,7,37,3,0.93428635597229,0.9258200997725518
74,7,69,3,0.7955207824707031,0.6761234037828134
74,7,25,3,0.8577049970626831,0.7142857142857146
74,7,41,3,0.812319815158844,0.6172133998483679
74,7,73,3,0.8082597255706787,0.566946709513841
74,7,49,3,0.9682878255844116,0.9258200997725518
74,7,81,3,0.8272891640663147,0.6761234037828134
74,7,97,3,0.8997459411621094,0.8451542547285168
74,7,14,3,0.8349051475524902,0.7559289460184546
74,7,22,3,0.8292628526687622,0.46291004988627593
74,7,38,3,0.7707303166389465,0.40089186286863665
74,7,70,3,0.7516641020774841,0.18898223650461365
74,7,26,3,0.845346212387085,0.7715167498104598
74,7,42,3,0.8023324608802795,0.6172133998483679
74,7,74,3,0.8093507885932922,0.6761234037828134
74,7,50,3,0.9030828475952148,0.6761234037828134
74,7,82,3,0.8263999223709106,0.3779644730092273
74,7,98,3,0.8443676233291626,0.6761234037828134
74,7,28,3,0.8555967807769775,0.6172133998483679
74,7,44,3,0.9163033366203308,0.8571428571428575
74,7,76,3,0.8090912699699402,0.5070925528371101
74,7,52,3,0.9030739068984985,0.7715167498104598
74,7,84,3,0.8264772891998291,0.5070925528371101
74,7,100,3,0.8878744840621948,0.7715167498104598
74,7,56,3,0.9934366941452026,0.8571428571428575
74,7,88,3,0.8264772891998291,0.5070925528371101
74,7,104,3,0.8878744840621948,0.7715167498104598
74,7,112,3,0.9030739068984985,0.7715167498104598
74,7,15,4,0.8349051475524902,0.7559289460184546
74,7,23,4,0.8348870277404785,0.6172133998483679
74,7,39,4,0.7948301434516907,0.6172133998483679
74,7,71,4,0.8093507885932922,0.6761234037828134
74,7,27,4,0.8642346858978271,0.7715167498104598
74,7,43,4,0.7917248606681824,0.6172133998483679
74,7,75,4,0.8093507885932922,0.6761234037828134
74,7,51,4,0.8266490697860718,0.5070925528371101
74,7,83,4,0.8228273391723633,0.566946709513841
74,7,99,4,0.93428635597229,0.9258200997725518
74,7,29,4,0.845346212387085,0.7715167498104598
74,7,45,4,0.812319815158844,0.6172133998483679
74,7,77,4,0.8093507885932922,0.6761234037828134
74,7,53,4,0.9682878255844116,0.9258200997725518
74,7,85,4,0.8348870277404785,0.6172133998483679
74,7,101,4,0.93428635597229,0.9258200997725518
74,7,57,4,1.0,1.0000000000000004
74,7,89,4,0.919501543045044,0.7715167498104598
74,7,105,4,0.93428635597229,0.9258200997725518
74,7,113,4,0.9682878255844116,0.9258200997725518
74,7,30,4,0.8702998161315918,0.8451542547285168
74,7,46,4,0.812319815158844,0.6172133998483679
74,7,78,4,0.8093507885932922,0.6761234037828134
74,7,54,4,0.9030739068984985,0.7715167498104598
74,7,86,4,0.8183234930038452,0.5070925528371101
74,7,102,4,0.8878744840621948,0.7715167498104598
74,7,58,4,1.0,1.0000000000000004
74,7,90,4,0.8547464609146118,0.7715167498104598
74,7,106,4,0.8878744840621948,0.7715167498104598
74,7,114,4,0.9030739068984985,0.7715167498104598
74,7,60,4,1.0,1.0000000000000004
74,7,92,4,0.8698299527168274,0.6172133998483679
74,7,108,4,0.8878744840621948,0.7715167498104598
74,7,116,4,0.9030739068984985,0.7715167498104598
74,7,120,4,1.0,1.0000000000000004
74,7,31,5,0.8577049970626831,0.7142857142857146
74,7,47,5,0.812319815158844,0.6172133998483679
74,7,79,5,0.8093507885932922,0.6761234037828134
74,7,55,5,0.9682878255844116,0.9258200997725518
74,7,87,5,0.8272891640663147,0.6761234037828134
74,7,103,5,0.93428635597229,0.9258200997725518
74,7,59,5,1.0,1.0000000000000004
74,7,91,5,0.919501543045044,0.7715167498104598
74,7,107,5,0.93428635597229,0.9258200997725518
74,7,115,5,0.9682878255844116,0.9258200997725518
74,7,61,5,1.0,1.0000000000000004
74,7,93,5,0.8721698522567749,0.7715167498104598
74,7,109,5,0.93428635597229,0.9258200997725518
74,7,117,5,0.9682878255844116,0.9258200997725518
74,7,121,5,1.0,1.0000000000000004
74,7,62,5,1.0,1.0000000000000004
74,7,94,5,0.919501543045044,0.7715167498104598
74,7,110,5,0.93428635597229,0.9258200997725518
74,7,118,5,0.9682878255844116,0.9258200997725518
74,7,122,5,1.0,1.0000000000000004
74,7,124,5,1.0,1.0000000000000004
74,7,63,6,1.0,1.0000000000000004
74,7,95,6,0.915432333946228,0.7142857142857146
74,7,111,6,0.93428635597229,0.9258200997725518
74,7,119,6,0.9682878255844116,0.9258200997725518
74,7,123,6,1.0,1.0000000000000004
74,7,125,6,1.0,1.0000000000000004
74,7,126,6,1.0,1.0000000000000004
75,7,127,7,1.0000001192092896,1.0000000000000004
75,7,0,0,0.7102775573730469,0.0
75,7,1,1,0.6983695030212402,0.0
75,7,2,1,0.7391551733016968,0.0
75,7,4,1,0.775792121887207,0.3779644730092273
75,7,8,1,0.7102775573730469,0.0
75,7,16,1,0.7230319976806641,0.0
75,7,32,1,0.7461932897567749,0.0
75,7,64,1,0.82083660364151,0.3779644730092273
75,7,3,2,0.7435065507888794,0.18898223650461365
75,7,5,2,0.7651609778404236,0.18898223650461365
75,7,9,2,0.6983695030212402,0.0
75,7,17,2,0.7836886048316956,0.0
75,7,33,2,0.736423909664154,0.0
75,7,65,2,0.8117465972900391,0.18898223650461365
75,7,6,2,0.854590892791748,0.566946709513841
75,7,10,2,0.7477574944496155,0.0
75,7,18,2,0.8593609929084778,0.21821789023599245
75,7,34,2,0.7477574944496155,0.0
75,7,66,2,0.8140614032745361,0.21821789023599245
75,7,12,2,0.7820805311203003,0.3779644730092273
75,7,20,2,0.8534197211265564,0.5070925528371101
75,7,36,2,0.7816634774208069,0.21821789023599245
75,7,68,2,0.827278733253479,0.3779644730092273
75,7,24,2,0.8229539394378662,0.5345224838248489
75,7,40,2,0.7461932897567749,0.0
75,7,72,2,0.8206737041473389,0.4364357804719849
75,7,48,2,0.8235397934913635,0.26726124191242445
75,7,80,2,0.8820679187774658,0.5345224838248489
75,7,96,2,0.8812513947486877,0.5345224838248489
75,7,7,3,0.8992644548416138,0.7559289460184546
75,7,11,3,0.7635823488235474,0.26726124191242445
75,7,19,3,0.9111754298210144,0.6546536707079773
75,7,35,3,0.8551620244979858,0.3779644730092273
75,7,67,3,0.930374801158905,0.6546536707079773
75,7,13,3,0.7778208255767822,0.3779644730092273
75,7,21,3,0.8757908344268799,0.3380617018914067
75,7,37,3,0.8228657841682434,0.4364357804719849
75,7,69,3,0.8407335877418518,0.3380617018914067
75,7,25,3,0.7836886048316956,0.0
75,7,41,3,0.7286660671234131,0.0
75,7,73,3,0.8048785924911499,0.16903085094570336
75,7,49,3,0.8364906311035156,0.3779644730092273
75,7,81,3,0.876779317855835,0.4285714285714288
75,7,97,3,0.8719207048416138,0.3779644730092273
75,7,14,3,0.854590892791748,0.566946709513841
75,7,22,3,0.9021466970443726,0.6761234037828134
75,7,38,3,0.854229211807251,0.3779644730092273
75,7,70,3,0.8989787697792053,0.566946709513841
75,7,26,3,0.8665276765823364,0.46291004988627593
75,7,42,3,0.7477574944496155,0.0
75,7,74,3,0.8036006093025208,0.16903085094570336
75,7,50,3,0.8191360235214233,0.18898223650461365
75,7,82,3,0.9059094190597534,0.3779644730092273
75,7,98,3,0.8576667308807373,0.3779644730092273
75,7,28,3,0.8534197211265564,0.5070925528371101
75,7,44,3,0.7935837507247925,0.30860669992418394
75,7,76,3,0.8463609218597412,0.46291004988627593
75,7,52,3,0.8554351329803467,0.46291004988627593
75,7,84,3,0.8968191146850586,0.6172133998483679
75,7,100,3,0.8894257545471191,0.46291004988627593
75,7,56,3,0.8353604078292847,0.4364357804719849
75,7,88,3,0.8826804757118225,0.6546536707079773
75,7,104,3,0.8684547543525696,0.6546536707079773
75,7,112,3,0.9247159361839294,0.6546536707079773
75,7,15,4,0.8925333023071289,0.7559289460184546
75,7,23,4,0.9364975690841675,0.8451542547285168
75,7,39,4,0.8949357271194458,0.6761234037828134
75,7,71,4,0.949678897857666,0.6761234037828134
75,7,27,4,0.9109246730804443,0.6761234037828134
75,7,43,4,0.8638975024223328,0.46291004988627593
75,7,75,4,0.9089093208312988,0.46291004988627593
75,7,51,4,0.9022985100746155,0.566946709513841
75,7,83,4,0.9537161588668823,0.7559289460184546
75,7,99,4,0.958916962146759,0.6761234037828134
75,7,29,4,0.8884676098823547,0.6761234037828134
75,7,45,4,0.828240156173706,0.5070925528371101
75,7,77,4,0.8367620706558228,0.46291004988627593
75,7,53,4,0.8889178037643433,0.6172133998483679
75,7,85,4,0.8742925524711609,0.5714285714285717
75,7,101,4,0.8803447484970093,0.46291004988627593
75,7,57,4,0.8776708245277405,0.46291004988627593
75,7,89,4,0.876779317855835,0.4285714285714288
75,7,105,4,0.8704135417938232,0.26726124191242445
75,7,113,4,0.920886218547821,0.6761234037828134
75,7,30,4,0.8959125280380249,0.6172133998483679
75,7,46,4,0.8603549003601074,0.46291004988627593
75,7,78,4,0.8929084539413452,0.5714285714285717
75,7,54,4,0.8867042660713196,0.6172133998483679
75,7,86,4,0.9328610897064209,0.7715167498104598
75,7,102,4,0.9320905208587646,0.6761234037828134
75,7,58,4,0.86435467004776,0.4285714285714288
75,7,90,4,0.9096866250038147,0.5714285714285717
75,7,106,4,0.8576667308807373,0.3779644730092273
75,7,114,4,0.9076569676399231,0.5070925528371101
75,7,60,4,0.8554351329803467,0.46291004988627593
75,7,92,4,0.8968191146850586,0.6172133998483679
75,7,108,4,0.8892998695373535,0.5714285714285717
75,7,116,4,0.931855320930481,0.7142857142857146
75,7,120,4,0.9187464118003845,0.7559289460184546
75,7,31,5,0.9364975690841675,0.8451542547285168
75,7,47,5,0.8957676887512207,0.6761234037828134
75,7,79,5,0.9499247074127197,0.8451542547285168
75,7,55,5,0.9269297122955322,0.7715167498104598
75,7,87,5,0.9703242778778076,0.9258200997725518
75,7,103,5,0.9824458360671997,0.7715167498104598
75,7,59,5,0.9036247730255127,0.6172133998483679
75,7,91,5,0.9487043619155884,0.7715167498104598
75,7,107,5,0.958916962146759,0.6761234037828134
75,7,115,5,0.9858548641204834,0.8451542547285168
75,7,61,5,0.8889178037643433,0.6172133998483679
75,7,93,5,0.8742925524711609,0.5714285714285717
75,7,109,5,0.8813302516937256,0.5714285714285717
75,7,117,5,0.967884361743927,0.8571428571428575
75,7,121,5,0.9102544784545898,0.5345224838248489
75,7,62,5,0.8742059469223022,0.5714285714285717
75,7,94,5,0.921112060546875,0.7142857142857146
75,7,110,5,0.9391365647315979,0.7142857142857146
75,7,118,5,0.9980472922325134,0.8571428571428575
75,7,122,5,0.944999098777771,0.6681531047810612
75,7,124,5,0.931855320930481,0.7142857142857146
75,7,63,6,0.9269297122955322,0.7715167498104598
75,7,95,6,0.9703242778778076,0.9258200997725518
75,7,111,6,0.9802265167236328,0.9258200997725518
75,7,119,6,1.0000001192092896,1.0000000000000004
75,7,123,6,0.9809293150901794,0.8571428571428575
75,7,125,6,0.967884361743927,0.8571428571428575
75,7,126,6,0.9968844652175903,0.8571428571428575
76,5,31,5,1.0,1.0000000000000002
76,5,0,0,0.7850888967514038,0.0
76,5,1,1,0.8314571380615234,0.7715167498104598
76,5,2,1,0.7850888967514038,0.0
76,5,4,1,0.8242381811141968,0.6172133998483679
76,5,8,1,0.784011721611023,0.0
76,5,16,1,0.8861596584320068,0.6123724356957946
76,5,3,2,0.8314571380615234,0.7715167498104598
76,5,5,2,0.8314571380615234,0.7715167498104598
76,5,9,2,0.8314571380615234,0.7715167498104598
76,5,17,2,1.0,1.0000000000000002
76,5,6,2,0.8314571380615234,0.7715167498104598
76,5,10,2,0.7747638821601868,0.3651483716701108
76,5,18,2,0.8928453922271729,0.8333333333333336
76,5,12,2,0.8242381811141968,0.6172133998483679
76,5,20,2,0.998167872428894,0.8333333333333336
76,5,24,2,0.891566276550293,0.6666666666666669
76,5,7,3,0.8314571380615234,0.7715167498104598
76,5,11,3,0.8314571380615234,0.7715167498104598
76,5,19,3,0.911698579788208,0.8333333333333336
76,5,13,3,0.8314571380615234,0.7715167498104598
76,5,21,3,1.0,1.0000000000000002
76,5,25,3,0.911698579788208,0.8333333333333336
76,5,14,3,0.8314571380615234,0.7715167498104598
76,5,22,3,1.0,1.0000000000000002
76,5,26,3,0.9071354269981384,0.6666666666666669
76,5,28,3,0.998167872428894,0.8333333333333336
76,5,15,4,0.8314571380615234,0.7715167498104598
76,5,23,4,1.0,1.0000000000000002
76,5,27,4,0.911698579788208,0.8333333333333336
76,5,29,4,1.0,1.0000000000000002
76,5,30,4,0.998167872428894,0.8333333333333336
77,6,63,6,1.0,1.0000000000000002
77,6,0,0,0.7610107660293579,0.0
77,6,1,1,0.743980884552002,0.0
77,6,2,1,0.7109177112579346,0.0
77,6,4,1,0.7958498001098633,0.4082482904638631
77,6,8,1,0.7610107660293579,0.0
77,6,16,1,0.7610107660293579,0.0
77,6,32,1,0.7472040057182312,0.18731716231633888
77,6,3,2,0.7246356010437012,0.0
77,6,5,2,0.8426143527030945,0.7071067811865477
77,6,9,2,0.7913209795951843,0.4082482904638631
77,6,17,2,0.743980884552002,0.0
77,6,33,2,0.7533937692642212,0.15430334996209197
77,6,6,2,0.8426143527030945,0.7071067811865477
77,6,10,2,0.7610107660293579,0.0
77,6,18,2,0.7600606679916382,0.0
77,6,34,2,0.8040392994880676,0.1666666666666667
77,6,12,2,0.8282458782196045,0.5773502691896258
77,6,20,2,0.8003379106521606,0.4082482904638631
77,6,36,2,0.955333948135376,0.8164965809277261
77,6,24,2,0.7610107660293579,0.0
77,6,40,2,0.8650491237640381,0.1666666666666667
77,6,48,2,0.9103179574012756,0.0
77,6,7,3,0.8426143527030945,0.7071067811865477
77,6,11,3,0.7633984088897705,0.20412414523193154
77,6,19,3,0.7681171894073486,0.0
77,6,35,3,0.732938289642334,0.0
77,6,13,3,0.8783583641052246,0.912870929175277
77,6,21,3,0.8223272562026978,0.5477225575051663
77,6,37,3,1.0,1.0000000000000002
77,6,25,3,0.7913209795951843,0.4082482904638631
77,6,41,3,0.9209977388381958,0.6123724356957946
77,6,49,3,0.7541343569755554,0.2581988897471612
77,6,14,3,0.8783583641052246,0.912870929175277
77,6,22,3,0.8426143527030945,0.7071067811865477
77,6,38,3,0.955333948135376,0.8164965809277261
77,6,26,3,0.7610107660293579,0.0
77,6,42,3,0.8650491237640381,0.1666666666666667
77,6,50,3,0.8040392994880676,0.1666666666666667
77,6,28,3,0.8258240222930908,0.7071067811865477
77,6,44,3,0.955333948135376,0.8164965809277261
77,6,52,3,0.955333948135376,0.8164965809277261
77,6,56,3,0.9115062952041626,0.4714045207910318
77,6,15,4,0.8783583641052246,0.912870929175277
77,6,23,4,0.8426143527030945,0.7071067811865477
77,6,39,4,1.0,1.0000000000000002
77,6,27,4,0.7610107660293579,0.0
77,6,43,4,0.8853572607040405,0.6666666666666669
77,6,51,4,0.7281122207641602,0.0
77,6,29,4,0.8606825470924377,0.7302967433402217
77,6,45,4,1.0,1.0000000000000002
77,6,53,4,1.0,1.0000000000000002
77,6,57,4,0.9016761779785156,0.5477225575051663
77,6,30,4,0.8783583641052246,0.912870929175277
77,6,46,4,0.955333948135376,0.8164965809277261
77,6,54,4,0.955333948135376,0.8164965809277261
77,6,58,4,0.8676671981811523,0.3651483716701108
77,6,60,4,0.955333948135376,0.8164965809277261
77,6,31,5,0.8606825470924377,0.7302967433402217
77,6,47,5,1.0,1.0000000000000002
77,6,55,5,1.0,1.0000000000000002
77,6,59,5,0.9712808728218079,0.8333333333333336
77,6,61,5,1.0,1.0000000000000002
77,6,62,5,0.955333948135376,0.8164965809277261
79,7,127,7,1.0,1.0000000000000004
79,7,0,0,0.7407118082046509,0.26726124191242445
79,7,1,1,0.7625865936279297,0.0
79,7,2,1,0.7998022437095642,0.26726124191242445
79,7,4,1,0.7970618009567261,0.3779644730092273
79,7,8,1,0.8512468934059143,0.3779644730092273
79,7,16,1,0.7519679069519043,0.0
79,7,32,1,0.7216812372207642,0.0
79,7,64,1,0.8570942282676697,0.3779644730092273
79,7,3,2,0.8580339550971985,0.5070925528371101
79,7,5,2,0.80641108751297,0.26726124191242445
79,7,9,2,0.8523139953613281,0.26726124191242445
79,7,17,2,0.7904091477394104,0.2857142857142858
79,7,33,2,0.7251747846603394,0.0
79,7,65,2,0.7251747846603394,0.0
79,7,6,2,0.8751506805419922,0.5345224838248489
79,7,10,2,0.9124367237091064,0.6546536707079773
79,7,18,2,0.8394317626953125,0.3380617018914067
79,7,34,2,0.8087973594665527,0.21821789023599245
79,7,66,2,0.8488562703132629,0.4364357804719849
79,7,12,2,0.8786167502403259,0.5345224838248489
79,7,20,2,0.8028137683868408,0.26726124191242445
79,7,36,2,0.7543550133705139,0.26726124191242445
79,7,68,2,0.8756137490272522,0.5345224838248489
79,7,24,2,0.8415616750717163,0.21821789023599245
79,7,40,2,0.8261348605155945,0.26726124191242445
79,7,72,2,0.8997646570205688,0.5345224838248489
79,7,48,2,0.7685384154319763,0.4364357804719849
79,7,80,2,0.8499014973640442,0.26726124191242445
79,7,96,2,0.7281419634819031,0.0
79,7,7,3,0.9485608339309692,0.7559289460184546
79,7,11,3,0.9485608339309692,0.7559289460184546
79,7,19,3,0.879859209060669,0.47809144373375756
79,7,35,3,0.7814365029335022,0.21821789023599245
79,7,67,3,0.8488073945045471,0.3380617018914067
79,7,13,3,0.880776584148407,0.4364357804719849
79,7,21,3,0.8020778894424438,0.18898223650461365
79,7,37,3,0.80641108751297,0.26726124191242445
79,7,69,3,0.9167914390563965,0.566946709513841
79,7,25,3,0.9153217077255249,0.6172133998483679
79,7,41,3,0.8652867674827576,0.21821789023599245
79,7,73,3,0.9141392707824707,0.3779644730092273
79,7,49,3,0.8262794613838196,0.5070925528371101
79,7,81,3,0.8956611156463623,0.566946709513841
79,7,97,3,0.7593778371810913,0.0
79,7,14,3,0.9124367237091064,0.6546536707079773
79,7,22,3,0.8661883473396301,0.4364357804719849
79,7,38,3,0.8751506805419922,0.5345224838248489
79,7,70,3,0.9124367237091064,0.6546536707079773
79,7,26,3,0.9177178144454956,0.566946709513841
79,7,42,3,0.9124367237091064,0.6546536707079773
79,7,74,3,0.9497241973876953,0.7559289460184546
79,7,50,3,0.834891140460968,0.5070925528371101
79,7,82,3,0.858534574508667,0.3779644730092273
79,7,98,3,0.8523707389831543,0.3779644730092273
79,7,28,3,0.85783851146698,0.566946709513841
79,7,44,3,0.8659281730651855,0.4364357804719849
79,7,76,3,0.9367052316665649,0.6546536707079773
79,7,52,3,0.7925980091094971,0.21821789023599245
79,7,84,3,0.8787626028060913,0.4364357804719849
79,7,100,3,0.7816581130027771,0.26726124191242445
79,7,56,3,0.8759584426879883,0.566946709513841
79,7,88,3,0.9191898703575134,0.4364357804719849
79,7,104,3,0.7876248359680176,0.18898223650461365
79,7,112,3,0.8881320357322693,0.6546536707079773
79,7,15,4,0.9485608339309692,0.7559289460184546
79,7,23,4,0.9628640413284302,0.7715167498104598
79,7,39,4,0.9418157339096069,0.6761234037828134
79,7,71,4,0.9956742525100708,0.7715167498104598
79,7,27,4,0.9564782381057739,0.8571428571428575
79,7,43,4,0.9444111585617065,0.6761234037828134
79,7,75,4,0.9956742525100708,0.7715167498104598
79,7,51,4,0.8696056008338928,0.6172133998483679
79,7,83,4,0.91753089427948,0.7715167498104598
79,7,99,4,0.7752884030342102,0.18898223650461365
79,7,29,4,0.9156653881072998,0.5345224838248489
79,7,45,4,0.8701463937759399,0.3779644730092273
79,7,77,4,0.9144610166549683,0.566946709513841
79,7,53,4,0.8211221694946289,0.5070925528371101
79,7,85,4,0.9279273748397827,0.5070925528371101
79,7,101,4,0.9323505163192749,0.6761234037828134
79,7,57,4,0.9032365083694458,0.5039526306789697
79,7,89,4,0.9658972024917603,0.7559289460184546
79,7,105,4,0.9028059840202332,0.3779644730092273
79,7,113,4,0.9134786128997803,0.6761234037828134
79,7,30,4,0.9221670031547546,0.5070925528371101
79,7,46,4,0.9124367237091064,0.6546536707079773
79,7,78,4,0.9124367237091064,0.6546536707079773
79,7,54,4,0.930334210395813,0.7715167498104598
79,7,86,4,0.91225266456604,0.566946709513841
79,7,102,4,0.97111976146698,0.6172133998483679
79,7,58,4,0.930334210395813,0.7715167498104598
79,7,90,4,0.9541102647781372,0.6761234037828134
79,7,106,4,0.9727038145065308,0.6761234037828134
79,7,114,4,0.8657599091529846,0.5070925528371101
79,7,60,4,0.9006056189537048,0.6761234037828134
79,7,92,4,0.929527997970581,0.7559289460184546
79,7,108,4,0.9655742049217224,0.7559289460184546
79,7,116,4,0.9236598610877991,0.7559289460184546
79,7,120,4,0.9652374982833862,0.7559289460184546
79,7,31,5,0.952584445476532,0.8017837257372734
79,7,47,5,0.9491504430770874,0.7715167498104598
79,7,79,5,0.9947267174720764,0.7715167498104598
79,7,55,5,0.952584445476532,0.8017837257372734
79,7,87,5,1.0,1.0000000000000004
79,7,103,5,0.9947267174720764,0.7715167498104598
79,7,59,5,1.0,1.0000000000000004
79,7,91,5,1.0,1.0000000000000004
79,7,107,5,0.9956742525100708,0.7715167498104598
79,7,115,5,0.91753089427948,0.7715167498104598
79,7,61,5,0.94537752866745,0.8571428571428575
79,7,93,5,0.9921057820320129,0.8571428571428575
79,7,109,5,0.985018253326416,0.6172133998483679
79,7,117,5,0.9447903037071228,0.8451542547285168
79,7,121,5,0.9728760719299316,0.8451542547285168
79,7,62,5,0.930334210395813,0.7715167498104598
79,7,94,5,0.9541102647781372,0.6761234037828134
79,7,110,5,0.9664492607116699,0.6761234037828134
79,7,118,5,0.9928364753723145,0.9258200997725518
79,7,122,5,0.9928364753723145,0.9258200997725518
79,7,124,5,0.9410655498504639,0.8451542547285168
79,7,63,6,0.952584445476532,0.8017837257372734
79,7,95,6,1.0,1.0000000000000004
79,7,111,6,0.9947267174720764,0.7715167498104598
79,7,119,6,1.0,1.0000000000000004
79,7,123,6,1.0,1.0000000000000004
79,7,125,6,1.0,1.0000000000000004
79,7,126,6,0.9928364753723145,0.9258200997725518
80,4,15,4,0.9999999403953552,1.0
80,4,0,0,0.7138365507125854,0.0
80,4,1,1,0.7305136919021606,0.0
80,4,2,1,0.6970819234848022,0.3535533905932738
80,4,4,1,0.8203346133232117,0.0
80,4,8,1,0.770336389541626,0.2886751345948129
80,4,3,2,0.8038944005966187,0.7071067811865476
80,4,5,2,0.951059877872467,0.8660254037844388
80,4,9,2,0.8376967906951904,0.75
80,4,6,2,0.7207173109054565,0.0
80,4,10,2,0.7956724166870117,0.5773502691896258
80,4,12,2,0.944921612739563,0.3535533905932738
80,4,7,3,0.9999999403953552,1.0
80,4,11,3,0.879361629486084,0.8660254037844388
80,4,13,3,0.9999999403953552,1.0
80,4,14,3,0.9669251441955566,0.75
81,7,127,7,1.0000001192092896,1.0000000000000004
81,7,0,0,0.729616641998291,0.0
81,7,1,1,0.7459864020347595,0.26726124191242445
81,7,2,1,0.7805712223052979,0.5345224838248489
81,7,4,1,0.7084090113639832,0.0
81,7,8,1,0.8754967451095581,0.4364357804719849
81,7,16,1,0.7168999314308167,0.13363062095621223
81,7,32,1,0.7350935935974121,0.016687539144058634
81,7,64,1,0.8238293528556824,0.3380617018914067
81,7,3,2,0.7805712223052979,0.5345224838248489
81,7,5,2,0.8186353445053101,0.566946709513841
81,7,9,2,0.9024375677108765,0.6546536707079773
81,7,17,2,0.7734379768371582,0.4364357804719849
81,7,33,2,0.7998164892196655,0.3380617018914067
81,7,65,2,0.8635557293891907,0.6546536707079773
81,7,6,2,0.8164229393005371,0.6546536707079773
81,7,10,2,0.9084380865097046,0.6546536707079773
81,7,18,2,0.7734379768371582,0.4364357804719849
81,7,34,2,0.815895140171051,0.46291004988627593
81,7,66,2,0.8635557293891907,0.6546536707079773
81,7,12,2,0.9554286599159241,0.6546536707079773
81,7,20,2,0.7084090113639832,0.0
81,7,36,2,0.7491013407707214,0.32732683535398865
81,7,68,2,0.7084090113639832,0.0
81,7,24,2,0.8785088062286377,0.4364357804719849
81,7,40,2,0.869857907295227,0.566946709513841
81,7,72,2,0.9052051305770874,0.5714285714285717
81,7,48,2,0.7681702375411987,0.35856858280031817
81,7,80,2,0.8056854605674744,0.21821789023599245
81,7,96,2,0.856379508972168,0.40089186286863665
81,7,7,3,0.7999489903450012,0.566946709513841
81,7,11,3,0.9084380865097046,0.6546536707079773
81,7,19,3,0.7734379768371582,0.4364357804719849
81,7,35,3,0.7529659271240234,0.5070925528371101
81,7,67,3,0.8570814728736877,0.6546536707079773
81,7,13,3,0.9529246687889099,0.8017837257372734
81,7,21,3,0.7364564538002014,0.3499271061118826
81,7,37,3,0.8277066946029663,0.5976143046671971
81,7,69,3,0.8854689002037048,0.7715167498104598
81,7,25,3,0.8438982963562012,0.26726124191242445
81,7,41,3,0.8614636659622192,0.5039526306789697
81,7,73,3,0.9354017376899719,0.6172133998483679
81,7,49,3,0.8082773089408875,0.6681531047810612
81,7,81,3,0.8542605042457581,0.566946709513841
81,7,97,3,0.8707262277603149,0.4193139346887675
81,7,14,3,0.9409575462341309,0.7559289460184546
81,7,22,3,0.8447247743606567,0.629940788348712
81,7,38,3,0.7949327230453491,0.6837634587578278
81,7,70,3,0.9074158668518066,0.7171371656006363
81,7,26,3,0.897007942199707,0.46291004988627593
81,7,42,3,0.9313574433326721,0.6761234037828134
81,7,74,3,0.9354017376899719,0.6172133998483679
81,7,50,3,0.7972615361213684,0.6681531047810612
81,7,82,3,0.8503054976463318,0.566946709513841
81,7,98,3,0.8816345930099487,0.6681531047810612
81,7,28,3,0.9608450531959534,0.7559289460184546
81,7,44,3,0.9885795712471008,0.7715167498104598
81,7,76,3,0.9818249940872192,0.6761234037828134
81,7,52,3,0.7491013407707214,0.32732683535398865
81,7,84,3,0.7084090113639832,0.0
81,7,100,3,0.9117228984832764,0.6761234037828134
81,7,56,3,0.9675739407539368,0.7715167498104598
81,7,88,3,0.8826507329940796,0.4285714285714288
81,7,104,3,0.9675739407539368,0.7715167498104598
81,7,112,3,0.8682124614715576,0.40089186286863665
81,7,15,4,0.9409575462341309,0.7559289460184546
81,7,23,4,0.7999489903450012,0.566946709513841
81,7,39,4,0.8141714334487915,0.6681531047810612
81,7,71,4,0.8940401077270508,0.6681531047810612
81,7,27,4,0.8619635701179504,0.4285714285714288
81,7,43,4,0.9486018419265747,0.6172133998483679
81,7,75,4,0.9354017376899719,0.6172133998483679
81,7,51,4,0.7972615361213684,0.6681531047810612
81,7,83,4,0.8503054976463318,0.566946709513841
81,7,99,4,0.8816345930099487,0.6681531047810612
81,7,29,4,0.9529246687889099,0.8017837257372734
81,7,45,4,0.9316478967666626,0.8017837257372734
81,7,77,4,0.9980327486991882,0.9354143466934857
81,7,53,4,0.8593974113464355,0.7142857142857146
81,7,85,4,0.9074158668518066,0.7171371656006363
81,7,101,4,0.9334220290184021,0.8366600265340757
81,7,57,4,0.9561488628387451,0.9258200997725518
81,7,89,4,0.9235628843307495,0.6172133998483679
81,7,105,4,0.9543120265007019,0.7715167498104598
81,7,113,4,0.8685265779495239,0.4193139346887675
81,7,30,4,0.9529246687889099,0.8017837257372734
81,7,46,4,0.9574861526489258,0.9258200997725518
81,7,78,4,0.9980327486991882,0.9354143466934857
81,7,54,4,0.802788257598877,0.629940788348712
81,7,86,4,0.9074158668518066,0.7171371656006363
81,7,102,4,0.9334220290184021,0.8366600265340757
81,7,58,4,0.9340471625328064,0.8451542547285168
81,7,90,4,0.9281545877456665,0.6172133998483679
81,7,106,4,0.9543120265007019,0.7715167498104598
81,7,114,4,0.8816345930099487,0.6681531047810612
81,7,60,4,0.9841501712799072,0.8451542547285168
81,7,92,4,0.9885795712471008,0.7715167498104598
81,7,108,4,0.9903751611709595,0.8451542547285168
81,7,116,4,0.9117228984832764,0.6761234037828134
81,7,120,4,0.9675739407539368,0.7715167498104598
81,7,31,5,0.9529246687889099,0.8017837257372734
81,7,47,5,0.9878461956977844,0.8571428571428575
81,7,79,5,0.9980327486991882,0.9354143466934857
81,7,55,5,0.8141714334487915,0.6681531047810612
81,7,87,5,0.9213277697563171,0.8017837257372733
81,7,103,5,0.9334220290184021,0.8366600265340757
81,7,59,5,0.9498903155326843,0.7715167498104598
81,7,91,5,0.9281545877456665,0.6172133998483679
81,7,107,5,0.9543120265007019,0.7715167498104598
81,7,115,5,0.8816345930099487,0.6681531047810612
81,7,61,5,0.994486927986145,1.0000000000000004
81,7,93,5,0.9980327486991882,0.9354143466934857
81,7,109,5,1.0000001192092896,1.0000000000000004
81,7,117,5,0.9334220290184021,0.8366600265340757
81,7,121,5,0.9860302209854126,0.9258200997725518
81,7,62,5,0.9878461956977844,0.8571428571428575
81,7,94,5,0.9980327486991882,0.9354143466934857
81,7,110,5,1.0000001192092896,1.0000000000000004
81,7,118,5,0.9343595504760742,0.8819171036881969
81,7,122,5,0.9860302209854126,0.9258200997725518
81,7,124,5,0.9903751611709595,0.8451542547285168
81,7,63,6,0.9878461956977844,0.8571428571428575
81,7,95,6,0.9980327486991882,0.9354143466934857
81,7,111,6,1.0000001192092896,1.0000000000000004
81,7,119,6,0.9343595504760742,0.8819171036881969
81,7,123,6,0.9607415795326233,0.9258200997725518
81,7,125,6,1.0000001192092896,1.0000000000000004
81,7,126,6,1.0000001192092896,1.0000000000000004
82,7,127,7,1.0,1.0000000000000004
82,7,0,0,0.7265254259109497,0.0
82,7,1,1,0.8027685880661011,0.28571428571428586
82,7,2,1,0.8130803108215332,0.21821789023599245
82,7,4,1,0.7265254259109497,0.0
82,7,8,1,0.7265254259109497,0.0
82,7,16,1,0.7265254259109497,0.0
82,7,32,1,0.7265254259109497,0.0
82,7,64,1,0.8602981567382812,0.21821789023599245
82,7,3,2,0.8683147430419922,0.3380617018914067
82,7,5,2,0.7969117164611816,0.30860669992418394
82,7,9,2,0.7644169330596924,0.26726124191242445
82,7,17,2,0.8615262508392334,0.28571428571428586
82,7,33,2,0.7644169330596924,0.26726124191242445
82,7,65,2,0.9916543364524841,0.7142857142857146
82,7,6,2,0.8951127529144287,0.3779644730092273
82,7,10,2,0.791402280330658,0.21821789023599245
82,7,18,2,0.8796803951263428,0.566946709513841
82,7,34,2,0.8064520359039307,0.18898223650461365
82,7,66,2,0.9218418002128601,0.3380617018914067
82,7,12,2,0.7167195677757263,0.0
82,7,20,2,0.7167195677757263,0.0
82,7,36,2,0.7954659461975098,0.15430334996209197
82,7,68,2,0.888386070728302,0.4285714285714288
82,7,24,2,0.7265254259109497,0.0
82,7,40,2,0.7265254259109497,0.0
82,7,72,2,0.8719931840896606,0.13363062095621223
82,7,48,2,0.7265254259109497,0.0
82,7,80,2,0.8602981567382812,0.21821789023599245
82,7,96,2,0.8602988719940186,0.26726124191242445
82,7,7,3,0.9980696439743042,0.9258200997725518
82,7,11,3,0.8683147430419922,0.3380617018914067
82,7,19,3,0.8601258993148804,0.30860669992418394
82,7,35,3,0.862176775932312,0.30860669992418394
82,7,67,3,1.0,1.0000000000000004
82,7,13,3,0.8795781135559082,0.629940788348712
82,7,21,3,1.0,1.0000000000000004
82,7,37,3,0.8839733600616455,0.5345224838248489
82,7,69,3,1.0,1.0000000000000004
82,7,25,3,0.8883250951766968,0.6761234037828134
82,7,41,3,0.7647722363471985,0.18898223650461365
82,7,73,3,0.906934380531311,0.3779644730092273
82,7,49,3,0.7422195076942444,0.22792115291927595
82,7,81,3,0.9424663186073303,0.4285714285714288
82,7,97,3,0.8982973098754883,0.3779644730092273
82,7,14,3,0.9035933017730713,0.3779644730092273
82,7,22,3,0.8442239165306091,0.30860669992418394
82,7,38,3,0.8502548933029175,0.3779644730092273
82,7,70,3,0.9649185538291931,0.8451542547285168
82,7,26,3,0.8363170623779297,0.3380617018914067
82,7,42,3,0.791402280330658,0.21821789023599245
82,7,74,3,0.9084802269935608,0.566946709513841
82,7,50,3,0.8419885635375977,0.16903085094570336
82,7,82,3,0.9118630290031433,0.3380617018914067
82,7,98,3,0.9255082607269287,0.3380617018914067
82,7,28,3,0.7701786756515503,0.11952286093343942
82,7,44,3,0.7778563499450684,0.11952286093343942
82,7,76,3,0.878738284111023,0.26726124191242445
82,7,52,3,0.7582539916038513,0.14285714285714293
82,7,84,3,0.8712371587753296,0.26726124191242445
82,7,100,3,0.8752486705780029,0.4285714285714288
82,7,56,3,0.7290793657302856,0.0
82,7,88,3,0.8409403562545776,0.15430334996209197
82,7,104,3,0.8484894037246704,0.18898223650461365
82,7,112,3,0.8479465842247009,0.21821789023599245
82,7,15,4,0.923075258731842,0.9258200997725518
82,7,23,4,1.0,1.0000000000000004
82,7,39,4,0.9247475266456604,0.8451542547285168
82,7,71,4,1.0,1.0000000000000004
82,7,27,4,0.8601258993148804,0.30860669992418394
82,7,43,4,0.8632393479347229,0.30860669992418394
82,7,75,4,0.9660792946815491,0.7715167498104598
82,7,51,4,0.8601258993148804,0.30860669992418394
82,7,83,4,0.9625555276870728,0.46291004988627593
82,7,99,4,0.9534670114517212,0.7715167498104598
82,7,29,4,1.0,1.0000000000000004
82,7,45,4,1.0,1.0000000000000004
82,7,77,4,1.0,1.0000000000000004
82,7,53,4,1.0,1.0000000000000004
82,7,85,4,1.0,1.0000000000000004
82,7,101,4,0.9534670114517212,0.7715167498104598
82,7,57,4,0.8464438915252686,0.4285714285714288
82,7,89,4,0.9200700521469116,0.3380617018914067
82,7,105,4,0.8982973098754883,0.3779644730092273
82,7,113,4,0.9424663186073303,0.4285714285714288
82,7,30,4,0.8442239165306091,0.30860669992418394
82,7,46,4,0.8502548933029175,0.3779644730092273
82,7,78,4,0.9649185538291931,0.8451542547285168
82,7,54,4,0.8347827196121216,0.3380617018914067
82,7,86,4,0.9370392560958862,0.3779644730092273
82,7,102,4,0.9272034764289856,0.5070925528371101
82,7,58,4,0.8363170623779297,0.3380617018914067
82,7,90,4,0.9277201294898987,0.3779644730092273
82,7,106,4,0.9255082607269287,0.3380617018914067
82,7,114,4,0.9255082607269287,0.3380617018914067
82,7,60,4,0.8386214971542358,0.4285714285714288
82,7,92,4,0.8712371587753296,0.26726124191242445
82,7,108,4,0.8634165525436401,0.26726124191242445
82,7,116,4,0.8622130155563354,0.22792115291927595
82,7,120,4,0.8409403562545776,0.15430334996209197
82,7,31,5,1.0,1.0000000000000004
82,7,47,5,0.9247475266456604,0.8451542547285168
82,7,79,5,1.0,1.0000000000000004
82,7,55,5,0.923075258731842,0.9258200997725518
82,7,87,5,1.0,1.0000000000000004
82,7,103,5,0.9534670114517212,0.7715167498104598
82,7,59,5,0.8601258993148804,0.30860669992418394
82,7,91,5,1.0,1.0000000000000004
82,7,107,5,0.9534670114517212,0.7715167498104598
82,7,115,5,0.9390534162521362,0.46291004988627593
82,7,61,5,1.0,1.0000000000000004
82,7,93,5,1.0,1.0000000000000004
82,7,109,5,0.9534670114517212,0.7715167498104598
82,7,117,5,0.9424663186073303,0.4285714285714288
82,7,121,5,0.8528119921684265,0.30860669992418394
82,7,62,5,0.9148861169815063,0.6761234037828134
82,7,94,5,0.9281288981437683,0.5070925528371101
82,7,110,5,0.9272034764289856,0.5070925528371101
82,7,118,5,0.9016720056533813,0.3380617018914067
82,7,122,5,0.9255082607269287,0.3380617018914067
82,7,124,5,0.8634165525436401,0.26726124191242445
82,7,63,6,0.923075258731842,0.9258200997725518
82,7,95,6,1.0,1.0000000000000004
82,7,111,6,1.0,1.0000000000000004
82,7,119,6,1.0,1.0000000000000004
82,7,123,6,0.9488475918769836,0.46291004988627593
82,7,125,6,0.9488475918769836,0.46291004988627593
82,7,126,6,0.9700345993041992,0.6172133998483679
83,5,31,5,1.0,1.0000000000000002
83,5,0,0,0.7572454214096069,0.0
83,5,1,1,0.7937414050102234,0.632455532033676
83,5,2,1,0.7148611545562744,0.0
83,5,4,1,0.8078984022140503,0.447213595499958
83,5,8,1,0.8603610992431641,0.223606797749979
83,5,16,1,0.7539917826652527,0.0
83,5,3,2,0.7937414050102234,0.632455532033676
83,5,5,2,0.8497314453125,0.6000000000000001
83,5,9,2,0.9243580102920532,0.670820393249937
83,5,17,2,0.8417336940765381,0.6000000000000001
83,5,6,2,0.8351935148239136,0.4000000000000001
83,5,10,2,0.8946741819381714,0.5163977794943224
83,5,18,2,0.7539917826652527,0.0
83,5,12,2,0.895496129989624,0.632455532033676
83,5,20,2,0.8078984022140503,0.447213595499958
83,5,24,2,0.9092913866043091,0.632455532033676
83,5,7,3,0.8425099849700928,0.670820393249937
83,5,11,3,0.9243580102920532,0.670820393249937
83,5,19,3,0.8573261499404907,0.6000000000000001
83,5,13,3,0.9677008390426636,0.8000000000000002
83,5,21,3,0.8852075338363647,0.7302967433402217
83,5,25,3,0.958379864692688,0.894427190999916
83,5,14,3,0.9526852369308472,0.670820393249937
83,5,22,3,0.8399009108543396,0.5962847939999439
83,5,26,3,0.958379864692688,0.894427190999916
83,5,28,3,0.9403643608093262,0.7745966692414836
83,5,15,4,0.9677008390426636,0.8000000000000002
83,5,23,4,0.8950063586235046,0.8000000000000002
83,5,27,4,0.958379864692688,0.894427190999916
83,5,29,4,1.0,1.0000000000000002
83,5,30,4,1.0,1.0000000000000002
84,6,63,6,1.0,1.0000000000000002
84,6,0,0,0.7144877314567566,0.0
84,6,1,1,0.7190125584602356,0.0
84,6,2,1,0.7144877314567566,0.0
84,6,4,1,0.8552470207214355,0.447213595499958
84,6,8,1,0.7144877314567566,0.0
84,6,16,1,0.7229968309402466,0.0
84,6,32,1,0.714638352394104,0.20000000000000004
84,6,3,2,0.7827391624450684,0.632455532033676
84,6,5,2,0.8860114216804504,0.7745966692414836
84,6,9,2,0.7683512568473816,0.4000000000000001
84,6,17,2,0.7341103553771973,0.26967994498529685
84,6,33,2,0.7491806745529175,0.3651483716701108
84,6,6,2,0.8552470207214355,0.447213595499958
84,6,10,2,0.7144877314567566,0.0
84,6,18,2,0.7378107309341431,0.16903085094570336
84,6,34,2,0.7762879133224487,0.6000000000000001
84,6,12,2,0.8522781729698181,0.316227766016838
84,6,20,2,0.8532058596611023,0.316227766016838
84,6,36,2,0.8552470207214355,0.447213595499958
84,6,24,2,0.7168979644775391,0.0
84,6,40,2,0.7450159192085266,0.0
84,6,48,2,0.8266881704330444,0.20000000000000004
84,6,7,3,0.8860114216804504,0.7745966692414836
84,6,11,3,0.756564199924469,0.4000000000000001
84,6,19,3,0.7843228578567505,0.3651483716701108
84,6,35,3,0.8153454661369324,0.474341649025257
84,6,13,3,0.8799628019332886,0.670820393249937
84,6,21,3,0.7975085377693176,0.1825741858350554
84,6,37,3,0.9053931832313538,0.894427190999916
84,6,25,3,0.7176779508590698,0.26967994498529685
84,6,41,3,0.7635083198547363,0.316227766016838
84,6,49,3,0.7770949602127075,0.6000000000000001
84,6,14,3,0.8522781729698181,0.316227766016838
84,6,22,3,0.8830645680427551,0.316227766016838
84,6,38,3,0.8522781729698181,0.316227766016838
84,6,26,3,0.7411619424819946,0.16903085094570336
84,6,42,3,0.7659011483192444,0.5070925528371101
84,6,50,3,0.8537881374359131,0.6000000000000001
84,6,28,3,0.8619023561477661,0.2581988897471612
84,6,44,3,0.8522781729698181,0.316227766016838
84,6,52,3,0.8586699962615967,0.2581988897471612
84,6,56,3,0.8035056591033936,0.3651483716701108
84,6,15,4,0.8777241110801697,0.6000000000000001
84,6,23,4,0.9031311273574829,0.6000000000000001
84,6,39,4,0.8860114216804504,0.7745966692414836
84,6,27,4,0.7843228578567505,0.3651483716701108
84,6,43,4,0.756564199924469,0.4000000000000001
84,6,51,4,0.8285578489303589,0.6000000000000001
84,6,29,4,0.8004655838012695,0.20000000000000004
84,6,45,4,0.8799628019332886,0.670820393249937
84,6,53,4,0.896170973777771,0.8000000000000002
84,6,57,4,0.8130496144294739,0.474341649025257
84,6,30,4,0.8619023561477661,0.2581988897471612
84,6,46,4,0.8522781729698181,0.316227766016838
84,6,54,4,0.8390864729881287,0.6000000000000001
84,6,58,4,0.7951082587242126,0.5477225575051663
84,6,60,4,0.9630839824676514,0.5163977794943224
84,6,31,5,0.9180164337158203,0.670820393249937
84,6,47,5,0.8799628019332886,0.670820393249937
84,6,55,5,0.896170973777771,0.8000000000000002
84,6,59,5,0.7951082587242126,0.5477225575051663
84,6,61,5,0.896170973777771,0.8000000000000002
84,6,62,5,0.9743022322654724,0.5163977794943224
85,4,15,4,1.0,1.0
85,4,0,0,0.711641252040863,0.0
85,4,1,1,0.8130912184715271,0.223606797749979
85,4,2,1,0.889716625213623,0.5
85,4,4,1,0.9585882425308228,0.7071067811865476
85,4,8,1,0.7583138942718506,0.0
85,4,3,2,0.8897380232810974,0.5773502691896258
85,4,5,2,0.8458249568939209,0.25
85,4,9,2,0.7751603126525879,0.25
85,4,6,2,1.0,1.0
85,4,10,2,0.8832653760910034,0.5773502691896258
85,4,12,2,0.9383809566497803,0.7071067811865476
85,4,7,3,0.9519374966621399,0.5773502691896258
85,4,11,3,0.9207672476768494,0.75
85,4,13,3,1.0,1.0
85,4,14,3,0.966334342956543,0.8660254037844388
86,5,31,5,1.0,1.0000000000000002
86,5,0,0,0.721102237701416,0.0
86,5,1,1,0.7327331900596619,0.316227766016838
86,5,2,1,0.6992591619491577,0.20000000000000004
86,5,4,1,0.815504789352417,0.0
86,5,8,1,0.8133596777915955,0.447213595499958
86,5,16,1,0.7440745234489441,0.2581988897471612
86,5,3,2,0.7631420493125916,0.632455532033676
86,5,5,2,0.8285507559776306,0.447213595499958
86,5,9,2,0.8203032612800598,0.447213595499958
86,5,17,2,0.8200471997261047,0.670820393249937
86,5,6,2,0.8351332545280457,0.20000000000000004
86,5,10,2,0.7559540271759033,0.20000000000000004
86,5,18,2,0.7242472171783447,0.4000000000000001
86,5,12,2,0.9713172912597656,0.632455532033676
86,5,20,2,0.8244597911834717,0.447213595499958
86,5,24,2,0.7577789425849915,0.0
86,5,7,3,0.8285507559776306,0.670820393249937
86,5,11,3,0.7369956970214844,0.5163977794943224
86,5,19,3,0.7621881365776062,0.670820393249937
86,5,13,3,0.9825887084007263,0.894427190999916
86,5,21,3,0.8244597911834717,0.670820393249937
86,5,25,3,0.9304255843162537,0.894427190999916
86,5,14,3,0.9261834621429443,0.4000000000000001
86,5,22,3,0.8023083806037903,0.20000000000000004
86,5,26,3,0.7926397323608398,0.3651483716701108
86,5,28,3,0.9295030832290649,0.5163977794943224
86,5,15,4,0.9825887084007263,0.894427190999916
86,5,23,4,0.8493659496307373,0.8000000000000002
86,5,27,4,0.8025255799293518,0.5477225575051663
86,5,29,4,0.9701780676841736,0.894427190999916
86,5,30,4,0.9135684967041016,0.5477225575051663
89,4,15,4,1.0,1.0
89,4,0,0,0.6680189967155457,0.0
89,4,1,1,0.7447771430015564,0.0
89,4,2,1,0.7010337114334106,0.0
89,4,4,1,0.785742998123169,0.0
89,4,8,1,0.7956839799880981,0.25
89,4,3,2,0.7447771430015564,0.0
89,4,5,2,0.8735982179641724,0.20412414523193154
89,4,9,2,0.8299252986907959,0.5773502691896258
89,4,6,2,0.885277271270752,0.0
89,4,10,2,0.7688983678817749,0.25
89,4,12,2,0.9318584203720093,0.2886751345948129
89,4,7,3,0.8429280519485474,0.223606797749979
89,4,11,3,0.7343165874481201,0.2886751345948129
89,4,13,3,1.0,1.0
89,4,14,3,0.9281278252601624,0.25
91,6,63,6,0.9999999403953552,1.0000000000000002
91,6,0,0,0.782952070236206,0.30860669992418394
91,6,1,1,0.9027138352394104,0.8164965809277261
91,6,2,1,0.8811105489730835,0.6123724356957946
91,6,4,1,0.7927297949790955,0.2357022603955159
91,6,8,1,0.7980467081069946,0.4082482904638631
91,6,16,1,0.8823142647743225,0.2357022603955159
91,6,32,1,0.8185631036758423,0.20412414523193154
91,6,3,2,0.9027138352394104,0.8164965809277261
91,6,5,2,0.8365546464920044,0.7071067811865477
91,6,9,2,0.9027138352394104,0.8164965809277261
91,6,17,2,0.963351845741272,0.7302967433402217
91,6,33,2,0.9373196363449097,0.8333333333333336
91,6,6,2,0.7604449391365051,0.0
91,6,10,2,0.9027138352394104,0.8164965809277261
91,6,18,2,0.963351845741272,0.7302967433402217
91,6,34,2,0.9373196363449097,0.8333333333333336
91,6,12,2,0.7980467081069946,0.4082482904638631
91,6,20,2,0.8823142647743225,0.2357022603955159
91,6,36,2,0.841529369354248,0.2357022603955159
91,6,24,2,0.8975534439086914,0.4714045207910318
91,6,40,2,0.8460825681686401,0.5477225575051663
91,6,48,2,0.9333722591400146,0.5773502691896258
91,6,7,3,0.9027138352394104,0.8164965809277261
91,6,11,3,0.9027138352394104,0.8164965809277261
91,6,19,3,0.9419898390769958,0.8333333333333336
91,6,35,3,0.9373196363449097,0.8333333333333336
91,6,13,3,0.9027138352394104,0.8164965809277261
91,6,21,3,0.963351845741272,0.7302967433402217
91,6,37,3,0.9373196363449097,0.8333333333333336
91,6,25,3,0.9405940771102905,0.8333333333333336
91,6,41,3,0.9378066062927246,0.912870929175277
91,6,49,3,0.9999999403953552,1.0000000000000002
91,6,14,3,0.9027138352394104,0.8164965809277261
91,6,22,3,0.963351845741272,0.7302967433402217
91,6,38,3,0.9373196363449097,0.8333333333333336
91,6,26,3,0.9665172100067139,0.912870929175277
91,6,42,3,0.9378066062927246,0.912870929175277
91,6,50,3,0.9999999403953552,1.0000000000000002
91,6,28,3,0.8975534439086914,0.4714045207910318
91,6,44,3,0.8486772775650024,0.6123724356957946
91,6,52,3,0.9333722591400146,0.5773502691896258
91,6,56,3,0.9312685132026672,0.8164965809277261
91,6,15,4,0.9027138352394104,0.8164965809277261
91,6,23,4,0.9393970370292664,0.8333333333333336
91,6,39,4,0.9373196363449097,0.8333333333333336
91,6,27,4,0.9665172100067139,0.912870929175277
91,6,43,4,0.9378066062927246,0.912870929175277
91,6,51,4,0.9999999403953552,1.0000000000000002
91,6,29,4,0.9665172100067139,0.912870929175277
91,6,45,4,0.9378066062927246,0.912870929175277
91,6,53,4,0.9999999403953552,1.0000000000000002
91,6,57,4,0.9999999403953552,1.0000000000000002
91,6,30,4,0.9665172100067139,0.912870929175277
91,6,46,4,0.9378066062927246,0.912870929175277
91,6,54,4,0.9999999403953552,1.0000000000000002
91,6,58,4,0.9999999403953552,1.0000000000000002
91,6,60,4,0.9999999403953552,1.0000000000000002
91,6,31,5,0.9665172100067139,0.912870929175277
91,6,47,5,0.9378066062927246,0.912870929175277
91,6,55,5,0.9999999403953552,1.0000000000000002
91,6,59,5,0.9999999403953552,1.0000000000000002
91,6,61,5,0.9999999403953552,1.0000000000000002
91,6,62,5,0.9999999403953552,1.0000000000000002
93,7,127,7,1.0000001192092896,1.0000000000000004
93,7,0,0,0.7462336421012878,0.0
93,7,1,1,0.7636462450027466,0.5345224838248489
93,7,2,1,0.8689820766448975,0.6761234037828134
93,7,4,1,0.7028082609176636,0.0
93,7,8,1,0.758866548538208,0.18898223650461365
93,7,16,1,0.7292220592498779,0.21821789023599245
93,7,32,1,0.7954651117324829,0.3380617018914067
93,7,64,1,0.7770041823387146,0.18898223650461365
93,7,3,2,0.84089595079422,0.5345224838248489
93,7,5,2,0.7685035467147827,0.26726124191242445
93,7,9,2,0.7990915775299072,0.18898223650461365
93,7,17,2,0.7636462450027466,0.5345224838248489
93,7,33,2,0.8336462378501892,0.6546536707079773
93,7,65,2,0.8223039507865906,0.3779644730092273
93,7,6,2,0.8719634413719177,0.6546536707079773
93,7,10,2,0.8631200194358826,0.5345224838248489
93,7,18,2,0.8689820766448975,0.6761234037828134
93,7,34,2,0.8556182980537415,0.3779644730092273
93,7,66,2,0.8505015969276428,0.566946709513841
93,7,12,2,0.7873234748840332,0.30860669992418394
93,7,20,2,0.7186930179595947,0.12598815766974242
93,7,36,2,0.7943167686462402,0.3380617018914067
93,7,68,2,0.7457342743873596,0.16903085094570336
93,7,24,2,0.7793683409690857,0.25197631533948484
93,7,40,2,0.8065840005874634,0.30860669992418394
93,7,72,2,0.8723390698432922,0.3380617018914067
93,7,48,2,0.7999934554100037,0.3380617018914067
93,7,80,2,0.7602992653846741,0.15430334996209197
93,7,96,2,0.8999708294868469,0.5070925528371101
93,7,7,3,0.9115258455276489,0.7559289460184546
93,7,11,3,0.8549257516860962,0.566946709513841
93,7,19,3,0.8499373197555542,0.6546536707079773
93,7,35,3,0.9064574241638184,0.7559289460184546
93,7,67,3,0.8505015969276428,0.566946709513841
93,7,13,3,0.8160764575004578,0.5070925528371101
93,7,21,3,0.7727963328361511,0.3779644730092273
93,7,37,3,0.8441762924194336,0.566946709513841
93,7,69,3,0.791450023651123,0.3779644730092273
93,7,25,3,0.7990915775299072,0.18898223650461365
93,7,41,3,0.8635721206665039,0.5345224838248489
93,7,73,3,0.8880518674850464,0.5070925528371101
93,7,49,3,0.8336462378501892,0.6546536707079773
93,7,81,3,0.8043123483657837,0.3779644730092273
93,7,97,3,0.9148772954940796,0.6761234037828134
93,7,14,3,0.858031690120697,0.5714285714285717
93,7,22,3,0.8527736663818359,0.566946709513841
93,7,38,3,0.8367123603820801,0.4285714285714288
93,7,70,3,0.9052707552909851,0.7715167498104598
93,7,26,3,0.8622835874557495,0.6172133998483679
93,7,42,3,0.8975650072097778,0.566946709513841
93,7,74,3,0.875749409198761,0.6761234037828134
93,7,50,3,0.9064574241638184,0.7559289460184546
93,7,82,3,0.8040776252746582,0.4285714285714288
93,7,98,3,0.945054292678833,0.8451542547285168
93,7,28,3,0.786577045917511,0.30860669992418394
93,7,44,3,0.8831111192703247,0.46291004988627593
93,7,76,3,0.8283137083053589,0.30860669992418394
93,7,52,3,0.7954651117324829,0.3380617018914067
93,7,84,3,0.8316785097122192,0.3380617018914067
93,7,100,3,0.8999708294868469,0.5070925528371101
93,7,56,3,0.8403161764144897,0.40089186286863665
93,7,88,3,0.8723390698432922,0.3380617018914067
93,7,104,3,0.9025057554244995,0.5976143046671971
93,7,112,3,0.9148772954940796,0.6761234037828134
93,7,15,4,0.8665769100189209,0.7715167498104598
93,7,23,4,0.9115258455276489,0.7559289460184546
93,7,39,4,0.9497184753417969,0.9258200997725518
93,7,71,4,0.9052707552909851,0.7715167498104598
93,7,27,4,0.8549257516860962,0.566946709513841
93,7,43,4,0.9382661581039429,0.7715167498104598
93,7,75,4,0.8359667062759399,0.5070925528371101
93,7,51,4,0.9064574241638184,0.7559289460184546
93,7,83,4,0.8588457107543945,0.5070925528371101
93,7,99,4,0.945054292678833,0.8451542547285168
93,7,29,4,0.8301362991333008,0.5070925528371101
93,7,45,4,0.9096695184707642,0.6761234037828134
93,7,77,4,0.8606752157211304,0.5070925528371101
93,7,53,4,0.8441762924194336,0.566946709513841
93,7,85,4,0.791450023651123,0.3779644730092273
93,7,101,4,0.8781254291534424,0.6761234037828134
93,7,57,4,0.8244253396987915,0.5070925528371101
93,7,89,4,0.8880518674850464,0.5070925528371101
93,7,105,4,0.8708438873291016,0.6761234037828134
93,7,113,4,0.9241242408752441,0.6761234037828134
93,7,30,4,0.8512762188911438,0.5070925528371101
93,7,46,4,0.9197372198104858,0.8451542547285168
93,7,78,4,0.9052707552909851,0.7715167498104598
93,7,54,4,0.8367123603820801,0.4285714285714288
93,7,86,4,0.9052707552909851,0.7715167498104598
93,7,102,4,0.9026840925216675,0.7142857142857146
93,7,58,4,0.8990927338600159,0.6681531047810612
93,7,90,4,0.8642930388450623,0.6172133998483679
93,7,106,4,0.9910120368003845,0.8819171036881968
93,7,114,4,0.945054292678833,0.8451542547285168
93,7,60,4,0.8831111192703247,0.46291004988627593
93,7,92,4,0.7962846755981445,0.28571428571428586
93,7,108,4,0.9379495978355408,0.7715167498104598
93,7,116,4,0.8781254291534424,0.6761234037828134
93,7,120,4,0.9082358479499817,0.5976143046671971
93,7,31,5,0.9103713035583496,0.7715167498104598
93,7,47,5,0.9413614869117737,0.8571428571428575
93,7,79,5,0.9052707552909851,0.7715167498104598
93,7,55,5,0.9497184753417969,0.9258200997725518
93,7,87,5,0.9052707552909851,0.7715167498104598
93,7,103,5,1.0000001192092896,1.0000000000000004
93,7,59,5,0.9382661581039429,0.7715167498104598
93,7,91,5,0.903110146522522,0.7715167498104598
93,7,107,5,0.9964866042137146,0.9258200997725518
93,7,115,5,0.945054292678833,0.8451542547285168
93,7,61,5,0.9096695184707642,0.6761234037828134
93,7,93,5,0.8606752157211304,0.5070925528371101
93,7,109,5,0.9379495978355408,0.7715167498104598
93,7,117,5,0.8781254291534424,0.6761234037828134
93,7,121,5,0.8789563179016113,0.6761234037828134
93,7,62,5,0.9117518663406372,0.7142857142857146
93,7,94,5,0.9052707552909851,0.7715167498104598
93,7,110,5,1.0000001192092896,1.0000000000000004
93,7,118,5,1.0000001192092896,1.0000000000000004
93,7,122,5,0.9964866042137146,0.9258200997725518
93,7,124,5,0.9379495978355408,0.7715167498104598
93,7,63,6,0.9497184753417969,0.9258200997725518
93,7,95,6,0.9052707552909851,0.7715167498104598
93,7,111,6,1.0000001192092896,1.0000000000000004
93,7,119,6,1.0000001192092896,1.0000000000000004
93,7,123,6,1.0000001192092896,1.0000000000000004
93,7,125,6,0.9379495978355408,0.7715167498104598
93,7,126,6,1.0000001192092896,1.0000000000000004
94,5,31,5,0.9999998807907104,1.0000000000000002
94,5,0,0,0.8503999710083008,0.2581988897471612
94,5,1,1,0.8984191417694092,0.8000000000000002
94,5,2,1,0.8503999710083008,0.2581988897471612
94,5,4,1,0.8503999710083008,0.2581988897471612
94,5,8,1,0.8429766893386841,0.447213595499958
94,5,16,1,0.8699905872344971,0.20000000000000004
94,5,3,2,0.8977367877960205,0.894427190999916
94,5,5,2,0.8765929937362671,0.670820393249937
94,5,9,2,0.8806855082511902,0.6000000000000001
94,5,17,2,0.9801703691482544,0.8000000000000002
94,5,6,2,0.8503999710083008,0.2581988897471612
94,5,10,2,0.8332955241203308,0.5163977794943224
94,5,18,2,0.8699905872344971,0.20000000000000004
94,5,12,2,0.8429766893386841,0.447213595499958
94,5,20,2,0.8606752157211304,0.223606797749979
94,5,24,2,0.9999998807907104,1.0000000000000002
94,5,7,3,0.8977367877960205,0.894427190999916
94,5,11,3,0.8765929937362671,0.670820393249937
94,5,19,3,0.9999998807907104,1.0000000000000002
94,5,13,3,0.8806855082511902,0.6000000000000001
94,5,21,3,0.9801703691482544,0.8000000000000002
94,5,25,3,0.9801703691482544,0.8000000000000002
94,5,14,3,0.8332955241203308,0.5163977794943224
94,5,22,3,0.8699905872344971,0.20000000000000004
94,5,26,3,0.9696490168571472,0.670820393249937
94,5,28,3,0.9801703691482544,0.8000000000000002
94,5,15,4,0.8765929937362671,0.670820393249937
94,5,23,4,0.8899708390235901,0.7302967433402217
94,5,27,4,0.9999998807907104,1.0000000000000002
94,5,29,4,0.9801703691482544,0.8000000000000002
94,5,30,4,0.9696490168571472,0.670820393249937
95,6,63,6,0.9999999403953552,1.0000000000000002
95,6,0,0,0.7687087059020996,0.0
95,6,1,1,0.7916133999824524,0.23354968324845693
95,6,2,1,0.7687087059020996,0.0
95,6,4,1,0.8226979374885559,0.0
95,6,8,1,0.7800102233886719,0.0
95,6,16,1,0.8272202610969543,0.13483997249264842
95,6,32,1,0.8700641989707947,0.3370999312316211
95,6,3,2,0.7916133999824524,0.23354968324845693
95,6,5,2,0.8353428840637207,0.20225995873897262
95,6,9,2,0.7938987016677856,0.23354968324845693
95,6,17,2,0.8246610760688782,0.20225995873897262
95,6,33,2,0.8622881174087524,0.4221158824088691
95,6,6,2,0.7687087059020996,0.0
95,6,10,2,0.7810969948768616,0.0
95,6,18,2,0.8272202610969543,0.13483997249264842
95,6,34,2,0.8804571628570557,0.38138503569823695
95,6,12,2,0.8270719051361084,0.38138503569823695
95,6,20,2,0.8398032188415527,0.0
95,6,36,2,0.902044415473938,0.31139957766460924
95,6,24,2,0.8228751420974731,0.19069251784911848
95,6,40,2,0.8347755074501038,0.0
95,6,48,2,0.8926358819007874,0.4767312946227962
95,6,7,3,0.8353428840637207,0.20225995873897262
95,6,11,3,0.7938987016677856,0.23354968324845693
95,6,19,3,0.8246610760688782,0.20225995873897262
95,6,35,3,0.8622881174087524,0.4221158824088691
95,6,13,3,0.834868848323822,0.47193990372426947
95,6,21,3,0.861169159412384,0.26967994498529685
95,6,37,3,0.9035027027130127,0.4221158824088691
95,6,25,3,0.8221486806869507,0.30151134457776363
95,6,41,3,0.8622881174087524,0.4221158824088691
95,6,49,3,0.874561071395874,0.4221158824088691
95,6,14,3,0.8285005688667297,0.5449492609130662
95,6,22,3,0.8493554592132568,0.23354968324845693
95,6,38,3,0.8524025082588196,0.26967994498529685
95,6,26,3,0.8228751420974731,0.19069251784911848
95,6,42,3,0.8347755074501038,0.0
95,6,50,3,0.8926358819007874,0.4767312946227962
95,6,28,3,0.8597060441970825,0.38924947208076155
95,6,44,3,0.8978567123413086,0.5393598899705937
95,6,52,3,0.9222902059555054,0.40451991747794525
95,6,56,3,0.8872435092926025,0.46709936649691386
95,6,15,4,0.834868848323822,0.47193990372426947
95,6,23,4,0.8573729395866394,0.30151134457776363
95,6,39,4,0.9035027027130127,0.4221158824088691
95,6,27,4,0.8221486806869507,0.30151134457776363
95,6,43,4,0.8622881174087524,0.4221158824088691
95,6,51,4,0.874561071395874,0.4221158824088691
95,6,29,4,0.8583430647850037,0.48241815132442184
95,6,45,4,0.9203760027885437,0.6605782590758165
95,6,53,4,0.9213898181915283,0.49543369430686235
95,6,57,4,0.8717741966247559,0.49543369430686235
95,6,30,4,0.8616904020309448,0.5393598899705937
95,6,46,4,0.9015440940856934,0.66332495807108
95,6,54,4,0.927161455154419,0.3853373177942263
95,6,58,4,0.8872435092926025,0.46709936649691386
95,6,60,4,0.9370266199111938,0.713506068012676
95,6,31,5,0.9020940065383911,0.5179397291175922
95,6,47,5,0.9203760027885437,0.6605782590758165
95,6,55,5,0.9213898181915283,0.49543369430686235
95,6,59,5,0.8717741966247559,0.49543369430686235
95,6,61,5,0.9685717821121216,0.8440722199302102
95,6,62,5,0.9370266199111938,0.713506068012676
96,5,31,5,1.0000001192092896,1.0000000000000002
96,5,0,0,0.8006302714347839,0.0
96,5,1,1,0.8202096819877625,0.670820393249937
96,5,2,1,0.7677249312400818,0.0
96,5,4,1,0.8202096819877625,0.670820393249937
96,5,8,1,0.8567866683006287,0.447213595499958
96,5,16,1,0.8480186462402344,0.223606797749979
96,5,3,2,0.8202096819877625,0.670820393249937
96,5,5,2,0.8202096819877625,0.670820393249937
96,5,9,2,0.9120292663574219,0.894427190999916
96,5,17,2,0.9132294058799744,0.8000000000000002
96,5,6,2,0.8202096819877625,0.670820393249937
96,5,10,2,0.8560713529586792,0.7745966692414836
96,5,18,2,0.8561350703239441,0.223606797749979
96,5,12,2,0.9120292663574219,0.894427190999916
96,5,20,2,0.9132294058799744,0.8000000000000002
96,5,24,2,0.9324896335601807,0.632455532033676
96,5,7,3,0.8202096819877625,0.670820393249937
96,5,11,3,0.906917154788971,0.894427190999916
96,5,19,3,0.9132294058799744,0.8000000000000002
96,5,13,3,0.9120292663574219,0.894427190999916
96,5,21,3,0.9132294058799744,0.8000000000000002
96,5,25,3,1.0000001192092896,1.0000000000000002
96,5,14,3,0.8560713529586792,0.7745966692414836
96,5,22,3,0.9132294058799744,0.8000000000000002
96,5,26,3,0.9032964706420898,0.4000000000000001
96,5,28,3,1.0000001192092896,1.0000000000000002
96,5,15,4,0.9172729253768921,0.894427190999916
96,5,23,4,0.9132294058799744,0.8000000000000002
96,5,27,4,1.0000001192092896,1.0000000000000002
96,5,29,4,1.0000001192092896,1.0000000000000002
96,5,30,4,1.0000001192092896,1.0000000000000002
98,6,63,6,1.0000001192092896,1.0000000000000002
98,6,0,0,0.6860833168029785,0.0
98,6,1,1,0.7578320503234863,0.6123724356957946
98,6,2,1,0.7101596593856812,0.0
98,6,4,1,0.6891614198684692,0.20412414523193154
98,6,8,1,0.7537813782691956,0.3651483716701108
98,6,16,1,0.7123739719390869,0.1666666666666667
98,6,32,1,0.7769352197647095,0.4082482904638631
98,6,3,2,0.7694168090820312,0.3651483716701108
98,6,5,2,0.8207118511199951,0.7302967433402217
98,6,9,2,0.8207118511199951,0.7302967433402217
98,6,17,2,0.8170440196990967,0.7302967433402217
98,6,33,2,0.9016457796096802,0.912870929175277
98,6,6,2,0.6684354543685913,0.0
98,6,10,2,0.8207118511199951,0.7302967433402217
98,6,18,2,0.6921373009681702,0.0
98,6,34,2,0.7785742282867432,0.20412414523193154
98,6,12,2,0.790631115436554,0.6123724356957946
98,6,20,2,0.7193526029586792,0.2886751345948129
98,6,36,2,0.7039275169372559,0.2461829819586655
98,6,24,2,0.7748199105262756,0.30860669992418394
98,6,40,2,0.8739277124404907,0.7302967433402217
98,6,48,2,0.7259159684181213,0.15430334996209197
98,6,7,3,0.7694168090820312,0.3651483716701108
98,6,11,3,0.8207118511199951,0.7302967433402217
98,6,19,3,0.8170440196990967,0.7302967433402217
98,6,35,3,0.8520622849464417,0.6123724356957946
98,6,13,3,0.8207118511199951,0.7302967433402217
98,6,21,3,0.7989875674247742,0.6172133998483679
98,6,37,3,0.9016457796096802,0.912870929175277
98,6,25,3,1.0000001192092896,1.0000000000000002
98,6,41,3,0.8739277124404907,0.7302967433402217
98,6,49,3,1.0000001192092896,1.0000000000000002
98,6,14,3,0.8207118511199951,0.7302967433402217
98,6,22,3,0.6921373009681702,0.0
98,6,38,3,0.698990523815155,0.0
98,6,26,3,0.8511683940887451,0.8333333333333336
98,6,42,3,0.8739277124404907,0.7302967433402217
98,6,50,3,0.7472372055053711,0.1825741858350554
98,6,28,3,0.7748199105262756,0.30860669992418394
98,6,44,3,0.8739277124404907,0.7302967433402217
98,6,52,3,0.722391664981842,0.15430334996209197
98,6,56,3,1.0000001192092896,1.0000000000000002
98,6,15,4,0.8207118511199951,0.7302967433402217
98,6,23,4,0.8107871413230896,0.6172133998483679
98,6,39,4,0.9016457796096802,0.912870929175277
98,6,27,4,0.8170440196990967,0.7302967433402217
98,6,43,4,0.8739277124404907,0.7302967433402217
98,6,51,4,0.9670688509941101,0.7302967433402217
98,6,29,4,0.8534556031227112,0.8333333333333336
98,6,45,4,0.8739277124404907,0.7302967433402217
98,6,53,4,1.0000001192092896,1.0000000000000002
98,6,57,4,1.0000001192092896,1.0000000000000002
98,6,30,4,0.8170440196990967,0.7302967433402217
98,6,46,4,0.8739277124404907,0.7302967433402217
98,6,54,4,0.7365137934684753,0.1825741858350554
98,6,58,4,1.0000001192092896,1.0000000000000002
98,6,60,4,1.0000001192092896,1.0000000000000002
98,6,31,5,0.8534556031227112,0.8333333333333336
98,6,47,5,0.8739277124404907,0.7302967433402217
98,6,55,5,1.0000001192092896,1.0000000000000002
98,6,59,5,1.0000001192092896,1.0000000000000002
98,6,61,5,1.0000001192092896,1.0000000000000002
98,6,62,5,1.0000001192092896,1.0000000000000002
99,6,63,6,1.0000001192092896,1.0000000000000002
99,6,0,0,0.7364742755889893,0.0
99,6,1,1,0.7447599172592163,0.0
99,6,2,1,0.7475912570953369,0.2357022603955159
99,6,4,1,0.7985200881958008,0.4714045207910318
99,6,8,1,0.7261496782302856,0.2357022603955159
99,6,16,1,0.8059464693069458,0.3651483716701108
99,6,32,1,0.8809599876403809,0.4082482904638631
99,6,3,2,0.7447599172592163,0.0
99,6,5,2,0.8238149881362915,0.8164965809277261
99,6,9,2,0.8217466473579407,0.7302967433402217
99,6,17,2,0.8684352040290833,0.4082482904638631
99,6,33,2,0.8566344976425171,0.2357022603955159
99,6,6,2,0.7900975346565247,0.6123724356957946
99,6,10,2,0.7261496782302856,0.2357022603955159
99,6,18,2,0.8059464693069458,0.3651483716701108
99,6,34,2,0.8809599876403809,0.4082482904638631
99,6,12,2,0.7900975346565247,0.6123724356957946
99,6,20,2,0.8587900400161743,0.7302967433402217
99,6,36,2,0.9292718172073364,0.7715167498104598
99,6,24,2,0.8359089493751526,0.6172133998483679
99,6,40,2,0.9292718172073364,0.7715167498104598
99,6,48,2,0.9673562049865723,0.7745966692414836
99,6,7,3,0.8238149881362915,0.8164965809277261
99,6,11,3,0.8217466473579407,0.7302967433402217
99,6,19,3,0.8684352040290833,0.4082482904638631
99,6,35,3,0.9188063740730286,0.6123724356957946
99,6,13,3,0.8217466473579407,0.7302967433402217
99,6,21,3,0.9030071496963501,0.8333333333333336
99,6,37,3,0.9631915092468262,0.8660254037844387
99,6,25,3,0.9030071496963501,0.8333333333333336
99,6,41,3,0.9631915092468262,0.8660254037844387
99,6,49,3,1.0000001192092896,1.0000000000000002
99,6,14,3,0.8201850056648254,0.5477225575051663
99,6,22,3,0.8587900400161743,0.7302967433402217
99,6,38,3,0.9292718172073364,0.7715167498104598
99,6,26,3,0.8046260476112366,0.3651483716701108
99,6,42,3,0.9292718172073364,0.7715167498104598
99,6,50,3,0.9432100653648376,0.7715167498104598
99,6,28,3,0.8587900400161743,0.7302967433402217
99,6,44,3,0.9036948084831238,0.7302967433402217
99,6,52,3,0.9682513475418091,0.912870929175277
99,6,56,3,0.9686030149459839,0.7715167498104598
99,6,15,4,0.8217466473579407,0.7302967433402217
99,6,23,4,0.9030071496963501,0.8333333333333336
99,6,39,4,0.9631915092468262,0.8660254037844387
99,6,27,4,0.9030071496963501,0.8333333333333336
99,6,43,4,0.9943482875823975,1.0000000000000002
99,6,51,4,1.0000001192092896,1.0000000000000002
99,6,29,4,0.9030071496963501,0.8333333333333336
99,6,45,4,0.9302772283554077,0.8333333333333336
99,6,53,4,1.0000001192092896,1.0000000000000002
99,6,57,4,1.0000001192092896,1.0000000000000002
99,6,30,4,0.9039430618286133,0.6666666666666669
99,6,46,4,0.9297001361846924,0.6666666666666669
99,6,54,4,0.9959657192230225,0.8333333333333336
99,6,58,4,0.9686030149459839,0.7715167498104598
99,6,60,4,0.9686030149459839,0.7715167498104598
99,6,31,5,0.8913060426712036,0.8333333333333336
99,6,47,5,0.9302772283554077,0.8333333333333336
99,6,55,5,1.0000001192092896,1.0000000000000002
99,6,59,5,1.0000001192092896,1.0000000000000002
99,6,61,5,1.0000001192092896,1.0000000000000002
99,6,62,5,0.9959657192230225,0.8333333333333336
100,7,127,7,1.0,1.0000000000000004
100,7,0,0,0.748291015625,0.0
100,7,1,1,0.7982640862464905,0.5345224838248489
100,7,2,1,0.748291015625,0.0
100,7,4,1,0.8064632415771484,0.26726124191242445
100,7,8,1,0.8407717943191528,0.3779644730092273
100,7,16,1,0.7765086889266968,0.3779644730092273
100,7,32,1,0.837253749370575,0.3779644730092273
100,7,64,1,0.8330335021018982,0.3779644730092273
100,7,3,2,0.7590804696083069,0.0
100,7,5,2,0.9030157327651978,0.7559289460184546
100,7,9,2,0.8729363083839417,0.6546536707079773
100,7,17,2,0.7765086889266968,0.3779644730092273
100,7,33,2,0.868323028087616,0.6546536707079773
100,7,65,2,0.8299902677536011,0.26726124191242445
100,7,6,2,0.7869565486907959,0.26726124191242445
100,7,10,2,0.8407717943191528,0.3779644730092273
100,7,18,2,0.7765086889266968,0.3779644730092273
100,7,34,2,0.8282681703567505,0.3779644730092273
100,7,66,2,0.8330335021018982,0.3779644730092273
100,7,12,2,0.8791930079460144,0.5345224838248489
100,7,20,2,0.804641604423523,0.26726124191242445
100,7,36,2,0.8823156356811523,0.5345224838248489
100,7,68,2,0.8686535358428955,0.5345224838248489
100,7,24,2,0.8697378635406494,0.5345224838248489
100,7,40,2,0.9167969226837158,0.4364357804719849
100,7,72,2,0.9223121404647827,0.4364357804719849
100,7,48,2,0.8459510207176208,0.5345224838248489
100,7,80,2,0.8500381112098694,0.5345224838248489
100,7,96,2,0.9089546203613281,0.5345224838248489
100,7,7,3,0.9030157327651978,0.7559289460184546
100,7,11,3,0.8729363083839417,0.6546536707079773
100,7,19,3,0.7926174998283386,0.26726124191242445
100,7,35,3,0.836853563785553,0.26726124191242445
100,7,67,3,0.8299902677536011,0.26726124191242445
100,7,13,3,0.9030157327651978,0.7559289460184546
100,7,21,3,0.8546966314315796,0.6761234037828134
100,7,37,3,0.8855630159378052,0.6761234037828134
100,7,69,3,0.8881579637527466,0.6546536707079773
100,7,25,3,0.8886958360671997,0.7559289460184546
100,7,41,3,0.9411109685897827,0.6761234037828134
100,7,73,3,0.9318099021911621,0.6761234037828134
100,7,49,3,0.8636081218719482,0.6761234037828134
100,7,81,3,0.8500381112098694,0.5345224838248489
100,7,97,3,0.8922044038772583,0.4364357804719849
100,7,14,3,0.8791930079460144,0.5345224838248489
100,7,22,3,0.804641604423523,0.26726124191242445
100,7,38,3,0.8823156356811523,0.5345224838248489
100,7,70,3,0.8686535358428955,0.5345224838248489
100,7,26,3,0.8697378635406494,0.5345224838248489
100,7,42,3,0.9064904451370239,0.566946709513841
100,7,74,3,0.9223121404647827,0.4364357804719849
100,7,50,3,0.8459510207176208,0.5345224838248489
100,7,82,3,0.8500381112098694,0.5345224838248489
100,7,98,3,0.9089546203613281,0.5345224838248489
100,7,28,3,0.8877620697021484,0.6546536707079773
100,7,44,3,0.9317625761032104,0.566946709513841
100,7,76,3,0.9304776787757874,0.566946709513841
100,7,52,3,0.8895771503448486,0.6546536707079773
100,7,84,3,0.8739840984344482,0.6546536707079773
100,7,100,3,0.9290094375610352,0.6546536707079773
100,7,56,3,0.9099109172821045,0.7559289460184546
100,7,88,3,0.9191322326660156,0.7559289460184546
100,7,104,3,0.9656628966331482,0.566946709513841
100,7,112,3,0.9134959578514099,0.6546536707079773
100,7,15,4,0.8997997641563416,0.6761234037828134
100,7,23,4,0.8348441123962402,0.6761234037828134
100,7,39,4,0.8855630159378052,0.6761234037828134
100,7,71,4,0.8582245111465454,0.4364357804719849
100,7,27,4,0.8886958360671997,0.7559289460184546
100,7,43,4,0.9411109685897827,0.6761234037828134
100,7,75,4,0.9318099021911621,0.6761234037828134
100,7,51,4,0.8477352857589722,0.4364357804719849
100,7,83,4,0.8480619192123413,0.4364357804719849
100,7,99,4,0.8922044038772583,0.4364357804719849
100,7,29,4,0.9098752737045288,0.8451542547285168
100,7,45,4,0.9551253318786621,0.7715167498104598
100,7,77,4,0.9474864602088928,0.7715167498104598
100,7,53,4,0.9592038989067078,0.9258200997725518
100,7,85,4,0.9113416075706482,0.7715167498104598
100,7,101,4,0.9303573966026306,0.7142857142857146
100,7,57,4,0.9385455250740051,0.8451542547285168
100,7,89,4,0.9471239447593689,0.8451542547285168
100,7,105,4,0.9841247200965881,0.7715167498104598
100,7,113,4,0.9103883504867554,0.566946709513841
100,7,30,4,0.8877620697021484,0.6546536707079773
100,7,46,4,0.9364685416221619,0.566946709513841
100,7,78,4,0.9304776787757874,0.566946709513841
100,7,54,4,0.8895771503448486,0.6546536707079773
100,7,86,4,0.8739840984344482,0.6546536707079773
100,7,102,4,0.9290094375610352,0.6546536707079773
100,7,58,4,0.9099109172821045,0.7559289460184546
100,7,90,4,0.9191322326660156,0.7559289460184546
100,7,106,4,0.960985541343689,0.6761234037828134
100,7,114,4,0.9134959578514099,0.6546536707079773
100,7,60,4,0.9314453601837158,0.7559289460184546
100,7,92,4,0.9337378740310669,0.7559289460184546
100,7,108,4,0.9731306433677673,0.6761234037828134
100,7,116,4,0.9317326545715332,0.7559289460184546
100,7,120,4,0.9630204439163208,0.8451542547285168
100,7,31,5,0.9098752737045288,0.8451542547285168
100,7,47,5,0.9551253318786621,0.7715167498104598
100,7,79,5,0.9474864602088928,0.7715167498104598
100,7,55,5,0.9592038989067078,0.9258200997725518
100,7,87,5,0.9113416075706482,0.7715167498104598
100,7,103,5,0.9360469579696655,0.7142857142857146
100,7,59,5,0.9385455250740051,0.8451542547285168
100,7,91,5,0.9471239447593689,0.8451542547285168
100,7,107,5,0.9841247200965881,0.7715167498104598
100,7,115,5,0.9103883504867554,0.566946709513841
100,7,61,5,0.9592038989067078,0.9258200997725518
100,7,93,5,0.9596142768859863,0.9258200997725518
100,7,109,5,0.9936391115188599,0.8571428571428575
100,7,117,5,0.9594652652740479,0.8571428571428575
100,7,121,5,0.9913651943206787,0.9258200997725518
100,7,62,5,0.9289460182189941,0.8451542547285168
100,7,94,5,0.9308729767799377,0.8451542547285168
100,7,110,5,0.9731306433677673,0.6761234037828134
100,7,118,5,0.9317326545715332,0.7559289460184546
100,7,122,5,0.9630204439163208,0.8451542547285168
100,7,124,5,0.9742310047149658,0.8451542547285168
100,7,63,6,0.9592038989067078,0.9258200997725518
100,7,95,6,0.9596142768859863,0.9258200997725518
100,7,111,6,0.9936391115188599,0.8571428571428575
100,7,119,6,0.9594652652740479,0.8571428571428575
100,7,123,6,0.9913651943206787,0.9258200997725518
100,7,125,6,1.0,1.0000000000000004
100,7,126,6,0.972011387348175,0.9258200997725518
101,7,127,7,0.9999998807907104,1.0000000000000004
101,7,0,0,0.7264304757118225,0.0
101,7,1,1,0.8036519289016724,0.4364357804719849
101,7,2,1,0.7264304757118225,0.0
101,7,4,1,0.781896710395813,0.0
101,7,8,1,0.7804633378982544,0.26726124191242445
101,7,16,1,0.724784791469574,0.0
101,7,32,1,0.7269683480262756,0.12598815766974242
101,7,64,1,0.7861714363098145,0.3779644730092273
101,7,3,2,0.8180047273635864,0.6546536707079773
101,7,5,2,0.8564069867134094,0.7559289460184546
101,7,9,2,0.8340862393379211,0.6172133998483679
101,7,17,2,0.9109864830970764,0.6761234037828134
101,7,33,2,0.8827379941940308,0.6761234037828134
101,7,65,2,0.8811847567558289,0.6761234037828134
101,7,6,2,0.8489980697631836,0.566946709513841
101,7,10,2,0.8271396160125732,0.5070925528371101
101,7,18,2,0.787272572517395,0.0
101,7,34,2,0.7269683480262756,0.12598815766974242
101,7,66,2,0.8367042541503906,0.566946709513841
101,7,12,2,0.8021209836006165,0.4364357804719849
101,7,20,2,0.7058573365211487,0.0
101,7,36,2,0.7269683480262756,0.12598815766974242
101,7,68,2,0.8162890672683716,0.3779644730092273
101,7,24,2,0.890190601348877,0.4364357804719849
101,7,40,2,0.8192656636238098,0.4364357804719849
101,7,72,2,0.8751446008682251,0.7715167498104598
101,7,48,2,0.7269683480262756,0.12598815766974242
101,7,80,2,0.8766995072364807,0.5345224838248489
101,7,96,2,0.8604813814163208,0.5345224838248489
101,7,7,3,0.8564069867134094,0.7559289460184546
101,7,11,3,0.8169682025909424,0.6761234037828134
101,7,19,3,0.890910804271698,0.6761234037828134
101,7,35,3,0.8827379941940308,0.6761234037828134
101,7,67,3,0.8498079776763916,0.7559289460184546
101,7,13,3,0.8340862393379211,0.6172133998483679
101,7,21,3,0.9014705419540405,0.7715167498104598
101,7,37,3,0.9017020463943481,0.7715167498104598
101,7,69,3,0.8811847567558289,0.6761234037828134
101,7,25,3,0.9014705419540405,0.7715167498104598
101,7,41,3,0.8998921513557434,0.7142857142857146
101,7,73,3,0.8341314792633057,0.7715167498104598
101,7,49,3,0.9999998807907104,1.0000000000000004
101,7,81,3,0.9235715866088867,0.8451542547285168
101,7,97,3,0.9201611280441284,0.8451542547285168
101,7,14,3,0.8271396160125732,0.5070925528371101
101,7,22,3,0.8761059045791626,0.6761234037828134
101,7,38,3,0.8724243640899658,0.46291004988627593
101,7,70,3,0.8811847567558289,0.6761234037828134
101,7,26,3,0.8792722821235657,0.6761234037828134
101,7,42,3,0.9072309732437134,0.6172133998483679
101,7,74,3,0.8796834349632263,0.7715167498104598
101,7,50,3,0.7269683480262756,0.12598815766974242
101,7,82,3,0.9235715866088867,0.8451542547285168
101,7,98,3,0.9201611280441284,0.8451542547285168
101,7,28,3,0.8780101537704468,0.566946709513841
101,7,44,3,0.8306869268417358,0.566946709513841
101,7,76,3,0.8319446444511414,0.566946709513841
101,7,52,3,0.7269683480262756,0.12598815766974242
101,7,84,3,0.9235715866088867,0.8451542547285168
101,7,100,3,0.9201611280441284,0.8451542547285168
101,7,56,3,0.9435901045799255,0.6546536707079773
101,7,88,3,0.9287858605384827,0.8571428571428575
101,7,104,3,0.8945959210395813,0.6546536707079773
101,7,112,3,0.9097215533256531,0.6546536707079773
101,7,15,4,0.8377368450164795,0.6761234037828134
101,7,23,4,0.9014705419540405,0.7715167498104598
101,7,39,4,0.8827379941940308,0.6761234037828134
101,7,71,4,0.8028042316436768,0.6761234037828134
101,7,27,4,0.9014705419540405,0.7715167498104598
101,7,43,4,0.8998921513557434,0.7142857142857146
101,7,75,4,0.8341314792633057,0.7715167498104598
101,7,51,4,0.9610128998756409,0.9258200997725518
101,7,83,4,0.9235715866088867,0.8451542547285168
101,7,99,4,0.9201611280441284,0.8451542547285168
101,7,29,4,0.9014705419540405,0.7715167498104598
101,7,45,4,0.9298539161682129,0.8571428571428575
101,7,77,4,0.8341314792633057,0.7715167498104598
101,7,53,4,0.9888222217559814,0.7715167498104598
101,7,85,4,0.9235715866088867,0.8451542547285168
101,7,101,4,0.9201611280441284,0.8451542547285168
101,7,57,4,0.9999998807907104,1.0000000000000004
101,7,89,4,0.9287858605384827,0.8571428571428575
101,7,105,4,0.9298539161682129,0.8571428571428575
101,7,113,4,0.9498132467269897,0.6761234037828134
101,7,30,4,0.9014705419540405,0.7715167498104598
101,7,46,4,0.8998921513557434,0.7142857142857146
101,7,78,4,0.8341314792633057,0.7715167498104598
101,7,54,4,0.9241526126861572,0.5714285714285717
101,7,86,4,0.9235715866088867,0.8451542547285168
101,7,102,4,0.9201611280441284,0.8451542547285168
101,7,58,4,0.9772506952285767,0.8451542547285168
101,7,90,4,0.9549401998519897,0.9258200997725518
101,7,106,4,0.9399006366729736,0.9258200997725518
101,7,114,4,0.9498132467269897,0.6761234037828134
101,7,60,4,0.9772506952285767,0.8451542547285168
101,7,92,4,0.9287858605384827,0.8571428571428575
101,7,108,4,0.9399006366729736,0.9258200997725518
101,7,116,4,0.9610128998756409,0.9258200997725518
101,7,120,4,0.9999998807907104,1.0000000000000004
101,7,31,5,0.9014705419540405,0.7715167498104598
101,7,47,5,0.8998921513557434,0.7142857142857146
101,7,79,5,0.8341314792633057,0.7715167498104598
101,7,55,5,0.9610128998756409,0.9258200997725518
101,7,87,5,0.9235715866088867,0.8451542547285168
101,7,103,5,0.9201611280441284,0.8451542547285168
101,7,59,5,0.9999998807907104,1.0000000000000004
101,7,91,5,0.9549401998519897,0.9258200997725518
101,7,107,5,0.9298539161682129,0.8571428571428575
101,7,115,5,0.9498132467269897,0.6761234037828134
101,7,61,5,0.9999998807907104,1.0000000000000004
101,7,93,5,0.9287858605384827,0.8571428571428575
101,7,109,5,0.9298539161682129,0.8571428571428575
101,7,117,5,0.9498132467269897,0.6761234037828134
101,7,121,5,0.9999998807907104,1.0000000000000004
101,7,62,5,0.9901179075241089,0.8571428571428575
101,7,94,5,0.9287858605384827,0.8571428571428575
101,7,110,5,0.9399006366729736,0.9258200997725518
101,7,118,5,0.9498132467269897,0.6761234037828134
101,7,122,5,0.9999998807907104,1.0000000000000004
101,7,124,5,0.9999998807907104,1.0000000000000004
101,7,63,6,0.9999998807907104,1.0000000000000004
101,7,95,6,0.9287858605384827,0.8571428571428575
101,7,111,6,0.9298539161682129,0.8571428571428575
101,7,119,6,0.9498132467269897,0.6761234037828134
101,7,123,6,0.9999998807907104,1.0000000000000004
101,7,125,6,0.9999998807907104,1.0000000000000004
101,7,126,6,0.9999998807907104,1.0000000000000004
102,5,31,5,1.0,1.0000000000000002
102,5,0,0,0.7184916734695435,0.0
102,5,1,1,0.7270908355712891,0.2581988897471612
102,5,2,1,0.7426300644874573,0.0
102,5,4,1,0.8280107975006104,0.2581988897471612
102,5,8,1,0.7144644260406494,0.0
102,5,16,1,0.8225246071815491,0.670820393249937
102,5,3,2,0.7270908355712891,0.2581988897471612
102,5,5,2,0.887739896774292,0.5477225575051663
102,5,9,2,0.9409716129302979,0.894427190999916
102,5,17,2,0.8237417340278625,0.6000000000000001
102,5,6,2,0.8074983954429626,0.223606797749979
102,5,10,2,0.7218176126480103,0.0
102,5,18,2,0.8083075881004333,0.20000000000000004
102,5,12,2,0.8849167823791504,0.316227766016838
102,5,20,2,0.7995715141296387,0.16903085094570336
102,5,24,2,0.9409716129302979,0.894427190999916
102,5,7,3,0.8314698934555054,0.5163977794943224
102,5,11,3,0.8443201780319214,0.474341649025257
102,5,19,3,0.8285826444625854,0.6000000000000001
102,5,13,3,0.9470140933990479,0.8000000000000002
102,5,21,3,0.9066985845565796,0.8000000000000002
102,5,25,3,0.9409716129302979,0.894427190999916
102,5,14,3,0.8675637245178223,0.4000000000000001
102,5,22,3,0.8362855911254883,0.4000000000000001
102,5,26,3,0.9409716129302979,0.894427190999916
102,5,28,3,0.9398394823074341,0.670820393249937
102,5,15,4,0.9301618933677673,0.8000000000000002
102,5,23,4,0.940358579158783,0.8000000000000002
102,5,27,4,1.0,1.0000000000000002
102,5,29,4,1.0,1.0000000000000002
102,5,30,4,0.9133440256118774,0.670820393249937
103,6,63,6,1.0,1.0000000000000002
103,6,0,0,0.7750037908554077,0.0
103,6,1,1,0.894465982913971,0.8333333333333336
103,6,2,1,0.8659976720809937,0.8164965809277261
103,6,4,1,0.8258293867111206,0.6123724356957946
103,6,8,1,0.8659976720809937,0.8164965809277261
103,6,16,1,0.7157435417175293,0.1666666666666667
103,6,32,1,0.7671645879745483,0.0
103,6,3,2,0.8659976720809937,0.8164965809277261
103,6,5,2,0.8258293867111206,0.6123724356957946
103,6,9,2,0.8659976720809937,0.8164965809277261
103,6,17,2,0.894465982913971,0.8333333333333336
103,6,33,2,0.9210220575332642,0.8333333333333336
103,6,6,2,0.8258293867111206,0.6123724356957946
103,6,10,2,0.8659976720809937,0.8164965809277261
103,6,18,2,0.8978586196899414,0.8333333333333336
103,6,34,2,1.0,1.0000000000000002
103,6,12,2,0.8659976720809937,0.8164965809277261
103,6,20,2,0.86086106300354,0.6666666666666669
103,6,36,2,0.9675765633583069,0.8333333333333336
103,6,24,2,0.8059314489364624,0.5477225575051663
103,6,40,2,1.0,1.0000000000000002
103,6,48,2,0.9085425734519958,0.4082482904638631
103,6,7,3,0.8258293867111206,0.6123724356957946
103,6,11,3,0.8659976720809937,0.8164965809277261
103,6,19,3,0.8970757126808167,0.8333333333333336
103,6,35,3,1.0,1.0000000000000002
103,6,13,3,0.8659976720809937,0.8164965809277261
103,6,21,3,0.8970757126808167,0.8333333333333336
103,6,37,3,1.0,1.0000000000000002
103,6,25,3,0.8970757126808167,0.8333333333333336
103,6,41,3,1.0,1.0000000000000002
103,6,49,3,1.0,1.0000000000000002
103,6,14,3,0.8659976720809937,0.8164965809277261
103,6,22,3,0.8970757126808167,0.8333333333333336
103,6,38,3,1.0,1.0000000000000002
103,6,26,3,0.8970757126808167,0.8333333333333336
103,6,42,3,1.0,1.0000000000000002
103,6,50,3,1.0,1.0000000000000002
103,6,28,3,0.8970757126808167,0.8333333333333336
103,6,44,3,1.0,1.0000000000000002
103,6,52,3,1.0,1.0000000000000002
103,6,56,3,1.0,1.0000000000000002
103,6,15,4,0.8659976720809937,0.8164965809277261
103,6,23,4,0.8970757126808167,0.8333333333333336
103,6,39,4,1.0,1.0000000000000002
103,6,27,4,0.8970757126808167,0.8333333333333336
103,6,43,4,1.0,1.0000000000000002
103,6,51,4,1.0,1.0000000000000002
103,6,29,4,0.8970757126808167,0.8333333333333336
103,6,45,4,1.0,1.0000000000000002
103,6,53,4,1.0,1.0000000000000002
103,6,57,4,1.0,1.0000000000000002
103,6,30,4,0.8970757126808167,0.8333333333333336
103,6,46,4,1.0,1.0000000000000002
103,6,54,4,1.0,1.0000000000000002
103,6,58,4,1.0,1.0000000000000002
103,6,60,4,1.0,1.0000000000000002
103,6,31,5,0.8970757126808167,0.8333333333333336
103,6,47,5,1.0,1.0000000000000002
103,6,55,5,1.0,1.0000000000000002
103,6,59,5,1.0,1.0000000000000002
103,6,61,5,1.0,1.0000000000000002
103,6,62,5,1.0,1.0000000000000002
104,5,31,5,0.9999998211860657,1.0000000000000004
104,5,0,0,0.8955708146095276,0.5345224838248489
104,5,1,1,0.9562036991119385,0.566946709513841
104,5,2,1,0.9277431964874268,0.6172133998483679
104,5,4,1,0.9030780792236328,0.6546536707079773
104,5,8,1,0.9032369256019592,0.6172133998483679
104,5,16,1,0.8955708146095276,0.5345224838248489
104,5,3,2,0.9371361136436462,0.8571428571428575
104,5,5,2,0.9826520085334778,0.9258200997725518
104,5,9,2,0.9878897666931152,0.8571428571428575
104,5,17,2,0.9493337869644165,0.8571428571428575
104,5,6,2,0.9197549223899841,0.7142857142857146
104,5,10,2,0.9899313449859619,0.9258200997725518
104,5,18,2,0.9245123863220215,0.7715167498104598
104,5,12,2,0.9032369256019592,0.6172133998483679
104,5,20,2,0.827735424041748,0.46291004988627593
104,5,24,2,0.9032369256019592,0.6172133998483679
104,5,7,3,0.9999998211860657,1.0000000000000004
104,5,11,3,0.9999998211860657,1.0000000000000004
104,5,19,3,0.9489506483078003,0.8571428571428575
104,5,13,3,0.9826520085334778,0.9258200997725518
104,5,21,3,0.9826520085334778,0.9258200997725518
104,5,25,3,0.9878897666931152,0.8571428571428575
104,5,14,3,0.9778746366500854,0.9258200997725518
104,5,22,3,0.9277431964874268,0.6172133998483679
104,5,26,3,0.9899313449859619,0.9258200997725518
104,5,28,3,0.9032369256019592,0.6172133998483679
104,5,15,4,0.9999998211860657,1.0000000000000004
104,5,23,4,0.9999998211860657,1.0000000000000004
104,5,27,4,0.9999998211860657,1.0000000000000004
104,5,29,4,0.9826520085334778,0.9258200997725518
104,5,30,4,0.9778746366500854,0.9258200997725518
105,5,31,5,0.9999999403953552,1.0000000000000002
105,5,0,0,0.6770569086074829,0.08304547985373999
105,5,1,1,0.8431536555290222,0.5163977794943224
105,5,2,1,0.8123061656951904,0.2581988897471612
105,5,4,1,0.9021316766738892,0.316227766016838
105,5,8,1,0.7197439670562744,0.0
105,5,16,1,0.7997217178344727,0.0
105,5,3,2,0.8431536555290222,0.5163977794943224
105,5,5,2,0.8433668613433838,0.5163977794943224
105,5,9,2,0.8633936047554016,0.670820393249937
105,5,17,2,0.8334730863571167,0.632455532033676
105,5,6,2,0.8833103775978088,0.316227766016838
105,5,10,2,0.7542017102241516,0.2581988897471612
105,5,18,2,0.7801317572593689,0.20000000000000004
105,5,12,2,0.7480075359344482,0.20000000000000004
105,5,20,2,0.7428699731826782,0.1825741858350554
105,5,24,2,0.8005408048629761,0.0
105,5,7,3,0.845990002155304,0.5163977794943224
105,5,11,3,0.8431536555290222,0.5163977794943224
105,5,19,3,0.8431536555290222,0.5163977794943224
105,5,13,3,0.8534229397773743,0.6000000000000001
105,5,21,3,0.8097233772277832,0.6000000000000001
105,5,25,3,0.9377955794334412,0.894427190999916
105,5,14,3,0.7591861486434937,0.2581988897471612
105,5,22,3,0.833493709564209,0.223606797749979
105,5,26,3,0.7679307460784912,0.1825741858350554
105,5,28,3,0.8557642102241516,0.4000000000000001
105,5,15,4,0.8534229397773743,0.6000000000000001
105,5,23,4,0.8384472131729126,0.6000000000000001
105,5,27,4,0.8431536555290222,0.5163977794943224
105,5,29,4,0.7763781547546387,0.6000000000000001
105,5,30,4,0.8883305788040161,0.447213595499958
108,6,63,6,1.0,1.0000000000000002
108,6,0,0,0.7667909860610962,0.20412414523193154
108,6,1,1,0.8078228235244751,0.46291004988627593
108,6,2,1,0.764526903629303,0.4082482904638631
108,6,4,1,0.8251335620880127,0.5773502691896258
108,6,8,1,0.8286541700363159,0.5773502691896258
108,6,16,1,0.8526508212089539,0.4714045207910318
108,6,32,1,0.8113328814506531,0.4714045207910318
108,6,3,2,0.8078228235244751,0.46291004988627593
108,6,5,2,0.905055046081543,0.5477225575051663
108,6,9,2,0.8933124542236328,0.6123724356957946
108,6,17,2,0.8915977478027344,0.5773502691896258
108,6,33,2,0.8465371131896973,0.5477225575051663
108,6,6,2,0.8251335620880127,0.5773502691896258
108,6,10,2,0.8286541700363159,0.5773502691896258
108,6,18,2,0.7301414012908936,0.20412414523193154
108,6,34,2,0.7923080921173096,0.4082482904638631
108,6,12,2,0.8643233776092529,0.6123724356957946
108,6,20,2,0.9105483293533325,0.6123724356957946
108,6,36,2,0.8830683827400208,0.5477225575051663
108,6,24,2,0.9237775802612305,0.7071067811865477
108,6,40,2,0.8932347893714905,0.7071067811865477
108,6,48,2,0.873073935508728,0.5000000000000001
108,6,7,3,0.869870662689209,0.6123724356957946
108,6,11,3,0.8869681358337402,0.5477225575051663
108,6,19,3,0.8915977478027344,0.5773502691896258
108,6,35,3,0.8465371131896973,0.5477225575051663
108,6,13,3,0.9162377715110779,0.7302967433402217
108,6,21,3,0.9371103048324585,0.7302967433402217
108,6,37,3,0.9206509590148926,0.7302967433402217
108,6,25,3,0.9547563791275024,0.8164965809277261
108,6,41,3,0.9201756715774536,0.8164965809277261
108,6,49,3,0.9294990301132202,0.7302967433402217
108,6,14,3,0.8649419546127319,0.5477225575051663
108,6,22,3,0.8909127712249756,0.5477225575051663
108,6,38,3,0.8697123527526855,0.5477225575051663
108,6,26,3,0.9144921898841858,0.6123724356957946
108,6,42,3,0.8932347893714905,0.7071067811865477
108,6,50,3,0.9372073411941528,0.6666666666666669
108,6,28,3,0.9549732208251953,0.8164965809277261
108,6,44,3,0.9393455386161804,0.8164965809277261
108,6,52,3,0.9372073411941528,0.6666666666666669
108,6,56,3,0.9535870552062988,0.8164965809277261
108,6,15,4,0.9162377715110779,0.7302967433402217
108,6,23,4,0.9371103048324585,0.7302967433402217
108,6,39,4,0.9206509590148926,0.7302967433402217
108,6,27,4,0.9547563791275024,0.8164965809277261
108,6,43,4,0.9021742939949036,0.7302967433402217
108,6,51,4,0.9294990301132202,0.7302967433402217
108,6,29,4,0.985095739364624,0.912870929175277
108,6,45,4,0.960912823677063,0.912870929175277
108,6,53,4,0.9654033780097961,0.8333333333333336
108,6,57,4,0.9720128774642944,0.912870929175277
108,6,30,4,0.9470606446266174,0.7302967433402217
108,6,46,4,0.9288036227226257,0.7302967433402217
108,6,54,4,0.9372073411941528,0.6666666666666669
108,6,58,4,0.916800856590271,0.6666666666666669
108,6,60,4,0.9790421724319458,0.912870929175277
108,6,31,5,1.0,1.0000000000000002
108,6,47,5,0.960912823677063,0.912870929175277
108,6,55,5,0.9654033780097961,0.8333333333333336
108,6,59,5,0.9553070068359375,0.8333333333333336
108,6,61,5,1.0,1.0000000000000002
108,6,62,5,0.9766185283660889,0.8333333333333336
109,5,31,5,1.0,1.0000000000000002
109,5,0,0,0.7792149782180786,0.0
109,5,1,1,0.7559192180633545,0.447213595499958
109,5,2,1,0.7552357316017151,0.316227766016838
109,5,4,1,0.8273624181747437,0.316227766016838
109,5,8,1,0.7941645383834839,0.1825741858350554
109,5,16,1,0.8299489617347717,0.316227766016838
109,5,3,2,0.7809966802597046,0.447213595499958
109,5,5,2,0.878777027130127,0.632455532033676
109,5,9,2,0.8181532025337219,0.4000000000000001
109,5,17,2,0.8659892678260803,0.632455532033676
109,5,6,2,0.7368754148483276,0.0
109,5,10,2,0.8259355425834656,0.447213595499958
109,5,18,2,0.8431180119514465,0.5163977794943224
109,5,12,2,0.7934363484382629,0.0
109,5,20,2,0.882893443107605,0.5163977794943224
109,5,24,2,0.8565846681594849,0.2581988897471612
109,5,7,3,0.9159436821937561,0.7745966692414836
109,5,11,3,0.8608886003494263,0.7745966692414836
109,5,19,3,0.9028752446174622,0.7745966692414836
109,5,13,3,0.843217134475708,0.447213595499958
109,5,21,3,0.9295860528945923,0.7745966692414836
109,5,25,3,0.9205312132835388,0.7745966692414836
109,5,14,3,0.8436170816421509,0.632455532033676
109,5,22,3,0.95331871509552,0.670820393249937
109,5,26,3,0.929434061050415,0.7745966692414836
109,5,28,3,0.8975921869277954,0.447213595499958
109,5,15,4,0.9377419352531433,0.8000000000000002
109,5,23,4,0.965198814868927,0.8000000000000002
109,5,27,4,0.9520339965820312,0.8000000000000002
109,5,29,4,0.9865007996559143,0.894427190999916
109,5,30,4,0.9904776215553284,0.894427190999916
110,6,63,6,1.0,1.0000000000000002
110,6,0,0,0.7754087448120117,0.0
110,6,1,1,0.7833636999130249,0.2886751345948129
110,6,2,1,0.8353860378265381,0.2357022603955159
110,6,4,1,0.6882972121238708,0.0
110,6,8,1,0.789824366569519,0.1825741858350554
110,6,16,1,0.7740514278411865,0.2886751345948129
110,6,32,1,0.7590756416320801,0.0
110,6,3,2,0.8893796801567078,0.5773502691896258
110,6,5,2,0.839590847492218,0.4714045207910318
110,6,9,2,0.8399568796157837,0.4714045207910318
110,6,17,2,0.8179681897163391,0.4082482904638631
110,6,33,2,0.7921261787414551,0.2357022603955159
110,6,6,2,0.8880473375320435,0.4082482904638631
110,6,10,2,0.8913930654525757,0.4082482904638631
110,6,18,2,0.8454738259315491,0.20412414523193154
110,6,34,2,0.8353860378265381,0.2357022603955159
110,6,12,2,0.8490773439407349,0.3333333333333334
110,6,20,2,0.8825908303260803,0.7071067811865477
110,6,36,2,0.7590756416320801,0.0
110,6,24,2,0.8122357130050659,0.1666666666666667
110,6,40,2,0.7800676822662354,0.1666666666666667
110,6,48,2,0.7432006001472473,0.2357022603955159
110,6,7,3,0.9454445838928223,0.7071067811865477
110,6,11,3,0.9542822241783142,0.7071067811865477
110,6,19,3,0.8890710473060608,0.6123724356957946
110,6,35,3,0.8801314830780029,0.7302967433402217
110,6,13,3,0.9186928272247314,0.4714045207910318
110,6,21,3,0.8877273201942444,0.7071067811865477
110,6,37,3,0.8896101713180542,0.8164965809277261
110,6,25,3,0.8914225697517395,0.7071067811865477
110,6,41,3,0.8960938453674316,0.8164965809277261
110,6,49,3,0.8204898238182068,0.4714045207910318
110,6,14,3,0.91927170753479,0.5477225575051663
110,6,22,3,0.8681212663650513,0.3651483716701108
110,6,38,3,0.8724087476730347,0.3333333333333334
110,6,26,3,0.9224202632904053,0.3651483716701108
110,6,42,3,0.8744573593139648,0.3651483716701108
110,6,50,3,0.9065476059913635,0.3651483716701108
110,6,28,3,0.8857429623603821,0.30860669992418394
110,6,44,3,0.8380240201950073,0.30860669992418394
110,6,52,3,0.834791898727417,0.3651483716701108
110,6,56,3,0.8570882678031921,0.7302967433402217
110,6,15,4,0.9826306104660034,0.8164965809277261
110,6,23,4,0.9611955881118774,0.8164965809277261
110,6,39,4,0.9289371967315674,0.7715167498104598
110,6,27,4,0.9557202458381653,0.8164965809277261
110,6,43,4,0.9688261151313782,0.912870929175277
110,6,51,4,0.9346741437911987,0.5477225575051663
110,6,29,4,0.9196494817733765,0.6123724356957946
110,6,45,4,0.9474622011184692,0.912870929175277
110,6,53,4,0.8830029964447021,0.6123724356957946
110,6,57,4,0.882088303565979,0.6123724356957946
110,6,30,4,0.9500528573989868,0.5000000000000001
110,6,46,4,0.9008918404579163,0.46291004988627593
110,6,54,4,0.9094046354293823,0.5477225575051663
110,6,58,4,0.9131120443344116,0.5477225575051663
110,6,60,4,0.8798160552978516,0.3333333333333334
110,6,31,5,0.9811670780181885,0.912870929175277
110,6,47,5,1.0,1.0000000000000002
110,6,55,5,0.9492276906967163,0.5477225575051663
110,6,59,5,0.9820452332496643,0.8333333333333336
110,6,61,5,0.9474622011184692,0.912870929175277
110,6,62,5,0.8742227554321289,0.2886751345948129
112,7,127,7,0.9999999403953552,1.0000000000000004
112,7,0,0,0.7622606158256531,0.21821789023599245
112,7,1,1,0.7967113256454468,0.6546536707079773
112,7,2,1,0.7967113256454468,0.6546536707079773
112,7,4,1,0.7701501846313477,0.26726124191242445
112,7,8,1,0.8621106743812561,0.566946709513841
112,7,16,1,0.9390014410018921,0.8451542547285168
112,7,32,1,0.9001164436340332,0.7559289460184546
112,7,64,1,0.8184175491333008,0.26726124191242445
112,7,3,2,0.7967113256454468,0.6546536707079773
112,7,5,2,0.7967113256454468,0.6546536707079773
112,7,9,2,0.9754980206489563,0.9258200997725518
112,7,17,2,0.9390014410018921,0.8451542547285168
112,7,33,2,0.9001164436340332,0.7559289460184546
112,7,65,2,0.8701364994049072,0.6761234037828134
112,7,6,2,0.8069624900817871,0.4364357804719849
112,7,10,2,0.8547259569168091,0.566946709513841
112,7,18,2,0.9390014410018921,0.8451542547285168
112,7,34,2,0.9001164436340332,0.7559289460184546
112,7,66,2,0.8228882551193237,0.5070925528371101
112,7,12,2,0.9120763540267944,0.7559289460184546
112,7,20,2,0.9390014410018921,0.8451542547285168
112,7,36,2,0.9001164436340332,0.7559289460184546
112,7,68,2,0.8228882551193237,0.5070925528371101
112,7,24,2,0.9189203977584839,0.7715167498104598
112,7,40,2,0.9628345370292664,0.8451542547285168
112,7,72,2,0.9475130438804626,0.8451542547285168
112,7,48,2,0.9069732427597046,0.7715167498104598
112,7,80,2,0.9697141051292419,0.9258200997725518
112,7,96,2,0.9339123964309692,0.8451542547285168
112,7,7,3,0.7967113256454468,0.6546536707079773
112,7,11,3,0.9116412997245789,0.6172133998483679
112,7,19,3,0.9390014410018921,0.8451542547285168
112,7,35,3,0.9001164436340332,0.7559289460184546
112,7,67,3,0.8701364994049072,0.6761234037828134
112,7,13,3,0.9754980206489563,0.9258200997725518
112,7,21,3,0.9390014410018921,0.8451542547285168
112,7,37,3,0.9001164436340332,0.7559289460184546
112,7,69,3,0.8522471189498901,0.6761234037828134
112,7,25,3,0.9754980206489563,0.9258200997725518
112,7,41,3,0.9754980206489563,0.9258200997725518
112,7,73,3,0.9096614718437195,0.7142857142857146
112,7,49,3,0.9069732427597046,0.7715167498104598
112,7,81,3,0.9340814352035522,0.7715167498104598
112,7,97,3,0.9339123964309692,0.8451542547285168
112,7,14,3,0.9120763540267944,0.7559289460184546
112,7,22,3,0.9073742628097534,0.7559289460184546
112,7,38,3,0.9001164436340332,0.7559289460184546
112,7,70,3,0.8559615612030029,0.5070925528371101
112,7,26,3,0.9189203977584839,0.7715167498104598
112,7,42,3,0.9628345370292664,0.8451542547285168
112,7,74,3,0.8771615624427795,0.6172133998483679
112,7,50,3,0.9069732427597046,0.7715167498104598
112,7,82,3,0.9697141051292419,0.9258200997725518
112,7,98,3,0.9339123964309692,0.8451542547285168
112,7,28,3,0.9447258710861206,0.8451542547285168
112,7,44,3,0.9754980206489563,0.9258200997725518
112,7,76,3,0.9296888709068298,0.7715167498104598
112,7,52,3,0.9318459033966064,0.7715167498104598
112,7,84,3,0.9697141051292419,0.9258200997725518
112,7,100,3,0.9339123964309692,0.8451542547285168
112,7,56,3,0.950360894203186,0.8571428571428575
112,7,88,3,0.9999999403953552,1.0000000000000004
112,7,104,3,0.9999999403953552,1.0000000000000004
112,7,112,3,0.9697141051292419,0.9258200997725518
112,7,15,4,0.9116412997245789,0.6172133998483679
112,7,23,4,0.9390014410018921,0.8451542547285168
112,7,39,4,0.9001164436340332,0.7559289460184546
112,7,71,4,0.8522471189498901,0.6761234037828134
112,7,27,4,0.9754980206489563,0.9258200997725518
112,7,43,4,0.9754980206489563,0.9258200997725518
112,7,75,4,0.9096614718437195,0.7142857142857146
112,7,51,4,0.9390014410018921,0.8451542547285168
112,7,83,4,0.9340814352035522,0.7715167498104598
112,7,99,4,0.9339123964309692,0.8451542547285168
112,7,29,4,0.9754980206489563,0.9258200997725518
112,7,45,4,0.9754980206489563,0.9258200997725518
112,7,77,4,0.9096614718437195,0.7142857142857146
112,7,53,4,0.9069732427597046,0.7715167498104598
112,7,85,4,0.9340814352035522,0.7715167498104598
112,7,101,4,0.9339123964309692,0.8451542547285168
112,7,57,4,0.950360894203186,0.8571428571428575
112,7,89,4,0.9999999403953552,1.0000000000000004
112,7,105,4,0.9999999403953552,1.0000000000000004
112,7,113,4,0.9697141051292419,0.9258200997725518
112,7,30,4,0.9447258710861206,0.8451542547285168
112,7,46,4,0.9370661377906799,0.7142857142857146
112,7,78,4,0.9296888709068298,0.7715167498104598
112,7,54,4,0.9390014410018921,0.8451542547285168
112,7,86,4,0.9697141051292419,0.9258200997725518
112,7,102,4,0.9339123964309692,0.8451542547285168
112,7,58,4,0.950360894203186,0.8571428571428575
112,7,90,4,0.9582897424697876,0.8571428571428575
112,7,106,4,0.992895781993866,0.9258200997725518
112,7,114,4,0.9697141051292419,0.9258200997725518
112,7,60,4,0.950360894203186,0.8571428571428575
112,7,92,4,0.9999999403953552,1.0000000000000004
112,7,108,4,0.9999999403953552,1.0000000000000004
112,7,116,4,0.9697141051292419,0.9258200997725518
112,7,120,4,0.9999999403953552,1.0000000000000004
112,7,31,5,0.9754980206489563,0.9258200997725518
112,7,47,5,0.9754980206489563,0.9258200997725518
112,7,79,5,0.9096614718437195,0.7142857142857146
112,7,55,5,0.9079532027244568,0.7142857142857146
112,7,87,5,0.9340814352035522,0.7715167498104598
112,7,103,5,0.9339123964309692,0.8451542547285168
112,7,59,5,0.950360894203186,0.8571428571428575
112,7,91,5,0.9582897424697876,0.8571428571428575
112,7,107,5,0.9999999403953552,1.0000000000000004
112,7,115,5,0.9697141051292419,0.9258200997725518
112,7,61,5,0.950360894203186,0.8571428571428575
112,7,93,5,0.9999999403953552,1.0000000000000004
112,7,109,5,0.9999999403953552,1.0000000000000004
112,7,117,5,0.9697141051292419,0.9258200997725518
112,7,121,5,0.9999999403953552,1.0000000000000004
112,7,62,5,0.950360894203186,0.8571428571428575
112,7,94,5,0.9582897424697876,0.8571428571428575
112,7,110,5,0.9999999403953552,1.0000000000000004
112,7,118,5,0.9697141051292419,0.9258200997725518
112,7,122,5,0.9999999403953552,1.0000000000000004
112,7,124,5,0.9999999403953552,1.0000000000000004
112,7,63,6,0.950360894203186,0.8571428571428575
112,7,95,6,0.9582897424697876,0.8571428571428575
112,7,111,6,0.9999999403953552,1.0000000000000004
112,7,119,6,0.9697141051292419,0.9258200997725518
112,7,123,6,0.9999999403953552,1.0000000000000004
112,7,125,6,0.9999999403953552,1.0000000000000004
112,7,126,6,0.9999999403953552,1.0000000000000004
113,6,63,6,1.0,1.0000000000000002
113,6,0,0,0.7034277319908142,0.0890870806374748
113,6,1,1,0.736585259437561,0.0
113,6,2,1,0.7751209735870361,0.0
113,6,4,1,0.8416988253593445,0.2357022603955159
113,6,8,1,0.7790446281433105,0.2357022603955159
113,6,16,1,0.7442613840103149,0.0
113,6,32,1,0.8588329553604126,0.4082482904638631
113,6,3,2,0.7359739542007446,0.1666666666666667
113,6,5,2,0.7772694826126099,0.15430334996209197
113,6,9,2,0.7172498106956482,0.0
113,6,17,2,0.7278249859809875,0.0
113,6,33,2,0.8772695660591125,0.4082482904638631
113,6,6,2,0.7321073412895203,0.0
113,6,10,2,0.7647815942764282,0.14433756729740646
113,6,18,2,0.729110062122345,0.0
113,6,34,2,0.836534321308136,0.2886751345948129
113,6,12,2,0.9024810194969177,0.7071067811865477
113,6,20,2,0.7984399795532227,0.30860669992418394
113,6,36,2,0.8038337230682373,0.0
113,6,24,2,0.8158438205718994,0.2721655269759087
113,6,40,2,0.9422259330749512,0.7071067811865477
113,6,48,2,0.8761554956436157,0.4082482904638631
113,6,7,3,0.8921225070953369,0.6123724356957946
113,6,11,3,0.7587722539901733,0.1825741858350554
113,6,19,3,0.7186489105224609,0.12309149097933275
113,6,35,3,0.9306004047393799,0.6666666666666669
113,6,13,3,0.8544532060623169,0.4082482904638631
113,6,21,3,0.7672591805458069,0.29704426289300234
113,6,37,3,0.9435204267501831,0.5477225575051663
113,6,25,3,0.7289446592330933,0.0
113,6,41,3,0.9165586829185486,0.5477225575051663
113,6,49,3,0.8772695660591125,0.4082482904638631
113,6,14,3,0.8091921806335449,0.30860669992418394
113,6,22,3,0.7204869389533997,0.0
113,6,38,3,0.836534321308136,0.2886751345948129
113,6,26,3,0.7078180909156799,0.0
113,6,42,3,0.8909876942634583,0.6123724356957946
113,6,50,3,0.8277301788330078,0.13608276348795434
113,6,28,3,0.907627522945404,0.5477225575051663
113,6,44,3,0.9735634326934814,0.8164965809277261
113,6,52,3,0.8638441562652588,0.30860669992418394
113,6,56,3,0.9422259330749512,0.7071067811865477
113,6,15,4,0.945061206817627,0.912870929175277
113,6,23,4,0.8776286244392395,0.6666666666666669
113,6,39,4,0.9967978000640869,0.8333333333333336
113,6,27,4,0.7576104402542114,0.13608276348795434
113,6,43,4,0.9538564682006836,0.8333333333333336
113,6,51,4,0.8772695660591125,0.4082482904638631
113,6,29,4,0.836534321308136,0.39605901719066977
113,6,45,4,0.9472787380218506,0.7302967433402217
113,6,53,4,0.9472787380218506,0.7302967433402217
113,6,57,4,0.9165586829185486,0.5477225575051663
113,6,30,4,0.8812935948371887,0.6123724356957946
113,6,46,4,0.9605114459991455,0.7302967433402217
113,6,54,4,0.9530324339866638,0.5477225575051663
113,6,58,4,0.8909876942634583,0.6123724356957946
113,6,60,4,0.9735634326934814,0.8164965809277261
113,6,31,5,0.932274341583252,0.8333333333333336
113,6,47,5,1.0,1.0000000000000002
113,6,55,5,1.0,1.0000000000000002
113,6,59,5,0.9538564682006836,0.8333333333333336
113,6,61,5,0.9573090076446533,0.8333333333333336
113,6,62,5,0.9605114459991455,0.7302967433402217
114,7,127,7,1.0,1.0000000000000004
114,7,0,0,0.8028253316879272,0.6761234037828134
114,7,1,1,0.8487491607666016,0.7715167498104598
114,7,2,1,0.8562034964561462,0.8451542547285168
114,7,4,1,0.7751599550247192,0.18898223650461365
114,7,8,1,0.7574957609176636,0.4364357804719849
114,7,16,1,0.8010692596435547,0.6172133998483679
114,7,32,1,0.8371973037719727,0.7142857142857146
114,7,64,1,0.8210828304290771,0.6172133998483679
114,7,3,2,0.8487491607666016,0.7715167498104598
114,7,5,2,0.8487491607666016,0.7715167498104598
114,7,9,2,0.8487491607666016,0.7715167498104598
114,7,17,2,0.858850359916687,0.7715167498104598
114,7,33,2,0.974547266960144,0.7559289460184544
114,7,65,2,0.8210828304290771,0.6172133998483679
114,7,6,2,0.8487491607666016,0.7715167498104598
114,7,10,2,0.8562034964561462,0.8451542547285168
114,7,18,2,0.8528438210487366,0.7715167498104598
114,7,34,2,0.974547266960144,0.7559289460184544
114,7,66,2,0.8263627290725708,0.5039526306789697
114,7,12,2,0.8184415698051453,0.6761234037828134
114,7,20,2,0.8010687828063965,0.6761234037828134
114,7,36,2,0.8371973037719727,0.7142857142857146
114,7,68,2,0.8210828304290771,0.6172133998483679
114,7,24,2,0.7769451141357422,0.4364357804719849
114,7,40,2,0.8371973037719727,0.7142857142857146
114,7,72,2,0.8476881980895996,0.7142857142857146
114,7,48,2,0.8478505611419678,0.7715167498104598
114,7,80,2,0.860264778137207,0.7142857142857146
114,7,96,2,0.9094928503036499,0.8571428571428575
114,7,7,3,0.8572413325309753,0.6761234037828134
114,7,11,3,0.8562034964561462,0.8451542547285168
114,7,19,3,0.858850359916687,0.7715167498104598
114,7,35,3,0.974547266960144,0.7559289460184544
114,7,67,3,0.8982095718383789,0.7142857142857146
114,7,13,3,0.8487491607666016,0.7715167498104598
114,7,21,3,0.858850359916687,0.7715167498104598
114,7,37,3,0.974547266960144,0.7559289460184544
114,7,69,3,0.8210828304290771,0.6172133998483679
114,7,25,3,0.858850359916687,0.7715167498104598
114,7,41,3,0.974547266960144,0.7559289460184544
114,7,73,3,0.8210828304290771,0.6172133998483679
114,7,49,3,0.972436785697937,0.9258200997725518
114,7,81,3,0.8528438210487366,0.7715167498104598
114,7,97,3,0.9465981125831604,0.7142857142857146
114,7,14,3,0.8562034964561462,0.8451542547285168
114,7,22,3,0.8528438210487366,0.7715167498104598
114,7,38,3,0.974547266960144,0.7559289460184544
114,7,70,3,0.8115624189376831,0.5345224838248489
114,7,26,3,0.8528438210487366,0.7715167498104598
114,7,42,3,0.974547266960144,0.7559289460184544
114,7,74,3,0.8431745171546936,0.7142857142857146
114,7,50,3,0.974547266960144,0.7559289460184544
114,7,82,3,0.8528438210487366,0.7715167498104598
114,7,98,3,0.9465981125831604,0.7142857142857146
114,7,28,3,0.8010687828063965,0.6761234037828134
114,7,44,3,0.8371973037719727,0.7142857142857146
114,7,76,3,0.8644499182701111,0.7142857142857146
114,7,52,3,0.8371973037719727,0.7142857142857146
114,7,84,3,0.860264778137207,0.7142857142857146
114,7,100,3,0.9383383989334106,0.7171371656006362
114,7,56,3,0.7650551795959473,0.4364357804719849
114,7,88,3,0.7353724837303162,0.0
114,7,104,3,0.8825745582580566,0.8017837257372734
114,7,112,3,0.9094928503036499,0.8571428571428575
114,7,15,4,0.8562034964561462,0.8451542547285168
114,7,23,4,0.858850359916687,0.7715167498104598
114,7,39,4,0.974547266960144,0.7559289460184544
114,7,71,4,0.8210547566413879,0.6172133998483679
114,7,27,4,0.8528438210487366,0.7715167498104598
114,7,43,4,0.972436785697937,0.9258200997725518
114,7,75,4,0.8982095718383789,0.7142857142857146
114,7,51,4,1.0,1.0000000000000004
114,7,83,4,0.8528438210487366,0.7715167498104598
114,7,99,4,0.9465981125831604,0.7142857142857146
114,7,29,4,0.858850359916687,0.7715167498104598
114,7,45,4,0.974547266960144,0.7559289460184544
114,7,77,4,0.8210828304290771,0.6172133998483679
114,7,53,4,0.972436785697937,0.9258200997725518
114,7,85,4,0.8528438210487366,0.7715167498104598
114,7,101,4,0.9465981125831604,0.7142857142857146
114,7,57,4,0.974547266960144,0.7559289460184544
114,7,89,4,0.860264778137207,0.7142857142857146
114,7,105,4,0.9094928503036499,0.8571428571428575
114,7,113,4,1.0,1.0000000000000004
114,7,30,4,0.858850359916687,0.7715167498104598
114,7,46,4,0.974547266960144,0.7559289460184544
114,7,78,4,0.8431745171546936,0.7142857142857146
114,7,54,4,0.974547266960144,0.7559289460184544
114,7,86,4,0.8528438210487366,0.7715167498104598
114,7,102,4,0.9000933766365051,0.5714285714285717
114,7,58,4,0.974547266960144,0.7559289460184544
114,7,90,4,0.860264778137207,0.7142857142857146
114,7,106,4,0.9383383989334106,0.7171371656006362
114,7,114,4,1.0,1.0000000000000004
114,7,60,4,0.8478505611419678,0.7715167498104598
114,7,92,4,0.86668860912323,0.7142857142857146
114,7,108,4,0.9383383989334106,0.7171371656006362
114,7,116,4,0.8427761793136597,0.7142857142857146
114,7,120,4,0.765259861946106,0.15430334996209197
114,7,31,5,0.858850359916687,0.7715167498104598
114,7,47,5,0.974547266960144,0.7559289460184544
114,7,79,5,0.8210547566413879,0.6172133998483679
114,7,55,5,1.0,1.0000000000000004
114,7,87,5,0.8528438210487366,0.7715167498104598
114,7,103,5,0.9465981125831604,0.7142857142857146
114,7,59,5,0.972436785697937,0.9258200997725518
114,7,91,5,0.8528438210487366,0.7715167498104598
114,7,107,5,1.0,1.0000000000000004
114,7,115,5,1.0,1.0000000000000004
114,7,61,5,0.974547266960144,0.7559289460184544
114,7,93,5,0.860264778137207,0.7142857142857146
114,7,109,5,0.9979318976402283,0.8017837257372734
114,7,117,5,1.0,1.0000000000000004
114,7,121,5,1.0,1.0000000000000004
114,7,62,5,0.974547266960144,0.7559289460184544
114,7,94,5,0.860264778137207,0.7142857142857146
114,7,110,5,0.9290004968643188,0.5345224838248489
114,7,118,5,0.9383383989334106,0.7171371656006362
114,7,122,5,1.0,1.0000000000000004
114,7,124,5,0.8427761793136597,0.7142857142857146
114,7,63,6,1.0,1.0000000000000004
114,7,95,6,0.9139379858970642,0.8571428571428575
114,7,111,6,0.9465981125831604,0.7142857142857146
114,7,119,6,1.0,1.0000000000000004
114,7,123,6,1.0,1.0000000000000004
114,7,125,6,1.0,1.0000000000000004
114,7,126,6,0.9383383989334106,0.7171371656006362
115,7,127,7,1.0,1.0000000000000002
115,7,0,0,0.6998445987701416,0.0
115,7,1,1,0.7772284746170044,0.3535533905932738
115,7,2,1,0.7331736087799072,0.3535533905932738
115,7,4,1,0.7572037577629089,0.4082482904638631
115,7,8,1,0.799659013748169,0.5303300858899107
115,7,16,1,0.9663807153701782,0.8017837257372734
115,7,32,1,0.8542475700378418,0.5303300858899107
115,7,64,1,0.7475765943527222,0.3535533905932738
115,7,3,2,0.783399760723114,0.6123724356957946
115,7,5,2,0.8313814401626587,0.7071067811865476
115,7,9,2,0.8313814401626587,0.7071067811865476
115,7,17,2,0.9428947567939758,0.8750000000000001
115,7,33,2,0.8603731393814087,0.632455532033676
115,7,65,2,0.8056884407997131,0.5303300858899107
115,7,6,2,0.8207060098648071,0.5303300858899107
115,7,10,2,0.8000636100769043,0.5303300858899107
115,7,18,2,0.8620846271514893,0.6681531047810612
115,7,34,2,0.7258182168006897,0.316227766016838
115,7,66,2,0.7851170301437378,0.632455532033676
115,7,12,2,0.7943903207778931,0.5000000000000001
115,7,20,2,1.0,1.0000000000000002
115,7,36,2,0.7919661402702332,0.474341649025257
115,7,68,2,0.8011199235916138,0.5303300858899107
115,7,24,2,0.9663807153701782,0.8017837257372734
115,7,40,2,0.8836615085601807,0.5773502691896258
115,7,72,2,0.8433696031570435,0.790569415042095
115,7,48,2,0.9083001613616943,0.790569415042095
115,7,80,2,0.9739195108413696,0.8660254037844387
115,7,96,2,0.8846510648727417,0.7071067811865476
115,7,7,3,0.8267537355422974,0.7071067811865476
115,7,11,3,0.8267537355422974,0.7071067811865476
115,7,19,3,0.9704633355140686,0.7216878364870323
115,7,35,3,0.8603731393814087,0.632455532033676
115,7,67,3,0.7851170301437378,0.632455532033676
115,7,13,3,0.8313814401626587,0.7071067811865476
115,7,21,3,0.9753974676132202,0.9428090415820635
115,7,37,3,0.8936035633087158,0.7216878364870323
115,7,69,3,0.8488725423812866,0.632455532033676
115,7,25,3,1.0,1.0000000000000002
115,7,41,3,0.8936035633087158,0.7216878364870323
115,7,73,3,0.8488725423812866,0.632455532033676
115,7,49,3,0.9739195108413696,0.8660254037844387
115,7,81,3,0.9739195108413696,0.8660254037844387
115,7,97,3,0.8846510648727417,0.7071067811865476
115,7,14,3,0.8000636100769043,0.5303300858899107
115,7,22,3,0.7985329031944275,0.5000000000000001
115,7,38,3,0.7250716686248779,0.316227766016838
115,7,70,3,0.7851170301437378,0.632455532033676
115,7,26,3,0.9663807153701782,0.8017837257372734
115,7,42,3,0.856430172920227,0.5773502691896258
115,7,74,3,0.8433696031570435,0.790569415042095
115,7,50,3,0.9866226315498352,0.8750000000000001
115,7,82,3,0.9744511842727661,0.9354143466934857
115,7,98,3,0.8846510648727417,0.7071067811865476
115,7,28,3,0.9663807153701782,0.8017837257372734
115,7,44,3,0.8761003613471985,0.7071067811865476
115,7,76,3,0.8433696031570435,0.790569415042095
115,7,52,3,0.8996100425720215,0.6396021490668313
115,7,84,3,0.9744511842727661,0.9354143466934857
115,7,100,3,0.8751891851425171,0.790569415042095
115,7,56,3,0.922893762588501,0.8249579113843055
115,7,88,3,1.0,1.0000000000000002
115,7,104,3,0.9158155918121338,0.8660254037844387
115,7,112,3,0.9054155349731445,0.7071067811865476
115,7,15,4,0.8267537355422974,0.7071067811865476
115,7,23,4,0.9336001873016357,0.7071067811865476
115,7,39,4,0.8936035633087158,0.7216878364870323
115,7,71,4,0.7832325100898743,0.632455532033676
115,7,27,4,1.0,1.0000000000000002
115,7,43,4,0.9158155918121338,0.8660254037844387
115,7,75,4,0.8433696031570435,0.790569415042095
115,7,51,4,0.9744511842727661,0.9354143466934857
115,7,83,4,0.9744511842727661,0.9354143466934857
115,7,99,4,0.8751891851425171,0.790569415042095
115,7,29,4,1.0,1.0000000000000002
115,7,45,4,0.9158155918121338,0.8660254037844387
115,7,77,4,0.8488725423812866,0.632455532033676
115,7,53,4,0.9744511842727661,0.9354143466934857
115,7,85,4,0.9744511842727661,0.9354143466934857
115,7,101,4,0.9158155918121338,0.8660254037844387
115,7,57,4,1.0,1.0000000000000002
115,7,89,4,1.0,1.0000000000000002
115,7,105,4,0.9158155918121338,0.8660254037844387
115,7,113,4,0.9739195108413696,0.8660254037844387
115,7,30,4,0.9408407807350159,0.7500000000000001
115,7,46,4,0.856430172920227,0.5773502691896258
115,7,78,4,0.8433696031570435,0.790569415042095
115,7,54,4,0.8913559913635254,0.6250000000000001
115,7,86,4,0.9744511842727661,0.9354143466934857
115,7,102,4,0.9158155918121338,0.8660254037844387
115,7,58,4,1.0,1.0000000000000002
115,7,90,4,1.0,1.0000000000000002
115,7,106,4,0.9158155918121338,0.8660254037844387
115,7,114,4,0.9739195108413696,0.8660254037844387
115,7,60,4,0.922893762588501,0.8249579113843055
115,7,92,4,1.0,1.0000000000000002
115,7,108,4,0.9158155918121338,0.8660254037844387
115,7,116,4,0.9744511842727661,0.9354143466934857
115,7,120,4,1.0,1.0000000000000002
115,7,31,5,1.0,1.0000000000000002
115,7,47,5,0.9158155918121338,0.8660254037844387
115,7,79,5,0.8117123246192932,0.7216878364870323
115,7,55,5,0.9744511842727661,0.9354143466934857
115,7,87,5,0.9744511842727661,0.9354143466934857
115,7,103,5,0.8394038081169128,0.6681531047810612
115,7,59,5,1.0,1.0000000000000002
115,7,91,5,1.0,1.0000000000000002
115,7,107,5,0.9158155918121338,0.8660254037844387
115,7,115,5,0.9744511842727661,0.9354143466934857
115,7,61,5,1.0,1.0000000000000002
115,7,93,5,1.0,1.0000000000000002
115,7,109,5,0.9158155918121338,0.8660254037844387
115,7,117,5,0.9744511842727661,0.9354143466934857
115,7,121,5,1.0,1.0000000000000002
115,7,62,5,0.9490257501602173,0.9354143466934857
115,7,94,5,1.0,1.0000000000000002
115,7,110,5,0.9158155918121338,0.8660254037844387
115,7,118,5,0.9744511842727661,0.9354143466934857
115,7,122,5,1.0,1.0000000000000002
115,7,124,5,1.0,1.0000000000000002
115,7,63,6,1.0,1.0000000000000002
115,7,95,6,1.0,1.0000000000000002
115,7,111,6,0.9158155918121338,0.8660254037844387
115,7,119,6,0.9744511842727661,0.9354143466934857
115,7,123,6,1.0,1.0000000000000002
115,7,125,6,1.0,1.0000000000000002
115,7,126,6,1.0,1.0000000000000002
116,5,31,5,1.0000001192092896,1.0000000000000002
116,5,0,0,0.7794328927993774,0.0
116,5,1,1,0.796339213848114,0.2357022603955159
116,5,2,1,0.7824940085411072,0.0
116,5,4,1,0.8062496185302734,0.4082482904638631
116,5,8,1,0.72533118724823,0.0
116,5,16,1,0.8289662599563599,0.2886751345948129
116,5,3,2,0.836605429649353,0.4082482904638631
116,5,5,2,0.911902666091919,0.7071067811865477
116,5,9,2,0.8209999799728394,0.3651483716701108
116,5,17,2,0.8508422374725342,0.4714045207910318
116,5,6,2,0.8062496185302734,0.4082482904638631
116,5,10,2,0.7676177620887756,0.0
116,5,18,2,0.8043434619903564,0.1825741858350554
116,5,12,2,0.8578494787216187,0.1825741858350554
116,5,20,2,0.8594645261764526,0.4082482904638631
116,5,24,2,0.800336480140686,0.1666666666666667
116,5,7,3,0.911902666091919,0.7071067811865477
116,5,11,3,0.8099240064620972,0.3651483716701108
116,5,19,3,0.8908319473266602,0.5477225575051663
116,5,13,3,0.917881965637207,0.6123724356957946
116,5,21,3,0.936774730682373,0.8164965809277261
116,5,25,3,0.8862689137458801,0.6666666666666669
116,5,14,3,0.8365940451622009,0.3651483716701108
116,5,22,3,0.8630412817001343,0.6123724356957946
116,5,26,3,0.8188485503196716,0.3333333333333334
116,5,28,3,0.8622795939445496,0.5000000000000001
116,5,15,4,0.9070736169815063,0.5477225575051663
116,5,23,4,0.936774730682373,0.8164965809277261
116,5,27,4,0.8755302429199219,0.6666666666666669
116,5,29,4,0.9388340711593628,0.7302967433402217
116,5,30,4,0.8625109195709229,0.6666666666666669
118,7,127,7,1.0,1.0000000000000002
118,7,0,0,0.7926676273345947,0.0
118,7,1,1,0.8731412887573242,0.7500000000000001
118,7,2,1,0.7790525555610657,0.5000000000000001
118,7,4,1,0.7581229209899902,0.0
118,7,8,1,0.8493512272834778,0.6123724356957946
118,7,16,1,0.7581229209899902,0.0
118,7,32,1,0.7581229209899902,0.0
118,7,64,1,0.7752387523651123,0.0
118,7,3,2,0.8901825547218323,0.7216878364870323
118,7,5,2,0.8731412887573242,0.7500000000000001
118,7,9,2,0.8590272665023804,0.7071067811865476
118,7,17,2,0.8731412887573242,0.7500000000000001
118,7,33,2,0.8731412887573242,0.7500000000000001
118,7,65,2,0.9428836107254028,0.5892556509887896
118,7,6,2,0.8233571648597717,0.3535533905932738
118,7,10,2,0.845648467540741,0.6123724356957946
118,7,18,2,0.8233571648597717,0.3535533905932738
118,7,34,2,0.7747724056243896,0.5000000000000001
118,7,66,2,0.9333354830741882,0.5773502691896258
118,7,12,2,0.8590272665023804,0.7071067811865476
118,7,20,2,0.7844852805137634,0.3750000000000001
118,7,36,2,0.7581229209899902,0.0
118,7,68,2,0.7643234133720398,0.0
118,7,24,2,0.8631465435028076,0.790569415042095
118,7,40,2,0.8493512272834778,0.6123724356957946
118,7,72,2,0.9619896411895752,0.790569415042095
118,7,48,2,0.773495078086853,0.4082482904638631
118,7,80,2,0.9052624702453613,0.26726124191242445
118,7,96,2,0.8666463494300842,0.474341649025257
118,7,7,3,0.8590272665023804,0.7071067811865476
118,7,11,3,0.8590272665023804,0.7071067811865476
118,7,19,3,0.8731412887573242,0.7500000000000001
118,7,35,3,0.898881196975708,0.8660254037844387
118,7,67,3,1.0,1.0000000000000002
118,7,13,3,0.8590272665023804,0.7071067811865476
118,7,21,3,0.8197317719459534,0.5345224838248489
118,7,37,3,0.8731412887573242,0.7500000000000001
118,7,69,3,0.9428836107254028,0.5892556509887896
118,7,25,3,0.898881196975708,0.8660254037844387
118,7,41,3,0.8590272665023804,0.7071067811865476
118,7,73,3,1.0,1.0000000000000002
118,7,49,3,0.8664270639419556,0.8017837257372734
118,7,81,3,1.0,1.0000000000000002
118,7,97,3,1.0,1.0000000000000002
118,7,14,3,0.845648467540741,0.6123724356957946
118,7,22,3,0.8208856582641602,0.316227766016838
118,7,38,3,0.8208856582641602,0.316227766016838
118,7,70,3,0.8462710976600647,0.158113883008419
118,7,26,3,0.8631465435028076,0.790569415042095
118,7,42,3,0.8493512272834778,0.6123724356957946
118,7,74,3,0.9619896411895752,0.790569415042095
118,7,50,3,0.7972548007965088,0.632455532033676
118,7,82,3,0.9767116904258728,0.9354143466934857
118,7,98,3,0.9333354830741882,0.5773502691896258
118,7,28,3,0.8631465435028076,0.790569415042095
118,7,44,3,0.8493512272834778,0.6123724356957946
118,7,76,3,0.9619896411895752,0.790569415042095
118,7,52,3,0.774061381816864,0.4330127018922194
118,7,84,3,0.8574094772338867,0.6250000000000001
118,7,100,3,0.8666463494300842,0.474341649025257
118,7,56,3,0.8631465435028076,0.790569415042095
118,7,88,3,1.0,1.0000000000000002
118,7,104,3,0.9726415872573853,0.8660254037844387
118,7,112,3,0.9197564721107483,0.6681531047810612
118,7,15,4,0.8590272665023804,0.7071067811865476
118,7,23,4,0.8731412887573242,0.7500000000000001
118,7,39,4,0.898881196975708,0.8660254037844387
118,7,71,4,1.0,1.0000000000000002
118,7,27,4,0.898881196975708,0.8660254037844387
118,7,43,4,0.8590272665023804,0.7071067811865476
118,7,75,4,1.0,1.0000000000000002
118,7,51,4,0.8664270639419556,0.8017837257372734
118,7,83,4,1.0,1.0000000000000002
118,7,99,4,1.0,1.0000000000000002
118,7,29,4,0.898881196975708,0.8660254037844387
118,7,45,4,0.8590272665023804,0.7071067811865476
118,7,77,4,1.0,1.0000000000000002
118,7,53,4,0.8030097484588623,0.6681531047810612
118,7,85,4,1.0,1.0000000000000002
118,7,101,4,1.0,1.0000000000000002
118,7,57,4,0.8664270639419556,0.8017837257372734
118,7,89,4,1.0,1.0000000000000002
118,7,105,4,1.0,1.0000000000000002
118,7,113,4,1.0,1.0000000000000002
118,7,30,4,0.8631465435028076,0.790569415042095
118,7,46,4,0.8493512272834778,0.6123724356957946
118,7,78,4,0.9619896411895752,0.790569415042095
118,7,54,4,0.7914438247680664,0.316227766016838
118,7,86,4,0.9767116904258728,0.9354143466934857
118,7,102,4,0.9333354830741882,0.5773502691896258
118,7,58,4,0.898881196975708,0.8660254037844387
118,7,90,4,1.0,1.0000000000000002
118,7,106,4,0.9726415872573853,0.8660254037844387
118,7,114,4,0.9767116904258728,0.9354143466934857
118,7,60,4,0.8631465435028076,0.790569415042095
118,7,92,4,0.8851970434188843,0.7500000000000001
118,7,108,4,0.9726415872573853,0.8660254037844387
118,7,116,4,0.9043230414390564,0.6681531047810612
118,7,120,4,1.0,1.0000000000000002
118,7,31,5,0.898881196975708,0.8660254037844387
118,7,47,5,0.8590272665023804,0.7071067811865476
118,7,79,5,1.0,1.0000000000000002
118,7,55,5,0.8664270639419556,0.8017837257372734
118,7,87,5,1.0,1.0000000000000002
118,7,103,5,1.0,1.0000000000000002
118,7,59,5,0.8664270639419556,0.8017837257372734
118,7,91,5,1.0,1.0000000000000002
118,7,107,5,1.0,1.0000000000000002
118,7,115,5,1.0,1.0000000000000002
118,7,61,5,0.8664270639419556,0.8017837257372734
118,7,93,5,1.0,1.0000000000000002
118,7,109,5,1.0,1.0000000000000002
118,7,117,5,1.0,1.0000000000000002
118,7,121,5,1.0,1.0000000000000002
118,7,62,5,0.8514491319656372,0.7216878364870323
118,7,94,5,0.9767116904258728,0.9354143466934857
118,7,110,5,0.9726415872573853,0.8660254037844387
118,7,118,5,0.9767116904258728,0.9354143466934857
118,7,122,5,1.0,1.0000000000000002
118,7,124,5,1.0,1.0000000000000002
118,7,63,6,0.8664270639419556,0.8017837257372734
118,7,95,6,1.0,1.0000000000000002
118,7,111,6,1.0,1.0000000000000002
118,7,119,6,1.0,1.0000000000000002
118,7,123,6,1.0,1.0000000000000002
118,7,125,6,1.0,1.0000000000000002
118,7,126,6,0.9767116904258728,0.9354143466934857
119,7,127,7,1.0,1.0000000000000004
119,7,0,0,0.7092849016189575,0.0
119,7,1,1,0.8635225296020508,0.8571428571428575
119,7,2,1,0.8757365942001343,0.8571428571428575
119,7,4,1,0.7030012607574463,0.40089186286863665
119,7,8,1,0.7537158727645874,0.5070925528371101
119,7,16,1,0.8635225296020508,0.8571428571428575
119,7,32,1,0.6828310489654541,0.28571428571428586
119,7,64,1,0.8588685393333435,0.5714285714285717
119,7,3,2,0.8635225296020508,0.8571428571428575
119,7,5,2,0.7350596189498901,0.5976143046671969
119,7,9,2,0.8635225296020508,0.8571428571428575
119,7,17,2,0.8593782186508179,0.8571428571428575
119,7,33,2,0.8635225296020508,0.8571428571428575
119,7,65,2,0.9333717823028564,0.8571428571428575
119,7,6,2,0.8635225296020508,0.8571428571428575
119,7,10,2,0.8757365942001343,0.8571428571428575
119,7,18,2,0.8635225296020508,0.8571428571428575
119,7,34,2,0.8635225296020508,0.8571428571428575
119,7,66,2,1.0,1.0000000000000004
119,7,12,2,0.7356444597244263,0.5070925528371101
119,7,20,2,0.8351914882659912,0.6761234037828134
119,7,36,2,0.7155452370643616,0.3380617018914067
119,7,68,2,0.8767458200454712,0.6761234037828134
119,7,24,2,0.809616208076477,0.6761234037828134
119,7,40,2,0.7467405796051025,0.5070925528371101
119,7,72,2,0.8767458200454712,0.6761234037828134
119,7,48,2,0.8635225296020508,0.8571428571428575
119,7,80,2,0.9555360078811646,0.8451542547285168
119,7,96,2,0.8712211847305298,0.5714285714285717
119,7,7,3,0.8635225296020508,0.8571428571428575
119,7,11,3,0.8258919715881348,0.8571428571428575
119,7,19,3,0.8593782186508179,0.8571428571428575
119,7,35,3,0.8635225296020508,0.8571428571428575
119,7,67,3,1.0,1.0000000000000004
119,7,13,3,0.8635225296020508,0.8571428571428575
119,7,21,3,0.8593782186508179,0.8571428571428575
119,7,37,3,0.8635225296020508,0.8571428571428575
119,7,69,3,0.9333717823028564,0.8571428571428575
119,7,25,3,0.8258919715881348,0.8571428571428575
119,7,41,3,0.8635225296020508,0.8571428571428575
119,7,73,3,0.9227026104927063,0.8571428571428575
119,7,49,3,0.8593782186508179,0.8571428571428575
119,7,81,3,1.0,1.0000000000000004
119,7,97,3,0.9333717823028564,0.8571428571428575
119,7,14,3,0.8258919715881348,0.8571428571428575
119,7,22,3,0.8258919715881348,0.8571428571428575
119,7,38,3,0.8635225296020508,0.8571428571428575
119,7,70,3,1.0,1.0000000000000004
119,7,26,3,0.8258919715881348,0.8571428571428575
119,7,42,3,0.8258919715881348,0.8571428571428575
119,7,74,3,0.9227026104927063,0.8571428571428575
119,7,50,3,0.8593782186508179,0.8571428571428575
119,7,82,3,1.0,1.0000000000000004
119,7,98,3,1.0,1.0000000000000004
119,7,28,3,0.809616208076477,0.6761234037828134
119,7,44,3,0.7467405796051025,0.5070925528371101
119,7,76,3,0.8767458200454712,0.6761234037828134
119,7,52,3,0.8351914882659912,0.6761234037828134
119,7,84,3,0.9555360078811646,0.8451542547285168
119,7,100,3,0.8767458200454712,0.6761234037828134
119,7,56,3,0.809616208076477,0.6761234037828134
119,7,88,3,0.9408793449401855,0.8571428571428575
119,7,104,3,0.8767458200454712,0.6761234037828134
119,7,112,3,1.0,1.0000000000000004
119,7,15,4,0.8258919715881348,0.8571428571428575
119,7,23,4,0.8593782186508179,0.8571428571428575
119,7,39,4,0.8635225296020508,0.8571428571428575
119,7,71,4,1.0,1.0000000000000004
119,7,27,4,0.8258919715881348,0.8571428571428575
119,7,43,4,0.8258919715881348,0.8571428571428575
119,7,75,4,0.9227026104927063,0.8571428571428575
119,7,51,4,0.8593782186508179,0.8571428571428575
119,7,83,4,1.0,1.0000000000000004
119,7,99,4,1.0,1.0000000000000004
119,7,29,4,0.8258919715881348,0.8571428571428575
119,7,45,4,0.7585278749465942,0.7142857142857146
119,7,77,4,0.9227026104927063,0.8571428571428575
119,7,53,4,0.8593782186508179,0.8571428571428575
119,7,85,4,1.0,1.0000000000000004
119,7,101,4,0.9333717823028564,0.8571428571428575
119,7,57,4,0.8258919715881348,0.8571428571428575
119,7,89,4,1.0,1.0000000000000004
119,7,105,4,1.0,1.0000000000000004
119,7,113,4,1.0,1.0000000000000004
119,7,30,4,0.8258919715881348,0.8571428571428575
119,7,46,4,0.7585278749465942,0.7142857142857146
119,7,78,4,1.0,1.0000000000000004
119,7,54,4,0.8593782186508179,0.8571428571428575
119,7,86,4,1.0,1.0000000000000004
119,7,102,4,1.0,1.0000000000000004
119,7,58,4,0.8258919715881348,0.8571428571428575
119,7,90,4,1.0,1.0000000000000004
119,7,106,4,1.0,1.0000000000000004
119,7,114,4,1.0,1.0000000000000004
119,7,60,4,0.809616208076477,0.6761234037828134
119,7,92,4,0.9555360078811646,0.8451542547285168
119,7,108,4,0.8767458200454712,0.6761234037828134
119,7,116,4,0.9555360078811646,0.8451542547285168
119,7,120,4,0.9555360078811646,0.8451542547285168
119,7,31,5,0.8258919715881348,0.8571428571428575
119,7,47,5,0.8258919715881348,0.8571428571428575
119,7,79,5,1.0,1.0000000000000004
119,7,55,5,0.8593782186508179,0.8571428571428575
119,7,87,5,1.0,1.0000000000000004
119,7,103,5,1.0,1.0000000000000004
119,7,59,5,0.8593782186508179,0.8571428571428575
119,7,91,5,1.0,1.0000000000000004
119,7,107,5,1.0,1.0000000000000004
119,7,115,5,1.0,1.0000000000000004
119,7,61,5,0.8258919715881348,0.8571428571428575
119,7,93,5,1.0,1.0000000000000004
119,7,109,5,1.0,1.0000000000000004
119,7,117,5,1.0,1.0000000000000004
119,7,121,5,1.0,1.0000000000000004
119,7,62,5,0.8258919715881348,0.8571428571428575
119,7,94,5,1.0,1.0000000000000004
119,7,110,5,1.0,1.0000000000000004
119,7,118,5,1.0,1.0000000000000004
119,7,122,5,1.0,1.0000000000000004
119,7,124,5,0.9555360078811646,0.8451542547285168
119,7,63,6,0.8593782186508179,0.8571428571428575
119,7,95,6,1.0,1.0000000000000004
119,7,111,6,1.0,1.0000000000000004
119,7,119,6,1.0,1.0000000000000004
119,7,123,6,1.0,1.0000000000000004
119,7,125,6,1.0,1.0000000000000004
119,7,126,6,1.0,1.0000000000000004
120,6,63,6,1.0,1.0000000000000002
120,6,0,0,0.6841808557510376,0.0
120,6,1,1,0.782487154006958,0.7071067811865477
120,6,2,1,0.7192610502243042,0.4714045207910318
120,6,4,1,0.7342293858528137,0.1825741858350554
120,6,8,1,0.9205990433692932,0.6804138174397717
120,6,16,1,0.7059459686279297,0.2886751345948129
120,6,32,1,0.7305094599723816,0.0
120,6,3,2,0.782487154006958,0.7071067811865477
120,6,5,2,0.7925873398780823,0.6123724356957946
120,6,9,2,0.7707926630973816,0.6123724356957946
120,6,17,2,0.8089065551757812,0.7302967433402217
120,6,33,2,0.8089065551757812,0.7302967433402217
120,6,6,2,0.7081513404846191,0.2357022603955159
120,6,10,2,1.0,1.0000000000000002
120,6,18,2,0.6982361078262329,0.3333333333333334
120,6,34,2,0.8089065551757812,0.7302967433402217
120,6,12,2,0.9210317730903625,0.7715167498104598
120,6,20,2,0.7012724876403809,0.2357022603955159
120,6,36,2,0.7569857835769653,0.6123724356957946
120,6,24,2,0.9422731399536133,0.7071067811865477
120,6,40,2,0.8578258752822876,0.4714045207910318
120,6,48,2,0.7352014183998108,0.2886751345948129
120,6,7,3,0.782487154006958,0.7071067811865477
120,6,11,3,1.0,1.0000000000000002
120,6,19,3,0.7629496455192566,0.6123724356957946
120,6,35,3,0.8088268041610718,0.7302967433402217
120,6,13,3,1.0,1.0000000000000002
120,6,21,3,0.7925873398780823,0.6123724356957946
120,6,37,3,0.8088268041610718,0.7302967433402217
120,6,25,3,1.0,1.0000000000000002
120,6,41,3,1.0,1.0000000000000002
120,6,49,3,0.8089065551757812,0.7302967433402217
120,6,14,3,0.983400285243988,0.912870929175277
120,6,22,3,0.7813984155654907,0.5477225575051663
120,6,38,3,0.8089065551757812,0.7302967433402217
120,6,26,3,0.9457836151123047,0.912870929175277
120,6,42,3,1.0,1.0000000000000002
120,6,50,3,0.8180926442146301,0.6123724356957946
120,6,28,3,0.9422731399536133,0.7071067811865477
120,6,44,3,0.9291861653327942,0.7302967433402217
120,6,52,3,0.8180926442146301,0.6123724356957946
120,6,56,3,0.9457836151123047,0.912870929175277
120,6,15,4,1.0,1.0000000000000002
120,6,23,4,0.8498702049255371,0.8333333333333336
120,6,39,4,0.8088268041610718,0.7302967433402217
120,6,27,4,1.0,1.0000000000000002
120,6,43,4,1.0,1.0000000000000002
120,6,51,4,0.886377215385437,0.8333333333333336
120,6,29,4,1.0,1.0000000000000002
120,6,45,4,1.0,1.0000000000000002
120,6,53,4,0.8516974449157715,0.8333333333333336
120,6,57,4,1.0,1.0000000000000002
120,6,30,4,0.9155454039573669,0.7302967433402217
120,6,46,4,1.0,1.0000000000000002
120,6,54,4,0.8205282092094421,0.6666666666666669
120,6,58,4,1.0,1.0000000000000002
120,6,60,4,0.9457836151123047,0.912870929175277
120,6,31,5,1.0,1.0000000000000002
120,6,47,5,1.0,1.0000000000000002
120,6,55,5,0.8516974449157715,0.8333333333333336
120,6,59,5,1.0,1.0000000000000002
120,6,61,5,1.0,1.0000000000000002
120,6,62,5,1.0,1.0000000000000002
121,3,7,3,1.0,1.0000000000000004
121,3,0,0,0.8042090535163879,0.0
121,3,1,1,1.0,1.0000000000000004
121,3,2,1,0.8386427760124207,0.16903085094570336
121,3,4,1,0.796470046043396,0.0
121,3,3,2,1.0,1.0000000000000004
121,3,5,2,1.0,1.0000000000000004
121,3,6,2,0.8478766679763794,0.16903085094570336
123,7,127,7,0.9999999403953552,1.0000000000000004
123,7,0,0,0.7309739589691162,0.0
123,7,1,1,0.8711210489273071,0.7559289460184546
123,7,2,1,0.8711210489273071,0.7559289460184546
123,7,4,1,0.7673972845077515,0.3779644730092273
123,7,8,1,0.777562141418457,0.5345224838248489
123,7,16,1,0.819718599319458,0.6172133998483679
123,7,32,1,0.7959421277046204,0.6546536707079773
123,7,64,1,0.894342303276062,0.3779644730092273
123,7,3,2,0.8711210489273071,0.7559289460184546
123,7,5,2,0.8711210489273071,0.7559289460184546
123,7,9,2,0.8012306690216064,0.566946709513841
123,7,17,2,0.8997424244880676,0.9258200997725518
123,7,33,2,0.919350266456604,0.8571428571428575
123,7,65,2,0.9999999403953552,1.0000000000000004
123,7,6,2,0.8711210489273071,0.7559289460184546
123,7,10,2,0.8711210489273071,0.7559289460184546
123,7,18,2,0.8989258408546448,0.9258200997725518
123,7,34,2,0.8288040161132812,0.7559289460184546
123,7,66,2,0.9528353810310364,0.6761234037828134
123,7,12,2,0.777562141418457,0.5345224838248489
123,7,20,2,0.819718599319458,0.6172133998483679
123,7,36,2,0.7686430215835571,0.3380617018914067
123,7,68,2,0.894342303276062,0.3779644730092273
123,7,24,2,0.8351900577545166,0.7715167498104598
123,7,40,2,0.7959421277046204,0.6546536707079773
123,7,72,2,0.87694251537323,0.5070925528371101
123,7,48,2,0.8997424244880676,0.9258200997725518
123,7,80,2,0.9999999403953552,1.0000000000000004
123,7,96,2,0.8953924179077148,0.7559289460184546
123,7,7,3,0.8711210489273071,0.7559289460184546
123,7,11,3,0.8711210489273071,0.7559289460184546
123,7,19,3,0.8997424244880676,0.9258200997725518
123,7,35,3,0.9350365400314331,0.8571428571428575
123,7,67,3,0.9999999403953552,1.0000000000000004
123,7,13,3,0.8012306690216064,0.566946709513841
123,7,21,3,0.8997424244880676,0.9258200997725518
123,7,37,3,0.919350266456604,0.8571428571428575
123,7,69,3,0.9999999403953552,1.0000000000000004
123,7,25,3,0.8351900577545166,0.7715167498104598
123,7,41,3,0.919350266456604,0.8571428571428575
123,7,73,3,0.9888057112693787,0.8571428571428575
123,7,49,3,0.9472814798355103,0.8571428571428575
123,7,81,3,0.9999999403953552,1.0000000000000004
123,7,97,3,0.9999999403953552,1.0000000000000004
123,7,14,3,0.8711210489273071,0.7559289460184546
123,7,22,3,0.8989258408546448,0.9258200997725518
123,7,38,3,0.8288040161132812,0.7559289460184546
123,7,70,3,0.9528353810310364,0.6761234037828134
123,7,26,3,0.8997424244880676,0.9258200997725518
123,7,42,3,0.8711210489273071,0.7559289460184546
123,7,74,3,0.9888057112693787,0.8571428571428575
123,7,50,3,0.8938647508621216,0.9258200997725518
123,7,82,3,0.9999999403953552,1.0000000000000004
123,7,98,3,0.9540606737136841,0.8451542547285168
123,7,28,3,0.8351900577545166,0.7715167498104598
123,7,44,3,0.7959421277046204,0.6546536707079773
123,7,76,3,0.87694251537323,0.5070925528371101
123,7,52,3,0.819718599319458,0.6172133998483679
123,7,84,3,0.9999999403953552,1.0000000000000004
123,7,100,3,0.8953924179077148,0.7559289460184546
123,7,56,3,0.8351900577545166,0.7715167498104598
123,7,88,3,0.9999999403953552,1.0000000000000004
123,7,104,3,0.8953924179077148,0.7559289460184546
123,7,112,3,0.9999999403953552,1.0000000000000004
123,7,15,4,0.8711210489273071,0.7559289460184546
123,7,23,4,0.8997424244880676,0.9258200997725518
123,7,39,4,0.9350365400314331,0.8571428571428575
123,7,71,4,0.9999999403953552,1.0000000000000004
123,7,27,4,0.8997424244880676,0.9258200997725518
123,7,43,4,0.9230601191520691,0.7142857142857146
123,7,75,4,0.9888057112693787,0.8571428571428575
123,7,51,4,0.9472814798355103,0.8571428571428575
123,7,83,4,0.9999999403953552,1.0000000000000004
123,7,99,4,0.9999999403953552,1.0000000000000004
123,7,29,4,0.8351900577545166,0.7715167498104598
123,7,45,4,0.919350266456604,0.8571428571428575
123,7,77,4,0.9999999403953552,1.0000000000000004
123,7,53,4,0.9472814798355103,0.8571428571428575
123,7,85,4,0.9999999403953552,1.0000000000000004
123,7,101,4,0.9999999403953552,1.0000000000000004
123,7,57,4,0.9265046119689941,0.8571428571428575
123,7,89,4,0.9999999403953552,1.0000000000000004
123,7,105,4,0.9999999403953552,1.0000000000000004
123,7,113,4,0.9999999403953552,1.0000000000000004
123,7,30,4,0.8997424244880676,0.9258200997725518
123,7,46,4,0.8711210489273071,0.7559289460184546
123,7,78,4,0.9528353810310364,0.6761234037828134
123,7,54,4,0.8938647508621216,0.9258200997725518
123,7,86,4,0.9999999403953552,1.0000000000000004
123,7,102,4,0.9540606737136841,0.8451542547285168
123,7,58,4,0.8997424244880676,0.9258200997725518
123,7,90,4,0.9999999403953552,1.0000000000000004
123,7,106,4,0.9540606737136841,0.8451542547285168
123,7,114,4,0.9999999403953552,1.0000000000000004
123,7,60,4,0.8351900577545166,0.7715167498104598
123,7,92,4,0.9999999403953552,1.0000000000000004
123,7,108,4,0.8953924179077148,0.7559289460184546
123,7,116,4,0.9999999403953552,1.0000000000000004
123,7,120,4,0.9999999403953552,1.0000000000000004
123,7,31,5,0.8997424244880676,0.9258200997725518
123,7,47,5,0.9230601191520691,0.7142857142857146
123,7,79,5,0.9888057112693787,0.8571428571428575
123,7,55,5,0.9472814798355103,0.8571428571428575
123,7,87,5,0.9999999403953552,1.0000000000000004
123,7,103,5,0.9999999403953552,1.0000000000000004
123,7,59,5,0.9265046119689941,0.8571428571428575
123,7,91,5,0.9999999403953552,1.0000000000000004
123,7,107,5,0.9999999403953552,1.0000000000000004
123,7,115,5,0.9999999403953552,1.0000000000000004
123,7,61,5,0.9265046119689941,0.8571428571428575
123,7,93,5,0.9999999403953552,1.0000000000000004
123,7,109,5,0.9999999403953552,1.0000000000000004
123,7,117,5,0.9999999403953552,1.0000000000000004
123,7,121,5,0.9999999403953552,1.0000000000000004
123,7,62,5,0.919350266456604,0.8571428571428575
123,7,94,5,0.9999999403953552,1.0000000000000004
123,7,110,5,0.9540606737136841,0.8451542547285168
123,7,118,5,0.9999999403953552,1.0000000000000004
123,7,122,5,0.9999999403953552,1.0000000000000004
123,7,124,5,0.9999999403953552,1.0000000000000004
123,7,63,6,0.9265046119689941,0.8571428571428575
123,7,95,6,0.9999999403953552,1.0000000000000004
123,7,111,6,0.9888057112693787,0.8571428571428575
123,7,119,6,0.9999999403953552,1.0000000000000004
123,7,123,6,0.9999999403953552,1.0000000000000004
123,7,125,6,0.9999999403953552,1.0000000000000004
123,7,126,6,0.9999999403953552,1.0000000000000004
124,6,63,6,1.0,1.0000000000000002
124,6,0,0,0.7606539726257324,0.0
124,6,1,1,0.7879886627197266,0.3333333333333334
124,6,2,1,0.7986177206039429,0.1825741858350554
124,6,4,1,0.871886134147644,0.5773502691896258
124,6,8,1,0.7915655374526978,0.1825741858350554
124,6,16,1,0.8738665580749512,0.4082482904638631
124,6,32,1,0.8677273392677307,0.3333333333333334
124,6,3,2,0.7836692333221436,0.5000000000000001
124,6,5,2,0.9027596712112427,0.6666666666666669
124,6,9,2,0.7977686524391174,0.408248290463863
124,6,17,2,0.8588718771934509,0.5000000000000001
124,6,33,2,0.8433900475502014,0.5477225575051663
124,6,6,2,0.8753575086593628,0.4714045207910318
124,6,10,2,0.7866717576980591,0.20412414523193154
124,6,18,2,0.8589130640029907,0.3651483716701108
124,6,34,2,0.8439773321151733,0.30860669992418394
124,6,12,2,0.8753575086593628,0.4714045207910318
124,6,20,2,0.8902629613876343,0.4082482904638631
124,6,36,2,0.9202133417129517,0.7071067811865477
124,6,24,2,0.8961214423179626,0.5000000000000001
124,6,40,2,0.8707847595214844,0.3651483716701108
124,6,48,2,0.922025203704834,0.5000000000000001
124,6,7,3,0.9044785499572754,0.7302967433402217
124,6,11,3,0.7503587603569031,0.1825741858350554
124,6,19,3,0.7887649536132812,0.20412414523193154
124,6,35,3,0.8659602999687195,0.6123724356957946
124,6,13,3,0.9044785499572754,0.7302967433402217
124,6,21,3,0.9321607947349548,0.6666666666666669
124,6,37,3,0.9710919857025146,0.912870929175277
124,6,25,3,0.7930493354797363,0.4082482904638631
124,6,41,3,0.847145140171051,0.5000000000000001
124,6,49,3,0.9189268946647644,0.6666666666666669
124,6,14,3,0.8973257541656494,0.6123724356957946
124,6,22,3,0.91887366771698,0.5477225575051663
124,6,38,3,0.9202133417129517,0.7071067811865477
124,6,26,3,0.8694862723350525,0.46291004988627593
124,6,42,3,0.8182425498962402,0.4082482904638631
124,6,50,3,0.9123464226722717,0.5000000000000001
124,6,28,3,0.9055448770523071,0.6123724356957946
124,6,44,3,0.9202133417129517,0.7071067811865477
124,6,52,3,0.9890778660774231,0.912870929175277
124,6,56,3,0.9445152282714844,0.6666666666666669
124,6,15,4,0.9044785499572754,0.7302967433402217
124,6,23,4,0.9321607947349548,0.6666666666666669
124,6,39,4,0.9710919857025146,0.912870929175277
124,6,27,4,0.7942733764648438,0.3333333333333334
124,6,43,4,0.8915627002716064,0.7302967433402217
124,6,51,4,0.9162716865539551,0.6172133998483679
124,6,29,4,0.9501044750213623,0.8333333333333336
124,6,45,4,0.9599944353103638,0.8333333333333336
124,6,53,4,1.0,1.0000000000000002
124,6,57,4,0.9205371141433716,0.7715167498104598
124,6,30,4,0.9383993744850159,0.7302967433402217
124,6,46,4,0.9615194201469421,0.8164965809277261
124,6,54,4,0.9850766062736511,0.912870929175277
124,6,58,4,0.8739989995956421,0.5477225575051663
124,6,60,4,0.9542085528373718,0.8164965809277261
124,6,31,5,0.9501044750213623,0.8333333333333336
124,6,47,5,0.9710919857025146,0.912870929175277
124,6,55,5,1.0,1.0000000000000002
124,6,59,5,0.9251569509506226,0.8333333333333336
124,6,61,5,1.0,1.0000000000000002
124,6,62,5,0.9890778660774231,0.912870929175277
128,5,31,5,1.0,1.0000000000000002
128,5,0,0,0.7667388319969177,0.0
128,5,1,1,0.8020949363708496,0.12700012700019053
128,5,2,1,0.8185630440711975,0.12700012700019053
128,5,4,1,0.8455579280853271,0.6350006350009526
128,5,8,1,0.8068492412567139,0.26940795304016246
128,5,16,1,0.8106613159179688,0.12700012700019053
128,5,3,2,0.8457924723625183,0.17960530202677497
128,5,5,2,0.8429163098335266,0.5388159060803248
128,5,9,2,0.8020949363708496,0.12700012700019053
128,5,17,2,0.8393658399581909,0.17960530202677497
128,5,6,2,0.837384045124054,0.5388159060803248
128,5,10,2,0.8435544967651367,0.17960530202677497
128,5,18,2,0.8400739431381226,0.17960530202677497
128,5,12,2,0.8527164459228516,0.5388159060803248
128,5,20,2,0.854816198348999,0.5388159060803248
128,5,24,2,0.8410763740539551,0.17960530202677497
128,5,7,3,0.8583675622940063,0.5132649025747367
128,5,11,3,0.8606629967689514,0.21997067253203004
128,5,19,3,0.8703627586364746,0.21997067253203004
128,5,13,3,0.8600599765777588,0.5132649025747367
128,5,21,3,0.8648400902748108,0.5132649025747367
128,5,25,3,0.856336772441864,0.21997067253203004
128,5,14,3,0.857404887676239,0.5132649025747367
128,5,22,3,0.8675520420074463,0.5132649025747367
128,5,26,3,0.8610216379165649,0.21997067253203004
128,5,28,3,0.8633654117584229,0.5132649025747367
128,5,15,4,0.878792405128479,0.5080005080007621
128,5,23,4,0.8856202363967896,0.5080005080007621
128,5,27,4,0.884088397026062,0.25400025400038106
128,5,29,4,0.8777670860290527,0.5080005080007621
128,5,30,4,0.8788507580757141,0.5080005080007621
129,6,63,6,1.0,1.0000000000000002
129,6,0,0,0.7705240249633789,0.4082482904638631
129,6,1,1,0.7690850496292114,0.4714045207910318
129,6,2,1,0.7772754430770874,0.5477225575051663
129,6,4,1,0.9393311738967896,0.7715167498104598
129,6,8,1,0.7705240249633789,0.4082482904638631
129,6,16,1,0.7742034196853638,0.1825741858350554
129,6,32,1,0.8683499693870544,0.7715167498104598
129,6,3,2,0.7798678874969482,0.5773502691896258
129,6,5,2,0.9687715768814087,0.912870929175277
129,6,9,2,0.7690850496292114,0.4714045207910318
129,6,17,2,0.8516379594802856,0.6123724356957946
129,6,33,2,0.8782463073730469,0.6172133998483679
129,6,6,2,0.7772754430770874,0.5477225575051663
129,6,10,2,0.7559556365013123,0.5477225575051663
129,6,18,2,0.8516379594802856,0.6123724356957946
129,6,34,2,0.8782463073730469,0.6172133998483679
129,6,12,2,0.9393311738967896,0.7715167498104598
129,6,20,2,0.9687715768814087,0.912870929175277
129,6,36,2,0.9926155805587769,1.0000000000000002
129,6,24,2,0.7731197476387024,0.1825741858350554
129,6,40,2,0.8683499693870544,0.7715167498104598
129,6,48,2,0.900486409664154,0.7302967433402217
129,6,7,3,0.9687715768814087,0.912870929175277
129,6,11,3,0.7544060349464417,0.5000000000000001
129,6,19,3,0.8516379594802856,0.6123724356957946
129,6,35,3,0.8728669285774231,0.6666666666666669
129,6,13,3,0.9687715768814087,0.912870929175277
129,6,21,3,0.9687715768814087,0.912870929175277
129,6,37,3,0.9926155805587769,1.0000000000000002
129,6,25,3,0.8271794319152832,0.5000000000000001
129,6,41,3,0.8782463073730469,0.6172133998483679
129,6,49,3,0.900486409664154,0.7302967433402217
129,6,14,3,0.7772754430770874,0.5477225575051663
129,6,22,3,0.9687715768814087,0.912870929175277
129,6,38,3,0.9926155805587769,1.0000000000000002
129,6,26,3,0.8305167555809021,0.7302967433402217
129,6,42,3,0.8510759472846985,0.6123724356957946
129,6,50,3,0.8510759472846985,0.6123724356957946
129,6,28,3,0.9520785808563232,0.7071067811865477
129,6,44,3,0.9926155805587769,1.0000000000000002
129,6,52,3,0.9504038095474243,0.8164965809277261
129,6,56,3,0.885839581489563,0.7715167498104598
129,6,15,4,0.9687715768814087,0.912870929175277
129,6,23,4,0.9687715768814087,0.912870929175277
129,6,39,4,0.9926155805587769,1.0000000000000002
129,6,27,4,0.8213679194450378,0.7302967433402217
129,6,43,4,0.8293054103851318,0.6666666666666669
129,6,51,4,0.8510759472846985,0.6123724356957946
129,6,29,4,0.9687715768814087,0.912870929175277
129,6,45,4,0.9926155805587769,1.0000000000000002
129,6,53,4,1.0,1.0000000000000002
129,6,57,4,0.8729293346405029,0.6172133998483679
129,6,30,4,0.9687715768814087,0.912870929175277
129,6,46,4,0.8336243033409119,0.6666666666666669
129,6,54,4,1.0,1.0000000000000002
129,6,58,4,0.8712965846061707,0.8333333333333336
129,6,60,4,0.9504038095474243,0.8164965809277261
129,6,31,5,0.9687715768814087,0.912870929175277
129,6,47,5,0.9619114995002747,0.8333333333333336
129,6,55,5,1.0,1.0000000000000002
129,6,59,5,0.8696836233139038,0.8333333333333336
129,6,61,5,0.9926155805587769,1.0000000000000002
129,6,62,5,0.9926155805587769,1.0000000000000002
130,5,31,5,1.0,1.0000000000000002
130,5,0,0,0.7232027649879456,0.0
130,5,1,1,0.7381508350372314,0.223606797749979
130,5,2,1,0.7376796007156372,0.0
130,5,4,1,0.8993342518806458,0.0
130,5,8,1,0.7600884437561035,0.0
130,5,16,1,0.7232027649879456,0.0
130,5,3,2,0.7552052736282349,0.632455532033676
130,5,5,2,0.7432597875595093,0.223606797749979
130,5,9,2,0.7795820832252502,0.6761234037828134
130,5,17,2,0.7381508350372314,0.223606797749979
130,5,6,2,0.8921987414360046,0.0
130,5,10,2,0.7376796007156372,0.0
130,5,18,2,0.7376796007156372,0.0
130,5,12,2,0.9063809514045715,0.2581988897471612
130,5,20,2,0.8993342518806458,0.0
130,5,24,2,0.744782567024231,0.0
130,5,7,3,0.9538371562957764,0.670820393249937
130,5,11,3,0.7840033769607544,0.7302967433402217
130,5,19,3,0.7552052736282349,0.632455532033676
130,5,13,3,1.0,1.0000000000000002
130,5,21,3,0.7432597875595093,0.223606797749979
130,5,25,3,0.7972680330276489,0.8000000000000002
130,5,14,3,0.9178189039230347,0.2581988897471612
130,5,22,3,0.8921987414360046,0.0
130,5,26,3,0.7376796007156372,0.0
130,5,28,3,0.9063809514045715,0.2581988897471612
130,5,15,4,1.0,1.0000000000000002
130,5,23,4,0.9538371562957764,0.670820393249937
130,5,27,4,0.7840033769607544,0.7302967433402217
130,5,29,4,1.0,1.0000000000000002
130,5,30,4,0.8427094221115112,0.14142135623730956
131,5,31,5,0.9999999403953552,1.0000000000000002
131,5,0,0,0.7531477212905884,0.0
131,5,1,1,0.7900707721710205,0.2581988897471612
131,5,2,1,0.7391186952590942,0.0
131,5,4,1,0.7536571621894836,0.0
131,5,8,1,0.7523546814918518,0.0
131,5,16,1,0.8788613677024841,0.447213595499958
131,5,3,2,0.7900707721710205,0.2581988897471612
131,5,5,2,0.8808128833770752,0.7745966692414836
131,5,9,2,0.7814096212387085,0.632455532033676
131,5,17,2,0.8748258352279663,0.670820393249937
131,5,6,2,0.749114453792572,0.0
131,5,10,2,0.7480984926223755,0.0
131,5,18,2,0.8621379137039185,0.316227766016838
131,5,12,2,0.9317219853401184,0.5163977794943224
131,5,20,2,0.9645474553108215,0.894427190999916
131,5,24,2,0.9082173705101013,0.6000000000000001
131,5,7,3,0.768328845500946,0.2581988897471612
131,5,11,3,0.7786548733711243,0.447213595499958
131,5,19,3,0.9645474553108215,0.894427190999916
131,5,13,3,0.9540001153945923,0.894427190999916
131,5,21,3,0.9645474553108215,0.894427190999916
131,5,25,3,0.9075900316238403,0.8000000000000002
131,5,14,3,0.9317219853401184,0.5163977794943224
131,5,22,3,0.9645474553108215,0.894427190999916
131,5,26,3,0.9011049270629883,0.8000000000000002
131,5,28,3,0.9999999403953552,1.0000000000000002
131,5,15,4,0.9536213278770447,0.894427190999916
131,5,23,4,0.9645474553108215,0.894427190999916
131,5,27,4,0.9999999403953552,1.0000000000000002
131,5,29,4,0.9999999403953552,1.0000000000000002
131,5,30,4,0.9999999403953552,1.0000000000000002
133,6,63,6,1.0000001192092896,1.0000000000000002
133,6,0,0,0.7698211073875427,0.0
133,6,1,1,0.8611763715744019,0.5477225575051663
133,6,2,1,0.7192026376724243,0.1666666666666667
133,6,4,1,0.7431662082672119,0.0
133,6,8,1,0.7144303917884827,0.0
133,6,16,1,0.8148626089096069,0.2357022603955159
133,6,32,1,0.7074893712997437,0.0
133,6,3,2,0.8698087930679321,0.3651483716701108
133,6,5,2,0.8611763715744019,0.5477225575051663
133,6,9,2,0.8622085452079773,0.6123724356957946
133,6,17,2,0.8627187013626099,0.3333333333333334
133,6,33,2,0.7859635353088379,0.5000000000000001
133,6,6,2,0.7539504766464233,0.2886751345948129
133,6,10,2,0.7953380346298218,0.4714045207910318
133,6,18,2,0.8433337807655334,0.5477225575051663
133,6,34,2,0.7774483561515808,0.20412414523193154
133,6,12,2,0.782294511795044,0.2886751345948129
133,6,20,2,0.8148626089096069,0.2357022603955159
133,6,36,2,0.7112707495689392,0.0
133,6,24,2,0.8077661991119385,0.20412414523193154
133,6,40,2,0.8059364557266235,0.20412414523193154
133,6,48,2,0.913707435131073,0.4714045207910318
133,6,7,3,0.8698087930679321,0.3651483716701108
133,6,11,3,0.8662335872650146,0.6123724356957946
133,6,19,3,0.9222415685653687,0.7302967433402217
133,6,35,3,0.948542594909668,0.7302967433402217
133,6,13,3,0.8712702989578247,0.8164965809277261
133,6,21,3,0.8231505751609802,0.3333333333333334
133,6,37,3,0.7450363039970398,0.3651483716701108
133,6,25,3,0.9028801321983337,0.6666666666666669
133,6,41,3,0.948542594909668,0.7302967433402217
133,6,49,3,0.8960452079772949,0.3651483716701108
133,6,14,3,0.8254956007003784,0.4714045207910318
133,6,22,3,0.7487983703613281,0.0
133,6,38,3,0.7609175443649292,0.0
133,6,26,3,0.86783766746521,0.5477225575051663
133,6,42,3,0.9266471862792969,0.6123724356957946
133,6,50,3,0.8755553364753723,0.3651483716701108
133,6,28,3,0.8759737014770508,0.3651483716701108
133,6,44,3,0.8059364557266235,0.20412414523193154
133,6,52,3,0.7581565976142883,0.0
133,6,56,3,0.9037370085716248,0.4082482904638631
133,6,15,4,0.8712702989578247,0.8164965809277261
133,6,23,4,0.9222415685653687,0.7302967433402217
133,6,39,4,0.948542594909668,0.7302967433402217
133,6,27,4,0.8943696618080139,0.6666666666666669
133,6,43,4,0.948542594909668,0.7302967433402217
133,6,51,4,0.9931303262710571,0.8333333333333336
133,6,29,4,0.9129922986030579,0.8333333333333336
133,6,45,4,0.949541449546814,0.7302967433402217
133,6,53,4,0.8135339021682739,0.30860669992418394
133,6,57,4,0.985734224319458,0.6666666666666669
133,6,30,4,0.8941679000854492,0.6123724356957946
133,6,46,4,0.9532732963562012,0.912870929175277
133,6,54,4,0.8472416400909424,0.3651483716701108
133,6,58,4,0.9931303262710571,0.8333333333333336
133,6,60,4,0.9330474138259888,0.5477225575051663
133,6,31,5,0.9065408706665039,0.8333333333333336
133,6,47,5,0.9532732963562012,0.912870929175277
133,6,55,5,0.9931303262710571,0.8333333333333336
133,6,59,5,0.9931303262710571,0.8333333333333336
133,6,61,5,0.9902088046073914,0.8333333333333336
133,6,62,5,1.0000001192092896,1.0000000000000002
134,7,127,7,0.9999998807907104,1.0000000000000004
134,7,0,0,0.8171004056930542,0.0
134,7,1,1,0.7637618780136108,0.0
134,7,2,1,0.8343245983123779,0.3380617018914067
134,7,4,1,0.8542945384979248,0.6172133998483679
134,7,8,1,0.8458645343780518,0.3380617018914067
134,7,16,1,0.8276691436767578,0.3380617018914067
134,7,32,1,0.9308805465698242,0.23904572186687878
134,7,64,1,0.7977755069732666,0.0
134,7,3,2,0.8689427375793457,0.7715167498104598
134,7,5,2,0.856315016746521,0.3380617018914067
134,7,9,2,0.8434140682220459,0.37796447300922725
134,7,17,2,0.8621315956115723,0.5070925528371101
134,7,33,2,0.9884161949157715,0.46291004988627593
134,7,65,2,0.9021408557891846,0.6172133998483679
134,7,6,2,0.8517045974731445,0.6761234037828134
134,7,10,2,0.8448448181152344,0.5070925528371101
134,7,18,2,0.8442612886428833,0.5070925528371101
134,7,34,2,0.8897432684898376,0.6172133998483679
134,7,66,2,0.8107640743255615,0.30860669992418394
134,7,12,2,0.8564207553863525,0.4285714285714288
134,7,20,2,0.8621315956115723,0.5070925528371101
134,7,36,2,0.9256513118743896,0.9258200997725518
134,7,68,2,0.8927571773529053,0.3380617018914067
134,7,24,2,0.8473504781723022,0.46291004988627593
134,7,40,2,0.9909985065460205,0.8571428571428575
134,7,72,2,0.8927571773529053,0.3380617018914067
134,7,48,2,0.9099774360656738,0.7715167498104598
134,7,80,2,0.8556090593338013,0.5714285714285717
134,7,96,2,0.9876389503479004,0.4285714285714288
134,7,7,3,0.8748010993003845,0.5345224838248489
134,7,11,3,0.8723136186599731,0.5714285714285717
134,7,19,3,0.8788927793502808,0.6761234037828134
134,7,35,3,0.9909985065460205,0.8571428571428575
134,7,67,3,0.8941175937652588,0.7715167498104598
134,7,13,3,0.864108681678772,0.5714285714285717
134,7,21,3,0.8621315956115723,0.5070925528371101
134,7,37,3,0.9884161949157715,0.46291004988627593
134,7,69,3,0.9021408557891846,0.6172133998483679
134,7,25,3,0.8542945384979248,0.6172133998483679
134,7,41,3,0.9909985065460205,0.8571428571428575
134,7,73,3,0.8927571773529053,0.3380617018914067
134,7,49,3,0.9884161949157715,0.46291004988627593
134,7,81,3,0.9021408557891846,0.6172133998483679
134,7,97,3,0.9876389503479004,0.4285714285714288
134,7,14,3,0.8442612886428833,0.5070925528371101
134,7,22,3,0.8442612886428833,0.5070925528371101
134,7,38,3,0.9256513118743896,0.9258200997725518
134,7,70,3,0.8442612886428833,0.5070925528371101
134,7,26,3,0.8442612886428833,0.5070925528371101
134,7,42,3,0.89494788646698,0.7715167498104598
134,7,74,3,0.8633957505226135,0.6172133998483679
134,7,50,3,0.9256513118743896,0.9258200997725518
134,7,82,3,0.8442612886428833,0.5070925528371101
134,7,98,3,0.9999998807907104,1.0000000000000004
134,7,28,3,0.8788927793502808,0.6761234037828134
134,7,44,3,0.9256513118743896,0.9258200997725518
134,7,76,3,0.8941175937652588,0.7715167498104598
134,7,52,3,0.9256513118743896,0.9258200997725518
134,7,84,3,0.8941175937652588,0.7715167498104598
134,7,100,3,0.9884161949157715,0.46291004988627593
134,7,56,3,0.9256513118743896,0.9258200997725518
134,7,88,3,0.8789941072463989,0.6172133998483679
134,7,104,3,0.9999998807907104,1.0000000000000004
134,7,112,3,0.9953340888023376,0.6172133998483679
134,7,15,4,0.864108681678772,0.5714285714285717
134,7,23,4,0.8812072277069092,0.5714285714285717
134,7,39,4,0.9909985065460205,0.8571428571428575
134,7,71,4,0.8941175937652588,0.7715167498104598
134,7,27,4,0.8689427375793457,0.7715167498104598
134,7,43,4,0.9909985065460205,0.8571428571428575
134,7,75,4,0.8941175937652588,0.7715167498104598
134,7,51,4,0.9909985065460205,0.8571428571428575
134,7,83,4,0.8941175937652588,0.7715167498104598
134,7,99,4,0.9999998807907104,1.0000000000000004
134,7,29,4,0.8689427375793457,0.7715167498104598
134,7,45,4,0.9909985065460205,0.8571428571428575
134,7,77,4,0.8789941072463989,0.6172133998483679
134,7,53,4,0.9909985065460205,0.8571428571428575
134,7,85,4,0.9021408557891846,0.6172133998483679
134,7,101,4,0.9884161949157715,0.46291004988627593
134,7,57,4,0.9909985065460205,0.8571428571428575
134,7,89,4,0.8941175937652588,0.7715167498104598
134,7,105,4,0.9953340888023376,0.6172133998483679
134,7,113,4,0.9953340888023376,0.6172133998483679
134,7,30,4,0.8442612886428833,0.5070925528371101
134,7,46,4,0.89494788646698,0.7715167498104598
134,7,78,4,0.8442612886428833,0.5070925528371101
134,7,54,4,0.9256513118743896,0.9258200997725518
134,7,86,4,0.8941175937652588,0.7715167498104598
134,7,102,4,0.9999998807907104,1.0000000000000004
134,7,58,4,0.9256513118743896,0.9258200997725518
134,7,90,4,0.8517045974731445,0.6761234037828134
134,7,106,4,0.9999998807907104,1.0000000000000004
134,7,114,4,0.9999998807907104,1.0000000000000004
134,7,60,4,0.9256513118743896,0.9258200997725518
134,7,92,4,0.8941175937652588,0.7715167498104598
134,7,108,4,0.9999998807907104,1.0000000000000004
134,7,116,4,0.9999998807907104,1.0000000000000004
134,7,120,4,0.9999998807907104,1.0000000000000004
134,7,31,5,0.8689427375793457,0.7715167498104598
134,7,47,5,0.9909985065460205,0.8571428571428575
134,7,79,5,0.8941175937652588,0.7715167498104598
134,7,55,5,0.9909985065460205,0.8571428571428575
134,7,87,5,0.8941175937652588,0.7715167498104598
134,7,103,5,0.9999998807907104,1.0000000000000004
134,7,59,5,0.9256513118743896,0.9258200997725518
134,7,91,5,0.8941175937652588,0.7715167498104598
134,7,107,5,0.9999998807907104,1.0000000000000004
134,7,115,5,0.9999998807907104,1.0000000000000004
134,7,61,5,0.9909985065460205,0.8571428571428575
134,7,93,5,0.8941175937652588,0.7715167498104598
134,7,109,5,0.9999998807907104,1.0000000000000004
134,7,117,5,0.9999998807907104,1.0000000000000004
134,7,121,5,0.9953340888023376,0.6172133998483679
134,7,62,5,0.9256513118743896,0.9258200997725518
134,7,94,5,0.8941175937652588,0.7715167498104598
134,7,110,5,0.9999998807907104,1.0000000000000004
134,7,118,5,0.9999998807907104,1.0000000000000004
134,7,122,5,0.9999998807907104,1.0000000000000004
134,7,124,5,0.9999998807907104,1.0000000000000004
134,7,63,6,0.9000099897384644,0.8571428571428575
134,7,95,6,0.8941175937652588,0.7715167498104598
134,7,111,6,0.9999998807907104,1.0000000000000004
134,7,119,6,0.9999998807907104,1.0000000000000004
134,7,123,6,0.9999998807907104,1.0000000000000004
134,7,125,6,0.9999998807907104,1.0000000000000004
134,7,126,6,0.9999998807907104,1.0000000000000004
136,7,127,7,1.0,1.0000000000000004
136,7,0,0,0.8739632964134216,0.6172133998483679
136,7,1,1,0.8804512619972229,0.5714285714285717
136,7,2,1,0.8739632964134216,0.6172133998483679
136,7,4,1,0.8739632964134216,0.6172133998483679
136,7,8,1,0.8804512619972229,0.5714285714285717
136,7,16,1,0.9763600826263428,0.9258200997725518
136,7,32,1,0.9670933485031128,0.8571428571428575
136,7,64,1,0.9213776588439941,0.7142857142857146
136,7,3,2,0.8804512619972229,0.5714285714285717
136,7,5,2,0.8804512619972229,0.5714285714285717
136,7,9,2,0.8804512619972229,0.5714285714285717
136,7,17,2,1.0,1.0000000000000004
136,7,33,2,0.9319321513175964,0.629940788348712
136,7,65,2,0.9213776588439941,0.7142857142857146
136,7,6,2,0.8739632964134216,0.6172133998483679
136,7,10,2,0.8768318295478821,0.6761234037828134
136,7,18,2,0.9670933485031128,0.8571428571428575
136,7,34,2,0.9677222371101379,0.8571428571428575
136,7,66,2,0.9213776588439941,0.7142857142857146
136,7,12,2,0.8768318295478821,0.6761234037828134
136,7,20,2,0.9670933485031128,0.8571428571428575
136,7,36,2,0.919228196144104,0.7142857142857146
136,7,68,2,0.9149289131164551,0.6172133998483679
136,7,24,2,0.9763600826263428,0.9258200997725518
136,7,40,2,0.9391918778419495,0.7142857142857146
136,7,72,2,0.9213776588439941,0.7142857142857146
136,7,48,2,0.9677222371101379,0.8571428571428575
136,7,80,2,1.0,1.0000000000000004
136,7,96,2,0.9412187933921814,0.6681531047810612
136,7,7,3,0.8804512619972229,0.5714285714285717
136,7,11,3,0.8768318295478821,0.6761234037828134
136,7,19,3,0.9763600826263428,0.9258200997725518
136,7,35,3,0.9234494566917419,0.5976143046671971
136,7,67,3,0.9213776588439941,0.7142857142857146
136,7,13,3,0.8806058168411255,0.6761234037828134
136,7,21,3,0.9763600826263428,0.9258200997725518
136,7,37,3,0.9319321513175964,0.629940788348712
136,7,69,3,0.9213776588439941,0.7142857142857146
136,7,25,3,0.9763600826263428,0.9258200997725518
136,7,41,3,0.9313992261886597,0.6681531047810612
136,7,73,3,0.9213776588439941,0.7142857142857146
136,7,49,3,0.8738253116607666,0.113960576459638
136,7,81,3,1.0,1.0000000000000004
136,7,97,3,0.9402714371681213,0.6681531047810612
136,7,14,3,0.8768318295478821,0.6761234037828134
136,7,22,3,0.9763600826263428,0.9258200997725518
136,7,38,3,0.9675114154815674,0.8017837257372734
136,7,70,3,0.9149289131164551,0.6172133998483679
136,7,26,3,0.9763600826263428,0.9258200997725518
136,7,42,3,0.9413127899169922,0.7142857142857146
136,7,74,3,0.8768318295478821,0.6761234037828134
136,7,50,3,0.9677222371101379,0.8571428571428575
136,7,82,3,1.0,1.0000000000000004
136,7,98,3,0.9412187933921814,0.6681531047810612
136,7,28,3,0.9670933485031128,0.8571428571428575
136,7,44,3,0.9391918778419495,0.7142857142857146
136,7,76,3,0.8768318295478821,0.6761234037828134
136,7,52,3,0.9677222371101379,0.8571428571428575
136,7,84,3,1.0,1.0000000000000004
136,7,100,3,0.9402714371681213,0.6681531047810612
136,7,56,3,0.9670933485031128,0.8571428571428575
136,7,88,3,1.0,1.0000000000000004
136,7,104,3,0.954108715057373,0.8017837257372734
136,7,112,3,1.0,1.0000000000000004
136,7,15,4,0.8806058168411255,0.6761234037828134
136,7,23,4,0.9763600826263428,0.9258200997725518
136,7,39,4,0.9643176794052124,0.7171371656006366
136,7,71,4,0.9213776588439941,0.7142857142857146
136,7,27,4,0.9763600826263428,0.9258200997725518
136,7,43,4,0.9234494566917419,0.5976143046671971
136,7,75,4,0.8768318295478821,0.6761234037828134
136,7,51,4,0.8738253116607666,0.113960576459638
136,7,83,4,1.0,1.0000000000000004
136,7,99,4,0.9402714371681213,0.6681531047810612
136,7,29,4,0.9763600826263428,0.9258200997725518
136,7,45,4,0.9234494566917419,0.5976143046671971
136,7,77,4,0.8768318295478821,0.6761234037828134
136,7,53,4,0.9677222371101379,0.8571428571428575
136,7,85,4,1.0,1.0000000000000004
136,7,101,4,0.9402714371681213,0.6681531047810612
136,7,57,4,1.0,1.0000000000000004
136,7,89,4,1.0,1.0000000000000004
136,7,105,4,0.954108715057373,0.8017837257372734
136,7,113,4,1.0,1.0000000000000004
136,7,30,4,1.0,1.0000000000000004
136,7,46,4,0.9391918778419495,0.7142857142857146
136,7,78,4,0.8768318295478821,0.6761234037828134
136,7,54,4,0.9677222371101379,0.8571428571428575
136,7,86,4,1.0,1.0000000000000004
136,7,102,4,0.9402714371681213,0.6681531047810612
136,7,58,4,0.9670933485031128,0.8571428571428575
136,7,90,4,1.0,1.0000000000000004
136,7,106,4,0.954108715057373,0.8017837257372734
136,7,114,4,1.0,1.0000000000000004
136,7,60,4,0.9670933485031128,0.8571428571428575
136,7,92,4,1.0,1.0000000000000004
136,7,108,4,0.954108715057373,0.8017837257372734
136,7,116,4,1.0,1.0000000000000004
136,7,120,4,1.0,1.0000000000000004
136,7,31,5,0.9670933485031128,0.8571428571428575
136,7,47,5,0.9234494566917419,0.5976143046671971
136,7,79,5,0.8768318295478821,0.6761234037828134
136,7,55,5,0.9677222371101379,0.8571428571428575
136,7,87,5,1.0,1.0000000000000004
136,7,103,5,0.9402714371681213,0.6681531047810612
136,7,59,5,1.0,1.0000000000000004
136,7,91,5,1.0,1.0000000000000004
136,7,107,5,0.8768318295478821,0.6761234037828134
136,7,115,5,1.0,1.0000000000000004
136,7,61,5,0.8896692991256714,0.1114556425150706
136,7,93,5,1.0,1.0000000000000004
136,7,109,5,0.954108715057373,0.8017837257372734
136,7,117,5,1.0,1.0000000000000004
136,7,121,5,1.0,1.0000000000000004
136,7,62,5,0.9670933485031128,0.8571428571428575
136,7,94,5,1.0,1.0000000000000004
136,7,110,5,0.954108715057373,0.8017837257372734
136,7,118,5,1.0,1.0000000000000004
136,7,122,5,1.0,1.0000000000000004
136,7,124,5,1.0,1.0000000000000004
136,7,63,6,0.8896692991256714,0.1114556425150706
136,7,95,6,1.0,1.0000000000000004
136,7,111,6,0.954108715057373,0.8017837257372734
136,7,119,6,1.0,1.0000000000000004
136,7,123,6,1.0,1.0000000000000004
136,7,125,6,1.0,1.0000000000000004
136,7,126,6,1.0,1.0000000000000004
137,5,31,5,1.0,1.0000000000000002
137,5,0,0,0.7170180082321167,0.0
137,5,1,1,0.8441475629806519,0.670820393249937
137,5,2,1,0.8043750524520874,0.4000000000000001
137,5,4,1,0.7567335367202759,0.223606797749979
137,5,8,1,0.6948784589767456,0.223606797749979
137,5,16,1,0.8370673656463623,0.632455532033676
137,5,3,2,0.8352251648902893,0.5477225575051663
137,5,5,2,0.8305696249008179,0.6000000000000001
137,5,9,2,0.9930882453918457,1.0000000000000002
137,5,17,2,0.9179298877716064,0.894427190999916
137,5,6,2,0.8043750524520874,0.4000000000000001
137,5,10,2,0.932389497756958,0.8000000000000002
137,5,18,2,0.8645451068878174,0.670820393249937
137,5,12,2,0.9199560880661011,0.670820393249937
137,5,20,2,0.8556498885154724,0.5163977794943224
137,5,24,2,0.7388412952423096,0.223606797749979
137,5,7,3,0.8352251648902893,0.5477225575051663
137,5,11,3,1.0,1.0000000000000002
137,5,19,3,0.9179298877716064,0.894427190999916
137,5,13,3,0.9930882453918457,1.0000000000000002
137,5,21,3,0.9179298877716064,0.894427190999916
137,5,25,3,0.9123201370239258,0.8000000000000002
137,5,14,3,1.0,1.0000000000000002
137,5,22,3,0.9129444360733032,0.894427190999916
137,5,26,3,0.932389497756958,0.8000000000000002
137,5,28,3,0.9343119263648987,0.7745966692414836
137,5,15,4,1.0,1.0000000000000002
137,5,23,4,0.9179298877716064,0.894427190999916
137,5,27,4,1.0,1.0000000000000002
137,5,29,4,1.0,1.0000000000000002
137,5,30,4,1.0,1.0000000000000002
140,7,127,7,1.0,1.0000000000000004
140,7,0,0,0.7070298194885254,0.16903085094570336
140,7,1,1,0.8705277442932129,0.6761234037828134
140,7,2,1,0.7425086498260498,0.3380617018914067
140,7,4,1,0.7019802927970886,0.0
140,7,8,1,0.844697117805481,0.6172133998483679
140,7,16,1,0.7862197756767273,0.46291004988627593
140,7,32,1,0.8265935182571411,0.3380617018914067
140,7,64,1,0.8760629296302795,0.8571428571428575
140,7,3,2,0.7923445701599121,0.6681531047810612
140,7,5,2,0.7763158082962036,0.6761234037828134
140,7,9,2,0.8356679677963257,0.7142857142857146
140,7,17,2,0.7608243227005005,0.6172133998483679
140,7,33,2,0.9003939032554626,0.7715167498104598
140,7,65,2,0.8760629296302795,0.8571428571428575
140,7,6,2,0.7923445701599121,0.6681531047810612
140,7,10,2,0.8665616512298584,0.6681531047810612
140,7,18,2,0.7862197756767273,0.46291004988627593
140,7,34,2,0.8295950293540955,0.40089186286863665
140,7,66,2,0.8760629296302795,0.8571428571428575
140,7,12,2,0.8668041229248047,0.6761234037828134
140,7,20,2,0.8445428609848022,0.6172133998483679
140,7,36,2,0.9076923131942749,0.6172133998483679
140,7,68,2,0.8146135807037354,0.7171371656006362
140,7,24,2,0.8411145210266113,0.6546536707079773
140,7,40,2,0.971725583076477,0.7715167498104598
140,7,72,2,1.0,1.0000000000000004
140,7,48,2,0.9009890556335449,0.6172133998483679
140,7,80,2,1.0,1.0000000000000004
140,7,96,2,1.0,1.0000000000000004
140,7,7,3,0.7763158082962036,0.6761234037828134
140,7,11,3,0.8356679677963257,0.7142857142857146
140,7,19,3,0.7780719995498657,0.6172133998483679
140,7,35,3,0.9003939032554626,0.7715167498104598
140,7,67,3,0.8189367055892944,0.6837634587578278
140,7,13,3,0.8652569055557251,0.8451542547285168
140,7,21,3,0.7763158082962036,0.6761234037828134
140,7,37,3,0.9091410040855408,0.7715167498104598
140,7,69,3,0.8176653385162354,0.6837634587578278
140,7,25,3,0.9779528975486755,0.9258200997725518
140,7,41,3,0.948133111000061,0.8571428571428575
140,7,73,3,1.0,1.0000000000000004
140,7,49,3,0.948133111000061,0.8571428571428575
140,7,81,3,0.8055821657180786,0.7071067811865477
140,7,97,3,1.0,1.0000000000000004
140,7,14,3,0.8652569055557251,0.8451542547285168
140,7,22,3,0.7709981203079224,0.6172133998483679
140,7,38,3,0.9091410040855408,0.7715167498104598
140,7,70,3,0.8189367055892944,0.6837634587578278
140,7,26,3,0.9779528975486755,0.9258200997725518
140,7,42,3,0.971725583076477,0.7715167498104598
140,7,74,3,1.0,1.0000000000000004
140,7,50,3,0.971725583076477,0.7715167498104598
140,7,82,3,0.8075704574584961,0.6936879756192962
140,7,98,3,1.0,1.0000000000000004
140,7,28,3,0.8652569055557251,0.8451542547285168
140,7,44,3,0.8607714176177979,0.58554004376912
140,7,76,3,1.0,1.0000000000000004
140,7,52,3,0.971725583076477,0.7715167498104598
140,7,84,3,0.7993814945220947,0.7142857142857146
140,7,100,3,1.0,1.0000000000000004
140,7,56,3,0.971725583076477,0.7715167498104598
140,7,88,3,1.0,1.0000000000000004
140,7,104,3,1.0,1.0000000000000004
140,7,112,3,1.0,1.0000000000000004
140,7,15,4,0.8652569055557251,0.8451542547285168
140,7,23,4,0.7763158082962036,0.6761234037828134
140,7,39,4,0.9091410040855408,0.7715167498104598
140,7,71,4,0.8189367055892944,0.6837634587578278
140,7,27,4,0.9779528975486755,0.9258200997725518
140,7,43,4,0.948133111000061,0.8571428571428575
140,7,75,4,1.0,1.0000000000000004
140,7,51,4,0.9003939032554626,0.7715167498104598
140,7,83,4,0.8055821657180786,0.7071067811865477
140,7,99,4,1.0,1.0000000000000004
140,7,29,4,0.9779528975486755,0.9258200997725518
140,7,45,4,0.948133111000061,0.8571428571428575
140,7,77,4,1.0,1.0000000000000004
140,7,53,4,0.948133111000061,0.8571428571428575
140,7,85,4,0.8055821657180786,0.7071067811865477
140,7,101,4,1.0,1.0000000000000004
140,7,57,4,0.948133111000061,0.8571428571428575
140,7,89,4,1.0,1.0000000000000004
140,7,105,4,1.0,1.0000000000000004
140,7,113,4,1.0,1.0000000000000004
140,7,30,4,0.8652569055557251,0.8451542547285168
140,7,46,4,0.9659461975097656,0.8571428571428575
140,7,78,4,1.0,1.0000000000000004
140,7,54,4,0.948133111000061,0.8571428571428575
140,7,86,4,0.7993814945220947,0.7142857142857146
140,7,102,4,1.0,1.0000000000000004
140,7,58,4,0.948133111000061,0.8571428571428575
140,7,90,4,1.0,1.0000000000000004
140,7,106,4,1.0,1.0000000000000004
140,7,114,4,1.0,1.0000000000000004
140,7,60,4,0.9488740563392639,0.7559289460184546
140,7,92,4,1.0,1.0000000000000004
140,7,108,4,1.0,1.0000000000000004
140,7,116,4,1.0,1.0000000000000004
140,7,120,4,1.0,1.0000000000000004
140,7,31,5,0.8652569055557251,0.8451542547285168
140,7,47,5,0.948133111000061,0.8571428571428575
140,7,79,5,1.0,1.0000000000000004
140,7,55,5,0.9091410040855408,0.7715167498104598
140,7,87,5,0.7955765724182129,0.7142857142857146
140,7,103,5,1.0,1.0000000000000004
140,7,59,5,0.948133111000061,0.8571428571428575
140,7,91,5,1.0,1.0000000000000004
140,7,107,5,1.0,1.0000000000000004
140,7,115,5,1.0,1.0000000000000004
140,7,61,5,0.948133111000061,0.8571428571428575
140,7,93,5,1.0,1.0000000000000004
140,7,109,5,1.0,1.0000000000000004
140,7,117,5,1.0,1.0000000000000004
140,7,121,5,1.0,1.0000000000000004
140,7,62,5,0.9659461975097656,0.8571428571428575
140,7,94,5,1.0,1.0000000000000004
140,7,110,5,1.0,1.0000000000000004
140,7,118,5,1.0,1.0000000000000004
140,7,122,5,1.0,1.0000000000000004
140,7,124,5,1.0,1.0000000000000004
140,7,63,6,0.948133111000061,0.8571428571428575
140,7,95,6,1.0,1.0000000000000004
140,7,111,6,1.0,1.0000000000000004
140,7,119,6,1.0,1.0000000000000004
140,7,123,6,1.0,1.0000000000000004
140,7,125,6,1.0,1.0000000000000004
140,7,126,6,1.0,1.0000000000000004
141,6,63,6,1.0,1.0000000000000002
141,6,0,0,0.7198944687843323,0.0
141,6,1,1,0.7354317307472229,0.1666666666666667
141,6,2,1,0.7347570061683655,0.0
141,6,4,1,0.6774348616600037,0.0
141,6,8,1,0.7502882480621338,0.5773502691896258
141,6,16,1,0.7198944687843323,0.0
141,6,32,1,0.8635032773017883,0.5773502691896258
141,6,3,2,0.8271090984344482,0.46291004988627593
141,6,5,2,0.7354317307472229,0.1666666666666667
141,6,9,2,0.7517565488815308,0.4330127018922194
141,6,17,2,0.7317127585411072,0.1825741858350554
141,6,33,2,0.8917105197906494,0.46291004988627593
141,6,6,2,0.8751651644706726,0.6666666666666669
141,6,10,2,0.8924941420555115,0.7071067811865477
141,6,18,2,0.8232896327972412,0.6123724356957946
141,6,34,2,0.9764102697372437,0.8164965809277261
141,6,12,2,0.7462649345397949,0.6666666666666669
141,6,20,2,0.7029014229774475,0.0
141,6,36,2,0.9231204390525818,0.5477225575051663
141,6,24,2,0.7462649345397949,0.6666666666666669
141,6,40,2,0.8904966115951538,0.7071067811865477
141,6,48,2,0.8635032773017883,0.5773502691896258
141,6,7,3,0.8623777627944946,0.5477225575051663
141,6,11,3,1.0,1.0000000000000002
141,6,19,3,0.9828771948814392,0.6172133998483679
141,6,35,3,1.0,1.0000000000000002
141,6,13,3,0.7362228035926819,0.5773502691896258
141,6,21,3,0.7635968327522278,0.15430334996209197
141,6,37,3,0.9294469356536865,0.8333333333333336
141,6,25,3,0.7220022678375244,0.5773502691896258
141,6,41,3,1.0,1.0000000000000002
141,6,49,3,0.9294469356536865,0.8333333333333336
141,6,14,3,0.8898501396179199,0.6123724356957946
141,6,22,3,0.8002901077270508,0.7302967433402217
141,6,38,3,1.0,1.0000000000000002
141,6,26,3,0.8924941420555115,0.7071067811865477
141,6,42,3,0.9784223437309265,0.7302967433402217
141,6,50,3,0.9784223437309265,0.7302967433402217
141,6,28,3,0.7462649345397949,0.6666666666666669
141,6,44,3,1.0,1.0000000000000002
141,6,52,3,0.9170027375221252,0.7216878364870323
141,6,56,3,0.8904966115951538,0.7071067811865477
141,6,15,4,0.8794085383415222,0.8333333333333336
141,6,23,4,1.0,1.0000000000000002
141,6,39,4,1.0,1.0000000000000002
141,6,27,4,1.0,1.0000000000000002
141,6,43,4,1.0,1.0000000000000002
141,6,51,4,1.0,1.0000000000000002
141,6,29,4,0.7362228035926819,0.5773502691896258
141,6,45,4,1.0,1.0000000000000002
141,6,53,4,0.9294469356536865,0.8333333333333336
141,6,57,4,1.0,1.0000000000000002
141,6,30,4,0.8898501396179199,0.6123724356957946
141,6,46,4,0.9784223437309265,0.7302967433402217
141,6,54,4,1.0,1.0000000000000002
141,6,58,4,0.9784223437309265,0.7302967433402217
141,6,60,4,0.9784223437309265,0.7302967433402217
141,6,31,5,1.0,1.0000000000000002
141,6,47,5,1.0,1.0000000000000002
141,6,55,5,1.0,1.0000000000000002
141,6,59,5,1.0,1.0000000000000002
141,6,61,5,1.0,1.0000000000000002
141,6,62,5,0.9486002922058105,0.8333333333333336
142,5,31,5,0.9999998807907104,1.0
142,5,0,0,0.7895683646202087,0.0
142,5,1,1,0.7893388271331787,0.7071067811865476
142,5,2,1,0.7581157684326172,0.0
142,5,4,1,0.7693089842796326,0.0
142,5,8,1,0.772721529006958,0.0
142,5,16,1,0.8297750353813171,0.75
142,5,3,2,0.7893388271331787,0.7071067811865476
142,5,5,2,0.7637745141983032,0.2886751345948129
142,5,9,2,0.7843972444534302,0.223606797749979
142,5,17,2,0.8267909288406372,0.75
142,5,6,2,0.7649794816970825,0.2886751345948129
142,5,10,2,0.7981785535812378,0.0
142,5,18,2,0.8051589727401733,0.75
142,5,12,2,0.7826092839241028,0.0
142,5,20,2,0.8115091323852539,0.75
142,5,24,2,0.7903549671173096,0.75
142,5,7,3,0.8773787021636963,0.75
142,5,11,3,0.7931905388832092,0.75
142,5,19,3,0.8051589727401733,0.75
142,5,13,3,0.747270941734314,0.25
142,5,21,3,0.8885408639907837,0.75
142,5,25,3,0.8224225044250488,0.75
142,5,14,3,0.7850308418273926,0.0
142,5,22,3,0.8115091323852539,0.75
142,5,26,3,0.8077830672264099,0.75
142,5,28,3,0.7897253632545471,0.75
142,5,15,4,0.747270941734314,0.25
142,5,23,4,0.8885408639907837,0.75
142,5,27,4,0.816746175289154,0.75
142,5,29,4,0.7927148342132568,0.670820393249937
142,5,30,4,0.7897253632545471,0.75
147,7,127,7,1.0,1.0000000000000004
147,7,0,0,0.7099535465240479,0.0
147,7,1,1,0.746819257736206,0.21821789023599245
147,7,2,1,0.7319890260696411,0.18898223650461365
147,7,4,1,0.7359683513641357,0.0
147,7,8,1,0.7678139209747314,0.12598815766974242
147,7,16,1,0.6876192688941956,0.0
147,7,32,1,0.7099535465240479,0.0
147,7,64,1,0.7466972470283508,0.3380617018914067
147,7,3,2,0.8083057999610901,0.7715167498104598
147,7,5,2,0.7397629022598267,0.0
147,7,9,2,0.8066185116767883,0.6681531047810612
147,7,17,2,0.7435028553009033,0.5070925528371101
147,7,33,2,0.746819257736206,0.21821789023599245
147,7,65,2,0.8195960521697998,0.6172133998483679
147,7,6,2,0.7225359678268433,0.0
147,7,10,2,0.7971377968788147,0.40089186286863665
147,7,18,2,0.8265753388404846,0.6172133998483679
147,7,34,2,0.7099535465240479,0.0
147,7,66,2,0.7841418981552124,0.6172133998483679
147,7,12,2,0.7893641591072083,0.0
147,7,20,2,0.7225359678268433,0.0
147,7,36,2,0.7359683513641357,0.0
147,7,68,2,0.7225359678268433,0.0
147,7,24,2,0.7528921365737915,0.30860669992418394
147,7,40,2,0.7672338485717773,0.12598815766974242
147,7,72,2,0.7697661519050598,0.30860669992418394
147,7,48,2,0.7079136967658997,0.0
147,7,80,2,0.76102614402771,0.5039526306789697
147,7,96,2,0.7566311359405518,0.3380617018914067
147,7,7,3,0.7496928572654724,0.3779644730092273
147,7,11,3,0.8618389368057251,0.7142857142857146
147,7,19,3,0.8083057999610901,0.7715167498104598
147,7,35,3,0.8083057999610901,0.7715167498104598
147,7,67,3,0.8083057999610901,0.7715167498104598
147,7,13,3,0.9358163475990295,0.8571428571428575
147,7,21,3,0.7749513983726501,0.30860669992418394
147,7,37,3,0.7289645671844482,0.18898223650461365
147,7,69,3,0.7955859899520874,0.6172133998483679
147,7,25,3,0.8035612106323242,0.6681531047810612
147,7,41,3,0.7895980477333069,0.6681531047810612
147,7,73,3,0.798592209815979,0.7142857142857146
147,7,49,3,0.8060885071754456,0.6172133998483679
147,7,81,3,0.8142502307891846,0.7715167498104598
147,7,97,3,0.8195960521697998,0.6172133998483679
147,7,14,3,0.7859904170036316,0.0
147,7,22,3,0.7225359678268433,0.0
147,7,38,3,0.7225359678268433,0.0
147,7,70,3,0.8006685972213745,0.6761234037828134
147,7,26,3,0.8017899394035339,0.6681531047810612
147,7,42,3,0.7546811699867249,0.14285714285714293
147,7,74,3,0.9327291250228882,0.8571428571428575
147,7,50,3,0.8162260055541992,0.6172133998483679
147,7,82,3,0.8265753388404846,0.6172133998483679
147,7,98,3,0.8265753388404846,0.6172133998483679
147,7,28,3,0.8404553532600403,0.3380617018914067
147,7,44,3,0.8070381879806519,0.0
147,7,76,3,0.7705202698707581,0.3380617018914067
147,7,52,3,0.7225359678268433,0.0
147,7,84,3,0.7225359678268433,0.0
147,7,100,3,0.7225359678268433,0.0
147,7,56,3,0.7451038360595703,0.0
147,7,88,3,0.7909639477729797,0.5714285714285717
147,7,104,3,0.7909639477729797,0.5714285714285717
147,7,112,3,0.76102614402771,0.5039526306789697
147,7,15,4,0.8831987977027893,0.8017837257372734
147,7,23,4,0.7852414846420288,0.7142857142857146
147,7,39,4,0.8002570867538452,0.7715167498104598
147,7,71,4,0.8002570867538452,0.7715167498104598
147,7,27,4,0.8618389368057251,0.7142857142857146
147,7,43,4,0.8618389368057251,0.7142857142857146
147,7,75,4,0.9182825088500977,0.8017837257372734
147,7,51,4,0.8083057999610901,0.7715167498104598
147,7,83,4,0.8083057999610901,0.7715167498104598
147,7,99,4,0.8083057999610901,0.7715167498104598
147,7,29,4,1.0,1.0000000000000004
147,7,45,4,1.0,1.0000000000000004
147,7,77,4,0.7884261608123779,0.7142857142857146
147,7,53,4,0.7692617774009705,0.5714285714285717
147,7,85,4,0.7955859899520874,0.6172133998483679
147,7,101,4,0.7955859899520874,0.6172133998483679
147,7,57,4,0.8053529262542725,0.6681531047810612
147,7,89,4,0.798592209815979,0.7142857142857146
147,7,105,4,0.798592209815979,0.7142857142857146
147,7,113,4,0.8276563286781311,0.7715167498104598
147,7,30,4,1.0,1.0000000000000004
147,7,46,4,0.8008848428726196,0.0
147,7,78,4,0.8573755025863647,0.7142857142857146
147,7,54,4,0.7225359678268433,0.0
147,7,86,4,0.784500002861023,0.3779644730092273
147,7,102,4,0.7225359678268433,0.0
147,7,58,4,0.9327291250228882,0.8571428571428575
147,7,90,4,0.9327291250228882,0.8571428571428575
147,7,106,4,0.8618389368057251,0.7142857142857146
147,7,114,4,0.8265753388404846,0.6172133998483679
147,7,60,4,0.8408318161964417,0.3380617018914067
147,7,92,4,0.7851948738098145,0.5714285714285717
147,7,108,4,0.7756816744804382,0.5714285714285717
147,7,116,4,0.7225359678268433,0.0
147,7,120,4,0.7909639477729797,0.5714285714285717
147,7,31,5,1.0,1.0000000000000004
147,7,47,5,0.8831987977027893,0.8017837257372734
147,7,79,5,0.790115475654602,0.7142857142857146
147,7,55,5,0.7852414846420288,0.7142857142857146
147,7,87,5,0.7922934293746948,0.7142857142857146
147,7,103,5,0.8002570867538452,0.7715167498104598
147,7,59,5,0.8618389368057251,0.7142857142857146
147,7,91,5,0.9182825088500977,0.8017837257372734
147,7,107,5,0.9182825088500977,0.8017837257372734
147,7,115,5,0.7917762398719788,0.6681531047810612
147,7,61,5,1.0,1.0000000000000004
147,7,93,5,0.8573755025863647,0.7142857142857146
147,7,109,5,0.8636202812194824,0.7142857142857146
147,7,117,5,0.7875409126281738,0.6172133998483679
147,7,121,5,0.798592209815979,0.7142857142857146
147,7,62,5,1.0,1.0000000000000004
147,7,94,5,0.8646820783615112,0.7142857142857146
147,7,110,5,0.8646820783615112,0.7142857142857146
147,7,118,5,0.784500002861023,0.3779644730092273
147,7,122,5,0.8618389368057251,0.7142857142857146
147,7,124,5,0.8527008295059204,0.5714285714285717
147,7,63,6,1.0,1.0000000000000004
147,7,95,6,0.790115475654602,0.7142857142857146
147,7,111,6,0.790115475654602,0.7142857142857146
147,7,119,6,0.8002570867538452,0.7715167498104598
147,7,123,6,0.7834567427635193,0.7142857142857146
147,7,125,6,0.8646820783615112,0.7142857142857146
147,7,126,6,0.8646820783615112,0.7142857142857146
