sample_id,transcript,n_segments,segment_idx,segment_rank_abs_sv,segment_token,segment_sv,segment_abs_sv,segment_abs_sv_share,deletion_drop_emb,deletion_drop_tfidf,cumulative_drop_emb,cumulative_n_deleted,segment_dur_sec,util_empty_emb,base_text,n_coalitions,runtime_sec
1,A FRENCHMAN YOUR NAME,4,1,1,FRENCHMAN,0.05935639888048172,0.05935639888048172,0.4029324891450532,0.06277036666870117,0.09090909090909072,0.06277036666870117,1,0.4817518248175182,0.8526892066001892,The original content of this audio is:'a frenchman your name.',16,2.433036730999447
1,A FRENCHMAN YOUR NAME,4,2,2,YOUR,0.05095397308468819,0.05095397308468819,0.3458938142151125,0.05786538124084473,0.18181818181818166,0.07508838176727295,2,0.4616788321167884,0.8526892066001892,The original content of this audio is:'a frenchman your name.',16,2.433036730999447
1,A FRENCHMAN YOUR NAME,4,3,3,NAME,0.02548803761601448,0.02548803761601448,0.1730219257526513,-2.384185791015625e-07,-2.220446049250313e-16,0.11198842525482178,3,0.3111313868613137,0.8526892066001892,The original content of this audio is:'a frenchman your name.',16,2.433036730999447
1,A FRENCHMAN YOUR NAME,4,0,4,A,0.011512616649270058,0.011512616649270058,0.07815176409882497,-2.384185791015625e-07,-2.220446049250313e-16,0.1473107933998108,4,0.03010948905109484,0.8526892066001892,The original content of this audio is:'a frenchman your name.',16,2.433036730999447
6,AHEM A COMMON RUMOR,4,3,1,RUMOR,0.09866053611040115,0.09866053611040115,0.4958151415593448,0.12761163711547852,0.5970885179873098,0.12761163711547852,1,0.27107999999999977,0.8010133504867554,The original content of this audio is: 'ahem a common rumour.',16,4.748528828999042
6,AHEM A COMMON RUMOR,4,1,2,A,0.040354229509830475,0.040354229509830475,0.20279879682131127,0.04836183786392212,0.5818789949964545,0.12761461734771729,2,0.31123999999999996,0.8010133504867554,The original content of this audio is: 'ahem a common rumour.',16,4.748528828999042
6,AHEM A COMMON RUMOR,4,2,3,COMMON,0.04004669189453125,0.04004669189453125,0.20125327707982332,1.1920928955078125e-07,-2.220446049250313e-16,0.13672548532485962,3,0.35139999999999993,0.8010133504867554,The original content of this audio is: 'ahem a common rumour.',16,4.748528828999042
6,AHEM A COMMON RUMOR,4,0,4,AHEM,0.01992507465183735,0.01992507465183735,0.10013277951405487,0.014830470085144043,0.046537410754407316,0.19898664951324463,4,0.29116,0.8010133504867554,The original content of this audio is: 'ahem a common rumour.',16,4.748528828999042
11,ALTERED WORDS AND FIGURES,4,0,1,ALTERED,0.06701149046421051,0.06701149046421051,0.5155481625289706,0.06677055358886719,0.16375798999290903,0.06677055358886719,1,0.39276595744680864,0.8700189590454102,The original content of this audio is:'altered words and figures.',16,4.8947240074994625
11,ALTERED WORDS AND FIGURES,4,3,2,FIGURES,0.04663524031639099,0.04663524031639099,0.3587849231178208,0.03402817249298096,0.09090909090909072,0.09227073192596436,2,0.45319148936170217,0.8700189590454102,The original content of this audio is:'altered words and figures.',16,4.8947240074994625
11,ALTERED WORDS AND FIGURES,4,2,3,AND,0.00900164246559143,0.00900164246559143,0.06925349967192511,0.006995439529418945,-2.220446049250313e-16,0.11236953735351562,3,0.21148936170212784,0.8700189590454102,The original content of this audio is:'altered words and figures.',16,4.8947240074994625
11,ALTERED WORDS AND FIGURES,4,1,4,WORDS,0.007332673761993647,0.007332673761993647,0.056413406987854214,0.0,-2.220446049250313e-16,0.12998104095458984,4,0.41290780141843975,0.8700189590454102,The original content of this audio is:'altered words and figures.',16,4.8947240074994625
26,AND I BOUGHT THINGS,4,1,1,I,0.05685070902109146,0.05685070902109146,0.34772048789930593,0.05604678392410278,0.5165062215847717,0.05604678392410278,1,0.11086614173228337,0.8365045785903931,The exact words spoken by the speaker are: 'and i bought things.',16,4.829768307999984
26,AND I BOUGHT THINGS,4,3,2,THINGS,0.048528678715229034,0.048528678715229034,0.2968197957514961,0.08030283451080322,0.5970885179873098,0.08030283451080322,2,0.47370078740157506,0.8365045785903931,The exact words spoken by the speaker are: 'and i bought things.',16,4.829768307999984
26,AND I BOUGHT THINGS,4,2,3,BOUGHT,0.04705312103033066,0.04705312103033066,0.2877947255817277,0.014582574367523193,0.07142857142857073,0.17179733514785767,3,0.38299212598425214,0.8365045785903931,The exact words spoken by the speaker are: 'and i bought things.',16,4.829768307999984
26,AND I BOUGHT THINGS,4,0,4,AND,0.011062915436923504,0.011062915436923504,0.06766498465109118,0.0,-6.661338147750939e-16,0.16349542140960693,4,0.1310236220472441,0.8365045785903931,The exact words spoken by the speaker are: 'and i bought things.',16,4.829768307999984
32,AND NOW I SAID,4,1,1,NOW,0.030640771612524986,0.030640771612524986,0.4208580040093251,0.0,-2.220446049250313e-16,0.0,1,0.21111702127659582,0.9547750949859619,The original content of this audio is:'and now i said.',16,4.561963047250174
32,AND NOW I SAID,4,0,2,AND,0.021592389792203903,0.021592389792203903,0.2965764108245774,0.0,-2.220446049250313e-16,0.13408702611923218,2,0.10053191489361701,0.9547750949859619,The original content of this audio is:'and now i said.',16,4.561963047250174
32,AND NOW I SAID,4,3,3,SAID,-0.01379028894007206,0.01379028894007206,0.18941277169593881,0.0,-2.220446049250313e-16,0.045224905014038086,3,0.33175531914893597,0.9547750949859619,The original content of this audio is:'and now i said.',16,4.561963047250174
32,AND NOW I SAID,4,2,4,I,0.006782034877687693,0.006782034877687693,0.09315279973493004,0.0,-2.220446049250313e-16,0.045224905014038086,4,0.13069148936170194,0.9547750949859619,The original content of this audio is:'and now i said.',16,4.561963047250174
33,AND OH ANNE DEAR,4,3,1,DEAR,0.06923457235097885,0.06923457235097885,0.44128773747815014,0.09845691919326782,0.5552504100033391,0.09845691919326782,1,0.2312105263157891,0.8903937935829163,The exact words spoken by the speaker are: 'and oh anne dear.',16,4.668651626750943
33,AND OH ANNE DEAR,4,2,2,ANNE,0.059181444346904755,0.059181444346904755,0.37721104918712517,0.051363587379455566,0.06458565330651456,0.18105727434158325,2,0.2814736842105263,0.8903937935829163,The exact words spoken by the speaker are: 'and oh anne dear.',16,4.668651626750943
33,AND OH ANNE DEAR,4,1,3,OH,-0.02364295907318592,0.02364295907318592,0.15069563604442784,0.0,-6.661338147750939e-16,0.10256302356719971,3,0.2111052631578949,0.8903937935829163,The exact words spoken by the speaker are: 'and oh anne dear.',16,4.668651626750943
33,AND OH ANNE DEAR,4,0,4,AND,0.004833151586353779,0.004833151586353779,0.030805570916490787,0.0,-6.661338147750939e-16,0.10960620641708374,4,0.12063157894736842,0.8903937935829163,The exact words spoken by the speaker are: 'and oh anne dear.',16,4.668651626750943
35,AND REFUSED TO APOLOGISE,4,1,1,REFUSED,0.07977622747421265,0.07977622747421265,0.5501349330969302,0.06949037313461304,0.09090909090909072,0.06949037313461304,1,0.5046296296296298,0.8620830178260803,The original content of this audio is:'and refused to apologize.',16,4.62201084274966
35,AND REFUSED TO APOLOGISE,4,3,2,APOLOGISE,0.0599050410091877,0.0599050410091877,0.4131037123610688,0.048751235008239746,0.16375798999290903,0.1360127329826355,2,0.7872222222222223,0.8620830178260803,The original content of this audio is:'and refused to apologize.',16,4.62201084274966
35,AND REFUSED TO APOLOGISE,4,0,3,AND,-0.0035475590266287327,0.0035475590266287327,0.024463881153099994,0.0,-2.220446049250313e-16,0.13440799713134766,3,0.09083333333333335,0.8620830178260803,The original content of this audio is:'and refused to apologize.',16,4.62201084274966
35,AND REFUSED TO APOLOGISE,4,2,4,TO,0.0017832815647125244,0.0017832815647125244,0.01229746649292526,0.0,-2.220446049250313e-16,0.13791698217391968,4,0.0403703703703705,0.8620830178260803,The original content of this audio is:'and refused to apologize.',16,4.62201084274966
38,AND SO IN MY VIEW,5,0,1,AND,0.0,0.0,0.0,1.1920928955078125e-07,-2.220446049250313e-16,1.1920928955078125e-07,1,0.14124999999999993,0.9999998807907104,The original content of this audio is:'and so in my view.',32,7.544624636600202
38,AND SO IN MY VIEW,5,1,2,SO,0.0,0.0,0.0,1.1920928955078125e-07,-2.220446049250313e-16,1.1920928955078125e-07,2,0.2522321428571428,0.9999998807907104,The original content of this audio is:'and so in my view.',32,7.544624636600202
38,AND SO IN MY VIEW,5,2,3,IN,0.0,0.0,0.0,1.1920928955078125e-07,-2.220446049250313e-16,1.1920928955078125e-07,3,0.1513392857142859,0.9999998807907104,The original content of this audio is:'and so in my view.',32,7.544624636600202
38,AND SO IN MY VIEW,5,3,4,MY,0.0,0.0,0.0,1.1920928955078125e-07,-2.220446049250313e-16,1.1920928955078125e-07,4,0.15133928571428568,0.9999998807907104,The original content of this audio is:'and so in my view.',32,7.544624636600202
38,AND SO IN MY VIEW,5,4,5,VIEW,0.0,0.0,0.0,1.1920928955078125e-07,-2.220446049250313e-16,1.1920928955078125e-07,5,0.19169642857142866,0.9999998807907104,The original content of this audio is:'and so in my view.',32,7.544624636600202
43,AND THERE WAS MY AUNT,5,2,1,WAS,0.07746772468090057,0.07746772468090057,0.3713448057311172,1.1920928955078125e-07,-2.220446049250313e-16,1.1920928955078125e-07,1,0.09060810810810804,0.7913858890533447,The original content of this audio is:'and there was my aunt.',32,7.527735756400216
43,AND THERE WAS MY AUNT,5,4,2,AUNT,0.04497145116329193,0.04497145116329193,0.21557254798005418,1.1920928955078125e-07,-2.220446049250313e-16,1.1920928955078125e-07,2,0.21141891891891906,0.7913858890533447,The original content of this audio is:'and there was my aunt.',32,7.527735756400216
43,AND THERE WAS MY AUNT,5,0,3,AND,0.031334470957517624,0.031334470957517624,0.15020310817616553,0.003349602222442627,0.04257289224366201,0.013284623622894287,3,0.0805405405405406,0.7913858890533447,The original content of this audio is:'and there was my aunt.',32,7.527735756400216
43,AND THERE WAS MY AUNT,5,1,4,THERE,0.029796306043863297,0.029796306043863297,0.14282984978505892,1.1920928955078125e-07,-2.220446049250313e-16,0.18588125705718994,4,0.13087837837837835,0.7913858890533447,The original content of this audio is:'and there was my aunt.',32,7.527735756400216
43,AND THERE WAS MY AUNT,5,3,5,MY,0.025044044479727745,0.025044044479727745,0.120049683534062,1.1920928955078125e-07,-2.220446049250313e-16,0.20861411094665527,5,0.07047297297297295,0.7913858890533447,The original content of this audio is:'and there was my aunt.',32,7.527735756400216
44,AND THIS AND HERE AGAIN,5,4,1,AGAIN,0.06684359163045883,0.06684359163045883,0.6143914204251724,0.048866987228393555,0.0853408792399526,0.048866987228393555,1,0.5344166666666668,0.8924134969711304,The exact words spoken by the speaker are: 'and this and here again.',32,8.044468341198808
44,AND THIS AND HERE AGAIN,5,3,2,HERE,0.022039413452148438,0.022039413452148438,0.20257478998230458,0.0,0.0,0.1047019362449646,2,0.17141666666666677,0.8924134969711304,The exact words spoken by the speaker are: 'and this and here again.',32,8.044468341198808
44,AND THIS AND HERE AGAIN,5,1,3,THIS,0.015647845342755318,0.015647845342755318,0.14382683054912418,0.0,0.0,0.1047019362449646,3,0.2823333333333333,0.8924134969711304,The exact words spoken by the speaker are: 'and this and here again.',32,8.044468341198808
44,AND THIS AND HERE AGAIN,5,0,4,AND,0.0036606150679290295,0.0036606150679290295,0.03364646387717253,0.0,0.0,0.12383031845092773,4,0.11091666666666669,0.8924134969711304,The exact words spoken by the speaker are: 'and this and here again.',32,8.044468341198808
44,AND THIS AND HERE AGAIN,5,2,5,AND,-0.0006049610092304647,0.0006049610092304647,0.005560485974748028,0.006135463714599609,0.027694414671753376,0.10758650302886963,5,0.22183333333333333,0.8924134969711304,The exact words spoken by the speaker are: 'and this and here again.',32,8.044468341198808
60,AT YOUR SERVICE SIR,4,3,1,SIR,0.09726604074239731,0.09726604074239731,0.5490597771336164,0.08295106887817383,0.5818789949964545,0.08295106887817383,1,0.4918846153846155,0.8286742568016052,The original content of this audio is:'at your service sir.',16,4.673660831251254
60,AT YOUR SERVICE SIR,4,2,2,SERVICE,0.061701755970716476,0.061701755970716476,0.34830195742991016,1.1920928955078125e-07,-2.220446049250313e-16,0.17297589778900146,2,0.4718076923076924,0.8286742568016052,The original content of this audio is:'at your service sir.',16,4.673660831251254
60,AT YOUR SERVICE SIR,4,1,3,YOUR,0.015270104631781578,0.015270104631781578,0.08619863810574956,1.1920928955078125e-07,-2.220446049250313e-16,0.2045832872390747,3,0.17065384615384616,0.8286742568016052,The original content of this audio is:'at your service sir.',16,4.673660831251254
60,AT YOUR SERVICE SIR,4,0,4,AT,-0.0029122820124030113,0.0029122820124030113,0.016439621685796053,1.1920928955078125e-07,-2.220446049250313e-16,0.17132574319839478,4,0.11042307692307696,0.8286742568016052,The original content of this audio is:'at your service sir.',16,4.673660831251254
65,BUT ALL THIS WAS IN VAIN,6,3,1,WAS,0.035844188183546066,0.035844188183546066,0.26336171730058827,5.960464477539063e-08,0.0,5.960464477539063e-08,1,0.18136363636363617,0.863897442817688,The original content of this audio is:'but all this was in vain.',64,13.394603912500315
65,BUT ALL THIS WAS IN VAIN,6,1,2,ALL,0.029900800436735153,0.029900800436735153,0.21969324877318797,5.960464477539063e-08,0.0,5.960464477539063e-08,2,0.15113636363636362,0.863897442817688,The original content of this audio is:'but all this was in vain.',64,13.394603912500315
65,BUT ALL THIS WAS IN VAIN,6,2,3,THIS,0.026097606867551804,0.026097606867551804,0.1917496506512904,5.960464477539063e-08,0.0,0.1328812837600708,3,0.15113636363636362,0.863897442817688,The original content of this audio is:'but all this was in vain.',64,13.394603912500315
65,BUT ALL THIS WAS IN VAIN,6,5,4,VAIN,0.022994067519903183,0.022994067519903183,0.16894669447548596,5.960464477539063e-08,0.0,0.09826171398162842,4,0.34257575757575753,0.863897442817688,The original content of this audio is:'but all this was in vain.',64,13.394603912500315
65,BUT ALL THIS WAS IN VAIN,6,0,5,BUT,0.019188735634088516,0.019188735634088516,0.14098738527827342,5.960464477539063e-08,0.0,0.11613190174102783,5,0.0906818181818182,0.863897442817688,The original content of this audio is:'but all this was in vain.',64,13.394603912500315
65,BUT ALL THIS WAS IN VAIN,6,4,6,IN,0.0020771005656570196,0.0020771005656570196,0.015261296173770351,5.960464477539063e-08,0.0,0.136102557182312,6,0.08060606060606057,0.863897442817688,The original content of this audio is:'but all this was in vain.',64,13.394603912500315
66,BUT BEFORE HE COULD ACT,5,3,1,COULD,0.014109423384070396,0.014109423384070396,0.39801614990858003,0.01764148473739624,0.1296117202215109,0.01764148473739624,1,0.15156249999999982,1.0,The original content of this audio is:'but before he could act.',32,7.457804439000029
66,BUT BEFORE HE COULD ACT,5,0,2,BUT,-0.012045360170304775,0.012045360170304775,0.33979048957164276,0.0,-2.220446049250313e-16,0.0,2,0.08083333333333331,1.0,The original content of this audio is:'but before he could act.',32,7.457804439000029
66,BUT BEFORE HE COULD ACT,5,4,3,ACT,0.0036152638494968414,0.0036152638494968414,0.10198385569072704,0.0,-2.220446049250313e-16,0.0,3,0.21218749999999997,1.0,The original content of this audio is:'but before he could act.',32,7.457804439000029
66,BUT BEFORE HE COULD ACT,5,2,4,HE,-0.0033248234540224075,0.0033248234540224075,0.09379075205793277,0.0,-2.220446049250313e-16,0.050961434841156006,4,0.06062500000000015,1.0,The original content of this audio is:'but before he could act.',32,7.457804439000029
66,BUT BEFORE HE COULD ACT,5,1,5,BEFORE,-0.002354502212256193,0.002354502212256193,0.0664187245618746,0.0,-2.220446049250313e-16,0.0,5,0.30312499999999987,1.0,The original content of this audio is:'but before he could act.',32,7.457804439000029
76,BUT WHERE YOU GO I GO,6,0,1,BUT,0.037463776767253876,0.037463776767253876,0.5245515950294632,0.031129539012908936,0.028174684192449617,0.031129539012908936,1,0.0901906779661017,0.9348302483558655,The exact words spoken by the speaker are: 'but where you go i go.',64,14.111523127000206
76,BUT WHERE YOU GO I GO,6,2,2,YOU,0.022962182760238647,0.022962182760238647,0.3215065493014927,0.0,-2.220446049250313e-16,0.031129539012908936,2,0.1302754237288135,0.9348302483558655,The exact words spoken by the speaker are: 'but where you go i go.',64,14.111523127000206
76,BUT WHERE YOU GO I GO,6,5,3,GO,0.005968340672552586,0.005968340672552586,0.08356612412347984,0.0,-2.220446049250313e-16,0.08657675981521606,3,0.37078389830508485,0.9348302483558655,The exact words spoken by the speaker are: 'but where you go i go.',64,14.111523127000206
76,BUT WHERE YOU GO I GO,6,1,4,WHERE,0.0019008660456165671,0.0019008660456165671,0.026615104033960082,0.0,-2.220446049250313e-16,0.08657675981521606,4,0.19040254237288134,0.9348302483558655,The exact words spoken by the speaker are: 'but where you go i go.',64,14.111523127000206
76,BUT WHERE YOU GO I GO,6,3,5,GO,-0.0018494377145543694,0.0018494377145543694,0.025895026790921448,0.0,-2.220446049250313e-16,0.05405235290527344,5,0.2204661016949151,0.9348302483558655,The exact words spoken by the speaker are: 'but where you go i go.',64,14.111523127000206
76,BUT WHERE YOU GO I GO,6,4,6,I,-0.0012759704841300845,0.0012759704841300845,0.01786558671911533,0.0,-2.220446049250313e-16,0.06516975164413452,6,0.260550847457627,0.9348302483558655,The exact words spoken by the speaker are: 'but where you go i go.',64,14.111523127000206
80,BY WE'LL GO TO WAR WITH EM,7,1,1,WE'LL,0.08611015230417252,0.08611015230417252,0.40799457047246696,0.030364692211151123,0.0513167019494859,0.030364692211151123,1,0.2722131147540985,0.8126308917999268,The exact words spoken by the speaker are: 'by we'll go to war with them.',128,25.36935584571412
80,BY WE'LL GO TO WAR WITH EM,7,5,2,WITH,0.049347881227731705,0.049347881227731705,0.2338129368778172,0.0,-2.220446049250313e-16,0.030364692211151123,2,0.22180327868852445,0.8126308917999268,The exact words spoken by the speaker are: 'by we'll go to war with them.',128,25.36935584571412
80,BY WE'LL GO TO WAR WITH EM,7,2,3,GO,0.031885698437690735,0.031885698437690735,0.1510761680265879,0.0,-2.220446049250313e-16,0.1679127812385559,3,0.08065573770491796,0.8126308917999268,The exact words spoken by the speaker are: 'by we'll go to war with them.',128,25.36935584571412
80,BY WE'LL GO TO WAR WITH EM,7,4,4,WAR,0.023963365703821182,0.023963365703821182,0.11353972598805197,0.0,-2.220446049250313e-16,0.2200271487236023,4,0.17139344262295086,0.8126308917999268,The exact words spoken by the speaker are: 'by we'll go to war with them.',128,25.36935584571412
80,BY WE'LL GO TO WAR WITH EM,7,6,5,EM,-0.008666452020406723,0.008666452020406723,0.041062119563975645,0.0,-2.220446049250313e-16,0.2200271487236023,5,0.04032786885245909,0.8126308917999268,The exact words spoken by the speaker are: 'by we'll go to war with them.',128,25.36935584571412
80,BY WE'LL GO TO WAR WITH EM,7,3,6,TO,0.007906008511781693,0.007906008511781693,0.03745909698919138,0.0,-2.220446049250313e-16,0.2187461256980896,6,0.05040983606557381,0.8126308917999268,The exact words spoken by the speaker are: 'by we'll go to war with them.',128,25.36935584571412
80,BY WE'LL GO TO WAR WITH EM,7,0,7,BY,-0.0031775443349033594,0.0031775443349033594,0.015055377343854705,0.009387791156768799,0.05131670194948579,0.18736910820007324,7,0.2117213114754098,0.8126308917999268,The exact words spoken by the speaker are: 'by we'll go to war with them.',128,25.36935584571412
89,CHAPTER ONE MY EDUCATION,4,3,1,EDUCATION,0.09730927646160126,0.09730927646160126,0.5769640890556866,0.053426265716552734,0.09090909090909072,0.053426265716552734,1,0.7812499999999998,0.8313425779342651,The original content of this audio is:'chapter one my education.',16,4.7465250147506595
89,CHAPTER ONE MY EDUCATION,4,0,2,CHAPTER,0.03412960469722748,0.03412960469722748,0.20236052512153785,0.0,-2.220446049250313e-16,0.10478246212005615,2,0.3205128205128205,0.8313425779342651,The original content of this audio is:'chapter one my education.',16,4.7465250147506595
89,CHAPTER ONE MY EDUCATION,4,1,3,ONE,0.019013628363609314,0.019013628363609314,0.11273520025382269,0.0,-2.220446049250313e-16,0.10478246212005615,3,0.18028846153846145,0.8313425779342651,The original content of this audio is:'chapter one my education.',16,4.7465250147506595
89,CHAPTER ONE MY EDUCATION,4,2,4,MY,0.018204912543296814,0.018204912543296814,0.10794017963977418,0.0,-2.220446049250313e-16,0.16865742206573486,4,0.5008012820512819,0.8313425779342651,The original content of this audio is:'chapter one my education.',16,4.7465250147506595
94,CLOTHO FROM TIME TO TIME,5,2,1,TIME,0.038733385503292084,0.038733385503292084,0.28939866835193706,0.10227829217910767,0.0714285714285714,0.10227829217910767,1,0.20107526881720417,0.8661590814590454,The original content of this audio is: 'claythorne from time to time.',32,8.314383534000081
94,CLOTHO FROM TIME TO TIME,5,1,2,FROM,0.03388667479157448,0.03388667479157448,0.2531861966654915,0.0802311897277832,0.0714285714285714,0.08104562759399414,2,0.13069892473118283,0.8661590814590454,The original content of this audio is: 'claythorne from time to time.',32,8.314383534000081
94,CLOTHO FROM TIME TO TIME,5,0,3,CLOTHO,0.031135588884353638,0.031135588884353638,0.23263130357452164,0.09245038032531738,0.0714285714285714,0.0719338059425354,3,0.30161290322580653,0.8661590814590454,The original content of this audio is: 'claythorne from time to time.',32,8.314383534000081
94,CLOTHO FROM TIME TO TIME,5,4,4,TIME,0.019390258938074112,0.019390258938074112,0.14487541026334894,0.0,0.0,0.0719338059425354,4,0.27145161290322584,0.8661590814590454,The original content of this audio is: 'claythorne from time to time.',32,8.314383534000081
94,CLOTHO FROM TIME TO TIME,5,3,5,TO,0.010695016011595726,0.010695016011595726,0.07990841367314465,0.0,0.0,0.1338409185409546,5,0.06032258064516127,0.8661590814590454,The original content of this audio is: 'claythorne from time to time.',32,8.314383534000081
102,DEATH OF A FRIEND,4,0,1,DEATH,-0.02970849722623825,0.02970849722623825,0.45864959577403264,0.0,-4.440892098500626e-16,0.0,1,0.2416513761467889,0.9946431517601013,The original content of this audio is: 'Death of a friend.',16,4.767033874000845
102,DEATH OF A FRIEND,4,3,2,FRIEND,0.023181946948170662,0.023181946948170662,0.3578905562292502,0.005356848239898682,-4.440892098500626e-16,0.005356848239898682,2,0.6343348623853211,0.9946431517601013,The original content of this audio is: 'Death of a friend.',16,4.767033874000845
102,DEATH OF A FRIEND,4,1,3,OF,0.005941699258983135,0.005941699258983135,0.0917299162791934,0.0,-4.440892098500626e-16,0.005356848239898682,3,0.09061926605504589,0.9946431517601013,The original content of this audio is: 'Death of a friend.',16,4.767033874000845
102,DEATH OF A FRIEND,4,2,4,A,0.005941699258983135,0.005941699258983135,0.0917299162791934,0.0,-4.440892098500626e-16,0.005356848239898682,4,0.020137614678899074,0.9946431517601013,The original content of this audio is: 'Death of a friend.',16,4.767033874000845
109,ELEVEN P M MAJOR,4,3,1,MAJOR,0.03235113248229027,0.03235113248229027,0.999999969089182,0.032351136207580566,0.046537410754407316,0.032351136207580566,1,0.9657142857142853,0.9676488637924194,The original content of this audio is:'eleven p.m. major.',16,5.000213920751776
109,ELEVEN P M MAJOR,4,0,2,ELEVEN,0.0,0.0,0.0,0.0,-2.220446049250313e-16,0.032351136207580566,2,0.3722023809523809,0.9676488637924194,The original content of this audio is:'eleven p.m. major.',16,5.000213920751776
109,ELEVEN P M MAJOR,4,1,3,P,0.0,0.0,0.0,0.0,-2.220446049250313e-16,0.032351136207580566,3,0.14083333333333325,0.9676488637924194,The original content of this audio is:'eleven p.m. major.',16,5.000213920751776
109,ELEVEN P M MAJOR,4,2,4,M,0.0,0.0,0.0,0.0,-2.220446049250313e-16,0.032351136207580566,4,0.1408333333333336,0.9676488637924194,The original content of this audio is:'eleven p.m. major.',16,5.000213920751776
110,EMILY AT THIS TIME,4,0,1,EMILY,0.06933283805847168,0.06933283805847168,0.5496488528475392,0.06731534004211426,0.11050082000667827,0.06731534004211426,1,0.3315714285714285,0.873859703540802,The original content of this audio is: 'Emily at this time.',16,4.788972296000793
110,EMILY AT THIS TIME,4,2,2,THIS,0.019306501373648643,0.019306501373648643,0.15305584813326092,5.960464477539063e-08,-4.440892098500626e-16,0.06731534004211426,2,0.16076190476190466,0.873859703540802,The original content of this audio is: 'Emily at this time.',16,4.788972296000793
110,EMILY AT THIS TIME,4,3,3,TIME,0.019306501373648643,0.019306501373648643,0.15305584813326092,5.960464477539063e-08,-4.440892098500626e-16,0.07065165042877197,3,0.21100000000000008,0.873859703540802,The original content of this audio is: 'Emily at this time.',16,4.788972296000793
110,EMILY AT THIS TIME,4,1,4,AT,0.018194397911429405,0.018194397911429405,0.14423944295825467,5.960464477539063e-08,-4.440892098500626e-16,0.126140296459198,4,0.2110000000000003,0.873859703540802,The original content of this audio is: 'Emily at this time.',16,4.788972296000793
111,END IN I AND FIVE IN T,7,4,1,FIVE,0.06220246106386185,0.06220246106386185,0.4013046421916133,0.11626076698303223,0.4838145987912359,0.11626076698303223,1,0.4220999999999999,0.8616876602172852,The exact words spoken by the speaker are: 'end in i and five in t.',128,27.279886985857697
111,END IN I AND FIVE IN T,7,5,2,IN,0.04902523010969162,0.04902523010969162,0.31629057903886476,0.11979728937149048,0.4838145987912359,0.10276484489440918,2,0.4321500000000005,0.8616876602172852,The exact words spoken by the speaker are: 'end in i and five in t.',128,27.279886985857697
111,END IN I AND FIVE IN T,7,3,3,AND,0.016986992210149765,0.016986992210149765,0.10959307259253068,0.009819090366363525,0.02667147321542429,0.18570542335510254,3,0.46230000000000016,0.8616876602172852,The exact words spoken by the speaker are: 'end in i and five in t.',128,27.279886985857697
111,END IN I AND FIVE IN T,7,1,4,IN,0.010292594321072102,0.010292594321072102,0.06640357649194324,0.0,-4.440892098500626e-16,0.18570542335510254,4,0.09045000000000003,0.8616876602172852,The exact words spoken by the speaker are: 'end in i and five in t.',128,27.279886985857697
111,END IN I AND FIVE IN T,7,6,5,T,-0.008344126865267754,0.008344126865267754,0.05383286752319715,0.0,-4.440892098500626e-16,0.18898403644561768,5,0.020099999999999785,0.8616876602172852,The exact words spoken by the speaker are: 'end in i and five in t.',128,27.279886985857697
111,END IN I AND FIVE IN T,7,0,6,END,0.007935800589621067,0.007935800589621067,0.05119851468340207,0.030557990074157715,0.05263157894736803,0.14690911769866943,6,0.15075000000000005,0.8616876602172852,The exact words spoken by the speaker are: 'end in i and five in t.',128,27.279886985857697
111,END IN I AND FIVE IN T,7,2,7,I,0.000213395687751472,0.000213395687751472,0.0013767410268609225,0.0,-4.440892098500626e-16,0.13831233978271484,7,0.23114999999999974,0.8616876602172852,The exact words spoken by the speaker are: 'end in i and five in t.',128,27.279886985857697
113,EVER YOUR'S W H,4,1,1,YOUR'S,0.08914124965667725,0.08914124965667725,0.7301071438389682,0.13350582122802734,0.5954800825220548,0.13350582122802734,1,0.3918750000000002,0.8779067397117615,The original content of this audio is: 'Ever yours W H.',16,4.602116289499463
113,EVER YOUR'S W H,4,2,2,W,0.02203000709414482,0.02203000709414482,0.18043571994117172,0.014869987964630127,0.046537410754407316,0.17842626571655273,2,0.7536057692307692,0.8779067397117615,The original content of this audio is: 'Ever yours W H.',16,4.602116289499463
113,EVER YOUR'S W H,4,0,3,EVER,0.007860282436013222,0.007860282436013222,0.06437926752460942,0.10436660051345825,0.5970885179873098,0.10481274127960205,3,0.20096153846153864,0.8779067397117615,The original content of this audio is: 'Ever yours W H.',16,4.602116289499463
113,EVER YOUR'S W H,4,3,4,H,0.0030618407763540745,0.0030618407763540745,0.025077860504798426,-1.1920928955078125e-07,-2.220446049250313e-16,0.12209326028823853,4,0.020096153846154152,0.8779067397117615,The original content of this audio is: 'Ever yours W H.',16,4.602116289499463
116,FACE AND FIGURE I,4,0,1,FACE,0.05250869691371918,0.05250869691371918,0.5445999044426902,1.1920928955078125e-07,-6.661338147750939e-16,1.1920928955078125e-07,1,0.27044701986754965,0.9058480262756348,The original content of this audio is:'face and figure.',16,4.63791328949992
116,FACE AND FIGURE I,4,2,2,FIGURE,0.037402648478746414,0.037402648478746414,0.38792581009769467,1.1920928955078125e-07,-6.661338147750939e-16,0.13026350736618042,2,0.2904801324503309,0.9058480262756348,The original content of this audio is:'face and figure.',16,4.63791328949992
116,FACE AND FIGURE I,4,3,3,I,0.005373090505599976,0.005373090505599976,0.05572761747867973,0.019278287887573242,0.046537410754407316,0.13026350736618042,3,0.6510761589403975,0.9058480262756348,The original content of this audio is:'face and figure.',16,4.63791328949992
116,FACE AND FIGURE I,4,1,4,AND,-0.001132577657699585,0.001132577657699585,0.011746657609321962,0.005554139614105225,-6.661338147750939e-16,0.09415197372436523,4,0.17028145695364238,0.9058480262756348,The original content of this audio is:'face and figure.',16,4.63791328949992
117,FOR ASKED THE INCAS,4,3,1,INCAS,0.0923381969332695,0.0923381969332695,0.8859708006783056,0.12733346223831177,0.47702363963150907,0.12733346223831177,1,0.36306818181818157,0.899590253829956,The original content of this audio is:'four asked the incas',16,4.9141769452489825
117,FOR ASKED THE INCAS,4,2,2,THE,0.005571931600570679,0.005571931600570679,0.0534618269084233,0.005442261695861816,-6.661338147750939e-16,0.1253904104232788,2,0.06051136363636345,0.899590253829956,The original content of this audio is:'four asked the incas',16,4.9141769452489825
117,FOR ASKED THE INCAS,4,1,3,ASKED,0.00440602470189333,0.00440602470189333,0.042275129497772915,0.03351014852523804,0.18462575167278839,0.09656953811645508,3,0.1815340909090909,0.899590253829956,The original content of this audio is:'four asked the incas',16,4.9141769452489825
117,FOR ASKED THE INCAS,4,0,4,FOR,-0.0019064644584432244,0.0019064644584432244,0.01829223332065197,5.960464477539063e-08,-6.661338147750939e-16,0.10040974617004395,4,0.1916193181818182,0.899590253829956,The original content of this audio is:'four asked the incas',16,4.9141769452489825
127,HAM TO BE OR NOT TO BE,7,1,1,TO,0.03101601079106331,0.03101601079106331,0.40282301610101795,0.10138928890228271,0.367544467966324,0.10138928890228271,1,0.21196261682243,0.9656397700309753,The exact words spoken by the speaker are: 'to be or not to be'.,128,25.227702079143324
127,HAM TO BE OR NOT TO BE,7,0,2,HAM,-0.020836444571614265,0.020836444571614265,0.2706150543891913,0.06088477373123169,0.3492086265440315,0.0020614266395568848,2,0.15140186915887843,0.9656397700309753,The exact words spoken by the speaker are: 'to be or not to be'.,128,25.227702079143324
127,HAM TO BE OR NOT TO BE,7,2,3,BE,0.0076037123799324036,0.0076037123799324036,0.09875384604043125,0.0020614266395568848,0.0,0.08565765619277954,3,0.1413084112149534,0.9656397700309753,The exact words spoken by the speaker are: 'to be or not to be'.,128,25.227702079143324
127,HAM TO BE OR NOT TO BE,7,3,4,OR,0.00684083579108119,0.00684083579108119,0.08884592298404496,0.0020614266395568848,0.0,0.028449952602386475,4,0.11102803738317757,0.9656397700309753,The exact words spoken by the speaker are: 'to be or not to be'.,128,25.227702079143324
127,HAM TO BE OR NOT TO BE,7,6,5,BE,0.006112830247730017,0.006112830247730017,0.07939089052721215,0.05338090658187866,0.024099927051466796,0.028449952602386475,5,0.25233644859813076,0.9656397700309753,The exact words spoken by the speaker are: 'to be or not to be'.,128,25.227702079143324
127,HAM TO BE OR NOT TO BE,7,5,6,TO,0.0041049774736166,0.0041049774736166,0.053313735866555224,0.0020614266395568848,0.0,0.03436022996902466,6,0.04037383177570075,0.9656397700309753,The exact words spoken by the speaker are: 'to be or not to be'.,128,25.227702079143324
127,HAM TO BE OR NOT TO BE,7,4,7,NOT,-0.0004818079760298133,0.0004818079760298133,0.006257521103964082,1.1920928955078125e-07,0.0,0.03436022996902466,7,0.1413084112149532,0.9656397700309753,The exact words spoken by the speaker are: 'to be or not to be'.,128,25.227702079143324
134,HE COULD WAIT NO LONGER,5,2,1,WAIT,0.04781211167573929,0.04781211167573929,0.8427757039094985,0.053601622581481934,0.08333333333333304,0.053601622581481934,1,0.19045673076923064,0.9611074328422546,The original content of this audio is: 'he could wait no longer.',32,7.9369609328001385
134,HE COULD WAIT NO LONGER,5,1,2,COULD,-0.0052942875772714615,0.0052942875772714615,0.09332147824582103,5.960464477539063e-08,-2.220446049250313e-16,0.053601622581481934,2,0.14033653846153848,0.9611074328422546,The original content of this audio is: 'he could wait no longer.',32,7.9369609328001385
134,HE COULD WAIT NO LONGER,5,4,3,LONGER,-0.0021000297274440527,0.0021000297274440527,0.03701685555703219,5.960464477539063e-08,-2.220446049250313e-16,0.053601622581481934,3,0.34081730769230756,0.9611074328422546,The original content of this audio is: 'he could wait no longer.',32,7.9369609328001385
134,HE COULD WAIT NO LONGER,5,0,4,HE,-0.0008864342817105353,0.0008864342817105353,0.015625021559488684,5.960464477539063e-08,-2.220446049250313e-16,0.03889256715774536,4,0.05012019230769227,0.9611074328422546,The original content of this audio is: 'he could wait no longer.',32,7.9369609328001385
134,HE COULD WAIT NO LONGER,5,3,5,NO,-0.0006388514884747565,0.0006388514884747565,0.011260923101335049,5.960464477539063e-08,-2.220446049250313e-16,0.03889256715774536,5,0.09021634615384633,0.9611074328422546,The original content of this audio is: 'he could wait no longer.',32,7.9369609328001385
139,HE LOOKED ROUND THE ROOM,5,0,1,HE,0.027076972648501396,0.027076972648501396,0.2590133158310461,-1.1920928955078125e-07,-6.661338147750939e-16,-1.1920928955078125e-07,1,0.05028089887640452,0.8954612016677856,The original content of this audio is: 'He looked round the room.',32,7.9066221785993545
139,HE LOOKED ROUND THE ROOM,5,1,2,LOOKED,0.027076972648501396,0.027076972648501396,0.2590133158310461,-1.1920928955078125e-07,-6.661338147750939e-16,-1.1920928955078125e-07,2,0.19106741573033714,0.8954612016677856,The original content of this audio is: 'He looked round the room.',32,7.9066221785993545
139,HE LOOKED ROUND THE ROOM,5,2,3,ROUND,0.027076972648501396,0.027076972648501396,0.2590133158310461,-1.1920928955078125e-07,-6.661338147750939e-16,-1.1920928955078125e-07,3,0.2011235955056181,0.8954612016677856,The original content of this audio is: 'He looked round the room.',32,7.9066221785993545
139,HE LOOKED ROUND THE ROOM,5,3,4,THE,0.01630644127726555,0.01630644127726555,0.15598440340643277,-1.1920928955078125e-07,-6.661338147750939e-16,0.08030152320861816,4,0.0703932584269662,0.8954612016677856,The original content of this audio is: 'He looked round the room.',32,7.9066221785993545
139,HE LOOKED ROUND THE ROOM,5,4,5,ROOM,0.007001561112701893,0.007001561112701893,0.06697563953461377,-1.1920928955078125e-07,-6.661338147750939e-16,0.10453879833221436,5,0.28157303370786524,0.8954612016677856,The original content of this audio is: 'He looked round the room.',32,7.9066221785993545
143,HE SAID THEY ARE NICE,5,2,1,THEY,0.029004842042922974,0.029004842042922974,0.401257207384293,0.030153989791870117,0.1255253678047934,0.030153989791870117,1,0.4029850746268655,0.9528833627700806,The exact words spoken by the speaker are: 'he said they are nice.',32,8.004887004199555
143,HE SAID THEY ARE NICE,5,1,2,SAID,-0.012584136798977852,0.012584136798977852,0.17409078049200458,0.0,0.0,0.030153989791870117,2,0.23171641791044773,0.9528833627700806,The exact words spoken by the speaker are: 'he said they are nice.',32,8.004887004199555
143,HE SAID THEY ARE NICE,5,0,3,HE,0.011974011547863483,0.011974011547863483,0.16565021894526358,0.02888399362564087,0.06066356337227585,0.030153989791870117,3,0.07052238805970146,0.9528833627700806,The exact words spoken by the speaker are: 'he said they are nice.',32,8.004887004199555
143,HE SAID THEY ARE NICE,5,3,4,ARE,0.01197291724383831,0.01197291724383831,0.16563508018406914,0.003330826759338379,0.06066356337227585,0.049244701862335205,4,0.2115671641791046,0.9528833627700806,The exact words spoken by the speaker are: 'he said they are nice.',32,8.004887004199555
143,HE SAID THEY ARE NICE,5,4,5,NICE,0.0067490036599338055,0.0067490036599338055,0.09336669916022418,0.0,0.0,0.047116637229919434,5,0.32238805970149276,0.9528833627700806,The exact words spoken by the speaker are: 'he said they are nice.',32,8.004887004199555
144,HE SAID WHY YOU,4,0,1,HE,0.027340611442923546,0.027340611442923546,0.33333332926937487,0.08202195167541504,0.7139612232263223,0.08202195167541504,1,0.1107432432432432,0.917978048324585,The exact words spoken by the speaker are: 'Why.',16,4.365964976999749
144,HE SAID WHY YOU,4,1,2,SAID,0.027340611442923546,0.027340611442923546,0.33333332926937487,0.08202195167541504,0.7139612232263223,0.08202195167541504,2,0.31209459459459454,0.917978048324585,The exact words spoken by the speaker are: 'Why.',16,4.365964976999749
144,HE SAID WHY YOU,4,2,3,WHY,0.027340611442923546,0.027340611442923546,0.33333332926937487,0.08202195167541504,0.7139612232263223,0.08202195167541504,3,0.5939864864864863,0.917978048324585,The exact words spoken by the speaker are: 'Why.',16,4.365964976999749
144,HE SAID WHY YOU,4,3,4,YOU,0.0,0.0,0.0,1.1920928955078125e-07,-2.220446049250313e-16,0.08202195167541504,4,0.06040540540540551,0.917978048324585,The exact words spoken by the speaker are: 'Why.',16,4.365964976999749
147,HE TECK DAT TIME TOO,5,0,1,HE,0.043379075825214386,0.043379075825214386,0.3348946975553656,0.04623723030090332,0.06458565330651467,0.04623723030090332,1,0.08041237113402061,0.8704695105552673,The exact words spoken by the speaker are: 'he'd take that time too.',32,7.981131131399889
147,HE TECK DAT TIME TOO,5,2,2,DAT,0.03681214153766632,0.03681214153766632,0.28419671862756074,0.0946456789970398,0.6984886554222364,0.10341215133666992,2,0.15077319587628857,0.8704695105552673,The exact words spoken by the speaker are: 'he'd take that time too.',32,7.981131131399889
147,HE TECK DAT TIME TOO,5,1,3,TECK,0.034520506858825684,0.034520506858825684,0.2665048640161346,0.04220801591873169,0.09630388588493621,0.12953048944473267,3,0.1608247422680411,0.8704695105552673,The exact words spoken by the speaker are: 'he'd take that time too.',32,7.981131131399889
147,HE TECK DAT TIME TOO,5,4,4,TOO,0.007476752623915672,0.007476752623915672,0.05772194914367221,0.054667532444000244,0.5146373283029244,0.10341215133666992,4,0.17087628865979387,0.8704695105552673,The exact words spoken by the speaker are: 'he'd take that time too.',32,7.981131131399889
147,HE TECK DAT TIME TOO,5,3,5,TIME,0.007342016790062189,0.007342016790062189,0.05668176293707708,0.0,0.0,0.12953048944473267,5,0.37190721649484515,0.8704695105552673,The exact words spoken by the speaker are: 'he'd take that time too.',32,7.981131131399889
148,HE TOLD ME IN CONFIDENCE,5,1,1,TOLD,0.008990049362182617,0.008990049362182617,0.5653985815226326,-1.1920928955078125e-07,-2.220446049250313e-16,-1.1920928955078125e-07,1,0.25221238938053103,0.9840997457504272,The original content of this audio is: 'he told me in confidence.',32,7.975295892999566
148,HE TOLD ME IN CONFIDENCE,5,2,2,ME,0.0033919713459908962,0.0033919713459908962,0.21332650248352558,-1.1920928955078125e-07,-2.220446049250313e-16,0.015900254249572754,2,0.12106194690265482,0.9840997457504272,The original content of this audio is: 'he told me in confidence.',32,7.975295892999566
148,HE TOLD ME IN CONFIDENCE,5,0,3,HE,0.0017365813255310059,0.0017365813255310059,0.10921637675141155,0.0060651302337646484,-2.220446049250313e-16,0.015900254249572754,3,0.09079646017699111,0.9840997457504272,The original content of this audio is: 'he told me in confidence.',32,7.975295892999566
148,HE TOLD ME IN CONFIDENCE,5,3,4,IN,0.0015453002415597439,0.0015453002415597439,0.09718640347847211,-1.1920928955078125e-07,-2.220446049250313e-16,0.015900254249572754,4,0.09079646017699128,0.9840997457504272,The original content of this audio is: 'he told me in confidence.',32,7.975295892999566
148,HE TOLD ME IN CONFIDENCE,5,4,5,CONFIDENCE,0.00023647153284400702,0.00023647153284400702,0.014872072872358973,-1.1920928955078125e-07,-2.220446049250313e-16,0.015900254249572754,5,0.6658407079646018,0.9840997457504272,The original content of this audio is: 'he told me in confidence.',32,7.975295892999566
156,HERE IS A NARROW CORNER AS,6,3,1,NARROW,0.06650498509407043,0.06650498509407043,0.4806075402661486,0.04769939184188843,0.10291477285493933,0.04769939184188843,1,0.3127927927927927,0.879348635673523,The original content of this audio is: 'here is a narrow corner as.',64,13.545827439833374
156,HERE IS A NARROW CORNER AS,6,4,2,CORNER,0.05216990038752556,0.05216990038752556,0.37701305346829067,5.960464477539063e-08,0.0,0.18199962377548218,2,0.3834234234234235,0.879348635673523,The original content of this audio is: 'here is a narrow corner as.',64,13.545827439833374
156,HERE IS A NARROW CORNER AS,6,2,3,A,-0.008150861598551273,0.008150861598551273,0.0589033369211116,5.960464477539063e-08,0.0,0.12274169921875,3,0.020180180180180196,0.879348635673523,The original content of this audio is: 'here is a narrow corner as.',64,13.545827439833374
156,HERE IS A NARROW CORNER AS,6,1,4,IS,0.005736715160310268,0.005736715160310268,0.04145717134594269,5.960464477539063e-08,0.0,0.12335085868835449,4,0.09081081081081077,0.879348635673523,The original content of this audio is: 'here is a narrow corner as.',64,13.545827439833374
156,HERE IS A NARROW CORNER AS,6,0,5,HERE,0.005102510564029217,0.005102510564029217,0.03687400347344439,5.960464477539063e-08,0.0,0.12391394376754761,5,0.2623423423423424,0.879348635673523,The original content of this audio is: 'here is a narrow corner as.',64,13.545827439833374
156,HERE IS A NARROW CORNER AS,6,5,6,AS,-0.0007119335932657123,0.0007119335932657123,0.005144887298422711,0.003041982650756836,0.03390821692070389,0.12065136432647705,6,0.19171171171171175,0.879348635673523,The original content of this audio is: 'here is a narrow corner as.',64,13.545827439833374
157,HERE SOME OF YOU GIRLS,5,0,1,HERE,0.03467442840337753,0.03467442840337753,0.2669605344770969,0.04189634323120117,0.4479475525261164,0.04189634323120117,1,0.21154411764705883,0.9144496321678162,The original content of this audio is: 'here some of you girls.',32,8.307670327198867
157,HERE SOME OF YOU GIRLS,5,1,2,SOME,0.03426749259233475,0.03426749259233475,0.2638275109027769,0.04189634323120117,0.4479475525261164,0.04385972023010254,2,0.1511029411764706,0.9144496321678162,The original content of this audio is: 'here some of you girls.',32,8.307670327198867
157,HERE SOME OF YOU GIRLS,5,4,3,GIRLS,0.02965904213488102,0.02965904213488102,0.2283467703720049,0.0381125807762146,0.07142857142857073,0.14697426557540894,3,0.3525735294117649,0.9144496321678162,The original content of this audio is: 'here some of you girls.',32,8.307670327198867
157,HERE SOME OF YOU GIRLS,5,2,4,OF,-0.02216779999434948,0.02216779999434948,0.17067124123368319,0.0,-6.661338147750939e-16,0.08715212345123291,4,0.040294117647058814,0.9144496321678162,The original content of this audio is: 'here some of you girls.',32,8.307670327198867
157,HERE SOME OF YOU GIRLS,5,3,5,YOU,0.009117207489907742,0.009117207489907742,0.07019393531537724,0.04189634323120117,0.4479475525261164,0.08555036783218384,5,0.09066176470588228,0.9144496321678162,The original content of this audio is: 'here some of you girls.',32,8.307670327198867
163,I AM VERY GLAD,4,3,1,GLAD,0.053675293922424316,0.053675293922424316,0.999999981369455,0.053675293922424316,0.5165062215847717,0.053675293922424316,1,0.5727142857142855,0.9463247060775757,The original content of this audio is:'I am very glad.',16,4.715173355250954
163,I AM VERY GLAD,4,0,2,I,0.0,0.0,0.0,0.0,-2.220446049250313e-16,0.053675293922424316,2,0.07033333333333336,0.9463247060775757,The original content of this audio is:'I am very glad.',16,4.715173355250954
163,I AM VERY GLAD,4,1,3,AM,0.0,0.0,0.0,0.0,-2.220446049250313e-16,0.053675293922424316,3,0.1507142857142857,0.9463247060775757,The original content of this audio is:'I am very glad.',16,4.715173355250954
163,I AM VERY GLAD,4,2,4,VERY,0.0,0.0,0.0,0.0,-2.220446049250313e-16,0.053675293922424316,4,0.3918571428571427,0.9463247060775757,The original content of this audio is:'I am very glad.',16,4.715173355250954
168,I DO THINK THIS IS,5,1,1,DO,0.03513459861278534,0.03513459861278534,0.28189084266867465,0.0,0.0,0.0,1,0.10052083333333339,0.881363570690155,The original content of this audio is: 'I do think this is.',32,7.945977688999847
168,I DO THINK THIS IS,5,2,2,THINK,0.03513459861278534,0.03513459861278534,0.28189084266867465,0.0,0.0,0.0,2,0.15078124999999987,0.881363570690155,The original content of this audio is: 'I do think this is.',32,7.945977688999847
168,I DO THINK THIS IS,5,3,3,THIS,0.03513459861278534,0.03513459861278534,0.28189084266867465,0.0,0.0,0.0745733380317688,3,0.13067708333333328,0.881363570690155,The original content of this audio is: 'I do think this is.',32,7.945977688999847
168,I DO THINK THIS IS,5,4,4,IS,0.016233930364251137,0.016233930364251137,0.13024757620364782,0.0,0.0,0.1276857852935791,4,0.07036458333333329,0.881363570690155,The original content of this audio is: 'I do think this is.',32,7.945977688999847
168,I DO THINK THIS IS,5,0,5,I,-0.003001293633133173,0.003001293633133173,0.02407988776715863,0.0,0.0,0.11863642930984497,5,0.06031249999999988,0.881363570690155,The original content of this audio is: 'I do think this is.',32,7.945977688999847
170,I GIVE MY CONSENT,4,3,1,CONSENT,0.08043946325778961,0.08043946325778961,0.6653014441813778,0.05087447166442871,0.5165062215847717,0.05087447166442871,1,0.6654545454545455,0.8802827000617981,The exact words spoken by the speaker are: 'I give my consent.',16,5.014668481000626
170,I GIVE MY CONSENT,4,1,2,GIVE,0.03037889301776886,0.03037889301776886,0.25125877994214474,0.061790645122528076,0.5970885179873098,0.09374821186065674,2,0.23190082644628096,0.8802827000617981,The exact words spoken by the speaker are: 'I give my consent.',16,5.014668481000626
170,I GIVE MY CONSENT,4,2,3,MY,0.009493684396147728,0.009493684396147728,0.07852068727904708,0.0,-6.661338147750939e-16,0.1197172999382019,3,0.21173553719008265,0.8802827000617981,The exact words spoken by the speaker are: 'I give my consent.',16,5.014668481000626
170,I GIVE MY CONSENT,4,0,4,I,-0.0005947502213530242,0.0005947502213530242,0.00491908032659633,0.0,-6.661338147750939e-16,0.1197172999382019,4,0.07057851239669422,0.8802827000617981,The exact words spoken by the speaker are: 'I give my consent.',16,5.014668481000626
171,I GRANT SAID THE SENATOR,5,4,1,SENATOR,0.08882942795753479,0.08882942795753479,0.6452187387851042,0.06874072551727295,0.10920133183391045,0.06874072551727295,1,0.5651376146788993,0.8811634182929993,"The exact words spoken by the speaker are: 'I grant,' said the senator.",32,7.922601595599554
171,I GRANT SAID THE SENATOR,5,2,2,SAID,0.024668551981449127,0.024668551981449127,0.1791817459945186,0.020728588104248047,0.02667147321542429,0.12998121976852417,2,0.17155963302752286,0.8811634182929993,"The exact words spoken by the speaker are: 'I grant,' said the senator.",32,7.922601595599554
171,I GRANT SAID THE SENATOR,5,3,3,THE,0.014756988734006882,0.014756988734006882,0.10718841580037744,0.0,-6.661338147750939e-16,0.11883658170700073,3,0.08073394495412844,0.8811634182929993,"The exact words spoken by the speaker are: 'I grant,' said the senator.",32,7.922601595599554
171,I GRANT SAID THE SENATOR,5,1,4,GRANT,-0.008463882841169834,0.008463882841169834,0.06147800270215813,0.0,-6.661338147750939e-16,0.11883658170700073,4,0.3834862385321103,0.8811634182929993,"The exact words spoken by the speaker are: 'I grant,' said the senator.",32,7.922601595599554
171,I GRANT SAID THE SENATOR,5,0,5,I,-0.000954501680098474,0.000954501680098474,0.0069330894542720175,0.0,-6.661338147750939e-16,0.11883658170700073,5,0.050458715596330306,0.8811634182929993,"The exact words spoken by the speaker are: 'I grant,' said the senator.",32,7.922601595599554
174,I KNEW YOU ALSO,4,3,1,ALSO,0.08518479019403458,0.08518479019403458,0.6535541947038872,0.0944553017616272,0.5970885179873098,0.0944553017616272,1,0.5041208791208793,0.8696591854095459,The original content of this audio is: 'I knew you also.',16,4.978676742750395
174,I KNEW YOU ALSO,4,1,2,KNEW,0.0341939702630043,0.0341939702630043,0.2623427568238752,0.06500554084777832,0.5970885179873098,0.11474967002868652,2,0.2016483516483516,0.8696591854095459,The original content of this audio is: 'I knew you also.',16,4.978676742750395
174,I KNEW YOU ALSO,4,2,3,YOU,0.009054954163730145,0.009054954163730145,0.0694713605923947,0.0,-2.220446049250313e-16,0.1303408145904541,3,0.11090659340659359,0.8696591854095459,The original content of this audio is: 'I knew you also.',16,4.978676742750395
174,I KNEW YOU ALSO,4,0,4,I,0.0019071052083745599,0.0019071052083745599,0.014631680207649423,0.0,-2.220446049250313e-16,0.1303408145904541,4,0.050412087912087844,0.8696591854095459,The original content of this audio is: 'I knew you also.',16,4.978676742750395
177,I NEVER HAD ANY FAMILY,5,0,1,I,0.0,0.0,0.0,1.1920928955078125e-07,-2.220446049250313e-16,1.1920928955078125e-07,1,0.06032846715328466,0.9999998807907104,The original content of this audio is: 'I never had any family.',32,8.139699790399755
177,I NEVER HAD ANY FAMILY,5,1,2,NEVER,0.0,0.0,0.0,1.1920928955078125e-07,-2.220446049250313e-16,1.1920928955078125e-07,2,0.2815328467153282,0.9999998807907104,The original content of this audio is: 'I never had any family.',32,8.139699790399755
177,I NEVER HAD ANY FAMILY,5,2,3,HAD,0.0,0.0,0.0,1.1920928955078125e-07,-2.220446049250313e-16,1.1920928955078125e-07,3,0.2513686131386861,0.9999998807907104,The original content of this audio is: 'I never had any family.',32,8.139699790399755
177,I NEVER HAD ANY FAMILY,5,3,4,ANY,0.0,0.0,0.0,1.1920928955078125e-07,-2.220446049250313e-16,1.1920928955078125e-07,4,0.20109489051094864,0.9999998807907104,The original content of this audio is: 'I never had any family.',32,8.139699790399755
177,I NEVER HAD ANY FAMILY,5,4,5,FAMILY,0.0,0.0,0.0,1.1920928955078125e-07,-2.220446049250313e-16,1.1920928955078125e-07,5,0.4424087591240877,0.9999998807907104,The original content of this audio is: 'I never had any family.',32,8.139699790399755
187,I WILL PRACTICE IT,4,2,1,PRACTICE,0.1220032274723053,0.1220032274723053,0.6506776904277041,0.09284090995788574,0.5970885179873098,0.09284090995788574,1,0.3939795918367347,0.833640456199646,The original content of this audio is: 'I will practice it.',16,4.664627398749872
187,I WILL PRACTICE IT,4,1,2,WILL,0.030811801552772522,0.030811801552772522,0.16432804514803337,0.0357745885848999,0.09090909090909072,0.1007278561592102,2,0.15153061224489794,0.833640456199646,The original content of this audio is: 'I will practice it.',16,4.664627398749872
187,I WILL PRACTICE IT,4,3,3,IT,0.024115636944770813,0.024115636944770813,0.12861550694614576,0.0,-2.220446049250313e-16,0.1805812120437622,3,0.22224489795918356,0.833640456199646,The original content of this audio is: 'I will practice it.',16,4.664627398749872
187,I WILL PRACTICE IT,4,0,4,I,-0.010571116581559181,0.010571116581559181,0.05637875214483425,0.0,-2.220446049250313e-16,0.166359543800354,4,0.04040816326530605,0.833640456199646,The original content of this audio is: 'I will practice it.',16,4.664627398749872
193,IF NOT A CHASTENED PERFORMER,5,4,1,PERFORMER,0.06728485971689224,0.06728485971689224,0.5371598912021206,0.09235292673110962,0.2794233078771077,0.09235292673110962,1,0.6532500000000001,0.8812830448150635,The original content of this audio is:'if not a chastened performer.',32,8.094126161400345
193,IF NOT A CHASTENED PERFORMER,5,3,2,CHASTENED,0.04499633610248566,0.04499633610248566,0.35922237345821756,0.055817246437072754,0.08333333333333304,0.09557557106018066,2,0.40200000000000014,0.8812830448150635,The original content of this audio is:'if not a chastened performer.',32,8.094126161400345
193,IF NOT A CHASTENED PERFORMER,5,1,3,NOT,0.009695462882518768,0.009695462882518768,0.07740246184715577,0.006498575210571289,0.08333333333333304,0.11328959465026855,3,0.16079999999999994,0.8812830448150635,The original content of this audio is:'if not a chastened performer.',32,8.094126161400345
193,IF NOT A CHASTENED PERFORMER,5,2,4,A,-0.0032717171125113964,0.0032717171125113964,0.0261193263327786,0.0,-2.220446049250313e-16,0.11328959465026855,4,0.020100000000000007,0.8812830448150635,The original content of this audio is:'if not a chastened performer.',32,8.094126161400345
193,IF NOT A CHASTENED PERFORMER,5,0,5,IF,1.201737904921174e-05,1.201737904921174e-05,9.593917635810414e-05,0.0,-2.220446049250313e-16,0.11871695518493652,5,0.09045000000000003,0.8812830448150635,The original content of this audio is:'if not a chastened performer.',32,8.094126161400345
201,IN VAIN IF NONE REGARD,5,3,1,NONE,0.0504801943898201,0.0504801943898201,0.3166287966597488,0.05214345455169678,0.47825080525004904,0.05214345455169678,1,0.18081081081081063,0.840569794178009,The exact words spoken by the speaker are: 'in vain if none regard.',32,7.632260650799435
201,IN VAIN IF NONE REGARD,5,2,2,IF,0.04380232095718384,0.04380232095718384,0.2747429233032841,0.05214345455169678,0.47825080525004904,0.07924026250839233,2,0.10045045045045065,0.840569794178009,The exact words spoken by the speaker are: 'in vain if none regard.',32,7.632260650799435
201,IN VAIN IF NONE REGARD,5,1,3,VAIN,0.031341999769210815,0.031341999769210815,0.19658758829654163,0.05214345455169678,0.47825080525004904,0.07757562398910522,3,0.27121621621621617,0.840569794178009,The exact words spoken by the speaker are: 'in vain if none regard.',32,7.632260650799435
201,IN VAIN IF NONE REGARD,5,0,4,IN,0.026758825406432152,0.026758825406432152,0.16784037365306825,0.05214345455169678,0.47825080525004904,0.17479097843170166,4,0.10045045045045042,0.840569794178009,The exact words spoken by the speaker are: 'in vain if none regard.',32,7.632260650799435
201,IN VAIN IF NONE REGARD,5,4,5,REGARD,0.0070468648336827755,0.0070468648336827755,0.04420031181502013,0.05214345455169678,0.47825080525004904,0.15943020582199097,5,0.4118468468468468,0.840569794178009,The exact words spoken by the speaker are: 'in vain if none regard.',32,7.632260650799435
206,IT HAS JUST BEEN STATED,5,4,1,STATED,0.02053641341626644,0.02053641341626644,0.3816535340999196,0.015358984470367432,0.08333333333333304,0.015358984470367432,1,0.4135755813953488,0.9461909532546997,The original content of this audio is: 'it has just been stated',32,7.85298416440055
206,IT HAS JUST BEEN STATED,5,3,2,BEEN,0.01078665442764759,0.01078665442764759,0.20046172133277418,0.005767822265625,-2.220446049250313e-16,0.015358984470367432,2,0.14122093023255822,0.9461909532546997,The original content of this audio is: 'it has just been stated',32,7.85298416440055
206,IT HAS JUST BEEN STATED,5,1,3,HAS,0.010628055781126022,0.010628055781126022,0.19751428680652547,0.005767822265625,-2.220446049250313e-16,0.015358984470367432,3,0.12104651162790703,0.9461909532546997,The original content of this audio is: 'it has just been stated',32,7.85298416440055
206,IT HAS JUST BEEN STATED,5,2,4,JUST,0.00886890385299921,0.00886890385299921,0.16482179387801368,0.0,-2.220446049250313e-16,0.04591512680053711,4,0.17148255813953484,0.9461909532546997,The original content of this audio is: 'it has just been stated',32,7.85298416440055
206,IT HAS JUST BEEN STATED,5,0,5,IT,0.0029890197329223156,0.0029890197329223156,0.055548645298532054,0.005767822265625,-2.220446049250313e-16,0.05380904674530029,5,0.06052325581395346,0.9461909532546997,The original content of this audio is: 'it has just been stated',32,7.85298416440055
207,IT IS A DUTY SAID I,6,2,1,A,0.03329277038574219,0.03329277038574219,0.4388758526477979,0.0,0.0,0.0,1,0.020188679245283003,0.9351716637611389,The original content of this audio is: 'it is a duty said i.',64,13.858236750165815
207,IT IS A DUTY SAID I,6,3,2,DUTY,0.03329277038574219,0.03329277038574219,0.4388758526477979,0.0,0.0,0.06482833623886108,2,0.29273584905660366,0.9351716637611389,The original content of this audio is: 'it is a duty said i.',64,13.858236750165815
207,IT IS A DUTY SAID I,6,4,3,SAID,-0.0028855663258582354,0.0028855663258582354,0.03803844999859644,0.0,0.0,0.0,3,0.30283018867924527,0.9351716637611389,The original content of this audio is: 'it is a duty said i.',64,13.858236750165815
207,IT IS A DUTY SAID I,6,0,4,IT,-0.002629863331094384,0.002629863331094384,0.03466769206672904,0.0,0.0,0.06482833623886108,4,0.05047169811320762,0.9351716637611389,The original content of this audio is: 'it is a duty said i.',64,13.858236750165815
207,IT IS A DUTY SAID I,6,5,5,I,0.002464963123202324,0.002464963123202324,0.03249392525483824,0.0,0.0,0.06482833623886108,5,0.020188679245283003,0.9351716637611389,The original content of this audio is: 'it is a duty said i.',64,13.858236750165815
207,IT IS A DUTY SAID I,6,1,6,IS,0.0012932638637721539,0.0012932638637721539,0.017048214201923543,0.0,0.0,0.06482833623886108,6,0.11103773584905663,0.9351716637611389,The original content of this audio is: 'it is a duty said i.',64,13.858236750165815
208,IT IS A VERY STUPID STORY,6,4,1,STUPID,0.08757716417312622,0.08757716417312622,0.7037140253130558,0.060043156147003174,0.06666666666666665,0.060043156147003174,1,0.5115269461077845,0.8797323703765869,The original content of this audio is: 'it is a very stupid story.',64,14.095464152000204
208,IT IS A VERY STUPID STORY,6,5,2,STORY,0.02336069755256176,0.02336069755256176,0.1877116102587689,5.960464477539063e-08,0.0,0.09729921817779541,2,0.6920658682634735,0.8797323703765869,The original content of this audio is: 'it is a very stupid story.',64,14.095464152000204
208,IT IS A VERY STUPID STORY,6,1,3,IS,0.008883637376129627,0.008883637376129627,0.07138322274308158,0.0014096498489379883,0.06905066374873703,0.04785948991775513,3,0.17050898203592801,0.8797323703765869,The original content of this audio is: 'it is a very stupid story.',64,14.095464152000204
208,IT IS A VERY STUPID STORY,6,0,4,IT,-0.0020911754108965397,0.0020911754108965397,0.016803346853394196,5.960464477539063e-08,0.0,0.12026762962341309,4,0.18053892215568867,0.8797323703765869,The original content of this audio is: 'it is a very stupid story.',64,14.095464152000204
208,IT IS A VERY STUPID STORY,6,2,5,A,0.0015726786805316806,0.0015726786805316806,0.012637039064352111,5.960464477539063e-08,0.0,0.13400214910507202,5,0.020059880239520878,0.8797323703765869,The original content of this audio is: 'it is a very stupid story.',64,14.095464152000204
208,IT IS A VERY STUPID STORY,6,3,6,VERY,0.0009645800455473363,0.0009645800455473363,0.007750747731987634,5.960464477539063e-08,0.0,0.12026762962341309,6,0.2808383233532936,0.8797323703765869,The original content of this audio is: 'it is a very stupid story.',64,14.095464152000204
209,IT IS IN FACT STATED,5,4,1,STATED,0.03646969050168991,0.03646969050168991,0.3352403206897674,0.017449021339416504,0.036375888340568374,0.017449021339416504,1,0.5353535353535355,0.8912132978439331,The original content of this audio is:'it is in fact stated.',32,7.637242222198983
209,IT IS IN FACT STATED,5,3,2,FACT,0.029128029942512512,0.029128029942512512,0.26775357741345684,0.0,0.0,0.017449021339416504,2,0.303030303030303,0.8912132978439331,The original content of this audio is:'it is in fact stated.',32,7.637242222198983
209,IT IS IN FACT STATED,5,2,3,IN,0.02371762879192829,0.02371762879192829,0.21801954918807076,0.0,0.0,0.08498179912567139,3,0.09090909090909083,0.8912132978439331,The original content of this audio is:'it is in fact stated.',32,7.637242222198983
209,IT IS IN FACT STATED,5,0,4,IT,0.015557818114757538,0.015557818114757538,0.14301212492556556,0.0,0.0,0.08566772937774658,4,0.06060606060606058,0.8912132978439331,The original content of this audio is:'it is in fact stated.',32,7.637242222198983
209,IT IS IN FACT STATED,5,1,5,IS,0.003913538530468941,0.003913538530468941,0.03597441859083984,0.0,0.0,0.1087867021560669,5,0.23232323232323226,0.8912132978439331,The original content of this audio is:'it is in fact stated.',32,7.637242222198983
210,IT IS PERHAPS WELL,4,2,1,PERHAPS,0.06741099804639816,0.06741099804639816,0.5432698160851387,0.03663778305053711,0.07692307692307687,0.03663778305053711,1,0.45122282608695663,0.8759161829948425,The original content of this audio is: 'it is perhaps well.',16,4.8026153007504035
210,IT IS PERHAPS WELL,4,3,2,WELL,0.04757895693182945,0.04757895693182945,0.38344204849313634,0.02783268690109253,0.07692307692307687,0.1331160068511963,2,0.2807608695652173,0.8759161829948425,The original content of this audio is: 'it is perhaps well.',16,4.8026153007504035
210,IT IS PERHAPS WELL,4,1,3,IS,0.006206910125911236,0.006206910125911236,0.0500219106716067,0.0,0.0,0.14995485544204712,3,0.1203260869565218,0.8759161829948425,The original content of this audio is: 'it is perhaps well.',16,4.8026153007504035
210,IT IS PERHAPS WELL,4,0,4,IT,0.0028869612142443657,0.0028869612142443657,0.023266216691050258,0.0,0.0,0.12408381700515747,4,0.08021739130434785,0.8759161829948425,The original content of this audio is: 'it is perhaps well.',16,4.8026153007504035
211,IT IS REMARKED BY,4,2,1,REMARKED,0.11874794960021973,0.11874794960021973,0.7768307134277637,0.0910530686378479,0.07692307692307687,0.0910530686378479,1,0.4514999999999999,0.8471379280090332,The original content of this audio is: 'it is remarked by',16,4.671977524500107
211,IT IS REMARKED BY,4,0,2,IT,0.019471213221549988,0.019471213221549988,0.12737766428072114,0.0054531097412109375,0.0,0.1248776912689209,2,0.06020000000000003,0.8471379280090332,The original content of this audio is: 'it is remarked by',16,4.671977524500107
211,IT IS REMARKED BY,4,1,3,IS,0.00912521779537201,0.00912521779537201,0.059695762950246735,0.0,0.0,0.1528620719909668,3,0.10033333333333327,0.8471379280090332,The original content of this audio is: 'it is remarked by',16,4.671977524500107
211,IT IS REMARKED BY,4,3,4,BY,0.0055176867172122,0.0055176867172122,0.036095852799423137,0.0,0.0,0.1528620719909668,4,0.040133333333333576,0.8471379280090332,The original content of this audio is: 'it is remarked by',16,4.671977524500107
212,IT IS THE DELUGE,4,3,1,DELUGE,0.12180844694375992,0.12180844694375992,0.6662445579728123,0.07745009660720825,0.03390821692070389,0.07745009660720825,1,1.0237500000000002,0.817171573638916,The original content of this audio is: 'it is the deluge.',16,5.190504588999829
212,IT IS THE DELUGE,4,2,2,THE,0.02798496186733246,0.02798496186733246,0.15306679476666682,0.0,0.0,0.07745009660720825,2,0.06022058823529408,0.817171573638916,The original content of this audio is: 'it is the deluge.',16,5.190504588999829
212,IT IS THE DELUGE,4,1,3,IS,0.025825774297118187,0.025825774297118187,0.1412568833492592,0.0028867721557617188,0.06905066374873703,0.17650717496871948,3,0.28102941176470597,0.817171573638916,The original content of this audio is: 'it is the deluge.',16,5.190504588999829
212,IT IS THE DELUGE,4,0,4,IT,0.007209246512502432,0.007209246512502432,0.039431758441652795,0.0,0.0,0.18282842636108398,4,0.09033088235294112,0.817171573638916,The original content of this audio is: 'it is the deluge.',16,5.190504588999829
214,IT SEEMS REAL STRANGE,4,3,1,STRANGE,0.08225832879543304,0.08225832879543304,0.48204395392021904,5.960464477539063e-08,-2.220446049250313e-16,5.960464477539063e-08,1,0.50125,0.8372186422348022,The original content of this audio is: 'it seems real strange.',16,4.86405112400098
214,IT SEEMS REAL STRANGE,4,1,2,SEEMS,0.04997607693076134,0.04997607693076134,0.2928659757364624,0.014670252799987793,0.09090909090909072,0.1567286252975464,2,0.28069999999999995,0.8372186422348022,The original content of this audio is: 'it seems real strange.',16,4.86405112400098
214,IT SEEMS REAL STRANGE,4,2,3,REAL,0.03447867929935455,0.03447867929935455,0.2020493138967203,5.960464477539063e-08,-2.220446049250313e-16,0.16394078731536865,3,0.19047499999999995,0.8372186422348022,The original content of this audio is: 'it seems real strange.',16,4.86405112400098
214,IT SEEMS REAL STRANGE,4,0,4,IT,-0.003931785933673382,0.003931785933673382,0.023040750586474878,5.960464477539063e-08,-2.220446049250313e-16,0.16278135776519775,4,0.07017499999999999,0.8372186422348022,The original content of this audio is: 'it seems real strange.',16,4.86405112400098
219,IT WAS WHITE AND HARD,5,4,1,HARD,0.033231258392333984,0.033231258392333984,0.34922006024568436,0.0413283109664917,0.47825080525004904,0.0413283109664917,1,0.5022935779816513,0.9104256629943848,The exact words spoken by the speaker are: 'It was white and hard.',32,8.054059967400098
219,IT WAS WHITE AND HARD,5,1,2,WAS,0.022605374455451965,0.022605374455451965,0.23755495912939273,0.0413283109664917,0.47825080525004904,0.0413283109664917,2,0.12055045871559639,0.9104256629943848,The exact words spoken by the speaker are: 'It was white and hard.',32,8.054059967400098
219,IT WAS WHITE AND HARD,5,3,3,AND,0.018862852826714516,0.018862852826714516,0.19822561405229003,-1.1920928955078125e-07,1.1102230246251565e-16,0.041217267513275146,3,0.13059633027522932,0.9104256629943848,The exact words spoken by the speaker are: 'It was white and hard.',32,8.054059967400098
219,IT WAS WHITE AND HARD,5,2,4,WHITE,0.017666995525360107,0.017666995525360107,0.18565861000165296,0.0413283109664917,0.47825080525004904,0.06752455234527588,4,0.26119266055045876,0.9104256629943848,The exact words spoken by the speaker are: 'It was white and hard.',32,8.054059967400098
219,IT WAS WHITE AND HARD,5,0,5,IT,-0.002792021492496133,0.002792021492496133,0.029340746062197623,-1.1920928955078125e-07,1.1102230246251565e-16,0.08957433700561523,5,0.07032110091743121,0.9104256629943848,The exact words spoken by the speaker are: 'It was white and hard.',32,8.054059967400098
225,LED BACK TO THE STARTING POINT,6,4,1,STARTING,0.053718842566013336,0.053718842566013336,0.31095034224597434,0.0,1.1102230246251565e-16,0.0,1,0.4235,0.8272430300712585,The original content of this audio is:'led back to the starting point.',64,13.687601634000506
225,LED BACK TO THE STARTING POINT,6,5,2,POINT,0.031517572700977325,0.031517572700977325,0.18243877846191278,0.0,1.1102230246251565e-16,0.05984818935394287,2,0.363,0.8272430300712585,The original content of this audio is:'led back to the starting point.',64,13.687601634000506
225,LED BACK TO THE STARTING POINT,6,0,3,LED,0.02957962639629841,0.02957962639629841,0.17122101877258758,0.008789539337158203,0.06666666666666676,0.04037070274353027,3,0.19158333333333327,0.8272430300712585,The original content of this audio is:'led back to the starting point.',64,13.687601634000506
225,LED BACK TO THE STARTING POINT,6,2,4,TO,0.028520002961158752,0.028520002961158752,0.1650874117537165,0.0,1.1102230246251565e-16,0.08540117740631104,4,0.08066666666666644,0.8272430300712585,The original content of this audio is:'led back to the starting point.',64,13.687601634000506
225,LED BACK TO THE STARTING POINT,6,1,5,BACK,0.021724175661802292,0.021724175661802292,0.12574991445037031,0.0,1.1102230246251565e-16,0.14962029457092285,5,0.26216666666666655,0.8272430300712585,The original content of this audio is:'led back to the starting point.',64,13.687601634000506
225,LED BACK TO THE STARTING POINT,6,3,6,THE,0.007696760352700949,0.007696760352700949,0.04455252852696044,0.0,1.1102230246251565e-16,0.17275696992874146,6,0.08066666666666644,0.8272430300712585,The original content of this audio is:'led back to the starting point.',64,13.687601634000506
228,LETTER FROM ADAM SMITH,4,3,1,SMITH,0.0787060484290123,0.0787060484290123,0.39963582469588244,0.04019367694854736,0.09090909090909072,0.04019367694854736,1,0.41292857142857153,0.8030555844306946,The original content of this audio is:'letter from adam smith.',16,4.724160449499323
228,LETTER FROM ADAM SMITH,4,2,2,ADAM,0.06835506856441498,0.06835506856441498,0.3470779532594859,0.0,-2.220446049250313e-16,0.10706233978271484,2,0.3122142857142858,0.8030555844306946,The original content of this audio is:'letter from adam smith.',16,4.724160449499323
228,LETTER FROM ADAM SMITH,4,0,3,LETTER,0.043431662023067474,0.043431662023067474,0.220527499689635,0.03783053159713745,0.09090909090909072,0.18776166439056396,3,0.24171428571428566,0.8030555844306946,The original content of this audio is:'letter from adam smith.',16,4.724160449499323
228,LETTER FROM ADAM SMITH,4,1,4,FROM,0.00645164679735899,0.00645164679735899,0.032758717277422134,0.0,-2.220446049250313e-16,0.19694441556930542,4,0.1309285714285715,0.8030555844306946,The original content of this audio is:'letter from adam smith.',16,4.724160449499323
229,LIKE A BEAUTIFUL FLOWER,4,2,1,BEAUTIFUL,0.12522892653942108,0.12522892653942108,0.7502770385914103,0.1133541464805603,0.19417703597461955,0.1133541464805603,1,0.3943333333333334,0.8469517827033997,The original content of this audio is:'like a beautiful flower',16,4.797257754500606
229,LIKE A BEAUTIFUL FLOWER,4,0,2,LIKE,0.023242324590682983,0.023242324590682983,0.13925043474990212,0.0,-2.220446049250313e-16,0.1133541464805603,2,0.16177777777777785,0.8469517827033997,The original content of this audio is:'like a beautiful flower',16,4.797257754500606
229,LIKE A BEAUTIFUL FLOWER,4,3,3,FLOWER,0.011507978662848473,0.011507978662848473,0.0689471066304886,0.0,-2.220446049250313e-16,0.1812613606452942,3,0.5156666666666667,0.8469517827033997,The original content of this audio is:'like a beautiful flower',16,4.797257754500606
229,LIKE A BEAUTIFUL FLOWER,4,1,4,A,-0.006931017152965069,0.006931017152965069,0.04152541403695514,0.0,-2.220446049250313e-16,0.15304821729660034,4,0.02022222222222214,0.8469517827033997,The original content of this audio is:'like a beautiful flower',16,4.797257754500606
230,LIMITATIONS OF THIS SYSTEM,4,0,1,LIMITATIONS,0.10689181834459305,0.10689181834459305,0.7115475199355817,0.09890902042388916,0.16085360832172635,0.09890902042388916,1,0.7945229007633586,0.8658096790313721,The original content of this audio is:'limitations of the system',16,4.731214055249438
230,LIMITATIONS OF THIS SYSTEM,4,3,2,SYSTEM,0.021945923566818237,0.021945923566818237,0.14608758395637528,0.012523770332336426,0.06666666666666665,0.14760708808898926,2,0.3419465648854958,0.8658096790313721,The original content of this audio is:'limitations of the system',16,4.731214055249438
230,LIMITATIONS OF THIS SYSTEM,4,1,3,OF,0.013369630090892315,0.013369630090892315,0.08899771077859824,0.012523770332336426,0.06666666666666665,0.14760708808898926,3,0.1508587786259541,0.8658096790313721,The original content of this audio is:'limitations of the system',16,4.731214055249438
230,LIMITATIONS OF THIS SYSTEM,4,2,4,THIS,-0.008017053827643394,0.008017053827643394,0.053367178672737714,0.0,0.0,0.13419032096862793,4,0.1609160305343511,0.8658096790313721,The original content of this audio is:'limitations of the system',16,4.731214055249438
234,LOOK AT THAT MAN,4,2,1,THAT,-0.013333559036254883,0.013333559036254883,0.49999996378831735,0.0,-2.220446049250313e-16,0.0,1,0.1305803571428572,1.0,The original content of this audio is: 'look at that man.',16,4.778258230999199
234,LOOK AT THAT MAN,4,0,2,LOOK,0.004444519989192486,0.004444519989192486,0.16666666623744006,0.0,-2.220446049250313e-16,0.0,2,0.2410714285714285,1.0,The original content of this audio is: 'look at that man.',16,4.778258230999199
234,LOOK AT THAT MAN,4,1,3,AT,0.004444519989192486,0.004444519989192486,0.16666666623744006,0.0,-2.220446049250313e-16,0.0,3,0.09040178571428559,1.0,The original content of this audio is: 'look at that man.',16,4.778258230999199
234,LOOK AT THAT MAN,4,3,4,MAN,0.004444519989192486,0.004444519989192486,0.16666666623744006,0.0,-2.220446049250313e-16,0.0,4,0.1808035714285714,1.0,The original content of this audio is: 'look at that man.',16,4.778258230999199
239,MAN IS ALWAYS THE MASTER,5,2,1,ALWAYS,0.06514240056276321,0.06514240056276321,0.4624271171851335,0.047277092933654785,0.0625,0.047277092933654785,1,0.26121495327102795,0.8591293692588806,The original content of this audio is:'Man is always the master.',32,7.976274604999344
239,MAN IS ALWAYS THE MASTER,5,4,2,MASTER,0.02523256465792656,0.02523256465792656,0.1791187004646904,0.0,0.0,0.047277092933654785,2,0.3616822429906543,0.8591293692588806,The original content of this audio is:'Man is always the master.',32,7.976274604999344
239,MAN IS ALWAYS THE MASTER,5,3,3,THE,0.021323448047041893,0.021323448047041893,0.15136900887372337,0.0,0.0,0.047277092933654785,3,0.06028037383177565,0.8591293692588806,The original content of this audio is:'Man is always the master.',32,7.976274604999344
239,MAN IS ALWAYS THE MASTER,5,1,4,IS,0.020166829228401184,0.020166829228401184,0.14315850540185976,0.0,0.0,0.10374712944030762,4,0.08037383177570101,0.8591293692588806,The original content of this audio is:'Man is always the master.',32,7.976274604999344
239,MAN IS ALWAYS THE MASTER,5,0,5,MAN,0.009005389176309109,0.009005389176309109,0.06392666097588133,0.0,0.0,0.14087063074111938,5,0.14065420560747666,0.8591293692588806,The original content of this audio is:'Man is always the master.',32,7.976274604999344
243,MARY JANE IS A MAN,5,1,1,JANE,0.052226144820451736,0.052226144820451736,0.37525282255480236,0.04586470127105713,0.0714285714285714,0.04586470127105713,1,0.28067307692307675,0.8608239889144897,The original content of this audio is: 'Mary Jane is a man.',32,8.781077118200482
243,MARY JANE IS A MAN,5,0,2,MARY,0.04294376075267792,0.04294376075267792,0.30855747612544426,0.07259559631347656,0.0714285714285714,0.09327787160873413,2,0.25060096153846145,0.8608239889144897,The original content of this audio is: 'Mary Jane is a man.',32,8.781077118200482
243,MARY JANE IS A MAN,5,3,3,A,0.026627076789736748,0.026627076789736748,0.1913196112039915,0.027633726596832275,0.07417990022744836,0.10683739185333252,3,0.9923798076923074,0.8608239889144897,The original content of this audio is: 'Mary Jane is a man.',32,8.781077118200482
243,MARY JANE IS A MAN,5,2,4,IS,0.01715950295329094,0.01715950295329094,0.12329364801857484,1.1920928955078125e-07,0.0,0.13809490203857422,4,0.24057692307692324,0.8608239889144897,The original content of this audio is: 'Mary Jane is a man.',32,8.781077118200482
243,MARY JANE IS A MAN,5,4,5,MAN,0.0002194017288275063,0.0002194017288275063,0.001576434912034408,1.1920928955078125e-07,0.0,0.13917601108551025,5,0.06014423076923103,0.8608239889144897,The original content of this audio is: 'Mary Jane is a man.',32,8.781077118200482
246,MINSTREL A D J,4,0,1,MINSTREL,0.1563342809677124,0.1563342809677124,0.9278782931016157,0.1603846549987793,0.7113248654051871,0.1603846549987793,1,0.4922272727272726,0.8396153450012207,The original content of this audio is: 'minstrel adjective.',16,4.782741377750426
246,MINSTREL A D J,4,1,2,A,0.00810098648071289,0.00810098648071289,0.048081133975443086,0.02430284023284912,0.11111111111111094,0.1603846549987793,2,0.2109545454545454,0.8396153450012207,The original content of this audio is: 'minstrel adjective.',16,4.782741377750426
246,MINSTREL A D J,4,2,3,D,-0.004050493240356445,0.004050493240356445,0.024040566987721543,-1.1920928955078125e-07,-2.220446049250313e-16,0.1603846549987793,3,0.03013636363636385,0.8396153450012207,The original content of this audio is: 'minstrel adjective.',16,4.782741377750426
246,MINSTREL A D J,4,3,4,J,0.0,0.0,0.0,-1.1920928955078125e-07,-2.220446049250313e-16,0.1603846549987793,4,0.03013636363636385,0.8396153450012207,The original content of this audio is: 'minstrel adjective.',16,4.782741377750426
254,NO GOOD MY DEAR WATSON,5,4,1,WATSON,0.06330603361129761,0.06330603361129761,0.5596864147759884,0.045235633850097656,0.08333333333333304,0.045235633850097656,1,0.48484848484848464,0.9044106006622314,The original content of this audio is: 'no good my dear Watson.',32,7.979548395799066
254,NO GOOD MY DEAR WATSON,5,3,2,DEAR,0.015286887064576149,0.015286887064576149,0.13515083043729306,0.0,-2.220446049250313e-16,0.09558939933776855,2,0.14141414141414144,0.9044106006622314,The original content of this audio is: 'no good my dear Watson.',32,7.979548395799066
254,NO GOOD MY DEAR WATSON,5,2,3,MY,0.013705207966268063,0.013705207966268063,0.12116726120448315,0.0,-2.220446049250313e-16,0.09558939933776855,3,0.09090909090909083,0.9044106006622314,The original content of this audio is: 'no good my dear Watson.',32,7.979548395799066
254,NO GOOD MY DEAR WATSON,5,1,4,GOOD,0.01205148734152317,0.01205148734152317,0.10654677537231755,0.0,-2.220446049250313e-16,0.09558939933776855,4,0.2222222222222221,0.9044106006622314,The original content of this audio is: 'no good my dear Watson.',32,7.979548395799066
254,NO GOOD MY DEAR WATSON,5,0,5,NO,-0.008760210126638412,0.008760210126638412,0.07744870936895303,0.0,-2.220446049250313e-16,0.09558939933776855,5,0.101010101010101,0.9044106006622314,The original content of this audio is: 'no good my dear Watson.',32,7.979548395799066
260,NO SAID THE TREE,4,3,1,TREE,0.06536351889371872,0.06536351889371872,0.6908444973195679,0.05587804317474365,0.07692307692307632,0.05587804317474365,1,0.4625939849624059,0.9168747663497925,"The original content of this audio is: 'No, said the tree.'",16,5.099186711000584
260,NO SAID THE TREE,4,1,2,SAID,0.015240127220749855,0.015240127220749855,0.16107697699116633,0.004799365997314453,-6.661338147750939e-16,0.05831712484359741,2,0.3821428571428571,0.9168747663497925,"The original content of this audio is: 'No, said the tree.'",16,5.099186711000584
260,NO SAID THE TREE,4,2,3,THE,0.008265938609838486,0.008265938609838486,0.08736491395259076,0.0,-6.661338147750939e-16,0.1045028567314148,3,0.06033834586466158,0.9168747663497925,"The original content of this audio is: 'No, said the tree.'",16,5.099186711000584
260,NO SAID THE TREE,4,0,4,NO,-0.00574435293674469,0.00574435293674469,0.06071360116740789,0.0,-6.661338147750939e-16,0.08312523365020752,4,0.30169172932330823,0.9168747663497925,"The original content of this audio is: 'No, said the tree.'",16,5.099186711000584
261,NO SIR CERTAINLY NOT,4,2,1,CERTAINLY,0.03624095022678375,0.03624095022678375,0.9362890901066228,0.034910738468170166,0.1296117202215109,0.034910738468170166,1,0.8047904191616766,0.9616820812225342,The original content of this audio is: 'No sir certainly not.',16,5.075238409999656
261,NO SIR CERTAINLY NOT,4,0,2,NO,0.0013303309679031372,0.0013303309679031372,0.034369252563310373,1.1920928955078125e-07,-2.220446049250313e-16,0.037245988845825195,2,0.17101796407185627,0.9616820812225342,The original content of this audio is: 'No sir certainly not.',16,5.075238409999656
261,NO SIR CERTAINLY NOT,4,3,3,NOT,0.0009411225910298526,0.0009411225910298526,0.024314009674694114,1.1920928955078125e-07,-2.220446049250313e-16,0.03831791877746582,3,0.31185628742515004,0.9616820812225342,The original content of this audio is: 'No sir certainly not.',16,5.075238409999656
261,NO SIR CERTAINLY NOT,4,1,4,SIR,-0.00019460420298855752,0.00019460420298855752,0.005027621820258522,1.1920928955078125e-07,-2.220446049250313e-16,0.03831791877746582,4,0.2716167664670659,0.9616820812225342,The original content of this audio is: 'No sir certainly not.',16,5.075238409999656
262,NO WHERE SAID DROUET,4,3,1,DROUET,0.10301104933023453,0.10301104933023453,0.8708260228348064,0.10146760940551758,0.09090909090909072,0.10146760940551758,1,0.4607876712328771,0.8817088007926941,The original content of this audio is: 'No where?' said Drouet.,16,5.343355325750963
262,NO WHERE SAID DROUET,4,0,2,NO,0.006443148013204336,0.006443148013204336,0.05446853512662827,0.004905104637145996,-2.220446049250313e-16,0.09188836812973022,2,0.17029109589041103,0.8817088007926941,The original content of this audio is: 'No where?' said Drouet.,16,5.343355325750963
262,NO WHERE SAID DROUET,4,1,3,WHERE,0.006443148013204336,0.006443148013204336,0.05446853512662827,0.004905104637145996,-2.220446049250313e-16,0.12321096658706665,3,0.3205479452054796,0.8817088007926941,The original content of this audio is: 'No where?' said Drouet.,16,5.343355325750963
262,NO WHERE SAID DROUET,4,2,4,SAID,0.0023938468657433987,0.0023938468657433987,0.02023689845822236,0.004905104637145996,-2.220446049250313e-16,0.11829119920730591,4,0.37063356164383543,0.8817088007926941,The original content of this audio is: 'No where?' said Drouet.,16,5.343355325750963
264,NOTHING CAN KILL ME WHY NOT,6,0,1,NOTHING,0.03132778778672218,0.03132778778672218,0.34192720035084906,0.04603981971740723,0.44529980377477074,0.04603981971740723,1,0.3211188811188811,0.9291097521781921,The exact words spoken by the speaker are: 'nothing can kill me why not.',64,14.337055475166077
264,NOTHING CAN KILL ME WHY NOT,6,4,2,WHY,0.021564725786447525,0.021564725786447525,0.23536824127808156,0.06076085567474365,0.125,0.07089024782180786,2,0.31108391608391606,0.9291097521781921,The exact words spoken by the speaker are: 'nothing can kill me why not.',64,14.337055475166077
264,NOTHING CAN KILL ME WHY NOT,6,2,3,KILL,0.01786796562373638,0.01786796562373638,0.19501994533679878,0.04603981971740723,0.44529980377477074,0.07089024782180786,3,0.18062937062937046,0.9291097521781921,The exact words spoken by the speaker are: 'nothing can kill me why not.',64,14.337055475166077
264,NOTHING CAN KILL ME WHY NOT,6,3,4,ME,0.010495258495211601,0.010495258495211601,0.11455051913200039,0.0,0.0,0.07846313714981079,4,0.10034965034965038,0.9291097521781921,The exact words spoken by the speaker are: 'nothing can kill me why not.',64,14.337055475166077
264,NOTHING CAN KILL ME WHY NOT,6,1,5,CAN,-0.005891657434403896,0.005891657434403896,0.06430450645563342,0.0,0.0,0.06518113613128662,5,0.1605594405594406,0.9291097521781921,The exact words spoken by the speaker are: 'nothing can kill me why not.',64,14.337055475166077
264,NOTHING CAN KILL ME WHY NOT,6,5,6,NOT,-0.004473825450986624,0.004473825450986624,0.04882957653213487,0.0,0.0,0.07089024782180786,6,0.24083916083916046,0.9291097521781921,The exact words spoken by the speaker are: 'nothing can kill me why not.',64,14.337055475166077
267,NOW THAT TOO IS OVER,5,1,1,THAT,0.05868973582983017,0.05868973582983017,0.449080136621457,0.041532814502716064,0.0714285714285714,0.041532814502716064,1,0.220728476821192,0.8693112134933472,The original content of this audio is:'now that too is over.',32,7.8472395899996625
267,NOW THAT TOO IS OVER,5,4,2,OVER,0.04309308901429176,0.04309308901429176,0.3297382417615621,0.0,0.0,0.10309791564941406,2,0.6120198675496691,0.8693112134933472,The original content of this audio is:'now that too is over.',32,7.8472395899996625
267,NOW THAT TOO IS OVER,5,3,3,IS,0.017484622076153755,0.017484622076153755,0.1337882401362377,0.0,0.0,0.10093516111373901,3,0.14046357615894034,0.8693112134933472,The original content of this audio is:'now that too is over.',32,7.8472395899996625
267,NOW THAT TOO IS OVER,5,0,4,NOW,0.007725311443209648,0.007725311443209648,0.05911227694769355,0.0,0.0,0.10723954439163208,4,0.2508278145695365,0.8693112134933472,The original content of this audio is:'now that too is over.',32,7.8472395899996625
267,NOW THAT TOO IS OVER,5,2,5,TOO,0.0036960220895707607,0.0036960220895707607,0.02828109688128346,0.0,0.0,0.13068878650665283,5,0.2809271523178807,0.8693112134933472,The original content of this audio is:'now that too is over.',32,7.8472395899996625
268,NOW TO BED BOY,4,0,1,NOW,0.08281411230564117,0.08281411230564117,0.5587206444187479,0.1083189845085144,0.5970885179873098,0.1083189845085144,1,0.23107476635514018,0.851779043674469,The original content of this audio is:'now to bed boy.',16,4.735092052500477
268,NOW TO BED BOY,4,2,2,BED,0.05109621211886406,0.05109621211886406,0.34472999549937916,0.056862056255340576,0.1296117202215109,0.15869146585464478,2,0.2913551401869159,0.851779043674469,The original content of this audio is:'now to bed boy.',16,4.735092052500477
268,NOW TO BED BOY,4,3,3,BOY,0.011001050472259521,0.011001050472259521,0.07422061093233888,0.04286301136016846,0.09090909090909072,0.1524256467819214,3,0.30140186915887845,0.851779043674469,The original content of this audio is:'now to bed boy.',16,4.735092052500477
268,NOW TO BED BOY,4,1,4,TO,0.0033095877151936293,0.0033095877151936293,0.022328742402850047,0.0,-2.220446049250313e-16,0.148220956325531,4,0.09042056074766358,0.851779043674469,The original content of this audio is:'now to bed boy.',16,4.735092052500477
276,OF LIBERTY OR INDIFFERENCE,4,3,1,INDIFFERENCE,0.058628130704164505,0.058628130704164505,0.46249738490048664,0.04161679744720459,0.07692307692307643,0.04161679744720459,1,0.5613592233009708,0.8732357621192932,The original content of this audio is:'of liberty or indifference.',16,4.7874358372500865
276,OF LIBERTY OR INDIFFERENCE,4,1,2,LIBERTY,0.04371747747063637,0.04371747747063637,0.3448723123484993,0.0,-4.440892098500626e-16,0.12344563007354736,2,0.34082524271844666,0.8732357621192932,The original content of this audio is:'of liberty or indifference.',16,4.7874358372500865
276,OF LIBERTY OR INDIFFERENCE,4,0,3,OF,0.02436719462275505,0.02436719462275505,0.19222451159584544,0.0,-4.440892098500626e-16,0.11896878480911255,3,0.06014563106796117,0.8732357621192932,The original content of this audio is:'of liberty or indifference.',16,4.7874358372500865
276,OF LIBERTY OR INDIFFERENCE,4,2,4,OR,5.143880844116211e-05,5.143880844116211e-05,0.0004057832665086944,0.0,-4.440892098500626e-16,0.1267642378807068,4,0.22053398058252438,0.8732357621192932,The original content of this audio is:'of liberty or indifference.',16,4.7874358372500865
279,OF RESPECT AND CONTEMPT,4,3,1,CONTEMPT,0.06900690495967865,0.06900690495967865,0.5885658204170792,0.05957919359207153,0.07692307692307643,0.05957919359207153,1,0.5127517985611509,0.8827541470527649,The original content of this audio is:'of respect and contempt.',16,4.688257057750889
279,OF RESPECT AND CONTEMPT,4,0,2,OF,0.029287436977028847,0.029287436977028847,0.24979506590493458,0.0,-4.440892098500626e-16,0.05957919359207153,2,0.07037769784172654,0.8827541470527649,The original content of this audio is:'of respect and contempt.',16,4.688257057750889
279,OF RESPECT AND CONTEMPT,4,2,3,AND,0.00952380895614624,0.00952380895614624,0.08122938472671709,0.0,-4.440892098500626e-16,0.05957919359207153,3,0.22118705035971198,0.8827541470527649,The original content of this audio is:'of respect and contempt.',16,4.688257057750889
279,OF RESPECT AND CONTEMPT,4,1,4,RESPECT,0.009427706710994244,0.009427706710994244,0.08040972042218324,0.0,-4.440892098500626e-16,0.11724585294723511,4,0.5328597122302159,0.8827541470527649,The original content of this audio is:'of respect and contempt.',16,4.688257057750889
285,OH IT WILL BE ALL RIGHT,6,0,1,OH,0.04214923456311226,0.04214923456311226,0.2918562870961764,0.0480121374130249,0.1538461538461533,0.0480121374130249,1,0.11030219780219785,0.8628188967704773,"The original content of this audio is: 'Oh, it will be all right.'",64,14.14553498716729
285,OH IT WILL BE ALL RIGHT,6,5,2,RIGHT,0.03444294631481171,0.03444294631481171,0.23849520714408007,0.0,-6.661338147750939e-16,0.0,2,0.3309065934065931,0.8628188967704773,"The original content of this audio is: 'Oh, it will be all right.'",64,14.14553498716729
285,OH IT WILL BE ALL RIGHT,6,2,3,WILL,0.03398280218243599,0.03398280218243599,0.23530900555830322,0.03372383117675781,0.07692307692307632,0.081473708152771,3,0.15041208791208804,0.8628188967704773,"The original content of this audio is: 'Oh, it will be all right.'",64,14.14553498716729
285,OH IT WILL BE ALL RIGHT,6,1,4,IT,0.026970723643898964,0.026970723643898964,0.18675488047639127,0.0,-6.661338147750939e-16,0.15379595756530762,4,0.06016483516483517,0.8628188967704773,"The original content of this audio is: 'Oh, it will be all right.'",64,14.14553498716729
285,OH IT WILL BE ALL RIGHT,6,3,5,BE,-0.003618330229073763,0.003618330229073763,0.025054605073885107,0.0,-6.661338147750939e-16,0.12344682216644287,5,0.06016483516483517,0.8628188967704773,"The original content of this audio is: 'Oh, it will be all right.'",64,14.14553498716729
285,OH IT WILL BE ALL RIGHT,6,4,6,ALL,0.003253733506426215,0.003253733506426215,0.022530007726808386,0.0,-6.661338147750939e-16,0.1371811032295227,6,0.15041208791208804,0.8628188967704773,"The original content of this audio is: 'Oh, it will be all right.'",64,14.14553498716729
288,OH YES THAT IS WELL,5,2,1,THAT,0.011609774082899094,0.011609774082899094,0.39978101248542924,0.004354715347290039,0.0714285714285714,0.004354715347290039,1,0.7210526315789474,0.9949041604995728,"The original content of this audio is:'Oh yes, that is well.'",32,7.92091451719898
288,OH YES THAT IS WELL,5,4,2,WELL,-0.010487604886293411,0.010487604886293411,0.3611392667980787,5.960464477539063e-08,0.0,0.005095839500427246,2,0.24035087719298298,0.9949041604995728,"The original content of this audio is:'Oh yes, that is well.'",32,7.92091451719898
288,OH YES THAT IS WELL,5,3,3,IS,0.004352590534836054,0.004352590534836054,0.14988087093911262,5.960464477539063e-08,0.0,0.04011940956115723,3,0.09013157894736867,0.9949041604995728,"The original content of this audio is:'Oh yes, that is well.'",32,7.92091451719898
288,OH YES THAT IS WELL,5,0,4,OH,-0.001484671258367598,0.001484671258367598,0.05112445553548619,5.960464477539063e-08,0.0,0.005095839500427246,4,0.12017543859649127,0.9949041604995728,"The original content of this audio is:'Oh yes, that is well.'",32,7.92091451719898
288,OH YES THAT IS WELL,5,1,5,YES,0.0011056921212002635,0.0011056921212002635,0.03807435980702754,5.960464477539063e-08,0.0,0.005095839500427246,5,0.3204678362573101,0.9949041604995728,"The original content of this audio is:'Oh yes, that is well.'",32,7.92091451719898
291,ONCE UPON A TIME,4,0,1,ONCE,0.09947744011878967,0.09947744011878967,0.4934129290268025,0.0752672553062439,0.09090909090909072,0.0752672553062439,1,0.21171195652173924,0.7983890771865845,The original content of this audio is: 'once upon a time.',16,4.795399610751701
291,ONCE UPON A TIME,4,1,2,UPON,0.061843808740377426,0.061843808740377426,0.3067482916360178,0.0,-2.220446049250313e-16,0.07259273529052734,2,0.2722010869565219,0.7983890771865845,The original content of this audio is: 'once upon a time.',16,4.795399610751701
291,ONCE UPON A TIME,4,3,3,TIME,0.022552883252501488,0.022552883252501488,0.11186339506050882,0.0,-2.220446049250313e-16,0.1336582899093628,3,0.5141576086956521,0.7983890771865845,The original content of this audio is: 'once upon a time.',16,4.795399610751701
291,ONCE UPON A TIME,4,2,4,A,0.017736798152327538,0.017736798152327538,0.08797537931662236,0.0,-2.220446049250313e-16,0.20161092281341553,4,0.020163043478261145,0.7983890771865845,The original content of this audio is: 'once upon a time.',16,4.795399610751701
292,ONCE YOUNG NOW OLD,4,2,1,NOW,0.0348963662981987,0.0348963662981987,0.3242539367182143,0.00383681058883667,0.04257289224366201,0.00383681058883667,1,0.42086776859504127,0.908473789691925,The original content of this audio is: 'once young now old.',16,4.933565686498696
292,ONCE YOUNG NOW OLD,4,3,2,OLD,0.032977961003780365,0.032977961003780365,0.3064282850838686,0.0,-2.220446049250313e-16,0.0036711692810058594,2,0.40082644628099184,0.908473789691925,The original content of this audio is: 'once young now old.',16,4.933565686498696
292,ONCE YOUNG NOW OLD,4,0,3,ONCE,0.03169902414083481,0.03169902414083481,0.2945445173276382,0.0,-2.220446049250313e-16,0.12132251262664795,3,0.21043388429752063,0.908473789691925,The original content of this audio is: 'once young now old.',16,4.933565686498696
292,ONCE YOUNG NOW OLD,4,1,4,YOUNG,-0.008047133684158325,0.008047133684158325,0.07477325157836771,0.0,-2.220446049250313e-16,0.09152621030807495,4,0.2805785123966942,0.908473789691925,The original content of this audio is: 'once young now old.',16,4.933565686498696
295,ONLY FOR A MINUTE OR SO,6,0,1,ONLY,0.0,0.0,0.0,0.0,-6.661338147750939e-16,0.0,1,0.2626530612244897,1.0,The original content of this audio is:'only for a minute or so.',64,13.099540799166183
295,ONLY FOR A MINUTE OR SO,6,1,2,FOR,0.0,0.0,0.0,0.0,-6.661338147750939e-16,0.0,2,0.13132653061224486,1.0,The original content of this audio is:'only for a minute or so.',64,13.099540799166183
295,ONLY FOR A MINUTE OR SO,6,2,3,A,0.0,0.0,0.0,0.0,-6.661338147750939e-16,0.0,3,0.020204081632653192,1.0,The original content of this audio is:'only for a minute or so.',64,13.099540799166183
295,ONLY FOR A MINUTE OR SO,6,3,4,MINUTE,0.0,0.0,0.0,0.0,-6.661338147750939e-16,0.0,4,0.23234693877551016,1.0,The original content of this audio is:'only for a minute or so.',64,13.099540799166183
295,ONLY FOR A MINUTE OR SO,6,4,5,OR,0.0,0.0,0.0,0.0,-6.661338147750939e-16,0.0,5,0.24244897959183698,1.0,The original content of this audio is:'only for a minute or so.',64,13.099540799166183
295,ONLY FOR A MINUTE OR SO,6,5,6,SO,0.0,0.0,0.0,0.0,-6.661338147750939e-16,0.0,6,0.04040816326530594,1.0,The original content of this audio is:'only for a minute or so.',64,13.099540799166183
297,OR HER SUFFERINGS TO NIGHT,5,2,1,SUFFERINGS,0.07065806537866592,0.07065806537866592,0.4881551177858537,0.05578267574310303,0.11929515407202052,0.05578267574310303,1,0.574418604651163,0.8552548885345459,The original content of this audio is: 'or her sufferings to-night.',32,7.960606284798996
297,OR HER SUFFERINGS TO NIGHT,5,3,2,TO,0.04489482194185257,0.04489482194185257,0.3101646921062892,0.02141427993774414,0.04257289224366201,0.10789763927459717,2,0.37286821705426365,0.8552548885345459,The original content of this audio is: 'or her sufferings to-night.',32,7.960606284798996
297,OR HER SUFFERINGS TO NIGHT,5,4,3,NIGHT,0.015392592176795006,0.015392592176795006,0.1063427452595058,0.005083143711090088,-2.220446049250313e-16,0.10789763927459717,3,0.2418604651162788,0.8552548885345459,The original content of this audio is: 'or her sufferings to-night.',32,7.960606284798996
297,OR HER SUFFERINGS TO NIGHT,5,1,4,HER,0.007533659692853689,0.007533659692853689,0.052047767158848963,0.0,-2.220446049250313e-16,0.11016857624053955,4,0.11085271317829459,0.8552548885345459,The original content of this audio is: 'or her sufferings to-night.',32,7.960606284798996
297,OR HER SUFFERINGS TO NIGHT,5,0,5,OR,0.006265968084335327,0.006265968084335327,0.043289670780805964,0.0,-2.220446049250313e-16,0.1447451114654541,5,0.1410852713178295,0.8552548885345459,The original content of this audio is: 'or her sufferings to-night.',32,7.960606284798996
312,SAID COULSON HE'S SENT FOR,5,1,1,COULSON,0.0803142637014389,0.0803142637014389,0.549502423833843,0.06789642572402954,0.08333333333333304,0.06789642572402954,1,0.40252100840336136,0.8538417816162109,The original content of this audio is: 'said colson he sent for.',32,8.359875103000377
312,SAID COULSON HE'S SENT FOR,5,3,2,SENT,0.03476932644844055,0.03476932644844055,0.23788836849096245,0.04953420162200928,0.2166505481993598,0.13525933027267456,2,0.19119747899159645,0.8538417816162109,The original content of this audio is: 'said colson he sent for.',32,8.359875103000377
312,SAID COULSON HE'S SENT FOR,5,2,3,HE'S,0.01807035319507122,0.01807035319507122,0.12363560870255934,0.008250176906585693,0.04257289224366201,0.14779484272003174,3,0.48302521008403354,0.8538417816162109,The original content of this audio is: 'said colson he sent for.',32,8.359875103000377
312,SAID COULSON HE'S SENT FOR,5,0,4,SAID,0.010326327756047249,0.010326327756047249,0.07065173569099148,5.960464477539063e-08,-2.220446049250313e-16,0.1410965919494629,4,0.14088235294117646,0.8538417816162109,The original content of this audio is: 'said colson he sent for.',32,8.359875103000377
312,SAID COULSON HE'S SENT FOR,5,4,5,FOR,0.0026778888422995806,0.0026778888422995806,0.018321856439740478,5.960464477539063e-08,-2.220446049250313e-16,0.14615821838378906,5,0.29182773109243687,0.8538417816162109,The original content of this audio is: 'said colson he sent for.',32,8.359875103000377
323,SO HERE I AM AGAIN,5,0,1,SO,0.032870009541511536,0.032870009541511536,0.25533255195676946,0.0,-2.220446049250313e-16,0.0,1,0.25082236842105243,0.8712658882141113,The original content of this audio is:'so here i am again.',32,7.836068136800895
323,SO HERE I AM AGAIN,5,3,2,AM,0.032870009541511536,0.032870009541511536,0.25533255195676946,0.0,-2.220446049250313e-16,0.0,2,0.12039473684210567,0.8712658882141113,The original content of this audio is:'so here i am again.',32,7.836068136800895
323,SO HERE I AM AGAIN,5,4,3,AGAIN,0.029719278216362,0.029719278216362,0.2308578322654173,0.0,-2.220446049250313e-16,0.0514410138130188,3,0.5116776315789475,0.8712658882141113,The original content of this audio is:'so here i am again.',32,7.836068136800895
323,SO HERE I AM AGAIN,5,1,4,HERE,0.028583258390426636,0.028583258390426636,0.22203328839471226,0.0,-2.220446049250313e-16,0.09556680917739868,4,0.48157894736842066,0.8712658882141113,The original content of this audio is:'so here i am again.',32,7.836068136800895
323,SO HERE I AM AGAIN,5,2,5,I,0.004691556096076965,0.004691556096076965,0.03644376765838274,0.0,-2.220446049250313e-16,0.12873411178588867,5,0.04013157894736885,0.8712658882141113,The original content of this audio is:'so here i am again.',32,7.836068136800895
328,SO LET A SAGE DWELL,5,3,1,SAGE,0.04545525461435318,0.04545525461435318,0.3503016839400779,0.06486451625823975,0.08333333333333304,0.06486451625823975,1,0.3416999999999999,0.8789482116699219,The original content of this audio is: 'so let a sage dwell',32,7.7340192997988195
328,SO LET A SAGE DWELL,5,1,2,LET,0.04479757696390152,0.04479757696390152,0.3452332800691154,0.03635889291763306,0.15133157520849405,0.13626813888549805,2,0.13065000000000004,0.8789482116699219,The original content of this audio is: 'so let a sage dwell',32,7.7340192997988195
328,SO LET A SAGE DWELL,5,4,3,DWELL,0.03408532589673996,0.03408532589673996,0.26267913711133567,0.0,-2.220446049250313e-16,0.13968807458877563,3,0.2814000000000001,0.8789482116699219,The original content of this audio is: 'so let a sage dwell',32,7.7340192997988195
328,SO LET A SAGE DWELL,5,0,4,SO,-0.004354255273938179,0.004354255273938179,0.03355614147817075,0.0,-2.220446049250313e-16,0.1292628049850464,4,0.12060000000000004,0.8789482116699219,The original content of this audio is: 'so let a sage dwell',32,7.7340192997988195
328,SO LET A SAGE DWELL,5,2,5,A,0.0010678948601707816,0.0010678948601707816,0.008229749694783487,0.0,-2.220446049250313e-16,0.12105178833007812,5,0.020100000000000007,0.8789482116699219,The original content of this audio is: 'so let a sage dwell',32,7.7340192997988195
344,THE BEAU IMPATIENT SITS,4,2,1,IMPATIENT,0.10110960900783539,0.10110960900783539,0.5258427464877626,0.1535114049911499,0.5739935663848708,0.1535114049911499,1,0.7012589928057553,0.8077188730239868,The exact words spoken by the speaker are: 'the beau impatient sits'.,16,4.995547931999681
344,THE BEAU IMPATIENT SITS,4,3,2,SITS,0.04611016437411308,0.04611016437411308,0.2398060452751512,0.0482977032661438,0.05555555555555525,0.20215249061584473,2,0.36064748201438857,0.8077188730239868,The exact words spoken by the speaker are: 'the beau impatient sits'.,16,4.995547931999681
344,THE BEAU IMPATIENT SITS,4,1,3,BEAU,0.03403506800532341,0.03403506800532341,0.1770068523895698,0.08208459615707397,0.47702363963150907,0.21522676944732666,3,0.2905215827338129,0.8077188730239868,The exact words spoken by the speaker are: 'the beau impatient sits'.,16,4.995547931999681
344,THE BEAU IMPATIENT SITS,4,0,4,THE,0.011026233434677124,0.011026233434677124,0.057344350646796584,0.048480868339538574,0.41165159458544776,0.19228112697601318,4,0.0701258992805755,0.8077188730239868,The exact words spoken by the speaker are: 'the beau impatient sits'.,16,4.995547931999681
346,THE CHILD TURNED BACK,4,1,1,CHILD,0.08039701730012894,0.08039701730012894,0.6421316971340039,0.0998690128326416,0.3066247547184634,0.0998690128326416,1,0.30144230769230773,0.8747966885566711,The original content of this audio is: 'the child turned back.',16,4.087239495000176
346,THE CHILD TURNED BACK,4,0,2,THE,0.01624245010316372,0.01624245010316372,0.12972859442563137,0.0,-6.661338147750939e-16,0.0998690128326416,2,0.0803846153846155,0.8747966885566711,The original content of this audio is: 'the child turned back.',16,4.087239495000176
346,THE CHILD TURNED BACK,4,3,3,BACK,0.014567479491233826,0.014567479491233826,0.11635058914873163,0.0,-6.661338147750939e-16,0.0998690128326416,3,0.24115384615384583,0.8747966885566711,The original content of this audio is: 'the child turned back.',16,4.087239495000176
346,THE CHILD TURNED BACK,4,2,4,TURNED,0.0139963673427701,0.0139963673427701,0.11178911130462421,0.03346836566925049,0.07692307692307632,0.12520331144332886,4,0.2110096153846155,0.8747966885566711,The original content of this audio is: 'the child turned back.',16,4.087239495000176
347,THE COMMON HOUSE FLY,4,1,1,COMMON,0.14159750938415527,0.14159750938415527,0.6638771793557611,0.08760488033294678,0.33333333333333315,0.08760488033294678,1,0.47338942307692333,0.7901667356491089,The common housefly.,16,3.895491293498708
347,THE COMMON HOUSE FLY,4,2,2,HOUSE,0.04368094354867935,0.04368094354867935,0.2047972575281782,5.960464477539063e-08,-2.220446049250313e-16,0.19904577732086182,2,0.27194711538461536,0.7901667356491089,The common housefly.,16,3.895491293498708
347,THE COMMON HOUSE FLY,4,0,3,THE,0.026282504200935364,0.026282504200935364,0.12322501173368362,5.960464477539063e-08,-2.220446049250313e-16,0.19904577732086182,3,0.07050480769230771,0.7901667356491089,The common housefly.,16,3.895491293498708
347,THE COMMON HOUSE FLY,4,3,4,FLY,-0.001727755181491375,0.001727755181491375,0.008100546693896482,5.960464477539063e-08,-2.220446049250313e-16,0.2098332643508911,4,0.18129807692307698,0.7901667356491089,The common housefly.,16,3.895491293498708
359,THE MAN IN THE MOON,5,1,1,MAN,0.11579635739326477,0.11579635739326477,0.4637002898924385,0.07188880443572998,0.1684781593797,0.07188880443572998,1,0.30260869565217385,0.7696940302848816,The man in the moon.,32,5.907311842600757
359,THE MAN IN THE MOON,5,4,2,MOON,0.07303310185670853,0.07303310185670853,0.2924571313386538,0.0,-4.440892098500626e-16,0.1503707766532898,2,0.645565217391304,0.7696940302848816,The man in the moon.,32,5.907311842600757
359,THE MAN IN THE MOON,5,0,3,THE,0.025915872305631638,0.025915872305631638,0.10377871784104827,0.0,-4.440892098500626e-16,0.2248002290725708,3,0.08069565217391306,0.7696940302848816,The man in the moon.,32,5.907311842600757
359,THE MAN IN THE MOON,5,2,4,IN,0.025268860161304474,0.025268860161304474,0.10118779248171668,0.0,-4.440892098500626e-16,0.23114442825317383,4,0.09078260869565202,0.7696940302848816,The man in the moon.,32,5.907311842600757
359,THE MAN IN THE MOON,5,3,5,THE,-0.009708224795758724,0.009708224795758724,0.0388760644416965,0.0,-4.440892098500626e-16,0.2303059697151184,5,0.07060869565217387,0.7696940302848816,The man in the moon.,32,5.907311842600757
360,THE MOAT AND THE TENTS,5,1,1,MOAT,0.10270101577043533,0.10270101577043533,0.5151954671867921,0.12026667594909668,0.3400336708925559,0.12026667594909668,1,0.31071100917431194,0.816286563873291,The original content of this audio is: 'the moat and the tents.',32,8.369470814999659
360,THE MOAT AND THE TENTS,5,4,2,TENTS,0.08529496192932129,0.08529496192932129,0.427878706264037,0.10889410972595215,0.3400336708925559,0.1257641315460205,2,0.3207339449541282,0.816286563873291,The original content of this audio is: 'the moat and the tents.',32,8.369470814999659
360,THE MOAT AND THE TENTS,5,0,3,THE,-0.004598814528435469,0.004598814528435469,0.023069765977570482,5.960464477539063e-08,-2.220446049250313e-16,0.15959131717681885,3,0.07016055045871555,0.816286563873291,The original content of this audio is: 'the moat and the tents.',32,8.369470814999659
360,THE MOAT AND THE TENTS,5,3,4,THE,0.003532605478540063,0.003532605478540063,0.017721171657846344,0.06006443500518799,0.29289321881345276,0.1824021339416504,4,0.06013761467889922,0.816286563873291,The original content of this audio is: 'the moat and the tents.',32,8.369470814999659
360,THE MOAT AND THE TENTS,5,2,5,AND,-0.0032163888681679964,0.0032163888681679964,0.016134883897294724,5.960464477539063e-08,-2.220446049250313e-16,0.18371343612670898,5,0.2806422018348622,0.816286563873291,The original content of this audio is: 'the moat and the tents.',32,8.369470814999659
366,THE PORTER DID NOT STIR,5,1,1,PORTER,0.1037701889872551,0.1037701889872551,0.512608980722982,0.16421395540237427,0.38441298874890717,0.16421395540237427,1,0.2929591836734693,0.7975644469261169,The exact words spoken by the speaker are: 'the porter did not stir.',32,7.653913710199413
366,THE PORTER DID NOT STIR,5,4,2,STIR,0.03824253007769585,0.03824253007769585,0.18891229316160651,1.7881393432617188e-07,-6.661338147750939e-16,0.11216861009597778,2,0.2020408163265306,0.7975644469261169,The exact words spoken by the speaker are: 'the porter did not stir.',32,7.653913710199413
366,THE PORTER DID NOT STIR,5,0,3,THE,0.03751537948846817,0.03751537948846817,0.18532027963620093,0.05159151554107666,0.5157998752937476,0.1402798891067505,3,0.08081632653061221,0.7975644469261169,The exact words spoken by the speaker are: 'the porter did not stir.',32,7.653913710199413
366,THE PORTER DID NOT STIR,5,2,4,DID,0.014981088228523731,0.014981088228523731,0.07400430163895906,1.7881393432617188e-07,-6.661338147750939e-16,0.20176714658737183,4,0.16163265306122465,0.7975644469261169,The exact words spoken by the speaker are: 'the porter did not stir.',32,7.653913710199413
366,THE PORTER DID NOT STIR,5,3,5,NOT,0.007926182821393013,0.007926182821393013,0.039154139900403354,1.7881393432617188e-07,-6.661338147750939e-16,0.20243555307388306,5,0.12122448979591827,0.7975644469261169,The exact words spoken by the speaker are: 'the porter did not stir.',32,7.653913710199413
368,THE PROBLEM WAS SOLVED,4,1,1,PROBLEM,0.10306540131568909,0.10306540131568909,0.4387445026077592,1.1920928955078125e-07,0.0,1.1920928955078125e-07,1,0.46096638655462185,0.7650900483131409,The problem was solved.,16,3.491781882750729
368,THE PROBLEM WAS SOLVED,4,3,2,SOLVED,0.05992775037884712,0.05992775037884712,0.25510957796432504,1.1920928955078125e-07,0.0,1.1920928955078125e-07,2,0.5311134453781514,0.7650900483131409,The problem was solved.,16,3.491781882750729
368,THE PROBLEM WAS SOLVED,4,0,3,THE,0.0405462421476841,0.0405462421476841,0.17260342090174768,1.1920928955078125e-07,0.0,0.2558043599128723,3,0.0801680672268908,0.7650900483131409,The problem was solved.,16,3.491781882750729
368,THE PROBLEM WAS SOLVED,4,2,4,WAS,0.03137044608592987,0.03137044608592987,0.13354249426921572,1.1920928955078125e-07,0.0,0.23490995168685913,4,0.20042016806722707,0.7650900483131409,The problem was solved.,16,3.491781882750729
373,THE STORY OF THE GRECIAN KING,6,4,1,GRECIAN,0.09185764938592911,0.09185764938592911,0.6486083308988098,0.11709862947463989,0.31526321198253937,0.11709862947463989,1,0.3131000000000004,0.8789929151535034,The original content of this audio is: 'the story of the grecian king.',64,14.247997732834241
373,THE STORY OF THE GRECIAN KING,6,1,2,STORY,0.02359532192349434,0.02359532192349434,0.16660694533472425,0.02670300006866455,0.047619047619048116,0.11709862947463989,2,0.26260000000000006,0.8789929151535034,The original content of this audio is: 'the story of the grecian king.',64,14.247997732834241
373,THE STORY OF THE GRECIAN KING,6,2,3,OF,0.011510107666254044,0.011510107666254044,0.08127305425059368,0.051501452922821045,0.2590414263650518,0.14973467588424683,3,0.04039999999999988,0.8789929151535034,The original content of this audio is: 'the story of the grecian king.',64,14.247997732834241
373,THE STORY OF THE GRECIAN KING,6,3,4,THE,-0.0063202353194355965,0.0063202353194355965,0.04462728263602589,0.0,5.551115123125783e-16,0.11709862947463989,4,0.06059999999999999,0.8789929151535034,The original content of this audio is: 'the story of the grecian king.',64,14.247997732834241
373,THE STORY OF THE GRECIAN KING,6,5,5,KING,0.00435180077329278,0.00435180077329278,0.030728134835137116,0.0,5.551115123125783e-16,0.11709862947463989,5,0.23229999999999995,0.8789929151535034,The original content of this audio is: 'the story of the grecian king.',64,14.247997732834241
373,THE STORY OF THE GRECIAN KING,6,0,6,THE,-0.003987562842667103,0.003987562842667103,0.028156244983693283,0.0,5.551115123125783e-16,0.12100708484649658,6,0.07069999999999999,0.8789929151535034,The original content of this audio is: 'the story of the grecian king.',64,14.247997732834241
374,THE THREE MODES OF MANAGEMENT,5,4,1,MANAGEMENT,0.07987471669912338,0.07987471669912338,0.3472507204354531,0.13410282135009766,0.3291796067500631,0.13410282135009766,1,0.5041322314049586,0.7967760562896729,The original content of this audio is: 'the three modes of management',32,7.88985307260009
374,THE THREE MODES OF MANAGEMENT,5,2,2,MODES,0.07061448693275452,0.07061448693275452,0.30699240603188277,0.12081587314605713,0.3291796067500631,0.10899174213409424,2,0.3730578512396694,0.7967760562896729,The original content of this audio is: 'the three modes of management',32,7.88985307260009
374,THE THREE MODES OF MANAGEMENT,5,1,3,THREE,0.04283875599503517,0.04283875599503517,0.18623901901110354,0.050060153007507324,0.3691067318559548,0.1909947395324707,3,0.29239669421487596,0.7967760562896729,The original content of this audio is: 'the three modes of management',32,7.88985307260009
374,THE THREE MODES OF MANAGEMENT,5,3,4,OF,0.02329423278570175,0.02329423278570175,0.10127033247949986,0.08364307880401611,0.2173762078750736,0.197373628616333,4,0.05041322314049568,0.7967760562896729,The original content of this audio is: 'the three modes of management',32,7.88985307260009
374,THE THREE MODES OF MANAGEMENT,5,0,5,THE,-0.013398111797869205,0.013398111797869205,0.05824751769461845,-1.1920928955078125e-07,0.0,0.20322394371032715,5,0.0806611570247934,0.7967760562896729,The original content of this audio is: 'the three modes of management',32,7.88985307260009
377,THE WHOLE OF THIS ITINERARY,5,4,1,ITINERARY,0.15600627660751343,0.15600627660751343,0.6460434895590108,0.10528236627578735,0.32387659621718656,0.10528236627578735,1,0.6815178571428568,0.7585203647613525,The whole of this itinerary.,32,6.149979399600125
377,THE WHOLE OF THIS ITINERARY,5,1,2,WHOLE,0.054605744779109955,0.054605744779109955,0.22612991396376883,1.1920928955078125e-07,-2.220446049250313e-16,0.1942199468612671,2,0.2305133928571429,0.7585203647613525,The whole of this itinerary.,32,6.149979399600125
377,THE WHOLE OF THIS ITINERARY,5,0,3,THE,0.01730729080736637,0.01730729080736637,0.07167187622927383,1.1920928955078125e-07,-2.220446049250313e-16,0.2484060525894165,3,0.09020089285714283,0.7585203647613525,The whole of this itinerary.,32,6.149979399600125
377,THE WHOLE OF THIS ITINERARY,5,2,4,OF,0.012424950487911701,0.012424950487911701,0.051453432165445435,1.1920928955078125e-07,-2.220446049250313e-16,0.25091278553009033,4,0.06013392857142863,0.7585203647613525,The whole of this itinerary.,32,6.149979399600125
377,THE WHOLE OF THIS ITINERARY,5,3,5,THIS,0.0011352638248354197,0.0011352638248354197,0.004701283941363301,1.1920928955078125e-07,-2.220446049250313e-16,0.24147963523864746,5,0.15033482142857157,0.7585203647613525,The whole of this itinerary.,32,6.149979399600125
382,THERE IS ONE I MUST CONSULT,6,5,1,CONSULT,0.07460379600524902,0.07460379600524902,0.4650185484427743,0.06073319911956787,0.09049140611375106,0.06073319911956787,1,0.6314719626168224,0.9200994968414307,The exact words spoken by the speaker are: 'there is one i must consult.',64,14.473573417166335
382,THERE IS ONE I MUST CONSULT,6,2,2,ONE,-0.024084225296974182,0.024084225296974182,0.15012120143564395,0.0,0.0,0.06073319911956787,2,0.16037383177570097,0.9200994968414307,The exact words spoken by the speaker are: 'there is one i must consult.',64,14.473573417166335
382,THERE IS ONE I MUST CONSULT,6,0,3,THERE,0.02330937795341015,0.02330937795341015,0.1452914420096821,0.0,0.0,0.10395103693008423,3,0.14032710280373828,0.9200994968414307,The exact words spoken by the speaker are: 'there is one i must consult.',64,14.473573417166335
382,THERE IS ONE I MUST CONSULT,6,4,4,MUST,0.020639846101403236,0.020639846101403236,0.1286517816530608,0.0,0.0,0.15359562635421753,4,0.18042056074766344,0.9200994968414307,The exact words spoken by the speaker are: 'there is one i must consult.',64,14.473573417166335
382,THERE IS ONE I MUST CONSULT,6,1,5,IS,-0.016181454062461853,0.016181454062461853,0.1008618419267837,0.0016086697578430176,0.0625,0.07990050315856934,5,0.09021028037383172,0.9200994968414307,The exact words spoken by the speaker are: 'there is one i must consult.',64,14.473573417166335
382,THERE IS ONE I MUST CONSULT,6,3,6,I,0.0016131710726767778,0.0016131710726767778,0.010055178298879705,0.0,0.0,0.07990050315856934,6,0.02004672897196269,0.9200994968414307,The exact words spoken by the speaker are: 'there is one i must consult.',64,14.473573417166335
384,THERE SEEMS TO BE DANGER,5,1,1,SEEMS,0.0694974958896637,0.0694974958896637,0.4164682178547044,0.052015483379364014,0.47825080525004904,0.052015483379364014,1,0.32258064516129015,0.8331266641616821,The original content of this audio is: 'there seems to be danger.',32,8.043013524200068
384,THERE SEEMS TO BE DANGER,5,0,2,THERE,0.056493595242500305,0.056493595242500305,0.33854150613142275,-1.1920928955078125e-07,-2.220446049250313e-16,0.052015483379364014,2,0.20161290322580638,0.8331266641616821,The original content of this audio is: 'there seems to be danger.',32,8.043013524200068
384,THERE SEEMS TO BE DANGER,5,4,3,DANGER,0.030485788360238075,0.030485788360238075,0.18268804919879655,-1.1920928955078125e-07,-2.220446049250313e-16,0.052015483379364014,3,0.5745967741935485,0.8331266641616821,The original content of this audio is: 'there seems to be danger.',32,8.043013524200068
384,THERE SEEMS TO BE DANGER,5,3,4,BE,0.0067345439456403255,0.0067345439456403255,0.04035718811448802,-1.1920928955078125e-07,-2.220446049250313e-16,0.1593104600906372,4,0.08064516129032251,0.8331266641616821,The original content of this audio is: 'there seems to be danger.',32,8.043013524200068
384,THERE SEEMS TO BE DANGER,5,2,5,TO,0.0036620437167584896,0.0036620437167584896,0.021945032708023896,-1.1920928955078125e-07,-2.220446049250313e-16,0.16687333583831787,5,0.06048387096774199,0.8331266641616821,The original content of this audio is: 'there seems to be danger.',32,8.043013524200068
393,TIED TO A WOMAN,4,3,1,WOMAN,0.09769783169031143,0.09769783169031143,0.45817226659197324,0.062471866607666016,0.09090909090909072,0.062471866607666016,1,0.502016129032258,0.7867660522460938,The original content of this audio is:'tied to a woman',16,4.941529535000882
393,TIED TO A WOMAN,4,1,2,TO,0.07605697959661484,0.07605697959661484,0.3566834404511788,0.005254387855529785,-2.220446049250313e-16,0.2068142294883728,2,0.22088709677419338,0.7867660522460938,The original content of this audio is:'tied to a woman',16,4.941529535000882
393,TIED TO A WOMAN,4,0,3,TIED,0.03147152066230774,0.03147152066230774,0.14759158627648036,1.1920928955078125e-07,-2.220446049250313e-16,0.21229958534240723,3,0.3815322580645162,0.7867660522460938,The original content of this audio is:'tied to a woman',16,4.941529535000882
393,TIED TO A WOMAN,4,2,4,A,0.008007506839931011,0.008007506839931011,0.03755270199068044,0.005254387855529785,-2.220446049250313e-16,0.21323394775390625,4,0.020080645161290267,0.7867660522460938,The original content of this audio is:'tied to a woman',16,4.941529535000882
394,TO A MAN REVIEW,4,3,1,REVIEW,0.08149955421686172,0.08149955421686172,0.5539580132283195,0.058542847633361816,0.09090909090909072,0.058542847633361816,1,1.203370786516854,0.8588546514511108,The original content of this audio is:'to a man review.',16,4.762981278250663
394,TO A MAN REVIEW,4,2,2,MAN,0.0606154166162014,0.0606154166162014,0.41200710951582903,0.046544432640075684,0.046537410754407316,0.14114534854888916,2,0.22061797752808987,0.8588546514511108,The original content of this audio is:'to a man review.',16,4.762981278250663
394,TO A MAN REVIEW,4,0,3,TO,-0.0029884479008615017,0.0029884479008615017,0.02031268364232442,0.0,-2.220446049250313e-16,0.14114534854888916,3,0.09025280898876406,0.8588546514511108,The original content of this audio is:'to a man review.',16,4.762981278250663
394,TO A MAN REVIEW,4,1,4,A,0.002018839120864868,0.002018839120864868,0.01372218681645905,0.0,-2.220446049250313e-16,0.14114534854888916,4,0.020056179775280902,0.8588546514511108,The original content of this audio is:'to a man review.',16,4.762981278250663
396,TO DAY I SHOUTED,4,3,1,SHOUTED,0.10370177775621414,0.10370177775621414,0.6756696863828392,0.07356667518615723,0.09090909090909072,0.07356667518615723,1,0.4842857142857142,0.8692898750305176,The original content of this audio is: 'to day i shouted.',16,4.6195056807500805
396,TO DAY I SHOUTED,4,1,2,DAY,0.02978898026049137,0.02978898026049137,0.19409031730957657,0.0,-2.220446049250313e-16,0.11764156818389893,2,0.2623214285714286,0.8692898750305176,The original content of this audio is: 'to day i shouted.',16,4.6195056807500805
396,TO DAY I SHOUTED,4,0,3,TO,-0.011384934186935425,0.011384934186935425,0.07417862140858975,0.0,-2.220446049250313e-16,0.12024688720703125,3,0.060535714285714304,0.8692898750305176,The original content of this audio is: 'to day i shouted.',16,4.6195056807500805
396,TO DAY I SHOUTED,4,2,4,I,0.00860429834574461,0.00860429834574461,0.05606136838348723,0.0,-2.220446049250313e-16,0.13071012496948242,4,0.1311607142857143,0.8692898750305176,The original content of this audio is: 'to day i shouted.',16,4.6195056807500805
400,TO REVIVE THE SICK MAN,5,1,1,REVIVE,0.06976651400327682,0.06976651400327682,0.4885986842285021,0.07326996326446533,0.10291477285493922,0.07326996326446533,1,0.6612692307692309,0.8775529861450195,The original content of this audio is: 'to revive the sick man.',32,8.120792163399164
400,TO REVIVE THE SICK MAN,5,3,2,SICK,0.0355161614716053,0.0355161614716053,0.2487317879041272,0.0,-6.661338147750939e-16,0.09098327159881592,2,0.20038461538461538,0.8775529861450195,The original content of this audio is: 'to revive the sick man.',32,8.120792163399164
400,TO REVIVE THE SICK MAN,5,4,3,MAN,0.027335330843925476,0.027335330843925476,0.19143864179118175,0.0,-6.661338147750939e-16,0.19437342882156372,3,0.3707115384615385,0.8775529861450195,The original content of this audio is: 'to revive the sick man.',32,8.120792163399164
400,TO REVIVE THE SICK MAN,5,0,4,TO,-0.006446684245020151,0.006446684245020151,0.04514832774367252,0.0,-6.661338147750939e-16,0.12773025035858154,4,0.050096153846153846,0.8775529861450195,The original content of this audio is: 'to revive the sick man.',32,8.120792163399164
400,TO REVIVE THE SICK MAN,5,2,5,THE,-0.0037243012338876724,0.0037243012338876724,0.026082551329175422,0.0024794340133666992,0.07417990022744803,0.12244701385498047,5,0.22042307692307705,0.8775529861450195,The original content of this audio is: 'to revive the sick man.',32,8.120792163399164
401,TO RULE BY AGA'S SIDE,5,4,1,SIDE,0.048533834517002106,0.048533834517002106,0.34602162407393605,0.09583806991577148,0.16375798999290903,0.09583806991577148,1,0.5322083333333336,0.8597375750541687,The original content of this audio is: 'to rule by egbert's side.',32,8.163837956599309
401,TO RULE BY AGA'S SIDE,5,1,2,RULE,0.04038913920521736,0.04038913920521736,0.2879540774352327,0.03553652763366699,0.07692307692307632,0.12213253974914551,2,0.36149999999999993,0.8597375750541687,The original content of this audio is: 'to rule by egbert's side.',32,8.163837956599309
401,TO RULE BY AGA'S SIDE,5,3,3,AGA'S,0.03926453739404678,0.03926453739404678,0.27993623691201147,0.11733114719390869,0.5291290442025812,0.1322295069694519,3,0.36149999999999993,0.8597375750541687,The original content of this audio is: 'to rule by egbert's side.',32,8.163837956599309
401,TO RULE BY AGA'S SIDE,5,0,4,TO,0.009295509196817875,0.009295509196817875,0.06627226595397818,0.03925281763076782,0.07692307692307632,0.1589270830154419,4,0.08033333333333337,0.8597375750541687,The original content of this audio is: 'to rule by egbert's side.',32,8.163837956599309
401,TO RULE BY AGA'S SIDE,5,2,5,BY,0.0027794106863439083,0.0027794106863439083,0.01981578849534879,0.03925281763076782,0.07692307692307632,0.1402624249458313,5,0.14058333333333328,0.8597375750541687,The original content of this audio is: 'to rule by egbert's side.',32,8.163837956599309
407,VERY GOOD NOW OBSERVE,4,3,1,OBSERVE,0.05346137285232544,0.05346137285232544,0.3971056026013792,0.039991676807403564,0.09090909090909072,0.039991676807403564,1,0.7411708860759489,0.9465831518173218,The original content of this audio is:'very good now observe.',16,4.799633270500635
407,VERY GOOD NOW OBSERVE,4,1,2,GOOD,-0.040605369955301285,0.040605369955301285,0.30161252965748475,0.0,-2.220446049250313e-16,0.025103211402893066,2,0.33052215189873424,0.9465831518173218,The original content of this audio is:'very good now observe.',16,4.799633270500635
407,VERY GOOD NOW OBSERVE,4,2,3,NOW,0.02047727070748806,0.02047727070748806,0.15210306975075952,0.04001486301422119,0.1296117202215109,0.058214664459228516,3,0.3605696202531643,0.9465831518173218,The original content of this audio is:'very good now observe.',16,4.799633270500635
407,VERY GOOD NOW OBSERVE,4,0,4,VERY,0.020083582028746605,0.020083582028746605,0.1491787905624789,0.0,-2.220446049250313e-16,0.05341684818267822,4,0.23036392405063277,0.9465831518173218,The original content of this audio is:'very good now observe.',16,4.799633270500635
408,VERY WELL HE SAID,4,1,1,WELL,-0.0010467767715454102,0.0010467767715454102,0.3749998656590847,1.1920928955078125e-07,-2.220446049250313e-16,1.1920928955078125e-07,1,0.27202499999999996,0.9999998807907104,The original content of this audio is: 'Very well he said.',16,4.717433949250335
408,VERY WELL HE SAID,4,3,2,SAID,0.0010467767715454102,0.0010467767715454102,0.3749998656590847,0.004187226295471191,-2.220446049250313e-16,1.1920928955078125e-07,2,0.4634499999999997,0.9999998807907104,The original content of this audio is: 'Very well he said.',16,4.717433949250335
408,VERY WELL HE SAID,4,0,3,VERY,-0.0003489255905151367,0.0003489255905151367,0.1249999552196949,1.1920928955078125e-07,-2.220446049250313e-16,1.1920928955078125e-07,3,0.2619499999999999,0.9999998807907104,The original content of this audio is: 'Very well he said.',16,4.717433949250335
408,VERY WELL HE SAID,4,2,4,HE,0.0003489255905151367,0.0003489255905151367,0.1249999552196949,1.1920928955078125e-07,-2.220446049250313e-16,1.1920928955078125e-07,4,0.07052499999999995,0.9999998807907104,The original content of this audio is: 'Very well he said.',16,4.717433949250335
419,WHERE THE INTERFERENCE PROVED,4,2,1,INTERFERENCE,0.1050521656870842,0.1050521656870842,0.5466918034883355,0.12978804111480713,0.42734371332179966,0.12978804111480713,1,0.6661111111111111,0.8393276929855347,The original content of this audio is: 'where the interference proved.',16,4.851298725750894
419,WHERE THE INTERFERENCE PROVED,4,3,2,PROVED,0.04797729477286339,0.04797729477286339,0.24967399419441874,0.05374181270599365,0.07692307692307632,0.14874029159545898,2,0.48444444444444446,0.8393276929855347,The original content of this audio is: 'where the interference proved.',16,4.851298725750894
419,WHERE THE INTERFERENCE PROVED,4,0,3,WHERE,0.023386506363749504,0.023386506363749504,0.12170345330502357,0.03145456314086914,0.07692307692307632,0.1710038185119629,3,0.21194444444444446,0.8393276929855347,The original content of this audio is: 'where the interference proved.',16,4.851298725750894
419,WHERE THE INTERFERENCE PROVED,4,1,4,THE,-0.015743792057037354,0.015743792057037354,0.0819307438082191,1.1920928955078125e-07,-6.661338147750939e-16,0.16067230701446533,4,0.09083333333333332,0.8393276929855347,The original content of this audio is: 'where the interference proved.',16,4.851298725750894
423,WHY THIS WAS MACKAY,4,3,1,MACKAY,0.08737972378730774,0.08737972378730774,0.5943771455340066,0.08931851387023926,0.07692307692307643,0.08931851387023926,1,0.47375999999999996,0.8529894351959229,The original content of this audio is: 'why this was mackay.',16,5.200839533499675
423,WHY THIS WAS MACKAY,4,1,2,THIS,0.03125385940074921,0.03125385940074921,0.21259599976255378,0.057914912700653076,0.12294198069297035,0.10327339172363281,2,0.2620800000000001,0.8529894351959229,The original content of this audio is: 'why this was mackay.',16,5.200839533499675
423,WHY THIS WAS MACKAY,4,0,3,WHY,0.016158148646354675,0.016158148646354675,0.1099114743474331,0.0,-4.440892098500626e-16,0.1299809217453003,3,0.22175999999999996,0.8529894351959229,The original content of this audio is: 'why this was mackay.',16,5.200839533499675
423,WHY THIS WAS MACKAY,4,2,4,WAS,0.012218838557600975,0.012218838557600975,0.08311537355377459,0.0,-4.440892098500626e-16,0.14701056480407715,4,0.10080000000000022,0.8529894351959229,The original content of this audio is: 'why this was mackay.',16,5.200839533499675
433,WOMAN SIREN THAT YOU ARE,5,0,1,WOMAN,0.0799277201294899,0.0799277201294899,0.45296395220290697,0.14108484983444214,0.5799159747915971,0.14108484983444214,1,0.32162162162162167,0.8268353939056396,"The exact words spoken by the speaker are: 'Woman, siren that you are.'",32,8.34483594679914
433,WOMAN SIREN THAT YOU ARE,5,1,2,SIREN,0.03927193582057953,0.03927193582057953,0.22256072400325258,0.07667016983032227,0.5099019705901966,0.11699509620666504,2,0.5326858108108106,0.8268353939056396,"The exact words spoken by the speaker are: 'Woman, siren that you are.'",32,8.34483594679914
433,WOMAN SIREN THAT YOU ARE,5,2,3,THAT,0.034974176436662674,0.034974176436662674,0.198204592325754,0.0468369722366333,0.4398879663887961,0.11699509620666504,3,0.11055743243243255,0.8268353939056396,"The exact words spoken by the speaker are: 'Woman, siren that you are.'",32,8.34483594679914
433,WOMAN SIREN THAT YOU ARE,5,3,4,YOU,0.02063593454658985,0.02063593454658985,0.11694734260504795,0.002795100212097168,0.0,0.1822289228439331,4,0.2814189189189187,0.8268353939056396,"The exact words spoken by the speaker are: 'Woman, siren that you are.'",32,8.34483594679914
433,WOMAN SIREN THAT YOU ARE,5,4,5,ARE,-0.0016451568808406591,0.0016451568808406591,0.009323383195868817,0.002795100212097168,0.0,0.17316460609436035,5,0.06030405405405359,0.8268353939056396,"The exact words spoken by the speaker are: 'Woman, siren that you are.'",32,8.34483594679914
447,YOUR FRIEND AS EVER,4,1,1,FRIEND,0.06953109055757523,0.06953109055757523,0.5803703976802861,0.08660674095153809,0.2215010558384769,0.08660674095153809,1,0.32085106382978723,0.8801952004432678,The original content of this audio is:'your friend as ever.',16,4.889603935749619
447,YOUR FRIEND AS EVER,4,3,2,EVER,0.019515814259648323,0.019515814259648323,0.16289692556379318,1.1920928955078125e-07,-2.220446049250313e-16,1.1920928955078125e-07,2,0.3709840425531914,0.8801952004432678,The original content of this audio is:'your friend as ever.',16,4.889603935749619
447,YOUR FRIEND AS EVER,4,2,3,AS,0.018775414675474167,0.018775414675474167,0.15671687002800871,1.1920928955078125e-07,-2.220446049250313e-16,0.11980479955673218,3,0.14037234042553193,0.8801952004432678,The original content of this audio is:'your friend as ever.',16,4.889603935749619
447,YOUR FRIEND AS EVER,4,0,4,YOUR,0.011982360854744911,0.011982360854744911,0.10001579838099281,0.015836656093597412,0.16375798999290903,0.11980479955673218,4,0.13034574468085114,0.8801952004432678,The original content of this audio is:'your friend as ever.',16,4.889603935749619
