sample_id,row_index,audio_column,transcript,n_segments,n_target_text_tokens,segment_idx,segment_rank_abs_sv,segment_token,segment_sv,segment_abs_sv,segment_abs_sv_share,base_logprob,deleted_logprob,logprob_drop,cumulative_logprob,cumulative_logprob_drop,cumulative_n_deleted,segment_start_sec,segment_end_sec,runtime_sec
1,1,audio__original,A FRENCHMAN YOUR NAME,4,12,0,1,A,0.47368425130844116,0.47368425130844116,0.4736842226009771,-1.0390220295909482,-0.9030299276976924,-0.13599210189325583,-0.9030299276976924,-0.13599210189325583,1,0.3214375,0.4415625,0.553806222249932
1,1,audio__original,A FRENCHMAN YOUR NAME,4,12,3,2,NAME,0.34210526943206787,0.34210526943206787,0.34210524869890074,-1.0390220295909482,-1.0586647943321925,0.019642764741244267,-1.1323033277537131,0.09328129816276487,2,1.99725,2.228375,0.553806222249932
1,1,audio__original,A FRENCHMAN YOUR NAME,4,12,2,3,YOUR,0.18421053886413574,0.18421053886413574,0.18421052770012214,-1.0390220295909482,-1.2558719928686817,0.21684996327773343,-1.1686023684742395,0.12958033888329124,3,1.1801875,1.906875,0.553806222249932
1,1,audio__original,A FRENCHMAN YOUR NAME,4,12,1,4,FRENCHMAN,0.0,0.0,0.0,-1.0390220295909482,-0.9489976018564145,-0.09002442773453379,-1.0299657575863723,-0.009056272004575927,4,0.48175,1.003625,0.553806222249932
6,6,audio__original,AHEM A COMMON RUMOR,4,12,0,1,AHEM,0.25,0.25,0.24999999974999998,-0.9992814026772976,-1.133857270081838,0.1345758674045403,-1.133857270081838,0.1345758674045403,1,0.1006875,0.5220625,0.47224668324997765
6,6,audio__original,AHEM A COMMON RUMOR,4,12,1,2,A,0.25,0.25,0.24999999974999998,-0.9992814026772976,-1.608438706646363,0.6091573039690654,-1.4467202425003052,0.4474388398230076,2,0.63025,1.164625,0.47224668324997765
6,6,audio__original,AHEM A COMMON RUMOR,4,12,2,3,COMMON,0.25,0.25,0.24999999974999998,-0.9992814026772976,-3.1557832285761833,2.1565018258988857,-4.113104434063037,3.1138230313857393,3,1.20475,1.5963125,0.47224668324997765
6,6,audio__original,AHEM A COMMON RUMOR,4,12,3,4,RUMOR,0.25,0.25,0.24999999974999998,-0.9992814026772976,-2.504532879218459,1.5052514765411615,-4.0858655869960785,3.086584184318781,4,1.6565625,2.007625,0.47224668324997765
11,11,audio__original,ALTERED WORDS AND FIGURES,4,7,1,1,WORDS,0.5294117331504822,0.5294117331504822,0.5294117641764706,-2.4868798926472664,-2.4152084259050235,-0.0716714667422429,-2.4152084259050235,-0.0716714667422429,1,1.047375,1.510625,0.3017048675001206
11,11,audio__original,ALTERED WORDS AND FIGURES,4,7,3,2,FIGURES,0.3235293924808502,0.3235293924808502,0.3235294114411765,-2.4868798926472664,-2.536810096885477,0.049930204238210596,-2.6093711065394536,0.1224912138921872,2,1.96175,2.517125,0.3017048675001206
11,11,audio__original,ALTERED WORDS AND FIGURES,4,7,2,3,AND,0.14705881476402283,0.14705881476402283,0.14705882338235293,-2.4868798926472664,-2.6118193742419993,0.12493948159473289,-2.7003964419875826,0.21351654934031616,3,1.6711875,1.8933125,0.3017048675001206
11,11,audio__original,ALTERED WORDS AND FIGURES,4,7,0,4,ALTERED,0.0,0.0,0.0,-2.4868798926472664,-2.9738224470389207,0.48694255439165435,-2.9818067572611784,0.494926864613912,4,0.504,0.9869375,0.3017048675001206
26,26,audio__original,AND I BOUGHT THINGS,4,12,1,1,I,0.4285714328289032,0.4285714328289032,0.4285714196279081,-0.45677671177933615,-0.552828181690226,0.09605146991088981,-0.552828181690226,0.09605146991088981,1,0.5320625,0.705,0.4602552824999293
26,26,audio__original,AND I BOUGHT THINGS,4,12,2,2,BOUGHT,0.34285715222358704,0.34285715222358704,0.3428571416627908,-0.45677671177933615,-0.6372873390403887,0.18051062726105255,-0.6675025780374805,0.21072586625814432,2,0.84225,1.269875,0.4602552824999293
26,26,audio__original,AND I BOUGHT THINGS,4,12,3,3,THINGS,0.22857144474983215,0.22857144474983215,0.22857143770930102,-0.45677671177933615,-0.6899459871153036,0.23316927533596749,-0.5787262079926828,0.12194949621334666,3,1.3505,1.794625,0.4602552824999293
26,26,audio__original,AND I BOUGHT THINGS,4,12,0,4,AND,0.0,0.0,0.0,-0.45677671177933615,-0.6560392233853539,0.19926251160601777,-0.46482929579603177,0.008052584016695619,4,0.2625,0.4635625,0.4602552824999293
32,32,audio__original,AND NOW I SAID,4,12,0,1,AND,0.5769230723381042,0.5769230723381042,0.5769230631643576,-1.9389745633622322,-2.7581790635983148,0.8192045002360826,-2.7581790635983148,0.8192045002360826,1,0.503,0.6835625,0.46235871099997894
32,32,audio__original,AND NOW I SAID,4,12,2,2,I,0.26923078298568726,0.26923078298568726,0.2692307787046052,-1.9389745633622322,-2.5054286842544875,0.5664541208922553,-2.9278891583283744,0.9889145949661422,2,1.1259375,1.306875,0.46235871099997894
32,32,audio__original,AND NOW I SAID,4,12,3,3,SAID,0.1538461595773697,0.1538461595773697,0.15384615713103714,-1.9389745633622322,-2.4487247659514346,0.5097502025892025,-3.314597570647796,1.375623007285564,3,1.3873125,1.74925,0.46235871099997894
32,32,audio__original,AND NOW I SAID,4,12,1,4,NOW,0.0,0.0,0.0,-1.9389745633622322,-2.895522363483906,0.9565478001216736,-3.080230835825205,1.1412562724629727,4,0.743875,1.0053125,0.46235871099997894
33,33,audio__original,AND OH ANNE DEAR,4,12,0,1,AND,0.4736841917037964,0.4736841917037964,0.47368421946389183,-1.7687826052230473,-1.9391123886452988,0.17032978342225147,-1.9391123886452988,0.17032978342225147,1,0.3741875,0.5629375,0.46024334775006537
33,33,audio__original,AND OH ANNE DEAR,4,12,2,2,ANNE,0.2631578743457794,0.2631578743457794,0.2631578897680541,-1.7687826052230473,-1.918795022376192,0.15001241715314473,-2.0304455538474335,0.2616629486243862,2,1.0049375,1.3269375,0.46024334775006537
33,33,audio__original,AND OH ANNE DEAR,4,12,3,3,DEAR,0.2631578743457794,0.2631578743457794,0.2631578897680541,-1.7687826052230473,-1.8769157578547795,0.10813315263173218,-2.22567609527808,0.45689349005503277,3,1.383125,1.728625,0.46024334775006537
33,33,audio__original,AND OH ANNE DEAR,4,12,1,4,OH,0.0,0.0,0.0,-1.7687826052230473,-1.8525698910234496,0.08378728580040229,-1.9487234533686812,0.17994084814563394,4,0.6630625,0.9046875,0.46024334775006537
35,35,audio__original,AND REFUSED TO APOLOGISE,4,12,0,1,AND,0.923076868057251,0.923076868057251,0.9230769152763868,-2.1445474068944654,-2.229662834045788,0.08511542715132236,-2.229662834045788,0.08511542715132236,1,0.1458125,0.292625,0.46495740525006113
35,35,audio__original,AND REFUSED TO APOLOGISE,4,12,2,2,TO,0.07692307978868484,0.07692307978868484,0.07692308372361321,-2.1445474068944654,-2.242518950253725,0.09797154335925962,-2.2295274337132773,0.0849800268188119,2,0.9083125,0.9583125,0.46495740525006113
35,35,audio__original,AND REFUSED TO APOLOGISE,4,12,1,3,REFUSED,0.0,0.0,0.0,-2.1445474068944654,-2.3402936222652593,0.19574621537079384,-2.3315813976029554,0.18703399070848992,3,0.3633125,0.8679375,0.46495740525006113
35,35,audio__original,AND REFUSED TO APOLOGISE,4,12,3,4,APOLOGISE,0.0,0.0,0.0,-2.1445474068944654,-2.1943292611589036,0.04978185426443815,-2.494724049543341,0.3501766426488757,4,1.0698125,1.9168125,0.46495740525006113
38,38,audio__original,AND SO IN MY VIEW,5,12,0,1,AND,0.3578526973724365,0.3578526973724365,0.3578526970145838,-2.5887697593619428,-2.950798242042462,0.3620284826805191,-2.950798242042462,0.3620284826805191,1,0.363875,0.597,0.4256101885999669
38,38,audio__original,AND SO IN MY VIEW,5,12,4,2,VIEW,0.27031728625297546,0.27031728625297546,0.27031728598265814,-2.5887697593619428,-2.9003753513097763,0.31160559194783355,-2.733316416541735,0.14454665717979243,2,1.7555,2.0574375,0.4256101885999669
38,38,audio__original,AND SO IN MY VIEW,5,12,3,3,MY,0.20274874567985535,0.20274874567985535,0.20274874547710658,-2.5887697593619428,-2.8536658187707267,0.2648960594087839,-2.8260882633427777,0.23731850398083498,3,1.4528125,1.6748125,0.4256101885999669
38,38,audio__original,AND SO IN MY VIEW,5,12,2,4,IN,0.16908127069473267,0.16908127069473267,0.1690812705256514,-2.5887697593619428,-2.9186372912178435,0.3298675318559008,-2.857391090442737,0.26862133108079433,4,1.266375,1.3923125,0.4256101885999669
38,38,audio__original,AND SO IN MY VIEW,5,12,1,5,SO,0.0,0.0,0.0,-2.5887697593619428,-2.812954996712506,0.22418523735056306,-3.0034237566093602,0.41465399724741747,5,0.6456875,1.0475,0.4256101885999669
43,43,audio__original,AND THERE WAS MY AUNT,5,12,0,1,AND,0.4506571590900421,0.4506571590900421,0.45065716451528565,-1.685816266394492,-1.8803423356633477,0.19452606926885574,-1.8803423356633477,0.19452606926885574,1,0.4435,0.604,0.4245521816001201
43,43,audio__original,AND THERE WAS MY AUNT,5,12,1,2,THERE,0.32158026099205017,0.32158026099205017,0.32158026486339936,-1.685816266394492,-1.8879075542402763,0.20209128784578434,-1.818377021588579,0.13256075519408705,2,0.6321875,0.765125,0.4245521816001201
43,43,audio__original,AND THERE WAS MY AUNT,5,12,3,3,MY,0.21157832443714142,0.21157832443714142,0.2115783269842305,-1.685816266394492,-1.9663900559341225,0.2805737895396305,-1.8292662066814955,0.14344994028700353,3,0.9261875,1.026875,0.4245521816001201
43,43,audio__original,AND THERE WAS MY AUNT,5,12,2,4,WAS,0.016184242442250252,0.016184242442250252,0.01618424263708452,-1.685816266394492,-1.931911324975469,0.2460950585809769,-2.020131186460882,0.33431492006638996,4,0.78525,0.86575,0.4245521816001201
43,43,audio__original,AND THERE WAS MY AUNT,5,12,4,5,AUNT,0.0,0.0,0.0,-1.685816266394492,-1.906581268068597,0.22076500167410495,-1.7313772972265724,0.04556103083208041,5,1.0771875,1.368625,0.4245521816001201
44,44,audio__original,AND THIS AND HERE AGAIN,5,12,1,1,THIS,0.7294648289680481,0.7294648289680481,0.729464809216306,-1.0931585791210334,-1.2912008414665859,0.19804226234555244,-1.2912008414665859,0.19804226234555244,1,0.4033125,0.726,0.4321236342000702
44,44,audio__original,AND THIS AND HERE AGAIN,5,12,4,2,AGAIN,0.1644628643989563,0.1644628643989563,0.16446285994579016,-1.0931585791210334,-1.217632917066415,0.12447433794538165,-1.1317504569888115,0.03859187786777807,2,1.5125,2.1168125,0.4321236342000702
44,44,audio__original,AND THIS AND HERE AGAIN,5,12,2,3,AND,0.061660733073949814,0.061660733073949814,0.06166073140436021,-1.0931585791210334,-1.1752903411785762,0.0821317620575428,-1.084314023454984,-0.00884455566604947,3,0.951,1.169625,0.4321236342000702
44,44,audio__original,AND THIS AND HERE AGAIN,5,12,0,4,AND,0.04441159963607788,0.04441159963607788,0.0444115984335436,-1.0931585791210334,-1.2894305785497029,0.19627199942866946,-1.1052592024207115,0.012100623299678093,4,0.1418125,0.33275,0.4321236342000702
44,44,audio__original,AND THIS AND HERE AGAIN,5,12,3,5,HERE,0.0,0.0,0.0,-1.0931585791210334,-1.2365612139304478,0.1434026348094144,-1.2651364356279373,0.1719778565069039,5,1.2503125,1.42175,0.4321236342000702
60,60,audio__original,AT YOUR SERVICE SIR,4,12,0,1,AT,0.25,0.25,0.24999999974999998,-0.9142534043639898,-1.1549252074522276,0.24067180308823777,-1.1549252074522276,0.24067180308823777,1,0.7224375,0.7724375,0.46748854725001365
60,60,audio__original,AT YOUR SERVICE SIR,4,12,1,2,YOUR,0.25,0.25,0.24999999974999998,-0.9142534043639898,-1.0677171734472115,0.15346376908322168,-1.1490188161066424,0.23476541174265253,2,0.8430625,1.0038125,0.46748854725001365
60,60,audio__original,AT YOUR SERVICE SIR,4,12,2,3,SERVICE,0.25,0.25,0.24999999974999998,-0.9142534043639898,-1.2533393677634497,0.33908596339945984,-1.3579809689739097,0.4437275646099199,3,1.12425,1.566,0.46748854725001365
60,60,audio__original,AT YOUR SERVICE SIR,4,12,3,4,SIR,0.25,0.25,0.24999999974999998,-0.9142534043639898,-1.2574980863525222,0.3432446819885324,-1.1042126955774922,0.1899592912135024,4,1.7265625,2.16825,0.46748854725001365
65,65,audio__original,BUT ALL THIS WAS IN VAIN,6,12,1,1,ALL,0.5365366339683533,0.5365366339683533,0.5365366574168743,-1.6494902296108194,-1.80274194967933,0.15325172006851062,-1.80274194967933,0.15325172006851062,1,0.7254375,0.886625,0.4098731220001355
65,65,audio__original,BUT ALL THIS WAS IN VAIN,6,12,2,2,THIS,0.226456418633461,0.226456418633461,0.2264564285303958,-1.6494902296108194,-1.8466426813004848,0.19715245168966544,-1.822531359444838,0.17304112983401865,2,0.96725,1.1284375,0.4098731220001355
65,65,audio__original,BUT ALL THIS WAS IN VAIN,6,12,0,3,BUT,0.1310798078775406,0.1310798078775406,0.13107981360618506,-1.6494902296108194,-1.805177232910258,0.15568700329943863,-1.7446496909833513,0.09515946137253195,3,0.664375,0.714375,0.4098731220001355
65,65,audio__original,BUT ALL THIS WAS IN VAIN,6,12,3,4,WAS,0.05659722164273262,0.05659722164273262,0.05659722411622848,-1.6494902296108194,-1.7686369052583661,0.11914667564754677,-1.941467122931499,0.29197689332067966,4,1.1889375,1.37025,0.4098731220001355
65,65,audio__original,BUT ALL THIS WAS IN VAIN,6,12,5,5,VAIN,0.04932987317442894,0.04932987317442894,0.04932987533031634,-1.6494902296108194,-1.7932202669714268,0.1437300373606074,-2.082678940418797,0.4331887108079777,5,1.5959375,1.9946875,0.4098731220001355
65,65,audio__original,BUT ALL THIS WAS IN VAIN,6,12,4,6,IN,0.0,0.0,0.0,-1.6494902296108194,-1.8478748913427505,0.19838466173193114,-2.0998747030268228,0.4503844734160034,6,1.4408125,1.5315,0.4098731220001355
66,66,audio__original,BUT BEFORE HE COULD ACT,5,12,2,1,HE,0.29390832781791687,0.29390832781791687,0.29390832752400853,-0.532975719931225,-0.49492341342071694,-0.038052306510508005,-0.49492341342071694,-0.038052306510508005,1,1.09125,1.1720625,0.43109855200000313
66,66,audio__original,BUT BEFORE HE COULD ACT,5,12,0,2,BUT,0.2879978120326996,0.2879978120326996,0.28799781174470174,-0.532975719931225,-0.6046653689506153,0.07168964901939034,-0.5672152222444614,0.03423950231323647,2,0.52625,0.6870625,0.43109855200000313
66,66,audio__original,BUT BEFORE HE COULD ACT,5,12,3,3,COULD,0.24596339464187622,0.24596339464187622,0.2459633943959128,-0.532975719931225,-0.721992937362908,0.1890172174316831,-0.6485150819644332,0.11553936203320825,3,1.2125,1.374125,0.43109855200000313
66,66,audio__original,BUT BEFORE HE COULD ACT,5,12,4,4,ACT,0.17213046550750732,0.17213046550750732,0.17213046533537685,-0.532975719931225,-0.5931688007161332,0.06019308078490826,-0.782034608341443,0.24905888841021806,4,1.444875,1.6050625,0.43109855200000313
66,66,audio__original,BUT BEFORE HE COULD ACT,5,12,1,5,BEFORE,0.0,0.0,0.0,-0.532975719931225,-0.5588220983045176,0.025846378373292622,-0.884661124063617,0.351685404132392,5,0.70725,1.030625,0.43109855200000313
76,76,audio__original,BUT WHERE YOU GO I GO,6,8,0,1,BUT,0.5317697525024414,0.5317697525024414,0.5317697688091442,-3.23379940725863,-3.8184517212212086,0.5846523139625788,-3.8184517212212086,0.5846523139625788,1,0.06025,0.2304375,0.29409732350010626
76,76,audio__original,BUT WHERE YOU GO I GO,6,8,1,2,WHERE,0.26303014159202576,0.26303014159202576,0.2630301496578368,-3.23379940725863,-3.596513039432466,0.36271363217383623,-3.560333820991218,0.3265344137325883,2,0.2805625,0.501,0.29409732350010626
76,76,audio__original,BUT WHERE YOU GO I GO,6,8,5,3,GO,0.09320247918367386,0.09320247918367386,0.09320248204172495,-3.23379940725863,-3.5523218773305416,0.3185224700719118,-3.7936886185780168,0.559889211319387,3,1.843875,2.3046875,0.29409732350010626
76,76,audio__original,BUT WHERE YOU GO I GO,6,8,2,4,YOU,0.09027116745710373,0.09027116745710373,0.09027117022526623,-3.23379940725863,-3.481568969786167,0.24776956252753735,-3.876857902854681,0.6430584955960512,4,0.5811875,0.7615625,0.29409732350010626
76,76,audio__original,BUT WHERE YOU GO I GO,6,8,4,5,I,0.021726427599787712,0.021726427599787712,0.02172642826602793,-3.23379940725863,-3.3606981383636594,0.12689873110502958,-3.844983786344528,0.6111843790858984,5,1.41475,1.8038125,0.29409732350010626
76,76,audio__original,BUT WHERE YOU GO I GO,6,8,3,6,GO,0.0,0.0,0.0,-3.23379940725863,-3.3930587973445654,0.1592593900859356,-3.8453355645760894,0.6115361573174596,6,0.8216875,1.1624375,0.29409732350010626
80,80,audio__original,BY WE'LL GO TO WAR WITH EM,7,3,3,1,TO,0.22568848729133606,0.22568848729133606,0.2256884971547096,-1.0880550543467205,-1.1434555649757385,0.055400510629018074,-1.1434555649757385,0.055400510629018074,1,1.23,1.280375,0.11412252314286368
80,80,audio__original,BY WE'LL GO TO WAR WITH EM,7,3,0,2,BY,0.19416768848896027,0.19416768848896027,0.19416769697476502,-1.0880550543467205,-4.2032963037490845,3.115241249402364,-3.962610363960266,2.8745553096135454,2,0.26275,0.6250625,0.11412252314286368
80,80,audio__original,BY WE'LL GO TO WAR WITH EM,7,3,5,3,WITH,0.16665150225162506,0.16665150225162506,0.16665150953487656,-1.0880550543467205,-0.8467899623016516,-0.24126509204506885,-3.0479272653659186,1.9598722110191982,3,1.5828125,1.895375,0.11412252314286368
80,80,audio__original,BY WE'LL GO TO WAR WITH EM,7,3,4,4,WAR,0.15515385568141937,0.15515385568141937,0.15515386246218366,-1.0880550543467205,-1.449524536728859,0.3614694823821385,-2.5339074432849884,1.445852388938268,4,1.3308125,1.5525625,0.11412252314286368
80,80,audio__original,BY WE'LL GO TO WAR WITH EM,7,3,6,5,EM,0.14313827455043793,0.14313827455043793,0.14313828080607943,-1.0880550543467205,-1.1292080283164978,0.04115297396977735,-3.232374389966329,2.144319335619609,5,1.955875,2.005875,0.11412252314286368
80,80,audio__original,BY WE'LL GO TO WAR WITH EM,7,3,1,6,WE'LL,0.11520014703273773,0.11520014703273773,0.1152001520673857,-1.0880550543467205,-1.4772217571735382,0.38916670282681776,-2.8802375346422195,1.792182480295499,6,0.7736875,1.0485,0.11412252314286368
80,80,audio__original,BY WE'LL GO TO WAR WITH EM,7,3,2,7,GO,0.0,0.0,0.0,-1.0880550543467205,-1.3308489918708801,0.24279393752415968,-4.405357792973518,3.3173027386267977,7,1.0888125,1.189625,0.11412252314286368
89,89,audio__original,CHAPTER ONE MY EDUCATION,4,12,1,1,ONE,0.44117647409439087,0.44117647409439087,0.44117646050513126,-0.3812198960222304,-0.526972223383685,0.1457523273614546,-0.526972223383685,0.1457523273614546,1,0.661,0.8413125,0.47156466549995457
89,89,audio__original,CHAPTER ONE MY EDUCATION,4,12,3,2,EDUCATION,0.3235294222831726,0.3235294222831726,0.3235294123177153,-0.3812198960222304,-1.1720864054126043,0.790866509390374,-1.6118771818776925,1.230657285855462,2,1.9230625,2.8043125,0.47156466549995457
89,89,audio__original,CHAPTER ONE MY EDUCATION,4,12,2,3,MY,0.2352941334247589,0.2352941334247589,0.23529412617715337,-0.3812198960222304,-1.46307543789347,1.0818555418712397,-1.903333645624419,1.5221137496021886,3,1.3815,1.8629375,0.47156466549995457
89,89,audio__original,CHAPTER ONE MY EDUCATION,4,12,0,4,CHAPTER,0.0,0.0,0.0,-0.3812198960222304,-1.4954391873131196,1.1142192912908893,-2.6240872559137642,2.242867359891534,4,0.1403125,0.5408125,0.47156466549995457
94,94,audio__original,CLOTHO FROM TIME TO TIME,5,12,3,1,TO,0.3712645173072815,0.3712645173072815,0.37126451416988077,-1.973337665006208,-2.3712451805283004,0.39790751552209236,-2.3712451805283004,0.39790751552209236,1,1.2265,1.3069375,0.42243622959995264
94,94,audio__original,CLOTHO FROM TIME TO TIME,5,12,2,2,TIME,0.33682066202163696,0.33682066202163696,0.3368206591753068,-1.973337665006208,-2.444446715492328,0.4711090504861202,-2.389570018979915,0.41623235397370695,2,0.965125,1.1863125,0.42243622959995264
94,94,audio__original,CLOTHO FROM TIME TO TIME,5,12,4,3,TIME,0.24966254830360413,0.24966254830360413,0.24966254619381065,-1.973337665006208,-2.315417040968896,0.3420793759626879,-2.4586874768938287,0.4853498118876207,3,1.3471875,1.7288125,0.42243622959995264
94,94,audio__original,CLOTHO FROM TIME TO TIME,5,12,0,4,CLOTHO,0.042252279818058014,0.042252279818058014,0.04225227946100172,-1.973337665006208,-2.306562302115102,0.33322463710889383,-2.5258100808690265,0.5524724158628185,4,0.322125,0.7435625,0.42243622959995264
94,94,audio__original,CLOTHO FROM TIME TO TIME,5,12,1,5,FROM,0.0,0.0,0.0,-1.973337665006208,-2.4564073344760495,0.48306966946984153,-2.555653646878151,0.582315981871943,5,0.7841875,0.9249375,0.42243622959995264
102,102,audio__original,DEATH OF A FRIEND,4,12,0,1,DEATH,0.5999999642372131,0.5999999642372131,0.5999999859889544,-0.6599005712244738,-0.930541867397551,0.2706412961730772,-0.930541867397551,0.2706412961730772,1,0.32275,0.6645,0.4652392970001529
102,102,audio__original,DEATH OF A FRIEND,4,12,3,2,FRIEND,0.2800000011920929,0.2800000011920929,0.28000001134290614,-0.6599005712244738,-0.6759613499598345,0.016060778735360715,-0.8104108600546169,0.15051028883014317,2,1.0571875,1.7355,0.4652392970001529
102,102,audio__original,DEATH OF A FRIEND,4,12,2,3,A,0.11999999731779099,0.11999999731779099,0.12000000166813941,-0.6599005712244738,-0.7778570168156875,0.11795644559121377,-0.8098583090832108,0.149957737858737,3,0.9464375,0.9964375,0.4652392970001529
102,102,audio__original,DEATH OF A FRIEND,4,12,1,4,OF,0.0,0.0,0.0,-0.6599005712244738,-0.8143397058762881,0.15443913465181436,-0.8024583025714188,0.14255773134694505,4,0.8055,0.865875,0.4652392970001529
109,109,audio__original,ELEVEN P M MAJOR,4,10,0,1,ELEVEN,0.5999999642372131,0.5999999642372131,0.5999999859889544,-2.976565793882037,-3.1799489565473777,0.20338316266534084,-3.1799489565473777,0.20338316266534084,1,0.22175,0.704125,0.3764520997499403
109,109,audio__original,ELEVEN P M MAJOR,4,10,3,2,MAJOR,0.2800000011920929,0.2800000011920929,0.28000001134290614,-2.976565793882037,-2.8313376886508195,-0.14522810523121743,-3.05360101844999,0.07703522456795309,2,2.3283125,3.0575625,0.3764520997499403
109,109,audio__original,ELEVEN P M MAJOR,4,10,1,3,P,0.11999999731779099,0.11999999731779099,0.12000000166813941,-2.976565793882037,-3.0801300217353855,0.10356422785334862,-2.9872824632599078,0.010716669377870858,3,0.7323125,0.824875,0.3764520997499403
109,109,audio__original,ELEVEN P M MAJOR,4,10,2,4,M,0.0,0.0,0.0,-2.976565793882037,-2.9476593645638784,-0.028906429318158455,-3.081206977477632,0.10464118359559516,4,1.166875,1.2675,0.3764520997499403
110,110,audio__original,EMILY AT THIS TIME,4,12,0,1,EMILY,0.25,0.25,0.24999999974999998,-3.159843677033981,-3.461684030791124,0.301840353757143,-3.461684030791124,0.301840353757143,1,0.50275,0.9645625,0.4592573202501171
110,110,audio__original,EMILY AT THIS TIME,4,12,1,2,AT,0.25,0.25,0.24999999974999998,-3.159843677033981,-3.4920617577930293,0.33221808075904846,-3.3369288792212806,0.17708520218729973,2,1.1610625,1.42675,0.4592573202501171
110,110,audio__original,EMILY AT THIS TIME,4,12,2,3,THIS,0.25,0.25,0.24999999974999998,-3.159843677033981,-3.387593738734722,0.2277500617007413,-3.530232978363832,0.37038930132985115,3,1.4468125,1.6276875,0.4592573202501171
110,110,audio__original,EMILY AT THIS TIME,4,12,3,4,TIME,0.25,0.25,0.24999999974999998,-3.159843677033981,-3.5063227117061615,0.34647903467218066,-3.601070805142323,0.4412271281083422,4,1.667875,1.989,0.4592573202501171
111,111,audio__original,END IN I AND FIVE IN T,7,12,0,1,END,0.22111555933952332,0.22111555933952332,0.22111556817932423,-1.8934364598244429,-2.1115234661847353,0.21808700636029243,-2.1115234661847353,0.21808700636029243,1,0.5430625,0.7738125,0.38948524128565104
111,111,audio__original,END IN I AND FIVE IN T,7,12,6,2,T,0.21777409315109253,0.21777409315109253,0.21777410185730767,-1.8934364598244429,-1.9200908963878949,0.02665443656345201,-2.0645681119834385,0.17113165215899562,2,3.8591875,3.9091875,0.38948524128565104
111,111,audio__original,END IN I AND FIVE IN T,7,12,4,3,FIVE,0.17000600695610046,0.17000600695610046,0.17000601375263374,-1.8934364598244429,-1.9461790332570672,0.05274257343262434,-2.0897636466349163,0.19632718681047345,3,2.440125,2.9245,0.38948524128565104
111,111,audio__original,END IN I AND FIVE IN T,7,12,5,4,IN,0.1664436012506485,0.1664436012506485,0.16644360790476323,-1.8934364598244429,-1.9769162746767204,0.08347981485227751,-2.0035882281760373,0.11015176835159446,4,3.015,3.497375,0.38948524128565104
111,111,audio__original,END IN I AND FIVE IN T,7,12,2,5,I,0.16506138443946838,0.16506138443946838,0.1650613910383246,-1.8934364598244429,-1.9609248051419854,0.06748834531754255,-1.9733022338089843,0.07986577398454142,5,0.984875,1.4270625,0.38948524128565104
111,111,audio__original,END IN I AND FIVE IN T,7,12,3,6,AND,0.059599313884973526,0.059599313884973526,0.059599316267646515,-1.8934364598244429,-1.9307035772750776,0.03726711745063471,-2.0250374373669424,0.13160097754249955,6,1.9095,2.391875,0.38948524128565104
111,111,audio__original,END IN I AND FIVE IN T,7,12,1,7,IN,0.0,0.0,0.0,-1.8934364598244429,-1.9516817207137744,0.058245260889331574,-2.1367306588217616,0.24329419899731874,7,0.834125,0.9245625,0.38948524128565104
113,113,audio__original,EVER YOUR'S W H,4,7,1,1,YOUR'S,0.4285714030265808,0.4285714030265808,0.42857142814285715,-2.3984614152993475,-2.4388662182859013,0.0404048029865538,-2.4388662182859013,0.0404048029865538,1,0.763625,1.2258125,0.30582889849983985
113,113,audio__original,EVER YOUR'S W H,4,7,2,2,W,0.4285714030265808,0.4285714030265808,0.42857142814285715,-2.3984614152993475,-2.7393912289823805,0.340929813683033,-2.6968055942228863,0.2983441789235388,2,1.802375,2.7933125,0.30582889849983985
113,113,audio__original,EVER YOUR'S W H,4,7,3,3,H,0.1428571343421936,0.1428571343421936,0.1428571427142857,-2.3984614152993475,-2.4599216814552034,0.06146026615585587,-2.814132986324174,0.41567157102482666,3,2.87375,2.92375,0.30582889849983985
113,113,audio__original,EVER YOUR'S W H,4,7,0,4,EVER,0.0,0.0,0.0,-2.3984614152993475,-2.578203335404396,0.17974192010504852,-3.085675148027284,0.6872137327279364,4,0.4425,0.743375,0.30582889849983985
116,116,audio__original,FACE AND FIGURE I,4,12,1,1,AND,0.44117647409439087,0.44117647409439087,0.44117646050513126,-0.4965437751573821,-0.6376833339066555,0.14113955874927347,-0.6376833339066555,0.14113955874927347,1,0.6490625,0.861375,0.46939418350007145
116,116,audio__original,FACE AND FIGURE I,4,12,2,2,FIGURE,0.3235294222831726,0.3235294222831726,0.3235294123177153,-0.4965437751573821,-0.6013222782251736,0.10477850306779152,-0.6138442779580752,0.1173005028006931,2,0.9575625,1.2620625,0.46939418350007145
116,116,audio__original,FACE AND FIGURE I,4,12,3,3,I,0.2352941334247589,0.2352941334247589,0.23529412617715337,-0.4965437751573821,-0.6700363812657694,0.1734926061083873,-0.6607957906089723,0.16425201545159024,3,1.38225,2.584375,0.46939418350007145
116,116,audio__original,FACE AND FIGURE I,4,12,0,4,FACE,0.0,0.0,0.0,-0.4965437751573821,-0.60095358088923,0.10440980573184794,-0.5708126244135201,0.07426884925613803,4,0.2405,0.6009375,0.46939418350007145
117,117,audio__original,FOR ASKED THE INCAS,4,12,1,1,ASKED,0.4285714030265808,0.4285714030265808,0.42857142814285715,-2.628871383766333,-2.8330430860320726,0.20417170226573944,-2.8330430860320726,0.20417170226573944,1,0.8875,1.109375,0.4752416397500383
117,117,audio__original,FOR ASKED THE INCAS,4,12,3,2,INCAS,0.3142856955528259,0.3142856955528259,0.31428571397142857,-2.628871383766333,-3.576901170114676,0.9480297863483429,-3.5728289236625037,0.9439575398961706,2,1.2505625,1.67375,0.4752416397500383
117,117,audio__original,FOR ASKED THE INCAS,4,12,2,3,THE,0.2571428418159485,0.2571428418159485,0.25714285688571425,-2.628871383766333,-2.964410682519277,0.33553929875294397,-3.59533728659153,0.9664659028251967,3,1.1496875,1.2101875,0.4752416397500383
117,117,audio__original,FOR ASKED THE INCAS,4,12,0,4,FOR,0.0,0.0,0.0,-2.628871383766333,-2.793553945918878,0.16468256215254495,-3.5934814090530076,0.9646100252866745,4,0.54525,0.846625,0.4752416397500383
127,127,audio__original,HAM TO BE OR NOT TO BE,7,12,3,1,OR,0.32651466131210327,0.32651466131210327,0.32651468044738013,-1.4322722628712654,-1.8281077714636922,0.3958355085924268,-1.8281077714636922,0.3958355085924268,1,1.21925,1.3625625,0.3825092239999971
127,127,audio__original,HAM TO BE OR NOT TO BE,7,12,0,2,HAM,0.2599659264087677,0.2599659264087677,0.25996594164397935,-1.4322722628712654,-1.9295604478878279,0.49728818501656247,-1.9688095483773698,0.5365372855061044,2,0.1621875,0.423875,0.3825092239999971
127,127,audio__original,HAM TO BE OR NOT TO BE,7,12,1,3,TO,0.16990414261817932,0.16990414261817932,0.16990415257535182,-1.4322722628712654,-1.6068068407475948,0.17453457787632942,-1.7969749526431162,0.36470268977185083,3,0.6926875,0.827625,0.3825092239999971
127,127,audio__original,HAM TO BE OR NOT TO BE,7,12,4,4,NOT,0.08678765594959259,0.08678765594959259,0.08678766103575264,-1.4322722628712654,-1.842086936890458,0.4098146740191926,-1.5949388698985179,0.16266660702725244,4,1.4534375,1.59475,0.3825092239999971
127,127,audio__original,HAM TO BE OR NOT TO BE,7,12,6,5,BE,0.08132929354906082,0.08132929354906082,0.08132929831533546,-1.4322722628712654,-1.6893383143469691,0.2570660514757037,-1.7524836839487155,0.32021142107745004,5,1.7360625,1.9785,0.3825092239999971
127,127,audio__original,HAM TO BE OR NOT TO BE,7,12,5,6,TO,0.07549826055765152,0.07549826055765152,0.07549826498220052,-1.4322722628712654,-1.812398996592189,0.38012673372092354,-1.7170524814476569,0.28478021857639146,6,1.635125,1.685125,0.3825092239999971
127,127,audio__original,HAM TO BE OR NOT TO BE,7,12,2,7,BE,0.0,0.0,0.0,-1.4322722628712654,-1.7495007732262213,0.3172285103549559,-1.8643676531501114,0.432095390278846,7,0.9285625,1.1708125,0.3825092239999971
134,134,audio__original,HE COULD WAIT NO LONGER,5,12,0,1,HE,0.416015625,0.416015625,0.4160156152853107,-0.9685883869727453,-1.4559128135442734,0.4873244265715281,-1.4559128135442734,0.4873244265715281,1,0.5214375,0.6615625,0.42448695580005735
134,134,audio__original,HE COULD WAIT NO LONGER,5,12,1,2,COULD,0.4003906548023224,0.4003906548023224,0.4003906454525034,-0.9685883869727453,-1.3853071828683217,0.41671879589557637,-1.3174772585431735,0.34888887157042825,2,0.701625,0.842,0.42448695580005735
134,134,audio__original,HE COULD WAIT NO LONGER,5,12,3,3,NO,0.107421875,0.107421875,0.10742187249151217,-0.9685883869727453,-1.355626640220483,0.3870382532477378,-1.309732163945834,0.3411437769730886,3,1.1426875,1.2329375,0.42448695580005735
134,134,audio__original,HE COULD WAIT NO LONGER,5,12,4,4,LONGER,0.0761718675494194,0.0761718675494194,0.07617186577067366,-0.9685883869727453,-1.1649103487531345,0.1963219617803892,-1.4477577606836955,0.47916937371095025,4,1.303125,1.7439375,0.42448695580005735
134,134,audio__original,HE COULD WAIT NO LONGER,5,12,2,5,WAIT,0.0,0.0,0.0,-0.9685883869727453,-1.170066776374976,0.20147838940223062,-1.2008123099803925,0.23222392300764716,5,0.8820625,1.0705625,0.42448695580005735
139,139,audio__original,HE LOOKED ROUND THE ROOM,5,12,0,1,HE,0.20000000298023224,0.20000000298023224,0.1999999998,-1.235228382050991,-2.0845449392994246,0.8493165572484336,-2.0845449392994246,0.8493165572484336,1,0.463,0.58325,0.4209155559999999
139,139,audio__original,HE LOOKED ROUND THE ROOM,5,12,1,2,LOOKED,0.20000000298023224,0.20000000298023224,0.1999999998,-1.235228382050991,-1.6396659513314564,0.40443756928046537,-1.6857657035191853,0.45053732146819425,2,0.6335,0.8245625,0.4209155559999999
139,139,audio__original,HE LOOKED ROUND THE ROOM,5,12,2,3,ROUND,0.20000000298023224,0.20000000298023224,0.1999999998,-1.235228382050991,-1.6509565164645512,0.41572813441356016,-1.7788532798488934,0.5436248977979024,3,0.8648125,1.0960625,0.4209155559999999
139,139,audio__original,HE LOOKED ROUND THE ROOM,5,12,3,4,THE,0.20000000298023224,0.20000000298023224,0.1999999998,-1.235228382050991,-1.6091065903504689,0.3738782082994778,-1.786370540658633,0.5511421586076419,4,1.146375,1.21675,0.4209155559999999
139,139,audio__original,HE LOOKED ROUND THE ROOM,5,12,4,5,ROOM,0.20000000298023224,0.20000000298023224,0.1999999998,-1.235228382050991,-1.3889661903182666,0.15373780826727557,-1.3781079351902008,0.14287955313920975,5,1.2670625,1.64875,0.4209155559999999
143,143,audio__original,HE SAID THEY ARE NICE,5,6,0,1,HE,0.20000000298023224,0.20000000298023224,0.1999999998,-0.5276566619674364,-0.5890974824627241,0.06144082049528765,-0.5890974824627241,0.06144082049528765,1,0.1013125,0.221625,0.2585386256001584
143,143,audio__original,HE SAID THEY ARE NICE,5,6,1,2,SAID,0.20000000298023224,0.20000000298023224,0.1999999998,-0.5276566619674364,-0.734775185585022,0.20711852361758554,-1.2904190917809804,0.7627624298135439,2,0.362625,0.564125,0.2585386256001584
143,143,audio__original,HE SAID THEY ARE NICE,5,6,2,3,THEY,0.20000000298023224,0.20000000298023224,0.1999999998,-0.5276566619674364,-0.7035313621163368,0.1758747001489004,-1.168388843536377,0.6407321815689405,3,0.664875,1.3298125,0.2585386256001584
143,143,audio__original,HE SAID THEY ARE NICE,5,6,3,4,ARE,0.20000000298023224,0.20000000298023224,0.1999999998,-0.5276566619674364,-0.6407943964004517,0.11313773443301522,-1.1093218090633552,0.5816651470959188,4,1.414125,1.6521875,0.2585386256001584
143,143,audio__original,HE SAID THEY ARE NICE,5,6,4,5,NICE,0.20000000298023224,0.20000000298023224,0.1999999998,-0.5276566619674364,-0.4970788986732562,-0.030577763294180216,-0.920427430421114,0.39277076845367753,5,1.7529375,2.1755,0.2585386256001584
144,144,audio__original,HE SAID WHY YOU,4,12,1,1,SAID,0.34285715222358704,0.34285715222358704,0.3428571416627908,-1.8502585895669956,-1.9957334064335253,0.14547481686652963,-1.9957334064335253,0.14547481686652963,1,0.4831875,0.845625,0.46958584549997795
144,144,audio__original,HE SAID WHY YOU,4,12,3,2,YOU,0.34285715222358704,0.34285715222358704,0.3428571416627908,-1.8502585895669956,-1.9460418112576008,0.09578322169060516,-2.036300961393863,0.18604237182686734,2,2.05375,2.10375,0.46958584549997795
144,144,audio__original,HE SAID WHY YOU,4,12,2,3,WHY,0.3142857253551483,0.3142857253551483,0.3142857156744184,-1.8502585895669956,-2.0972096462113163,0.2469510566443207,-2.2088474366270625,0.3585888470600669,3,1.1945,1.9731875,0.46958584549997795
144,144,audio__original,HE SAID WHY YOU,4,12,0,4,HE,0.0,0.0,0.0,-1.8502585895669956,-1.8156798584386706,-0.03457873112832499,-2.3424734422781817,0.49221485271118603,4,0.201875,0.4423125,0.46958584549997795
147,147,audio__original,HE TECK DAT TIME TOO,5,12,0,1,HE,0.42885613441467285,0.42885613441467285,0.42885610522877393,-0.8595309463950495,-1.4871841159959633,0.6276531696009139,-1.4871841159959633,0.6276531696009139,1,0.322,0.522625,0.42080930299998726
147,147,audio__original,HE TECK DAT TIME TOO,5,12,1,2,TECK,0.3865617513656616,0.3865617513656616,0.38656172505811626,-0.8595309463950495,-1.0826043024038274,0.22307335600877798,-1.264893557721128,0.40536261132607854,2,0.54275,0.759625,0.42080930299998726
147,147,audio__original,HE TECK DAT TIME TOO,5,12,3,3,TIME,0.09470211714506149,0.09470211714506149,0.094702110700088,-0.8595309463950495,-1.0295375405500333,0.17000659415498387,-1.2109322863010068,0.35140133990595734,3,0.985,1.4273125,0.42080930299998726
147,147,audio__original,HE TECK DAT TIME TOO,5,12,4,4,TOO,0.0898800641298294,0.0898800641298294,0.08988005801302179,-0.8595309463950495,-1.1694845594465733,0.3099536130515238,-1.3622243780021865,0.5026934316071371,4,1.4675,1.7485,0.42080930299998726
147,147,audio__original,HE TECK DAT TIME TOO,5,12,2,5,DAT,0.0,0.0,0.0,-0.8595309463950495,-1.2003715704195201,0.3408406240244707,-1.1042126955774922,0.2446817491824428,5,0.784,0.9448125,0.42080930299998726
148,148,audio__original,HE TOLD ME IN CONFIDENCE,5,12,0,1,HE,0.4000000059604645,0.4000000059604645,0.3999999996,-1.0858254539780319,-1.309918274404481,0.22409282042644918,-1.309918274404481,0.22409282042644918,1,0.2428125,0.443875,0.42340851520002615
148,148,audio__original,HE TOLD ME IN CONFIDENCE,5,12,2,2,ME,0.20000000298023224,0.20000000298023224,0.1999999998,-1.0858254539780319,-1.1456710859201849,0.05984563194215298,-1.2598700588569045,0.17404460487887263,2,0.82725,0.958375,0.42340851520002615
148,148,audio__original,HE TOLD ME IN CONFIDENCE,5,12,3,3,IN,0.20000000298023224,0.20000000298023224,0.1999999998,-1.0858254539780319,-1.1557921149457495,0.06996666096771764,-1.256060223095119,0.17023476911708713,3,1.069375,1.1500625,0.42340851520002615
148,148,audio__original,HE TOLD ME IN CONFIDENCE,5,12,4,4,CONFIDENCE,0.20000000298023224,0.20000000298023224,0.1999999998,-1.0858254539780319,-1.36288672266528,0.27706126868724823,-1.3710165889933705,0.28519113501533866,4,1.1904375,1.976625,0.42340851520002615
148,148,audio__original,HE TOLD ME IN CONFIDENCE,5,12,1,5,TOLD,0.0,0.0,0.0,-1.0858254539780319,-1.308363052085042,0.22253759810701013,-1.2871538368053734,0.20132838282734156,5,0.4841875,0.7768125,0.42340851520002615
156,156,audio__original,HERE IS A NARROW CORNER AS,6,12,0,1,HERE,0.2322423905134201,0.2322423905134201,0.23224237643845336,-0.8051187058445066,-1.9904098970194657,1.185291191174959,-1.9904098970194657,1.185291191174959,1,0.2831875,0.6255625,0.4025758335001228
156,156,audio__original,HERE IS A NARROW CORNER AS,6,12,1,2,IS,0.23070095479488373,0.23070095479488373,0.23070094081333514,-0.8051187058445066,-2.0812593807155886,1.276140674871082,-2.3858649730682373,1.5807462672237307,2,0.70625,0.787,0.4025758335001228
156,156,audio__original,HERE IS A NARROW CORNER AS,6,12,3,3,NARROW,0.19632835686206818,0.19632835686206818,0.19632834496365856,-0.8051187058445066,-2.7912735156714916,1.986154809826985,-3.077041618525982,2.2719229126814753,3,0.9484375,1.2915,0.4025758335001228
156,156,audio__original,HERE IS A NARROW CORNER AS,6,12,4,4,CORNER,0.1809510439634323,0.1809510439634323,0.18095103299695922,-0.8051187058445066,-2.2768341911335788,1.4717154852890721,-3.482938915491104,2.6778202096465975,4,1.331875,1.7455625,0.4025758335001228
156,156,audio__original,HERE IS A NARROW CORNER AS,6,12,5,5,AS,0.15977731347084045,0.15977731347084045,0.1597773037875937,-0.8051187058445066,-1.461890978583445,0.6567722727389385,-3.6667229930559793,2.8616042872114726,5,1.8464375,2.1181875,0.4025758335001228
156,156,audio__original,HERE IS A NARROW CORNER AS,6,12,2,6,A,0.0,0.0,0.0,-0.8051187058445066,-2.1077267387881875,1.3026080329436809,-3.6685183197259903,2.8633996138814837,6,0.8475625,0.8975625,0.4025758335001228
157,157,audio__original,HERE SOME OF YOU GIRLS,5,12,0,1,HERE,0.6464213728904724,0.6464213728904724,0.6464213939170171,-1.100913004949689,-1.3062223657228362,0.20530936077314732,-1.3062223657228362,0.20530936077314732,1,0.5646875,0.8864375,0.4273560272000395
157,157,audio__original,HERE SOME OF YOU GIRLS,5,12,3,2,YOU,0.2738158702850342,0.2738158702850342,0.27381587919161104,-1.100913004949689,-1.2515524472983088,0.15063944234861992,-1.3122490498935804,0.21133604494389147,2,1.289375,1.390125,0.4273560272000395
157,157,audio__original,HERE SOME OF YOU GIRLS,5,12,1,3,SOME,0.046013813465833664,0.046013813465833664,0.04601381496255322,-1.100913004949689,-1.3513480733478598,0.25043506839817087,-1.2955545760535945,0.19464157110390556,3,0.9871875,1.148375,0.4273560272000395
157,157,audio__original,HERE SOME OF YOU GIRLS,5,12,4,4,GIRLS,0.03374890983104706,0.03374890983104706,0.033748910928818564,-1.100913004949689,-1.2939334533390745,0.1930204483893856,-1.1256524649797939,0.024739460030104965,4,1.4304375,1.8730625,0.4273560272000395
157,157,audio__original,HERE SOME OF YOU GIRLS,5,12,2,5,OF,0.0,0.0,0.0,-1.100913004949689,-1.2825775055777437,0.18166450062805484,-1.123528334030804,0.022615329081115076,5,1.188625,1.238625,0.4273560272000395
163,163,audio__original,I AM VERY GLAD,4,3,0,1,I,0.5999999642372131,0.5999999642372131,0.5999999859889544,-0.5162220334168524,-0.8654808818149226,0.3492588483980702,-0.8654808818149226,0.3492588483980702,1,0.38175,0.452125,0.11923288349998984
163,163,audio__original,I AM VERY GLAD,4,3,3,2,GLAD,0.2800000011920929,0.2800000011920929,0.28000001134290614,-0.5162220334168524,-1.246367178139432,0.7301451447225797,-1.1377398958526708,0.6215178624358184,2,1.414625,2.0695,0.11923288349998984
163,163,audio__original,I AM VERY GLAD,4,3,2,3,VERY,0.11999999731779099,0.11999999731779099,0.12000000166813941,-0.5162220334168524,-0.6259061298915185,0.10968409647466615,-1.5788474978180602,1.0626254644012079,3,0.9159375,1.3664375,0.11923288349998984
163,163,audio__original,I AM VERY GLAD,4,3,1,4,AM,0.0,0.0,0.0,-0.5162220334168524,-0.6290750468227392,0.11285301340588683,-1.1503796945859601,0.6341576611691078,4,0.562625,0.713375,0.11923288349998984
168,168,audio__original,I DO THINK THIS IS,5,12,0,1,I,0.7319153547286987,0.7319153547286987,0.7319153730829641,-0.4041217202320695,-0.7890997348974148,0.3849780146653453,-0.7890997348974148,0.3849780146653453,1,0.5633125,0.7438125,0.43461689519990615
168,168,audio__original,I DO THINK THIS IS,5,12,3,2,THIS,0.1812821477651596,0.1812821477651596,0.18128215231117797,-0.4041217202320695,-0.6465482655912638,0.24242654535919428,-0.6272628484293818,0.22314112819731236,2,1.186125,1.326875,0.43461689519990615
168,168,audio__original,I DO THINK THIS IS,5,12,4,3,IS,0.04484802111983299,0.04484802111983299,0.044848022244488285,-0.4041217202320695,-0.7631566052635511,0.3590348850314816,-0.5562724176173409,0.15215069738527143,3,1.3670625,1.5275,0.43461689519990615
168,168,audio__original,I DO THINK THIS IS,5,12,1,4,DO,0.04195445030927658,0.04195445030927658,0.0419544513613697,-0.4041217202320695,-0.7261446435004473,0.3220229232683778,-0.5869015540617207,0.18277983382965124,4,0.8081875,0.944875,0.43461689519990615
168,168,audio__original,I DO THINK THIS IS,5,12,2,5,THINK,0.0,0.0,0.0,-0.4041217202320695,-0.66685222585996,0.26273050562789046,-0.46482929579603177,0.06070757556396228,5,0.997125,1.1459375,0.43461689519990615
170,170,audio__original,I GIVE MY CONSENT,4,12,0,1,I,0.6000000238418579,0.6000000238418579,0.5999999964197679,-0.3946170195316275,-0.5641147287096828,0.16949770917805534,-0.5641147287096828,0.16949770917805534,1,0.6244375,0.6744375,0.4688896165000642
170,170,audio__original,I GIVE MY CONSENT,4,12,1,2,GIVE,0.24000000953674316,0.24000000953674316,0.23999999856790716,-0.3946170195316275,-0.6417133801151067,0.24709636058347922,-0.5769399960214893,0.1823229764898618,2,0.7339375,0.9880625,0.4688896165000642
170,170,audio__original,I GIVE MY CONSENT,4,12,2,3,MY,0.1600000113248825,0.1600000113248825,0.16000000401232495,-0.3946170195316275,-0.6127833882346749,0.21816636870304745,-0.5182887395688643,0.12367172003723687,3,1.088875,1.4115625,0.4688896165000642
170,170,audio__original,I GIVE MY CONSENT,4,12,3,4,CONSENT,0.0,0.0,0.0,-0.3946170195316275,-0.7678437792540839,0.3732267597224564,-0.6205543907126412,0.2259373711810137,4,1.4720625,2.237625,0.4688896165000642
171,171,audio__original,I GRANT SAID THE SENATOR,5,6,0,1,I,0.46156206727027893,0.46156206727027893,0.46156207712543323,-0.4266951108972232,-0.6926666249831518,0.2659715140859286,-0.6926666249831518,0.2659715140859286,1,0.5413125,0.666,0.25629227579993313
171,171,audio__original,I GRANT SAID THE SENATOR,5,6,1,2,GRANT,0.3100346624851227,0.3100346624851227,0.3100346691049029,-0.4266951108972232,-0.6268457509577274,0.20015064006050426,-0.5980524855355421,0.17135737463831896,2,0.742625,1.1403125,0.25629227579993313
171,171,audio__original,I GRANT SAID THE SENATOR,5,6,3,3,THE,0.21361087262630463,0.21361087262630463,0.21361087718726893,-0.4266951108972232,-0.7287469791869322,0.30205186828970904,-0.7039660438895226,0.2772709329922994,3,1.4128125,1.503625,0.25629227579993313
171,171,audio__original,I GRANT SAID THE SENATOR,5,6,2,4,SAID,0.014792375266551971,0.014792375266551971,0.014792375582394955,-0.4266951108972232,-0.7903005182743073,0.3636054073770841,-0.7436027154326439,0.3169076045354207,4,1.1908125,1.3845,0.25629227579993313
171,171,audio__original,I GRANT SAID THE SENATOR,5,6,4,5,SENATOR,0.0,0.0,0.0,-0.4266951108972232,-0.974154761681954,0.5474596507847309,-0.920427430421114,0.4937323195238908,5,1.554125,2.1554375,0.25629227579993313
174,174,audio__original,I KNEW YOU ALSO,4,12,0,1,I,0.5769230723381042,0.5769230723381042,0.576923080358005,-0.5691999672756841,-0.6461597861489281,0.07695981887324399,-0.6461597861489281,0.07695981887324399,1,0.50475,0.6351875,0.4603270479999537
174,174,audio__original,I KNEW YOU ALSO,4,12,2,2,YOU,0.26923075318336487,0.26923075318336487,0.269230756925985,-0.5691999672756841,-0.7725072611744205,0.20330729389873636,-0.7305856877355836,0.16138572045989952,2,1.0384375,1.149375,0.4603270479999537
174,174,audio__original,I KNEW YOU ALSO,4,12,3,3,ALSO,0.1538461595773697,0.1538461595773697,0.15384616171600998,-0.5691999672756841,-0.7025228512939066,0.13332288401822245,-0.6809872214022713,0.11178725412658719,3,1.2501875,1.7863125,0.4603270479999537
174,174,audio__original,I KNEW YOU ALSO,4,12,1,4,KNEW,0.0,0.0,0.0,-0.5691999672756841,-0.7828073071626326,0.21360733988694847,-0.6265994500912105,0.057399482815526426,4,0.7460625,0.967875,0.4603270479999537
177,177,audio__original,I NEVER HAD ANY FAMILY,5,12,0,1,I,0.4131579101085663,0.4131579101085663,0.41315788814754534,-0.5287849043185512,-0.5909893868180612,0.06220448249951005,-0.5909893868180612,0.06220448249951005,1,0.543375,0.7239375,0.4297629474000132
177,177,audio__original,I NEVER HAD ANY FAMILY,5,12,1,2,NEVER,0.4131579101085663,0.4131579101085663,0.41315788814754534,-0.5287849043185512,-0.6773322583176196,0.14854735399906838,-0.6335499769387146,0.10476507262016344,2,0.78425,1.085875,0.4297629474000132
177,177,audio__original,I NEVER HAD ANY FAMILY,5,12,3,3,ANY,0.09210527688264847,0.09210527688264847,0.09210527198687893,-0.5287849043185512,-0.7563328570686281,0.2275479527500769,-0.6881045737924675,0.1593196694739163,3,1.5081875,1.70925,0.4297629474000132
177,177,audio__original,I NEVER HAD ANY FAMILY,5,12,2,4,HAD,0.08157895505428314,0.08157895505428314,0.08157895071803035,-0.5287849043185512,-0.6725069554522634,0.14372205113371217,-0.790277959468464,0.26149305514991283,4,1.1663125,1.4116875,0.4297629474000132
177,177,audio__original,I NEVER HAD ANY FAMILY,5,12,4,5,FAMILY,0.0,0.0,0.0,-0.5287849043185512,-0.6906790095381439,0.1618941052195927,-0.5708126244135201,0.04202772009496891,5,1.769625,2.33225,0.4297629474000132
187,187,audio__original,I WILL PRACTICE IT,4,12,1,1,WILL,0.4285714328289032,0.4285714328289032,0.42857143878654386,-0.8325394565120708,-0.7257285001299655,-0.10681095638210536,-0.7257285001299655,-0.10681095638210536,1,0.715125,0.86875,0.4610578417500619
187,187,audio__original,I WILL PRACTICE IT,4,12,3,2,IT,0.4285714328289032,0.4285714328289032,0.42857143878654386,-0.8325394565120708,-0.6718196733157432,-0.16071978319632763,-0.7046796913200524,-0.12785976519201847,2,1.3940625,1.6963125,0.4610578417500619
187,187,audio__original,I WILL PRACTICE IT,4,12,2,3,PRACTICE,0.1428571194410324,0.1428571194410324,0.1428571214269123,-0.8325394565120708,-0.6829456432581841,-0.14959381325388676,-0.7016986052282542,-0.13084085128381662,3,0.909125,1.31325,0.4610578417500619
187,187,audio__original,I WILL PRACTICE IT,4,12,0,4,I,0.0,0.0,0.0,-0.8325394565120708,-0.723405463504605,-0.10913399300746585,-0.7089774300796611,-0.12356202643240977,4,0.5463125,0.6869375,0.4610578417500619
193,193,audio__original,IF NOT A CHASTENED PERFORMER,5,12,0,1,IF,0.4430333077907562,0.4430333077907562,0.44303330074601227,-2.1376176471821964,-2.20215924611936,0.0645415989371636,-2.20215924611936,0.0645415989371636,1,0.2655625,0.4220625,0.43427370079989486
193,193,audio__original,IF NOT A CHASTENED PERFORMER,5,12,2,2,A,0.23585568368434906,0.23585568368434906,0.23585567993396986,-2.1376176471821964,-2.263313634941975,0.12569598775977875,-2.203478798891107,0.06586115170891071,2,0.7035,0.7535,0.43427370079989486
193,193,audio__original,IF NOT A CHASTENED PERFORMER,5,12,3,3,CHASTENED,0.17445489764213562,0.17445489764213562,0.1744548948681002,-2.1376176471821964,-2.289276975362251,0.15165932818005468,-2.3053148676796504,0.16769722049745406,3,0.783875,1.2260625,0.43427370079989486
193,193,audio__original,IF NOT A CHASTENED PERFORMER,5,12,4,4,PERFORMER,0.1466561257839203,0.1466561257839203,0.1466561234519176,-2.1376176471821964,-2.3636815743520856,0.2260639271698892,-2.4014233077565827,0.26380566057438637,4,1.2703125,2.0095625,0.43427370079989486
193,193,audio__original,IF NOT A CHASTENED PERFORMER,5,12,1,5,NOT,0.0,0.0,0.0,-2.1376176471821964,-2.257707859699925,0.12009021251772856,-2.0215937628333145,-0.11602388434888189,5,0.46225,0.6431875,0.43427370079989486
201,201,audio__original,IN VAIN IF NONE REGARD,5,12,1,1,VAIN,0.4445275366306305,0.4445275366306305,0.44452752956212654,-2.150655093447616,-2.0156947423820384,-0.13496035106557747,-2.0156947423820384,-0.13496035106557747,1,0.5824375,0.8638125,0.4293834321999384
201,201,audio__original,IN VAIN IF NONE REGARD,5,12,0,2,IN,0.3817882537841797,0.3817882537841797,0.38178824771330316,-2.150655093447616,-2.3509862814098597,0.2003311879622438,-2.136422812473029,-0.014232280974586953,2,0.3216875,0.482125,0.4293834321999384
201,201,audio__original,IN VAIN IF NONE REGARD,5,12,4,3,REGARD,0.10417051613330841,0.10417051613330841,0.10417051447687627,-2.150655093447616,-2.1456545046142614,-0.0050005888333544135,-2.310735381441191,0.160080287993575,3,1.346,1.847875,0.4293834321999384
201,201,audio__original,IN VAIN IF NONE REGARD,5,12,3,4,NONE,0.0695137083530426,0.0695137083530426,0.06951370724769393,-2.150655093447616,-2.1184575615140298,-0.0321975319335861,-2.486865990407144,0.3362108969595283,4,1.0848125,1.29575,0.4293834321999384
201,201,audio__original,IN VAIN IF NONE REGARD,5,12,2,5,IF,0.0,0.0,0.0,-2.150655093447616,-2.078784530167468,-0.07187056328014796,-2.0215937628333145,-0.12906133061430136,5,0.9441875,1.044625,0.4293834321999384
206,206,audio__original,IT HAS JUST BEEN STATED,5,6,1,1,HAS,0.46254271268844604,0.46254271268844604,0.46254273290317477,-0.22831224178662524,-1.129987711707751,0.9016754699211258,-1.129987711707751,0.9016754699211258,1,0.685875,0.827125,0.2531034011999509
206,206,audio__original,IT HAS JUST BEEN STATED,5,6,0,2,IT,0.252420574426651,0.252420574426651,0.2524205854583099,-0.22831224178662524,-1.140394753155609,0.9120825113689837,-1.744540994676451,1.5162287528898257,2,0.529,0.6455625,0.2531034011999509
206,206,audio__original,IT HAS JUST BEEN STATED,5,6,2,3,JUST,0.14516198635101318,0.14516198635101318,0.14516199269509794,-0.22831224178662524,-1.8963911831378937,1.6680789413512684,-2.1409823894500732,1.912670147663448,3,0.8473125,1.028875,0.2531034011999509
206,206,audio__original,IT HAS JUST BEEN STATED,5,6,4,4,STATED,0.1398746818304062,0.1398746818304062,0.13987468794341731,-0.22831224178662524,-2.022879290084044,1.7945670482974188,-4.182157188653946,3.9538449468673207,4,1.291125,1.734625,0.2531034011999509
206,206,audio__original,IT HAS JUST BEEN STATED,5,6,3,5,BEEN,0.0,0.0,0.0,-0.22831224178662524,-1.52217764655749,1.2938654047708649,-4.849629193544388,4.621316951757763,5,1.0691875,1.230625,0.2531034011999509
207,207,audio__original,IT IS A DUTY SAID I,6,8,1,1,IS,0.4472235143184662,0.4472235143184662,0.4472235072070931,-0.19458831194788218,-0.8525224530603737,0.6579341411124915,-0.8525224530603737,0.6579341411124915,1,0.686375,0.8075,0.28174880449993606
207,207,audio__original,IT IS A DUTY SAID I,6,8,0,2,IT,0.35986238718032837,0.35986238718032837,0.3598623814580986,-0.19458831194788218,-1.0763627996202558,0.8817744876723737,-1.6427053031511605,1.4481169912032783,2,0.525625,0.656125,0.28174880449993606
207,207,audio__original,IT IS A DUTY SAID I,6,8,3,3,DUTY,0.11959921568632126,0.11959921568632126,0.11959921378455488,-0.19458831194788218,-2.1607931097969413,1.966204797849059,-3.8213706351816654,3.6267823232337832,3,0.9488125,1.2920625,0.28174880449993606
207,207,audio__original,IT IS A DUTY SAID I,6,8,5,4,I,0.04200887307524681,0.04200887307524681,0.04200887240725695,-0.19458831194788218,-0.77103780512698,0.5764494931790978,-4.038263279013336,3.8436749670654535,4,1.9380625,1.9880625,0.28174880449993606
207,207,audio__original,IT IS A DUTY SAID I,6,8,4,5,SAID,0.03130602464079857,0.03130602464079857,0.03130602414299643,-0.19458831194788218,-2.3961795903742313,2.201591278426349,-4.690706491470337,4.496118179522455,5,1.352625,1.8169375,0.28174880449993606
207,207,audio__original,IT IS A DUTY SAID I,6,8,2,6,A,0.0,0.0,0.0,-0.19458831194788218,-1.0243371955584735,0.8297488836105913,-4.691706404089928,4.4971180921420455,6,0.8680625,0.9180625,0.28174880449993606
208,208,audio__original,IT IS A VERY STUPID STORY,6,12,1,1,IS,0.37747612595558167,0.37747612595558167,0.37747613348802656,-2.394455775618553,-2.6549881640821695,0.26053238846361637,-2.6549881640821695,0.26053238846361637,1,0.99475,1.1634375,0.410235754999879
208,208,audio__original,IT IS A VERY STUPID STORY,6,12,0,2,IT,0.2568703293800354,0.2568703293800354,0.25687033450582075,-2.394455775618553,-2.6963836991538606,0.3019279235353074,-2.813522392883897,0.41906661726534367,2,0.721875,0.798375,0.410235754999879
208,208,audio__original,IT IS A VERY STUPID STORY,6,12,2,3,A,0.1995983123779297,0.1995983123779297,0.19959831636086578,-2.394455775618553,-2.7733430974185467,0.3788873217999935,-2.9693623247245946,0.5749065491060414,3,1.2436875,1.2936875,0.410235754999879
208,208,audio__original,IT IS A VERY STUPID STORY,6,12,4,4,STUPID,0.16051706671714783,0.16051706671714783,0.1605170699202271,-2.394455775618553,-3.0462947078049183,0.6518389321863651,-3.018929813057184,0.6244740374386311,4,1.8254375,2.2748125,0.410235754999879
208,208,audio__original,IT IS A VERY STUPID STORY,6,12,3,5,VERY,0.005538144614547491,0.005538144614547491,0.005538144725059828,-2.394455775618553,-2.911798942834139,0.5173431672155857,-3.310585543513298,0.9161297678947449,5,1.324,1.6649375,0.410235754999879
208,208,audio__original,IT IS A VERY STUPID STORY,6,12,5,6,STORY,0.0,0.0,0.0,-2.394455775618553,-3.1949499398469925,0.8004941642284393,-3.871108900755644,1.4766531251370907,6,2.44725,3.0851875,0.410235754999879
209,209,audio__original,IT IS IN FACT STATED,5,9,1,1,IS,0.7044649720191956,0.7044649720191956,0.7044649647538893,-1.7534837886600547,-2.7014647575302257,0.947980968870171,-2.7014647575302257,0.947980968870171,1,0.363625,0.62625,0.3242055724000238
209,209,audio__original,IT IS IN FACT STATED,5,9,0,2,IT,0.2651333212852478,0.2651333212852478,0.265133318550868,-1.7534837886600547,-1.857697230298072,0.10421344163801738,-2.9156776848766537,1.162193896216599,2,0.162375,0.303,0.3242055724000238
209,209,audio__original,IT IS IN FACT STATED,5,9,4,3,STATED,0.016239160671830177,0.016239160671830177,0.01623916050435205,-1.7534837886600547,-2.7411413381083145,0.9876575494482598,-3.739179049618542,1.9856952609584875,3,1.3838125,1.9191875,0.3242055724000238
209,209,audio__original,IT IS IN FACT STATED,5,9,3,4,FACT,0.01416255533695221,0.01416255533695221,0.01416255519089058,-1.7534837886600547,-2.6020937686165175,0.8486099799564628,-5.013022389676836,3.2595386010167813,4,0.8484375,1.2120625,0.3242055724000238
209,209,audio__original,IT IS IN FACT STATED,5,9,2,5,IN,0.0,0.0,0.0,-1.7534837886600547,-2.1252875690244966,0.37180378036444184,-4.672657993518644,2.9191742048585896,5,0.666625,0.787875,0.3242055724000238
210,210,audio__original,IT IS PERHAPS WELL,4,12,0,1,IT,0.923076868057251,0.923076868057251,0.9230769152763868,-0.6337682845381399,-1.1622068460177009,0.5284385614795609,-1.1622068460177009,0.5284385614795609,1,0.38125,0.5414375,0.46999084300000504
210,210,audio__original,IT IS PERHAPS WELL,4,12,2,2,PERHAPS,0.07692307978868484,0.07692307978868484,0.07692308372361321,-0.6337682845381399,-0.7397956528778499,0.10602736833970994,-1.1861671352623187,0.5523988507241787,2,0.7780625,1.2433125,0.46999084300000504
210,210,audio__original,IT IS PERHAPS WELL,4,12,1,3,IS,0.0,0.0,0.0,-0.6337682845381399,-1.2299900856451131,0.5962218011069732,-1.858057668476249,1.224289383938109,3,0.5815625,0.7219375,0.46999084300000504
210,210,audio__original,IT IS PERHAPS WELL,4,12,3,4,WELL,0.0,0.0,0.0,-0.6337682845381399,-1.7281590989490117,1.0943908144108718,-2.258144915472561,1.624376630934421,4,1.3075,1.66425,0.46999084300000504
211,211,audio__original,IT IS REMARKED BY,4,8,0,1,IT,0.25,0.25,0.24999999974999998,-2.7677118703722954,-5.113678798079491,2.3459669277071953,-5.113678798079491,2.3459669277071953,1,0.46175,0.602,0.32802314774994557
211,211,audio__original,IT IS REMARKED BY,4,8,1,2,IS,0.25,0.25,0.24999999974999998,-2.7677118703722954,-5.139320328831673,2.3716084584593773,-5.522322833538055,2.75461096316576,2,0.642125,0.732375,0.32802314774994557
211,211,audio__original,IT IS REMARKED BY,4,8,2,3,REMARKED,0.25,0.25,0.24999999974999998,-2.7677118703722954,-5.166062593460083,2.3983507230877876,-5.918740823864937,3.1510289534926414,3,0.7825625,1.1236875,0.32802314774994557
211,211,audio__original,IT IS REMARKED BY,4,8,3,4,BY,0.25,0.25,0.24999999974999998,-2.7677118703722954,-4.650321885943413,1.8826100155711174,-5.915376201272011,3.1476643308997154,4,1.44475,1.49475,0.32802314774994557
212,212,audio__original,IT IS THE DELUGE,4,12,0,1,IT,0.5769230723381042,0.5769230723381042,0.576923080358005,-1.7698807358489528,-1.9613657687004888,0.19148503285153606,-1.9613657687004888,0.19148503285153606,1,0.201,0.381375,0.46648485774994697
212,212,audio__original,IT IS THE DELUGE,4,12,2,2,THE,0.26923075318336487,0.26923075318336487,0.269230756925985,-1.7698807358489528,-1.9690906691248529,0.1992099332759001,-1.9028594061916617,0.13297867034270894,2,0.9434375,1.003625,0.46648485774994697
212,212,audio__original,IT IS THE DELUGE,4,12,3,3,DELUGE,0.1538461595773697,0.1538461595773697,0.15384616171600998,-1.7698807358489528,-2.0562612447926463,0.2863805089436935,-1.9428618626504128,0.17298112680146005,3,1.263875,2.3281875,0.46648485774994697
212,212,audio__original,IT IS THE DELUGE,4,12,1,4,IS,0.0,0.0,0.0,-1.7698807358489528,-2.078715304087382,0.30883456823842903,-1.7313772972265724,-0.03850343862238037,4,0.5135625,0.823,0.46648485774994697
214,214,audio__original,IT SEEMS REAL STRANGE,4,12,0,1,IT,0.6000000238418579,0.6000000238418579,0.6000000053604643,-2.205504154165586,-2.5025466407338777,0.2970424865682917,-2.5025466407338777,0.2970424865682917,1,0.3890625,0.50125,0.4658763095001177
214,214,audio__original,IT SEEMS REAL STRANGE,4,12,2,2,REAL,0.24000000953674316,0.24000000953674316,0.2400000021441857,-2.205504154165586,-2.544033753375212,0.3385295992096262,-2.5508752862612405,0.3453711320956545,2,0.8821875,1.062625,0.4658763095001177
214,214,audio__original,IT SEEMS REAL STRANGE,4,12,3,3,STRANGE,0.1599999964237213,0.1599999964237213,0.15999999149535,-2.205504154165586,-2.9306601037581763,0.7251559495925903,-2.9680303931236267,0.7625262389580407,3,1.1428125,1.7240625,0.4658763095001177
214,214,audio__original,IT SEEMS REAL STRANGE,4,12,1,4,SEEMS,0.0,0.0,0.0,-2.205504154165586,-2.709997221827507,0.504493067661921,-3.213327333331108,1.007823179165522,4,0.5814375,0.862125,0.4658763095001177
219,219,audio__original,IT WAS WHITE AND HARD,5,6,0,1,IT,0.20000000298023224,0.20000000298023224,0.1999999998,-0.40016437352945405,-0.7520523083706697,0.35188793484121567,-0.7520523083706697,0.35188793484121567,1,0.2855,0.411875,0.25204106780001895
219,219,audio__original,IT WAS WHITE AND HARD,5,6,1,2,WAS,0.20000000298023224,0.20000000298023224,0.1999999998,-0.40016437352945405,-1.9437980161358912,1.5436336426064372,-2.0594559448460736,1.6592915713166196,2,0.442,0.582625,0.25204106780001895
219,219,audio__original,IT WAS WHITE AND HARD,5,6,2,3,WHITE,0.20000000298023224,0.20000000298023224,0.1999999998,-0.40016437352945405,-3.6814943850040436,3.2813300114745894,-4.12460932135582,3.7244449478263655,3,0.6830625,0.9241875,0.25204106780001895
219,219,audio__original,IT WAS WHITE AND HARD,5,6,3,4,AND,0.20000000298023224,0.20000000298023224,0.1999999998,-0.40016437352945405,-1.14084609101216,0.7406817174827061,-4.39018311103185,3.9900187375023957,4,1.105,1.2255625,0.25204106780001895
219,219,audio__original,IT WAS WHITE AND HARD,5,6,4,5,HARD,0.20000000298023224,0.20000000298023224,0.1999999998,-0.40016437352945405,-2.1462896366914115,1.7461252631619575,-4.744496603806813,4.3443322302773595,5,1.3178125,1.88825,0.25204106780001895
225,225,audio__original,LED BACK TO THE STARTING POINT,6,6,2,1,TO,0.2746998071670532,0.2746998071670532,0.27469980279900735,-0.48427355165282887,-1.2095281481742859,0.725254596521457,-1.2095281481742859,0.725254596521457,1,0.927625,1.0285,0.23709308299991486
225,225,audio__original,LED BACK TO THE STARTING POINT,6,6,1,2,BACK,0.26908421516418457,0.26908421516418457,0.26908421088543316,-0.48427355165282887,-0.73417296508948,0.24989941343665117,-1.1291841864585876,0.6449106348057587,2,0.628625,0.867125,0.23709308299991486
225,225,audio__original,LED BACK TO THE STARTING POINT,6,6,3,3,THE,0.15843906998634338,0.15843906998634338,0.15843906746697822,-0.48427355165282887,-0.7366786934435368,0.2524051417907079,-0.7896474748849869,0.305373923232158,3,1.0688125,1.1495,0.23709308299991486
225,225,audio__original,LED BACK TO THE STARTING POINT,6,6,4,4,STARTING,0.15438984334468842,0.15438984334468842,0.15438984088971067,-0.48427355165282887,-0.632645366092523,0.1483718144396941,-0.7885049556692442,0.3042314040164153,4,1.230125,1.653625,0.23709308299991486
225,225,audio__original,LED BACK TO THE STARTING POINT,6,6,5,5,POINT,0.1433870792388916,0.1433870792388916,0.14338707695887057,-0.48427355165282887,-0.6447073146700859,0.16043376301725704,-1.2521452059348424,0.7678716542820134,5,1.6738125,2.025125,0.23709308299991486
225,225,audio__original,LED BACK TO THE STARTING POINT,6,6,0,6,LED,0.0,0.0,0.0,-0.48427355165282887,-0.6716457679867744,0.18737221633394557,-0.920427430421114,0.4361538787682851,6,0.242625,0.5243125,0.23709308299991486
228,228,audio__original,LETTER FROM ADAM SMITH,4,12,0,1,LETTER,0.923076868057251,0.923076868057251,0.9230769221538462,-1.9147400820511393,-2.3160267216250454,0.4012866395739061,-2.3160267216250454,0.4012866395739061,1,0.4436875,0.7855625,0.4660574350000388
228,228,audio__original,LETTER FROM ADAM SMITH,4,12,3,2,SMITH,0.07692307233810425,0.07692307233810425,0.07692307684615385,-1.9147400820511393,-1.9366622115194332,0.02192212946829386,-2.1523648816219065,0.2376247995707672,2,1.551,2.03375,0.4660574350000388
228,228,audio__original,LETTER FROM ADAM SMITH,4,12,1,3,FROM,0.0,0.0,0.0,-1.9147400820511393,-2.0385267299110033,0.12378664785986393,-2.0723444965951785,0.15760441454403917,3,0.8258125,0.9668125,0.4660574350000388
228,228,audio__original,LETTER FROM ADAM SMITH,4,12,2,4,ADAM,0.0,0.0,0.0,-1.9147400820511393,-2.2839470905637427,0.36920700851260335,-2.2180486859430553,0.30330860389191594,4,1.0875625,1.45025,0.4660574350000388
229,229,audio__original,LIKE A BEAUTIFUL FLOWER,4,12,0,1,LIKE,0.5999999642372131,0.5999999642372131,0.6000000083406973,-0.915977047639899,-1.038309242624867,0.12233219498496806,-1.038309242624867,0.12233219498496806,1,0.3850625,0.626875,0.46728702224982044
229,229,audio__original,LIKE A BEAUTIFUL FLOWER,4,12,3,2,FLOWER,0.2799999713897705,0.2799999713897705,0.2799999919713956,-0.915977047639899,-0.8983634513278957,-0.01761359631200321,-0.8115031670313329,-0.1044738806085661,2,1.2133125,1.7393125,0.46728702224982044
229,229,audio__original,LIKE A BEAUTIFUL FLOWER,4,12,2,3,BEAUTIFUL,0.11999998986721039,0.11999998986721039,0.119999998687907,-0.915977047639899,-1.1762255608725052,0.2602485132326062,-1.1040796058247604,0.18810255818486143,3,0.74825,1.172875,0.46728702224982044
229,229,audio__original,LIKE A BEAUTIFUL FLOWER,4,12,1,4,A,0.0,0.0,0.0,-0.915977047639899,-1.0600203514720004,0.1440433038321014,-1.1034999119328859,0.18752286429298692,4,0.6875,0.7375,0.46728702224982044
230,230,audio__original,LIMITATIONS OF THIS SYSTEM,4,12,0,1,LIMITATIONS,0.25,0.25,0.24999999974999998,-0.739459376083687,-0.8188896674352387,0.07943029135155177,-0.8188896674352387,0.07943029135155177,1,0.302125,1.2068125,0.460412976500038
230,230,audio__original,LIMITATIONS OF THIS SYSTEM,4,12,1,2,OF,0.25,0.25,0.24999999974999998,-0.739459376083687,-0.9157108707974354,0.17625149471374846,-0.8319167216153195,0.09245734553163254,2,1.2953125,1.5085625,0.460412976500038
230,230,audio__original,LIMITATIONS OF THIS SYSTEM,4,12,2,3,THIS,0.25,0.25,0.24999999974999998,-0.739459376083687,-0.9145336081273854,0.17507423204369843,-0.8320972311000029,0.09263785501631594,3,1.589,1.7499375,0.460412976500038
230,230,audio__original,LIMITATIONS OF THIS SYSTEM,4,12,3,4,SYSTEM,0.25,0.25,0.24999999974999998,-0.739459376083687,-0.8780667128351828,0.13860733675149584,-0.79132558653752,0.051866210453833106,4,1.830375,2.23225,0.460412976500038
234,234,audio__original,LOOK AT THAT MAN,4,12,0,1,LOOK,0.6000000238418579,0.6000000238418579,0.5999999964197679,-2.3943133673941097,-2.454785424284637,0.06047205689052726,-2.454785424284637,0.06047205689052726,1,0.6508125,0.84375,0.4619341842499125
234,234,audio__original,LOOK AT THAT MAN,4,12,3,2,MAN,0.24000000953674316,0.24000000953674316,0.23999999856790716,-2.3943133673941097,-2.4461107663810253,0.0517973989869156,-2.5361803096408644,0.14186694224675467,2,1.3660625,1.6469375,0.4619341842499125
234,234,audio__original,LOOK AT THAT MAN,4,12,2,3,THAT,0.1600000113248825,0.1600000113248825,0.16000000401232495,-2.3943133673941097,-2.427143703214824,0.032830335820714485,-2.5457162065431476,0.15140283914903785,3,1.125,1.265625,0.4619341842499125
234,234,audio__original,LOOK AT THAT MAN,4,12,1,4,AT,0.0,0.0,0.0,-2.3943133673941097,-2.459417100995779,0.06510373360166932,-2.3799838768318295,-0.014329490562280167,4,0.96425,1.0848125,0.4619341842499125
239,239,audio__original,MAN IS ALWAYS THE MASTER,5,12,0,1,MAN,0.20000000298023224,0.20000000298023224,0.1999999998,-0.5900149616451623,-2.5066111541042724,1.9165961924591102,-2.5066111541042724,1.9165961924591102,1,0.54275,0.7434375,0.42303032740001073
239,239,audio__original,MAN IS ALWAYS THE MASTER,5,12,1,2,IS,0.20000000298023224,0.20000000298023224,0.1999999998,-0.5900149616451623,-1.8332513198256493,1.243236358180487,-2.6319708606849113,2.041955899039749,2,0.8036875,0.8840625,0.42303032740001073
239,239,audio__original,MAN IS ALWAYS THE MASTER,5,12,2,3,ALWAYS,0.20000000298023224,0.20000000298023224,0.1999999998,-0.5900149616451623,-2.513809507712722,1.9237945460675596,-3.2485286394755044,2.658513677830342,3,0.944375,1.2256875,0.42303032740001073
239,239,audio__original,MAN IS ALWAYS THE MASTER,5,12,3,4,THE,0.20000000298023224,0.20000000298023224,0.1999999998,-0.5900149616451623,-2.1050434056669474,1.5150284440217852,-3.1973225387434163,2.607307577098254,4,1.2859375,1.34625,0.42303032740001073
239,239,audio__original,MAN IS ALWAYS THE MASTER,5,12,4,5,MASTER,0.20000000298023224,0.20000000298023224,0.1999999998,-0.5900149616451623,-2.404517521460851,1.814502559815689,-3.679658060272535,3.0896430986273726,5,1.3864375,1.8481875,0.42303032740001073
243,243,audio__original,MARY JANE IS A MAN,5,6,0,1,MARY,0.20000000298023224,0.20000000298023224,0.1999999998,-0.0975787586842974,-1.0625172870544095,0.9649385283701121,-1.0625172870544095,0.9649385283701121,1,0.6615625,0.912125,0.25770269479999114
243,243,audio__original,MARY JANE IS A MAN,5,6,1,2,JANE,0.20000000298023224,0.20000000298023224,0.1999999998,-0.0975787586842974,-2.6200614844759307,2.522482725791633,-3.0977881153424582,3.0002093566581607,2,0.992375,1.273,0.25770269479999114
243,243,audio__original,MARY JANE IS A MAN,5,6,2,3,IS,0.20000000298023224,0.20000000298023224,0.1999999998,-0.0975787586842974,-1.0212394582728546,0.9236606995885571,-3.6167700588703156,3.519191300186018,3,1.3431875,1.623875,0.25770269479999114
243,243,audio__original,MARY JANE IS A MAN,5,6,3,4,A,0.20000000298023224,0.20000000298023224,0.1999999998,-0.0975787586842974,-2.630535341799259,2.5329565831149616,-5.196294526259105,5.098715767574808,4,2.3841875,3.708875,0.25770269479999114
243,243,audio__original,MARY JANE IS A MAN,5,6,4,5,MAN,0.20000000298023224,0.20000000298023224,0.1999999998,-0.0975787586842974,-0.5140034202486277,0.4164246615643303,-5.2168910553057986,5.1193122966215014,5,3.7890625,3.8491875,0.25770269479999114
246,246,audio__original,MINSTREL A D J,4,12,0,1,MINSTREL,0.923076868057251,0.923076868057251,0.9230769152763868,-1.9175161537035212,-2.090531536950342,0.17301538324682064,-2.090531536950342,0.17301538324682064,1,0.402125,1.0045,0.47106724175000636
246,246,audio__original,MINSTREL A D J,4,12,2,2,D,0.07692307978868484,0.07692307978868484,0.07692308372361321,-1.9175161537035212,-2.0011436701509715,0.08362751644745026,-2.1563144200578486,0.23879826635432733,2,1.526875,1.576875,0.47106724175000636
246,246,audio__original,MINSTREL A D J,4,12,1,3,A,0.0,0.0,0.0,-1.9175161537035212,-2.111229765219226,0.19371361151570476,-2.1696443741578455,0.25212822045432426,3,1.321,1.5068125,0.47106724175000636
246,246,audio__original,MINSTREL A D J,4,12,3,4,J,0.0,0.0,0.0,-1.9175161537035212,-2.0843653421567674,0.16684918845324614,-2.041610215290954,0.12409406158743264,4,1.587125,1.6953125,0.47106724175000636
254,254,audio__original,NO GOOD MY DEAR WATSON,5,12,0,1,NO,0.31342813372612,0.31342813372612,0.3134281287422488,-1.7379755646640358,-1.9469354524335358,0.20895988776950003,-1.9469354524335358,0.20895988776950003,1,0.4654375,0.6868125,0.4386033500000849
254,254,audio__original,NO GOOD MY DEAR WATSON,5,12,4,2,WATSON,0.25876566767692566,0.25876566767692566,0.2587656635622511,-1.7379755646640358,-1.914460855012294,0.1764852903482581,-2.063005397688054,0.3250298330240182,2,1.414125,1.8989375,0.4386033500000849
254,254,audio__original,NO GOOD MY DEAR WATSON,5,12,3,3,DEAR,0.24068915843963623,0.24068915843963623,0.24068915461239918,-1.7379755646640358,-1.9227480212017933,0.18477245653775753,-2.1934044252120657,0.4554288605480299,3,1.2120625,1.363625,0.4386033500000849
254,254,audio__original,NO GOOD MY DEAR WATSON,5,12,2,4,MY,0.1871170550584793,0.1871170550584793,0.1871170520831009,-1.7379755646640358,-1.8771876503208962,0.13921208565686038,-2.1980903304817425,0.4601147658177067,4,1.03025,1.1716875,0.4386033500000849
254,254,audio__original,NO GOOD MY DEAR WATSON,5,12,1,5,GOOD,0.0,0.0,0.0,-1.7379755646640358,-1.8854238702685204,0.14744830560448463,-2.117835421249765,0.3798598565857294,5,0.7110625,0.96525,0.4386033500000849
260,260,audio__original,NO SAID THE TREE,4,6,0,1,NO,0.25,0.25,0.24999999974999998,-0.16391173594941696,-2.0125720786551633,1.8486603427057464,-2.0125720786551633,1.8486603427057464,1,0.5635625,1.1263125,0.28174864199991134
260,260,audio__original,NO SAID THE TREE,4,6,1,2,SAID,0.25,0.25,0.24999999974999998,-0.16391173594941696,-3.888928214708964,3.725016478759547,-4.085642298062642,3.921730562113225,2,1.535125,1.8704375,0.28174864199991134
260,260,audio__original,NO SAID THE TREE,4,6,2,3,THE,0.25,0.25,0.24999999974999998,-0.16391173594941696,-1.9250130914151669,1.76110135546575,-4.0675171713034315,3.9036054353540144,3,1.9106875,1.971,0.28174864199991134
260,260,audio__original,NO SAID THE TREE,4,6,3,4,TREE,0.25,0.25,0.24999999974999998,-0.16391173594941696,-2.86569045484066,2.701778718891243,-5.084018610417843,4.920106874468426,4,2.01125,2.5739375,0.28174864199991134
261,261,audio__original,NO SIR CERTAINLY NOT,4,7,0,1,NO,0.25,0.25,0.24999999974999998,-0.3314841321802565,-1.9248380959033966,1.59335396372314,-1.9248380959033966,1.59335396372314,1,0.46275,0.5633125,0.3063488740001503
261,261,audio__original,NO SIR CERTAINLY NOT,4,7,1,2,SIR,0.25,0.25,0.24999999974999998,-0.3314841321802565,-1.9662584524069513,1.6347743202266947,-2.7538093269935677,2.422325194813311,2,0.8349375,1.1468125,0.3063488740001503
261,261,audio__original,NO SIR CERTAINLY NOT,4,7,2,3,CERTAINLY,0.25,0.25,0.24999999974999998,-0.3314841321802565,-2.509625794632094,2.1781416624518375,-3.6394139357975552,3.3079298036172986,3,1.247375,2.3238125,0.3063488740001503
261,261,audio__original,NO SIR CERTAINLY NOT,4,7,3,4,NOT,0.25,0.25,0.24999999974999998,-0.3314841321802565,-2.2496692027364458,1.9181850705561891,-4.220763949411256,3.8892798172309995,4,2.374125,2.680125,0.3063488740001503
262,262,audio__original,NO WHERE SAID DROUET,4,10,0,1,NO,0.25,0.25,0.24999999974999998,-2.647793160472065,-4.768608361110092,2.1208152006380265,-4.768608361110092,2.1208152006380265,1,0.533,0.8614375,0.3785441172499304
262,262,audio__original,NO WHERE SAID DROUET,4,10,1,2,WHERE,0.25,0.25,0.24999999974999998,-2.647793160472065,-5.505508319474757,2.8577151590026917,-6.094222342967987,3.4464291824959217,2,1.02975,1.422375,0.3785441172499304
262,262,audio__original,NO WHERE SAID DROUET,4,10,2,3,SAID,0.25,0.25,0.24999999974999998,-2.647793160472065,-5.673574571311474,3.025781410839409,-6.6826530113816265,4.0348598509095615,3,1.7826875,2.1836875,0.3785441172499304
262,262,audio__original,NO WHERE SAID DROUET,4,10,3,4,DROUET,0.25,0.25,0.24999999974999998,-2.647793160472065,-4.963072910904884,2.3152797504328193,-7.557752262055874,4.909959101583809,4,2.22375,2.7645625,0.3785441172499304
264,264,audio__original,NOTHING CAN KILL ME WHY NOT,6,12,0,1,NOTHING,0.6180357336997986,0.6180357336997986,0.6180357399888505,-0.9131010534862677,-1.988182117541631,1.0750810640553632,-1.988182117541631,1.0750810640553632,1,0.621875,0.8830625,0.3981633483334311
264,264,audio__original,NOTHING CAN KILL ME WHY NOT,6,12,2,2,KILL,0.1758612096309662,0.1758612096309662,0.17586121142050717,-0.9131010534862677,-1.9799704551696777,1.0668694016834102,-2.1237623766064644,1.2106613231201968,2,1.2041875,1.36475,0.3981633483334311
264,264,audio__original,NOTHING CAN KILL ME WHY NOT,6,12,1,3,CAN,0.09819769859313965,0.09819769859313965,0.09819769959238676,-0.9131010534862677,-2.0399459078907967,1.126844854404529,-2.1944034546613693,1.2813024011751017,3,0.94325,1.123875,0.3981633483334311
264,264,audio__original,NOTHING CAN KILL ME WHY NOT,6,12,5,4,NOT,0.0820247009396553,0.0820247009396553,0.08202470177432808,-0.9131010534862677,-1.7558071091771126,0.8427060556908449,-2.323525262375673,1.4104242088894052,4,2.3280625,2.5809375,0.3981633483334311
264,264,audio__original,NOTHING CAN KILL ME WHY NOT,6,12,3,5,ME,0.02588064596056938,0.02588064596056938,0.0258806462239275,-0.9131010534862677,-1.7413074945410092,0.8282064410547415,-2.485267033179601,1.5721659796933336,5,1.4249375,1.5654375,0.3981633483334311
264,264,audio__original,NOTHING CAN KILL ME WHY NOT,6,12,4,6,WHY,0.0,0.0,0.0,-0.9131010534862677,-1.8282550970713298,0.9151540435850621,-2.525502989689509,1.6124019362032413,6,1.8698125,2.1675,0.3981633483334311
267,267,audio__original,NOW THAT TOO IS OVER,5,12,0,1,NOW,0.6997600793838501,0.6997600793838501,0.699760141247522,-2.0779222579052052,-2.548623009274403,0.47070075136919787,-2.548623009274403,0.47070075136919787,1,0.46175,0.7925625,0.4302761762000955
267,267,audio__original,NOW THAT TOO IS OVER,5,12,3,2,IS,0.1680290251970291,0.1680290251970291,0.16802904005196695,-2.0779222579052052,-2.3811730556190014,0.30325079771379615,-2.431747895975908,0.35382563807070255,2,1.75575,1.90225,0.4302761762000955
267,267,audio__original,NOW THAT TOO IS OVER,5,12,1,3,THAT,0.13221080601215363,0.13221080601215363,0.13221081770051105,-2.0779222579052052,-2.4416064942876496,0.3636842363824444,-2.3871854823082685,0.3092632244030633,3,0.963125,1.224,0.4302761762000955
267,267,audio__original,NOW THAT TOO IS OVER,5,12,2,4,TOO,0.0,0.0,0.0,-2.0779222579052052,-2.41826860482494,0.340346346919735,-2.373892243951559,0.29596998604635383,4,1.2841875,1.6253125,0.4302761762000955
267,267,audio__original,NOW THAT TOO IS OVER,5,12,4,5,OVER,0.0,0.0,0.0,-2.0779222579052052,-2.2993372436612844,0.2214149857560792,-2.3136721219246588,0.23574986401945353,5,1.946375,2.6085625,0.4302761762000955
268,268,audio__original,NOW TO BED BOY,4,12,0,1,NOW,0.923076868057251,0.923076868057251,0.9230769152763868,-2.552255933483442,-3.0913274381309748,0.539071504647533,-3.0913274381309748,0.539071504647533,1,0.522,0.7233125,0.46043754574998275
268,268,audio__original,NOW TO BED BOY,4,12,3,2,BOY,0.07692307978868484,0.07692307978868484,0.07692308372361321,-2.552255933483442,-2.8601500944544873,0.3078941609710455,-3.052849240911504,0.500593307428062,2,1.3060625,1.66775,0.46043754574998275
268,268,audio__original,NOW TO BED BOY,4,12,1,3,TO,0.0,0.0,0.0,-2.552255933483442,-2.879397432009379,0.3271414985259371,-3.112726013176143,0.5604700796927014,3,0.7635,0.8840625,0.46043754574998275
268,268,audio__original,NOW TO BED BOY,4,12,2,4,BED,0.0,0.0,0.0,-2.552255933483442,-2.672300571575761,0.12004463809231902,-2.8598773485670486,0.30762141508360674,4,0.92425,1.265875,0.46043754574998275
276,276,audio__original,OF LIBERTY OR INDIFFERENCE,4,12,0,1,OF,0.8571428060531616,0.8571428060531616,0.8571428690581391,-2.9636434693529736,-3.0572111788205802,0.09356770946760662,-3.0572111788205802,0.09356770946760662,1,0.200625,0.3408125,0.47058203599999615
276,276,audio__original,OF LIBERTY OR INDIFFERENCE,4,12,2,2,OR,0.0714285597205162,0.0714285597205162,0.07142856497093045,-2.9636434693529736,-2.933837077987846,-0.029806391365127638,-3.0176095573891266,0.05396608803615299,2,0.8620625,1.2329375,0.47058203599999615
276,276,audio__original,OF LIBERTY OR INDIFFERENCE,4,12,3,3,INDIFFERENCE,0.0714285597205162,0.0714285597205162,0.07142856497093045,-2.9636434693529736,-3.146451932610944,0.1828084632579703,-3.053399678824159,0.08975620947118523,3,1.2830625,1.7884375,0.47058203599999615
276,276,audio__original,OF LIBERTY OR INDIFFERENCE,4,12,1,4,LIBERTY,0.0,0.0,0.0,-2.9636434693529736,-2.917544967698632,-0.04609850165434182,-2.954591642706267,-0.009051826646706562,4,0.421,0.8019375,0.47058203599999615
279,279,audio__original,OF RESPECT AND CONTEMPT,4,12,0,1,OF,0.5999999642372131,0.5999999642372131,0.599999981518606,-1.7396144928255428,-1.835326181569447,0.09571168874390423,-1.835326181569447,0.09571168874390423,1,0.462875,0.61325,0.46864176599979146
279,279,audio__original,OF RESPECT AND CONTEMPT,4,12,3,2,CONTEMPT,0.4000000059604645,0.4000000059604645,0.40000001748139397,-1.7396144928255428,-1.8426760835573077,0.10306159073176491,-1.8271720118355006,0.08755751900995778,2,1.6729375,2.1798125,0.46864176599979146
279,279,audio__original,OF RESPECT AND CONTEMPT,4,12,1,3,RESPECT,0.0,0.0,0.0,-1.7396144928255428,-1.716823604113112,-0.022790888712430846,-1.661515665279391,-0.07809882754615183,3,0.6635,1.16625,0.46864176599979146
279,279,audio__original,OF RESPECT AND CONTEMPT,4,12,2,4,AND,0.0,0.0,0.0,-1.7396144928255428,-1.8027536586547892,0.06313916582924639,-2.014727155561559,0.2751126627360161,4,1.3389375,1.608625,0.46864176599979146
285,285,audio__original,OH IT WILL BE ALL RIGHT,6,9,0,1,OH,0.5769490599632263,0.5769490599632263,0.5769490884018657,-1.6548240249976516,-2.9094735768934092,1.2546495518957577,-2.9094735768934092,1.2546495518957577,1,0.5416875,0.732,0.30465958283336175
285,285,audio__original,OH IT WILL BE ALL RIGHT,6,9,3,2,BE,0.16953158378601074,0.16953158378601074,0.1695315921424635,-1.6548240249976516,-2.442235390241775,0.7874113652441235,-3.189583454074131,1.5347594290764794,2,1.062875,1.1230625,0.30465958283336175
285,285,audio__original,OH IT WILL BE ALL RIGHT,6,9,1,3,IT,0.16537517309188843,0.16537517309188843,0.16537518124346579,-1.6548240249976516,-2.451354818780803,0.7965307937831514,-3.6222985409614115,1.9674745159637599,3,0.782125,0.84225,0.30465958283336175
285,285,audio__original,OH IT WILL BE ALL RIGHT,6,9,2,4,WILL,0.05983683839440346,0.05983683839440346,0.05983684134384628,-1.6548240249976516,-3.1383414200714066,1.483517395073755,-3.7168045540650687,2.061980529067417,4,0.8623125,1.02275,0.30465958283336175
285,285,audio__original,OH IT WILL BE ALL RIGHT,6,9,4,5,ALL,0.028307294473052025,0.028307294473052025,0.028307295868358808,-1.6548240249976516,-2.2155484218771258,0.5607243968794742,-4.005618688133028,2.3507946631353764,5,1.19325,1.343625,0.30465958283336175
285,285,audio__original,OH IT WILL BE ALL RIGHT,6,9,5,6,RIGHT,0.0,0.0,0.0,-1.6548240249976516,-1.8925311118364334,0.23770708683878183,-4.068817267815272,2.4139932428176207,6,1.38375,1.7486875,0.30465958283336175
288,288,audio__original,OH YES THAT IS WELL,5,7,0,1,OH,0.5901626348495483,0.5901626348495483,0.5901626254652772,-0.19088412668289884,-2.233303743813719,2.04241961713082,-2.233303743813719,2.04241961713082,1,0.4808125,0.701,0.281059417600045
288,288,audio__original,OH YES THAT IS WELL,5,7,4,2,WELL,0.27468499541282654,0.27468499541282654,0.2746849910450162,-0.19088412668289884,-2.5545167667525157,2.363632640069617,-2.9420054767813,2.7511213500984013,2,2.7840625,3.104375,0.281059417600045
288,288,audio__original,OH YES THAT IS WELL,5,7,1,3,YES,0.13515238463878632,0.13515238463878632,0.13515238248970649,-0.19088412668289884,-2.159714713692665,1.9688305870097662,-3.582267642021179,3.3913835153382803,3,0.785125,1.141625,0.281059417600045
288,288,audio__original,OH YES THAT IS WELL,5,7,2,4,THAT,0.0,0.0,0.0,-0.19088412668289884,-2.173432924917766,1.982548798234867,-3.668726397412164,3.477842270729265,4,1.377875,2.57575,0.281059417600045
288,288,audio__original,OH YES THAT IS WELL,5,7,3,5,IS,0.0,0.0,0.0,-0.19088412668289884,-1.4851126415388924,1.2942285148559936,-3.863830191748483,3.672946065065584,5,2.6438125,2.7239375,0.281059417600045
291,291,audio__original,ONCE UPON A TIME,4,12,0,1,ONCE,0.5769230723381042,0.5769230723381042,0.5769230631643576,-2.70731934113428,-2.8188836663418138,0.11156432520753379,-2.8188836663418138,0.11156432520753379,1,0.464375,0.7661875,0.46155960050009526
291,291,audio__original,ONCE UPON A TIME,4,12,3,2,TIME,0.26923078298568726,0.26923078298568726,0.2692307787046052,-2.70731934113428,-2.8892745585374846,0.18195521740320464,-2.944003909088982,0.23668456795470183,2,1.2299375,1.8545,0.46155960050009526
291,291,audio__original,ONCE UPON A TIME,4,12,2,3,A,0.1538461595773697,0.1538461595773697,0.15384615713103714,-2.70731934113428,-2.8339643467916176,0.1266450056573376,-2.9102549576588594,0.20293561652457948,3,1.1694375,1.2194375,0.46155960050009526
291,291,audio__original,ONCE UPON A TIME,4,12,1,4,UPON,0.0,0.0,0.0,-2.70731934113428,-2.860758452443406,0.15343911130912602,-2.8618091765286713,0.15448983539439132,4,0.826625,1.08875,0.46155960050009526
292,292,audio__original,ONCE YOUNG NOW OLD,4,12,0,1,ONCE,0.25,0.25,0.24999999974999998,-1.8446733973590501,-3.1248054169118404,1.2801320195527903,-3.1248054169118404,1.2801320195527903,1,0.360875,0.6513125,0.46928168350018495
292,292,audio__original,ONCE YOUNG NOW OLD,4,12,1,2,YOUNG,0.25,0.25,0.24999999974999998,-1.8446733973590501,-2.6145763088328144,0.7699029114737643,-3.4903203745683036,1.6456469772092535,2,0.7335,1.042125,0.46928168350018495
292,292,audio__original,ONCE YOUNG NOW OLD,4,12,2,3,NOW,0.25,0.25,0.24999999974999998,-1.8446733973590501,-2.4276718382413187,0.5829984408822686,-3.4837731358905635,1.6390997385315134,3,1.1423125,1.8638125,0.46928168350018495
292,292,audio__original,ONCE YOUNG NOW OLD,4,12,3,4,OLD,0.25,0.25,0.24999999974999998,-1.8446733973590501,-1.8537414306774735,0.00906803331842343,-3.980403079340855,2.135729681981805,4,1.9239375,2.384875,0.46928168350018495
295,295,audio__original,ONLY FOR A MINUTE OR SO,6,12,1,1,FOR,0.30433353781700134,0.30433353781700134,0.30433352844282185,-2.1531958379006633,-2.1592447992879897,0.006048961387326468,-2.1592447992879897,0.006048961387326468,1,0.707125,0.8384375,0.40002489366679583
295,295,audio__original,ONLY FOR A MINUTE OR SO,6,12,2,2,A,0.2264779955148697,0.2264779955148697,0.22647798853882165,-2.1531958379006633,-2.1991604877014956,0.04596464980083237,-2.164656737819314,0.011460899918650735,2,0.909125,0.959125,0.40002489366679583
295,295,audio__original,ONLY FOR A MINUTE OR SO,6,12,3,3,MINUTE,0.17658507823944092,0.17658507823944092,0.17658507280021057,-2.1531958379006633,-2.1389030450955033,-0.014292792805159937,-2.0918011113147563,-0.061394726585906945,3,0.99,1.2121875,0.40002489366679583
295,295,audio__original,ONLY FOR A MINUTE OR SO,6,12,4,4,OR,0.15746252238750458,0.15746252238750458,0.15746251753729334,-2.1531958379006633,-2.213446884881705,0.06025104698104178,-2.118901222400988,-0.034294615499675274,4,1.293,1.697125,0.40002489366679583
295,295,audio__original,ONLY FOR A MINUTE OR SO,6,12,5,5,SO,0.13514089584350586,0.13514089584350586,0.13514089168085253,-2.1531958379006633,-2.320981190617507,0.16778535271684358,-2.1373931826868406,-0.015802655213822625,5,1.7779375,1.8279375,0.40002489366679583
295,295,audio__original,ONLY FOR A MINUTE OR SO,6,12,0,6,ONLY,0.0,0.0,0.0,-2.1531958379006633,-2.146225278304579,-0.006970559596084058,-2.089611991754888,-0.06358384614577517,6,0.363625,0.6465,0.40002489366679583
297,297,audio__original,OR HER SUFFERINGS TO NIGHT,5,12,0,1,OR,0.20000000298023224,0.20000000298023224,0.1999999998,-2.1258648873135826,-3.5345222475883324,1.4086573602747499,-3.5345222475883324,1.4086573602747499,1,0.182,0.42325,0.42901220000003376
297,297,audio__original,OR HER SUFFERINGS TO NIGHT,5,12,1,2,HER,0.20000000298023224,0.20000000298023224,0.1999999998,-2.1258648873135826,-3.6693752600957246,1.543510372782142,-3.9188783793779294,1.7930134920643468,2,0.5139375,0.62475,0.42901220000003376
297,297,audio__original,OR HER SUFFERINGS TO NIGHT,5,12,2,3,SUFFERINGS,0.20000000298023224,0.20000000298023224,0.1999999998,-2.1258648873135826,-4.456965847545992,2.3311009602324093,-4.846301877237693,2.72043698992411,3,0.68525,1.2495625,0.42901220000003376
297,297,audio__original,OR HER SUFFERINGS TO NIGHT,5,12,3,4,TO,0.20000000298023224,0.20000000298023224,0.1999999998,-2.1258648873135826,-3.040685496450351,0.9148206091367683,-4.715873679138061,2.590008791824478,4,1.4306875,2.0718125,0.42901220000003376
297,297,audio__original,OR HER SUFFERINGS TO NIGHT,5,12,4,5,NIGHT,0.20000000298023224,0.20000000298023224,0.1999999998,-2.1258648873135826,-2.9245335593776267,0.7986686720640441,-4.999781729022743,2.8739168417091605,5,2.0960625,2.338125,0.42901220000003376
312,312,audio__original,SAID COULSON HE'S SENT FOR,5,12,1,1,COULSON,0.6527707576751709,0.6527707576751709,0.6527707351365557,-1.7896951263149579,-1.7102240069458883,-0.07947111936906959,-1.7102240069458883,-0.07947111936906959,1,0.4025,0.865375,0.42985760720002875
312,312,audio__original,SAID COULSON HE'S SENT FOR,5,12,2,2,HE'S,0.1749192625284195,0.1749192625284195,0.17491925648887513,-1.7896951263149579,-1.7831657156348228,-0.006529410680135017,-1.9438721872866154,0.1541770609716575,2,1.5460625,1.7911875,0.42985760720002875
312,312,audio__original,SAID COULSON HE'S SENT FOR,5,12,0,3,SAID,0.13179072737693787,0.13179072737693787,0.13179072282651882,-1.7896951263149579,-1.647875474145015,-0.14181965216994286,-1.8995009511709213,0.10980582485596346,3,0.141375,0.36225,0.42985760720002875
312,312,audio__original,SAID COULSON HE'S SENT FOR,5,12,3,4,SENT,0.04051928594708443,0.04051928594708443,0.04051928454805026,-1.7896951263149579,-1.810370457669099,0.020675331354141235,-1.8943510291477044,0.1046559028327465,4,1.8314375,2.0326875,0.42985760720002875
312,312,audio__original,SAID COULSON HE'S SENT FOR,5,12,4,5,FOR,0.0,0.0,0.0,-1.7896951263149579,-1.74607906366388,-0.04361606265107776,-2.1302990950644016,0.34060396874944376,5,2.0729375,2.3948125,0.42985760720002875
323,323,audio__original,SO HERE I AM AGAIN,5,12,0,1,SO,0.5564569234848022,0.5564569234848022,0.5564569312201998,-0.4208436481033762,-0.6283145944277445,0.2074709463243683,-0.6283145944277445,0.2074709463243683,1,0.6820625,1.0233125,0.4390942781999911
323,323,audio__original,SO HERE I AM AGAIN,5,12,1,2,HERE,0.31604111194610596,0.31604111194610596,0.3160411163394445,-0.4208436481033762,-0.6791931713620821,0.2583495232587059,-0.6196739811760684,0.1988303330726922,2,1.504875,1.9865,0.4390942781999911
323,323,audio__original,SO HERE I AM AGAIN,5,12,2,3,I,0.09148034453392029,0.09148034453392029,0.09148034580560332,-0.4208436481033762,-0.7090646028518677,0.28822095474849146,-0.6044360315427184,0.1835923834393422,3,2.0566875,2.1066875,0.4390942781999911
323,323,audio__original,SO HERE I AM AGAIN,5,12,3,4,AM,0.036021605134010315,0.036021605134010315,0.036021605634752464,-0.4208436481033762,-0.7446284387260675,0.32378479062269133,-0.5448483190654466,0.1240046709620704,4,2.177125,2.3075,0.4390942781999911
323,323,audio__original,SO HERE I AM AGAIN,5,12,4,5,AGAIN,0.0,0.0,0.0,-0.4208436481033762,-0.683669569902122,0.2628259217987458,-0.46482929579603177,0.04398564769265556,5,2.3878125,2.8894375,0.4390942781999911
328,328,audio__original,SO LET A SAGE DWELL,5,12,0,1,SO,0.20000000298023224,0.20000000298023224,0.1999999998,-0.5879866212441508,-0.6759156449188595,0.08792902367470867,-0.6759156449188595,0.08792902367470867,1,0.5430625,0.783875,0.4249595354000121
328,328,audio__original,SO LET A SAGE DWELL,5,12,1,2,LET,0.20000000298023224,0.20000000298023224,0.1999999998,-0.5879866212441508,-0.8809885687078349,0.29300194746368413,-0.7014865609404902,0.11349993969633942,2,0.832125,0.96475,0.4249595354000121
328,328,audio__original,SO LET A SAGE DWELL,5,12,2,3,A,0.20000000298023224,0.20000000298023224,0.1999999998,-0.5879866212441508,-0.8351431652069247,0.24715654396277387,-0.8066606463010734,0.21867402505692257,3,1.0250625,1.0750625,0.4249595354000121
328,328,audio__original,SO LET A SAGE DWELL,5,12,3,4,SAGE,0.20000000298023224,0.20000000298023224,0.1999999998,-0.5879866212441508,-0.8111963104553676,0.22320968921121676,-0.6901835642299071,0.10219694298575632,4,1.1055,1.46725,0.4249595354000121
328,328,audio__original,SO LET A SAGE DWELL,5,12,4,5,DWELL,0.20000000298023224,0.20000000298023224,0.1999999998,-0.5879866212441508,-0.6688546496637476,0.08086802841959684,-0.6525764389225515,0.06458981767840066,5,1.5075,1.889,0.4249595354000121
344,344,audio__original,THE BEAU IMPATIENT SITS,4,6,0,1,THE,0.25,0.25,0.24999999974999998,-0.4608877260858814,-5.321524434412519,4.860636708326638,-5.321524434412519,4.860636708326638,1,0.3206875,0.4808125,0.28339642350010763
344,344,audio__original,THE BEAU IMPATIENT SITS,4,6,1,2,BEAU,0.25,0.25,0.24999999974999998,-0.4608877260858814,-6.795181675503652,6.33429394941777,-6.963137918462356,6.502250192376474,2,0.5569375,0.921625,0.28339642350010763
344,344,audio__original,THE BEAU IMPATIENT SITS,4,6,2,3,IMPATIENT,0.25,0.25,0.24999999974999998,-0.4608877260858814,-6.802402754624684,6.341515028538803,-8.204961458841959,7.744073732756077,3,1.021875,1.763125,0.28339642350010763
344,344,audio__original,THE BEAU IMPATIENT SITS,4,6,3,4,SITS,0.25,0.25,0.24999999974999998,-0.4608877260858814,-4.1213783615579205,3.6604906354720392,-9.052832047144571,8.59194432105869,4,1.9234375,2.164,0.28339642350010763
346,346,audio__original,THE CHILD TURNED BACK,4,12,0,1,THE,0.6000000238418579,0.6000000238418579,0.5999999964197679,-2.2794763418690613,-1.9842433248413727,-0.29523301702768867,-1.9842433248413727,-0.29523301702768867,1,0.4625625,0.6229375,0.4649263310000151
346,346,audio__original,THE CHILD TURNED BACK,4,12,3,2,BACK,0.24000000953674316,0.24000000953674316,0.23999999856790716,-2.2794763418690613,-2.1554584950208664,-0.12401784684819495,-2.2867457415753356,0.007269399706274271,2,1.286125,1.5715,0.4649263310000151
346,346,audio__original,THE CHILD TURNED BACK,4,12,2,3,TURNED,0.1600000113248825,0.1600000113248825,0.16000000401232495,-2.2794763418690613,-2.178301316763585,-0.10117502510547638,-2.30916046568503,0.029684123815968633,3,1.0249375,1.25,0.4649263310000151
346,346,audio__original,THE CHILD TURNED BACK,4,12,1,4,CHILD,0.0,0.0,0.0,-2.2794763418690613,-2.223278048215434,-0.056198293653627385,-2.0215937628333145,-0.25788257903574685,4,0.663125,1.00475,0.4649263310000151
347,347,audio__original,THE COMMON HOUSE FLY,4,12,0,1,THE,0.4736841917037964,0.4736841917037964,0.4736842124054466,-2.1340062633001557,-2.528119802940637,0.3941135396404811,-2.528119802940637,0.3941135396404811,1,0.363125,0.52375,0.46028033199991114
347,347,audio__original,THE COMMON HOUSE FLY,4,12,2,2,HOUSE,0.3421052396297455,0.3421052396297455,0.3421052545809369,-2.1340062633001557,-2.1757086693930128,0.041702406092857025,-2.20537787481832,0.07137161151816418,2,1.22875,1.5510625,0.46028033199991114
347,347,audio__original,THE COMMON HOUSE FLY,4,12,3,3,FLY,0.18421052396297455,0.18421052396297455,0.1842105320136165,-2.1340062633001557,-1.9954674025842298,-0.13853886071592592,-2.238962167330707,0.10495590403055122,3,1.623375,1.8728125,0.46028033199991114
347,347,audio__original,THE COMMON HOUSE FLY,4,12,1,4,COMMON,0.0,0.0,0.0,-2.1340062633001557,-1.923566204844974,-0.21044005845518177,-2.0215937628333145,-0.11241250046684126,4,0.564,1.138125,0.46028033199991114
359,359,audio__original,THE MAN IN THE MOON,5,12,0,1,THE,0.20000000298023224,0.20000000298023224,0.1999999998,-1.4328049458563328,-2.286548358698686,0.8537434128423533,-2.286548358698686,0.8537434128423533,1,0.545375,0.7060625,0.42088072739989
359,359,audio__original,THE MAN IN THE MOON,5,12,1,2,MAN,0.20000000298023224,0.20000000298023224,0.1999999998,-1.4328049458563328,-2.1886391018827758,0.755834156026443,-2.6301374013225236,1.1973324554661908,2,0.7968125,1.0994375,0.42088072739989
359,359,audio__original,THE MAN IN THE MOON,5,12,2,3,IN,0.20000000298023224,0.20000000298023224,0.1999999998,-1.4328049458563328,-1.7439609300345182,0.31115598417818546,-2.7290734499692917,1.296268504112959,3,1.210375,1.3011875,0.42088072739989
359,359,audio__original,THE MAN IN THE MOON,5,12,3,4,THE,0.20000000298023224,0.20000000298023224,0.1999999998,-1.4328049458563328,-1.8063964881002903,0.3735915422439575,-2.921104827274879,1.4882998814185462,4,1.3616875,1.4323125,0.42088072739989
359,359,audio__original,THE MAN IN THE MOON,5,12,4,5,MOON,0.20000000298023224,0.20000000298023224,0.1999999998,-1.4328049458563328,-1.5517100561410189,0.11890511028468609,-2.742622279872497,1.3098173340161643,5,1.4928125,2.158375,0.42088072739989
360,360,audio__original,THE MOAT AND THE TENTS,5,12,0,1,THE,0.20000000298023224,0.20000000298023224,0.1999999998,-2.2729053860724284,-3.1445469732085862,0.8716415871361578,-3.1445469732085862,0.8716415871361578,1,0.1805625,0.33075,0.4252608924000015
360,360,audio__original,THE MOAT AND THE TENTS,5,12,1,2,MOAT,0.20000000298023224,0.20000000298023224,0.1999999998,-2.2729053860724284,-4.117310596009095,1.8444052099366668,-4.711596022049586,2.438690635977158,2,0.4109375,0.6815,0.4252608924000015
360,360,audio__original,THE MOAT AND THE TENTS,5,12,2,3,AND,0.20000000298023224,0.20000000298023224,0.1999999998,-2.2729053860724284,-3.2327420832783296,0.9598366972059011,-4.937603642543157,2.664698256470728,3,0.841875,1.343,0.4252608924000015
360,360,audio__original,THE MOAT AND THE TENTS,5,12,3,4,THE,0.20000000298023224,0.20000000298023224,0.1999999998,-2.2729053860724284,-3.0442663530120626,0.7713609669396342,-5.152652303377788,2.879746917305359,4,1.3630625,1.42325,0.4252608924000015
360,360,audio__original,THE MOAT AND THE TENTS,5,12,4,5,TENTS,0.20000000298023224,0.20000000298023224,0.1999999998,-2.2729053860724284,-3.4533768319524825,1.180471445880054,-5.2084641456604,2.935558759587972,5,1.4633125,1.744125,0.4252608924000015
366,366,audio__original,THE PORTER DID NOT STIR,5,12,0,1,THE,0.47741958498954773,0.47741958498954773,0.47741959162623443,-0.5752137450399459,-0.7308909478597343,0.15567720281978836,-0.7308909478597343,0.15567720281978836,1,0.5058125,0.6666875,0.4245549638000739
366,366,audio__original,THE PORTER DID NOT STIR,5,12,1,2,PORTER,0.34889617562294006,0.34889617562294006,0.34889618047300214,-0.5752137450399459,-0.6016701079012515,0.026456362861305593,-0.6400195451763769,0.064805800136431,2,0.707125,1.030375,0.4245549638000739
366,366,audio__original,THE PORTER DID NOT STIR,5,12,2,3,DID,0.10629499703645706,0.10629499703645706,0.10629499851408097,-0.5752137450399459,-0.7108636091967734,0.13564986415682745,-0.7396511090385806,0.16443736399863462,3,1.058625,1.2324375,0.4245549638000739
366,366,audio__original,THE PORTER DID NOT STIR,5,12,4,4,STIR,0.06738922744989395,0.06738922744989395,0.06738922838668247,-0.5752137450399459,-0.5973461112492563,0.02213236620931036,-0.7843314520869171,0.2091177070469712,4,1.4950625,1.7569375,0.4245549638000739
366,366,audio__original,THE PORTER DID NOT STIR,5,12,3,5,NOT,0.0,0.0,0.0,-0.5752137450399459,-0.5424101849785075,-0.032803560061438475,-0.6525764389225515,0.07736269388260553,5,1.2728125,1.3940625,0.4245549638000739
368,368,audio__original,THE PROBLEM WAS SOLVED,4,7,3,1,SOLVED,0.4285714328289032,0.4285714328289032,0.4285714196279081,-2.564047579254423,-2.6758158611399785,0.11176828188555543,-2.6758158611399785,0.11176828188555543,1,1.493125,2.0761875,0.3029055512499781
368,368,audio__original,THE PROBLEM WAS SOLVED,4,7,1,2,PROBLEM,0.34285715222358704,0.34285715222358704,0.3428571416627908,-2.564047579254423,-2.7125617286988666,0.14851414944444352,-2.76767358822482,0.20362600897039673,2,0.5530625,1.042125,0.3029055512499781
368,368,audio__original,THE PROBLEM WAS SOLVED,4,7,2,3,WAS,0.22857144474983215,0.22857144474983215,0.22857143770930102,-2.564047579254423,-2.8103661281721934,0.24631854891777039,-2.715451041502612,0.1514034622481888,3,1.2184375,1.4229375,0.3029055512499781
368,368,audio__original,THE PROBLEM WAS SOLVED,4,7,0,4,THE,0.0,0.0,0.0,-2.564047579254423,-2.7016093603202274,0.1375617810658043,-3.085675148027284,0.5216275687728609,4,0.31675,0.481,0.3029055512499781
373,373,audio__original,THE STORY OF THE GRECIAN KING,6,12,1,1,STORY,0.47219082713127136,0.47219082713127136,0.4721908548038487,-0.42292657314586296,-2.091034439819244,1.6681078666733813,-2.091034439819244,1.6681078666733813,1,0.646375,0.898875,0.4010263519999171
373,373,audio__original,THE STORY OF THE GRECIAN KING,6,12,2,2,OF,0.1882438212633133,0.1882438212633133,0.18824383229527622,-0.42292657314586296,-0.9862374368240125,0.5633108636781496,-1.9530343771912158,1.5301078040453528,2,0.949375,0.999375,0.4010263519999171
373,373,audio__original,THE STORY OF THE GRECIAN KING,6,12,0,3,THE,0.15338535606861115,0.15338535606861115,0.15338536505770597,-0.42292657314586296,-0.8656887079705484,0.44276213482468546,-2.0173310940735973,1.5944045209277344,3,0.425,0.577625,0.4010263519999171
373,373,audio__original,THE STORY OF THE GRECIAN KING,6,12,3,4,THE,0.11029350012540817,0.11029350012540817,0.11029350658911995,-0.42292657314586296,-1.6117654724318224,1.1888388992859595,-2.294111263821833,1.87118469067597,4,1.0301875,1.09075,0.4010263519999171
373,373,audio__original,THE STORY OF THE GRECIAN KING,6,12,4,5,GRECIAN,0.07588643580675125,0.07588643580675125,0.07588644025404913,-0.42292657314586296,-1.9196890962775797,1.4967625231317168,-3.128721338949011,2.705794765803148,5,1.1471875,1.4745625,0.4010263519999171
373,373,audio__original,THE STORY OF THE GRECIAN KING,6,12,5,6,KING,0.0,0.0,0.0,-0.42292657314586296,-1.6298653748235665,1.2069388016777036,-3.0733629038052945,2.6504363306594314,6,1.567,1.8575625,0.4010263519999171
374,374,audio__original,THE THREE MODES OF MANAGEMENT,5,12,3,1,OF,0.3529411554336548,0.3529411554336548,0.3529411626408613,-0.3987979725158463,-0.6041138493843997,0.2053158768685534,-0.6041138493843997,0.2053158768685534,1,1.2300625,1.2800625,0.42396632300005876
374,374,audio__original,THE THREE MODES OF MANAGEMENT,5,12,4,2,MANAGEMENT,0.3425605595111847,0.3425605595111847,0.3425605665064151,-0.3987979725158463,-1.4146004060360913,1.015802433520245,-1.5383287345369656,1.1395307620211192,2,1.330875,1.9351875,0.42396632300005876
374,374,audio__original,THE THREE MODES OF MANAGEMENT,5,12,2,3,MODES,0.2906574308872223,0.2906574308872223,0.290657436822569,-0.3987979725158463,-1.7018807504015665,1.3030827778857201,-2.3207312842908627,1.9219333117750164,3,0.7965,1.1695625,0.42396632300005876
374,374,audio__original,THE THREE MODES OF MANAGEMENT,5,12,1,4,THREE,0.013840832747519016,0.013840832747519016,0.013840833030154629,-0.3987979725158463,-1.6362196610619624,1.237421688546116,-2.9361539050005376,2.5373559324846915,4,0.3829375,0.6654375,0.42396632300005876
374,374,audio__original,THE THREE MODES OF MANAGEMENT,5,12,0,5,THE,0.0,0.0,0.0,-0.3987979725158463,-0.9018716876550267,0.5030737151391804,-3.044641621566067,2.645843649050221,5,0.1619375,0.34275,0.42396632300005876
377,377,audio__original,THE WHOLE OF THIS ITINERARY,5,12,1,1,WHOLE,0.5159568190574646,0.5159568190574646,0.5159568310350862,-0.7291800672780179,-0.7168254697098746,-0.012354597568143277,-0.7168254697098746,-0.012354597568143277,1,0.7015625,0.9320625,0.43656715540000735
377,377,audio__original,THE WHOLE OF THIS ITINERARY,5,12,0,2,THE,0.4070855975151062,0.4070855975151062,0.407085606965349,-0.7291800672780179,-0.8205097281437096,0.09132966086569172,-0.7901677281552111,0.060987660877193206,2,0.5091875,0.641375,0.43656715540000735
377,377,audio__original,THE WHOLE OF THIS ITINERARY,5,12,4,3,ITINERARY,0.057923752814531326,0.057923752814531326,0.05792375415919577,-0.7291800672780179,-0.8111865572039582,0.08200648992594028,-0.8455985564093377,0.1164184891313198,3,1.2828125,2.064375,0.43656715540000735
377,377,audio__original,THE WHOLE OF THIS ITINERARY,5,12,2,4,OF,0.019033806398510933,0.019033806398510933,0.01903380684036909,-0.7291800672780179,-0.7157232571589702,-0.013456810119047646,-0.8692447977276364,0.14006473044961854,4,0.9821875,1.0423125,0.43656715540000735
377,377,audio__original,THE WHOLE OF THIS ITINERARY,5,12,3,5,THIS,0.0,0.0,0.0,-0.7291800672780179,-0.8875866611427531,0.1584065938647352,-0.8095211296519361,0.08034106237391825,5,1.082375,1.24275,0.43656715540000735
382,382,audio__original,THERE IS ONE I MUST CONSULT,6,6,0,1,THERE,0.1666666716337204,0.1666666716337204,0.1666666665,-0.4484274536371231,-0.9410307345290979,0.4926032808919748,-0.9410307345290979,0.4926032808919748,1,0.2406875,0.4610625,0.23619530183335277
382,382,audio__original,THERE IS ONE I MUST CONSULT,6,6,1,2,IS,0.1666666716337204,0.1666666716337204,0.1666666665,-0.4484274536371231,-0.5685857416441044,0.12015828800698125,-0.8591141427556673,0.4106866891185442,2,0.491125,0.5813125,0.23619530183335277
382,382,audio__original,THERE IS ONE I MUST CONSULT,6,6,2,3,ONE,0.1666666716337204,0.1666666716337204,0.1666666665,-0.4484274536371231,-0.6013188684980074,0.1528914148608843,-0.8877170806129774,0.4392896269758543,3,0.6615,0.8519375,0.23619530183335277
382,382,audio__original,THERE IS ONE I MUST CONSULT,6,6,3,4,I,0.1666666716337204,0.1666666716337204,0.1666666665,-0.4484274536371231,-0.5218152534216642,0.07338779978454113,-0.8228275788327059,0.37440012519558274,4,0.922125,0.972125,0.23619530183335277
382,382,audio__original,THERE IS ONE I MUST CONSULT,6,6,4,5,MUST,0.1666666716337204,0.1666666716337204,0.1666666665,-0.4484274536371231,-0.7116080435613791,0.26318058992425597,-0.8180589017768701,0.369631448139747,5,1.022375,1.20275,0.23619530183335277
382,382,audio__original,THERE IS ONE I MUST CONSULT,6,6,5,6,CONSULT,0.1666666716337204,0.1666666716337204,0.1666666665,-0.4484274536371231,-0.7042281379302343,0.2558006842931112,-0.920427430421114,0.47199997678399086,6,1.2629375,1.9844375,0.23619530183335277
384,384,audio__original,THERE SEEMS TO BE DANGER,5,12,1,1,SEEMS,0.3083727955818176,0.3083727955818176,0.30837279986855765,-0.8028992891001204,-0.930620223749429,0.12772093464930856,-0.930620223749429,0.12772093464930856,1,0.8568125,1.1895,0.4277344711999831
384,384,audio__original,THERE SEEMS TO BE DANGER,5,12,2,2,TO,0.3081232011318207,0.3081232011318207,0.30812320541509103,-0.8028992891001204,-0.9323210019307832,0.12942171283066273,-0.8803756115958095,0.07747632249568903,2,1.2298125,1.3063125,0.4277344711999831
384,384,audio__original,THERE SEEMS TO BE DANGER,5,12,4,3,DANGER,0.19338162243366241,0.19338162243366241,0.19338162512189155,-0.8028992891001204,-1.0939024804780881,0.2910031913779677,-0.9447475636843592,0.14184827458423876,3,1.5120625,2.17675,0.4277344711999831
384,384,audio__original,THERE SEEMS TO BE DANGER,5,12,3,4,BE,0.19012236595153809,0.19012236595153809,0.19012236859445977,-0.8028992891001204,-0.9920624126680195,0.1891631235678991,-0.9124245467440536,0.10952525764393317,4,1.35075,1.4515625,0.4277344711999831
384,384,audio__original,THERE SEEMS TO BE DANGER,5,12,0,5,THERE,0.0,0.0,0.0,-0.8028992891001204,-1.1360759204253554,0.333176631325235,-0.9451231089575837,0.14222381985746324,5,0.424,0.72575,0.4277344711999831
393,393,audio__original,TIED TO A WOMAN,4,12,0,1,TIED,0.4736841917037964,0.4736841917037964,0.4736841912301122,-0.37545190672669077,-0.41043783247187093,0.03498592574518017,-0.41043783247187093,0.03498592574518017,1,0.422,0.903625,0.4654651687499154
393,393,audio__original,TIED TO A WOMAN,4,12,2,2,A,0.2631579041481018,0.2631579041481018,0.26315790388494387,-0.37545190672669077,-0.4628256046768608,0.08737369795017003,-0.4408493692086874,0.06539746248199663,2,1.405625,1.455625,0.4654651687499154
393,393,audio__original,TIED TO A WOMAN,4,12,3,3,WOMAN,0.2631579041481018,0.2631579041481018,0.26315790388494387,-0.37545190672669077,-0.56476772435902,0.18931581763232924,-0.6472568180955326,0.27180491136884183,3,1.506,2.0880625,0.4654651687499154
393,393,audio__original,TIED TO A WOMAN,4,12,1,4,TO,0.0,0.0,0.0,-0.37545190672669077,-0.5429843633452643,0.16753245661857358,-0.5699108855575711,0.1944589788308803,4,1.1039375,1.2650625,0.4654651687499154
394,394,audio__original,TO A MAN REVIEW,4,6,0,1,TO,0.25,0.25,0.24999999974999998,-0.6812602380911509,-4.028753479321797,3.3474932412306466,-4.028753479321797,3.3474932412306466,1,0.1005,0.240625,0.2826496054999552
394,394,audio__original,TO A MAN REVIEW,4,6,1,2,A,0.25,0.25,0.24999999974999998,-0.6812602380911509,-3.4870918492476144,2.8058316111564636,-4.323698192834854,3.6424379547437034,2,0.361,0.411,0.2826496054999552
394,394,audio__original,TO A MAN REVIEW,4,6,2,3,MAN,0.25,0.25,0.24999999974999998,-0.6812602380911509,-4.722791035970052,4.041530797878901,-6.432191610336304,5.7509313722451525,3,0.46125,0.7019375,0.2826496054999552
394,394,audio__original,TO A MAN REVIEW,4,6,3,4,REVIEW,0.25,0.25,0.24999999974999998,-0.6812602380911509,-4.55428006251653,3.8730198244253793,-6.591856598854065,5.910596360762914,4,2.3703125,2.9680625,0.2826496054999552
396,396,audio__original,TO DAY I SHOUTED,4,2,1,1,DAY,0.34285712242126465,0.34285712242126465,0.3428571322963463,-1.150227129459381,-6.893125772476196,5.742898643016815,-6.893125772476196,5.742898643016815,1,0.524625,0.867625,0.09404163225008233
396,396,audio__original,TO DAY I SHOUTED,4,2,3,2,SHOUTED,0.34285712242126465,0.34285712242126465,0.3428571322963463,-1.150227129459381,-2.7837016582489014,1.6334745287895203,-6.648315191268921,5.49808806180954,2,1.33175,1.8960625,0.09404163225008233
396,396,audio__original,TO DAY I SHOUTED,4,2,2,3,I,0.3142857253551483,0.3142857253551483,0.3142857344073074,-1.150227129459381,-1.8282007575035095,0.6779736280441284,-5.748765707015991,4.59853857755661,3,1.081125,1.27125,0.09404163225008233
396,396,audio__original,TO DAY I SHOUTED,4,2,0,4,TO,0.0,0.0,0.0,-1.150227129459381,-3.182362735271454,2.0321356058120728,-8.238327264785767,7.0881001353263855,4,0.3436875,0.5044375,0.09404163225008233
400,400,audio__original,TO REVIVE THE SICK MAN,5,7,0,1,TO,0.6395138502120972,0.6395138502120972,0.6395138757787066,-2.2577251153332845,-2.5305273085832596,0.2728021932499751,-2.5305273085832596,0.2728021932499751,1,0.3566875,0.42075,0.2847440663999805
400,400,audio__original,TO REVIVE THE SICK MAN,5,7,3,2,SICK,0.2073812186717987,0.2073812186717987,0.20738122696252548,-2.2577251153332845,-2.6046013704368045,0.34687625510352005,-2.593762363706316,0.3360372483730316,2,1.763375,1.9236875,0.2847440663999805
400,400,audio__original,TO REVIVE THE SICK MAN,5,7,2,3,THE,0.11521945893764496,0.11521945893764496,0.11521946354391095,-2.2577251153332845,-2.720770390970366,0.46304527563708175,-2.703393872295107,0.4456687569618225,3,1.3585,1.6631875,0.2847440663999805
400,400,audio__original,TO REVIVE THE SICK MAN,5,7,4,4,MAN,0.037885431200265884,0.037885431200265884,0.03788543271485704,-2.2577251153332845,-2.5271634459495544,0.26943833061627,-2.6226140643869127,0.36488894905362823,4,1.98375,2.4645625,0.2847440663999805
400,400,audio__original,TO REVIVE THE SICK MAN,5,7,1,5,REVIVE,0.0,0.0,0.0,-2.2577251153332845,-2.68259910600526,0.4248739906719754,-3.085675148027284,0.8279500326939995,5,0.5009375,1.18225,0.2847440663999805
401,401,audio__original,TO RULE BY AGA'S SIDE,5,12,0,1,TO,0.4365558624267578,0.4365558624267578,0.43655587012168867,-1.5474781189113855,-1.7678507609913747,0.2203726420799892,-1.7678507609913747,0.2203726420799892,1,0.161,0.30125,0.4429412692001279
401,401,audio__original,TO RULE BY AGA'S SIDE,5,12,1,2,RULE,0.43202418088912964,0.43202418088912964,0.43202418850418306,-1.5474781189113855,-3.144097516934077,1.5966193980226913,-3.1319806103905043,1.5845024914791188,2,0.4116875,0.8033125,0.4429412692001279
401,401,audio__original,TO RULE BY AGA'S SIDE,5,12,4,3,SIDE,0.07703927159309387,0.07703927159309387,0.07703927295102288,-1.5474781189113855,-3.323769802848498,1.7762916839371123,-4.337605937073628,2.790127818162243,3,1.546375,2.08875,0.4429412692001279
401,401,audio__original,TO RULE BY AGA'S SIDE,5,12,3,4,AGA'S,0.054380666464567184,0.054380666464567184,0.054380667423105385,-1.5474781189113855,-3.6652861572802067,2.117808038368821,-5.7979666863878565,4.250488567476471,4,1.1045625,1.50625,0.4429412692001279
401,401,audio__original,TO RULE BY AGA'S SIDE,5,12,2,5,BY,0.0,0.0,0.0,-1.5474781189113855,-3.1851105044285455,1.63763238551716,-6.045398857444525,4.497920738533139,5,0.8635625,1.064375,0.4429412692001279
407,407,audio__original,VERY GOOD NOW OBSERVE,4,3,3,1,OBSERVE,0.4285714328289032,0.4285714328289032,0.42857142601411985,-0.6505463222662607,-1.6285744160413742,0.9780280937751135,-1.6285744160413742,0.9780280937751135,1,2.1834375,2.9245625,0.12051887949996853
407,407,audio__original,VERY GOOD NOW OBSERVE,4,3,1,2,GOOD,0.34285715222358704,0.34285715222358704,0.34285714677176027,-0.6505463222662607,-2.6228795846303306,1.97233326236407,-2.0771367947260537,1.426590472459793,2,1.0215,1.302,0.12051887949996853
407,407,audio__original,VERY GOOD NOW OBSERVE,4,3,2,3,NOW,0.22857142984867096,0.22857142984867096,0.22857142621411985,-0.6505463222662607,-1.8295552929242451,1.1790089706579843,-1.6340657869974773,0.9835194647312165,3,1.5624375,2.0531875,0.12051887949996853
407,407,audio__original,VERY GOOD NOW OBSERVE,4,3,0,4,VERY,0.0,0.0,0.0,-0.6505463222662607,-3.3483583132425943,2.6978119909763336,-3.9105472763379416,3.260000954071681,4,0.6210625,0.9414375,0.12051887949996853
408,408,audio__original,VERY WELL HE SAID,4,7,0,1,VERY,0.25,0.25,0.24999999974999998,-1.9973899316142447,-3.73586744921548,1.7384775176012355,-3.73586744921548,1.7384775176012355,1,0.5849375,0.947,0.3044399349998912
408,408,audio__original,VERY WELL HE SAID,4,7,1,2,WELL,0.25,0.25,0.24999999974999998,-1.9973899316142447,-3.371016038315637,1.3736261067013922,-4.292637676000595,2.2952477443863506,2,0.999375,1.30975,0.3044399349998912
408,408,audio__original,VERY WELL HE SAID,4,7,2,3,HE,0.25,0.25,0.24999999974999998,-1.9973899316142447,-4.045478660347206,2.048088728732962,-4.536124616861343,2.538734685247099,3,1.35,1.45075,0.3044399349998912
408,408,audio__original,VERY WELL HE SAID,4,7,3,4,SAID,0.25,0.25,0.24999999974999998,-1.9973899316142447,-3.9887487904301713,1.9913588588159266,-5.4632206835917065,3.465830751977462,4,1.4910625,2.0149375,0.3044399349998912
419,419,audio__original,WHERE THE INTERFERENCE PROVED,4,12,0,1,WHERE,0.25,0.25,0.24999999974999998,-0.9321015514433384,-1.747112659116586,0.8150111076732476,-1.747112659116586,0.8150111076732476,1,0.174,0.46425,0.48866386024997155
419,419,audio__original,WHERE THE INTERFERENCE PROVED,4,12,1,2,THE,0.25,0.25,0.24999999974999998,-0.9321015514433384,-1.4274013290802638,0.49529977763692545,-1.9479459996024768,1.0158444481591384,2,0.5691875,0.68625,0.48866386024997155
419,419,audio__original,WHERE THE INTERFERENCE PROVED,4,12,2,3,INTERFERENCE,0.25,0.25,0.24999999974999998,-0.9321015514433384,-2.1542063131928444,1.222104761749506,-3.1732283358772597,2.2411267844339213,3,0.726625,1.4129375,0.48866386024997155
419,419,audio__original,WHERE THE INTERFERENCE PROVED,4,12,3,4,PROVED,0.25,0.25,0.24999999974999998,-0.9321015514433384,-1.0827243272215128,0.1506227757781744,-2.9559015035629272,2.023799952119589,4,1.4451875,1.9139375,0.48866386024997155
423,423,audio__original,WHY THIS WAS MACKAY,4,12,0,1,WHY,0.4736841917037964,0.4736841917037964,0.47368421946389183,-0.8870416966577371,-2.791223713507255,1.9041820168495178,-2.791223713507255,1.9041820168495178,1,0.6249375,0.8466875,0.4383711205000509
423,423,audio__original,WHY THIS WAS MACKAY,4,12,2,2,WAS,0.2631578743457794,0.2631578743457794,0.2631578897680541,-0.8870416966577371,-3.1121188942342997,2.2250771975765624,-3.6934537068009377,2.8064120101432004,2,1.501875,1.6026875,0.4383711205000509
423,423,audio__original,WHY THIS WAS MACKAY,4,12,3,3,MACKAY,0.2631578743457794,0.2631578743457794,0.2631578897680541,-0.8870416966577371,-2.89601452400287,2.008972827345133,-4.015810675919056,3.1287689792613187,3,1.6833125,2.1570625,0.4383711205000509
423,423,audio__original,WHY THIS WAS MACKAY,4,12,1,4,THIS,0.0,0.0,0.0,-0.8870416966577371,-3.4512366354465485,2.564194938788811,-4.283744270602862,3.396702573945125,4,1.1793125,1.4414375,0.4383711205000509
433,433,audio__original,WOMAN SIREN THAT YOU ARE,5,12,1,1,SIREN,0.46315592527389526,0.46315592527389526,0.46315590410605695,-1.8193871202335383,-2.790967869145485,0.9715807489119468,-2.790967869145485,0.9715807489119468,1,1.2659375,1.9296875,0.4424290182001641
433,433,audio__original,WOMAN SIREN THAT YOU ARE,5,12,0,2,WOMAN,0.35052183270454407,0.35052183270454407,0.35052181668447596,-1.8193871202335383,-3.4818588693936667,1.6624717491601284,-3.7244864056507745,1.9050992854172362,2,0.5873125,0.9849375,0.4424290182001641
433,433,audio__original,WOMAN SIREN THAT YOU ARE,5,12,3,3,YOU,0.18632228672504425,0.18632228672504425,0.18632227820946706,-1.8193871202335383,-2.576916473956468,0.7575293537229297,-3.98456684499979,2.1651797247662516,3,2.14075,2.27125,0.4424290182001641
433,433,audio__original,WOMAN SIREN THAT YOU ARE,5,12,2,4,THAT,0.0,0.0,0.0,-1.8193871202335383,-2.2043828894772255,0.38499576924368717,-3.7486313159267106,1.9292441956931723,4,1.9799375,2.0905,0.4424290182001641
433,433,audio__original,WOMAN SIREN THAT YOU ARE,5,12,4,5,ARE,0.0,0.0,0.0,-1.8193871202335383,-2.3624009384851283,0.54301381825159,-3.770084415872892,1.9506972956393536,5,2.713625,2.763625,0.4424290182001641
447,447,audio__original,YOUR FRIEND AS EVER,4,12,0,1,YOUR,0.5999999642372131,0.5999999642372131,0.599999981518606,-2.4220523039499917,-2.5705859263738,0.14853362242380808,-2.5705859263738,0.14853362242380808,1,0.4213125,0.6416875,0.46096160100000816
447,447,audio__original,YOUR FRIEND AS EVER,4,12,2,2,AS,0.4000000059604645,0.4000000059604645,0.40000001748139397,-2.4220523039499917,-2.6474113315343857,0.22535902758439397,-2.6136233657598495,0.19157106180985783,2,1.1229375,1.3034375,0.46096160100000816
447,447,audio__original,YOUR FRIEND AS EVER,4,12,1,3,FRIEND,0.0,0.0,0.0,-2.4220523039499917,-2.4746202578147254,0.052567953864733674,-2.5919395461678505,0.16988724221785878,3,0.68175,1.0628125,0.46096160100000816
447,447,audio__original,YOUR FRIEND AS EVER,4,12,3,4,EVER,0.0,0.0,0.0,-2.4220523039499917,-2.4722941741347313,0.05024187018473958,-2.365739898135265,-0.05631240581472685,4,1.3435625,1.824625,0.46096160100000816
