sample_id,transcript,n_segments,segment_idx,segment_rank_abs_sv,segment_token,segment_sv,segment_abs_sv,segment_abs_sv_share,deletion_drop_emb,deletion_drop_tfidf,cumulative_drop_emb,cumulative_n_deleted,segment_dur_sec,util_empty_emb,base_text,n_coalitions,runtime_sec
1,What is the MOO programming language?,6,4,1,programming,0.07015269249677658,0.07015269249677658,0.2966231425012337,0.11994832754135132,0.4578625234516053,0.11994832754135132,1,0.5327179487179489,0.763495683670044,"""MoU"" is not a recognized programming language. If you meant to ask about a specific programming language, please provide more context so I can give you a more accurate response. If you meant something else, please provide more details so I",64,8.68173150616652
1,What is the MOO programming language?,6,0,2,What,0.056252386420965195,0.056252386420965195,0.23784916928380348,0.13306152820587158,0.7934408882022711,0.16697967052459717,2,0.22072756410256408,0.763495683670044,"""MoU"" is not a recognized programming language. If you meant to ask about a specific programming language, please provide more context so I can give you a more accurate response. If you meant something else, please provide more details so I",64,8.68173150616652
1,What is the MOO programming language?,6,5,3,language?,0.04473918676376343,0.04473918676376343,0.18916847947677673,0.15583324432373047,0.7171572875253809,0.17720752954483032,3,0.4920673076923079,0.763495683670044,"""MoU"" is not a recognized programming language. If you meant to ask about a specific programming language, please provide more context so I can give you a more accurate response. If you meant something else, please provide more details so I",64,8.68173150616652
1,What is the MOO programming language?,6,3,4,MOO,0.04431682080030441,0.04431682080030441,0.18738261046864804,0.1390399932861328,0.7642977396044841,0.2167189121246338,4,0.21807051282051293,0.763495683670044,"""MoU"" is not a recognized programming language. If you meant to ask about a specific programming language, please provide more context so I can give you a more accurate response. If you meant something else, please provide more details so I",64,8.68173150616652
1,What is the MOO programming language?,6,1,5,is,0.0138016352429986,0.0138016352429986,0.058356768239823886,0.059854745864868164,0.3915130155406693,0.1860959529876709,5,0.12061538461538457,0.763495683670044,"""MoU"" is not a recognized programming language. If you meant to ask about a specific programming language, please provide more context so I can give you a more accurate response. If you meant something else, please provide more details so I",64,8.68173150616652
1,What is the MOO programming language?,6,2,6,the,0.007241724990308285,0.007241724990308285,0.03061982580146386,0.009698927402496338,0.013072457560346695,0.23650431632995605,6,0.060307692307692284,0.763495683670044,"""MoU"" is not a recognized programming language. If you meant to ask about a specific programming language, please provide more context so I can give you a more accurate response. If you meant something else, please provide more details so I",64,8.68173150616652
2,How many seasons did Everwood have?,6,4,1,Everwood,0.10726778209209442,0.10726778209209442,0.433894602463046,0.11974835395812988,0.08712907082472299,0.11974835395812988,1,0.36124137931034506,0.7530450224876404,How many seasons did Everwood have?,64,7.2351131183331745
2,How many seasons did Everwood have?,6,3,2,did,0.07805455476045609,0.07805455476045609,0.3157280718188184,0.10531622171401978,0.33333333333333315,0.1734793782234192,2,0.1365272988505748,0.7530450224876404,How many seasons did Everwood have?,64,7.2351131183331745
2,How many seasons did Everwood have?,6,2,3,seasons,0.03312787786126137,0.03312787786126137,0.13400116152970876,0.07021969556808472,0.1666666666666664,0.20942151546478271,3,0.3813103448275864,0.7530450224876404,How many seasons did Everwood have?,64,7.2351131183331745
2,How many seasons did Everwood have?,6,1,4,many,0.01642310619354248,0.01642310619354248,0.06643091703842247,0.0,-2.220446049250313e-16,0.21265214681625366,4,0.16920977011494254,0.7530450224876404,How many seasons did Everwood have?,64,7.2351131183331745
2,How many seasons did Everwood have?,6,0,5,How,0.012214578688144684,0.012214578688144684,0.0494075635832199,0.0,-2.220446049250313e-16,0.23973000049591064,5,0.18038218390804597,0.7530450224876404,How many seasons did Everwood have?,64,7.2351131183331745
2,How many seasons did Everwood have?,6,5,6,have?,-0.00013292557559907436,0.00013292557559907436,0.0005376795218177873,0.0,-2.220446049250313e-16,0.24695497751235962,6,0.4612758620689654,0.7530450224876404,How many seasons did Everwood have?,64,7.2351131183331745
3,How smart is marmot?,4,3,1,marmot?,0.10908414423465729,0.10908414423465729,0.4217574489089866,0.1268712878227234,0.25,0.1268712878227234,1,0.5422916666666667,0.7619447112083435,How smart is Marmot?,16,2.4315482209995025
3,How smart is marmot?,4,1,2,smart,0.10205365717411041,0.10205365717411041,0.3945751273346855,0.1586531400680542,0.75,0.2554554343223572,2,0.28140000000000004,0.7619447112083435,How smart is Marmot?,16,2.4315482209995025
3,How smart is marmot?,4,0,3,How,0.03721078857779503,0.03721078857779503,0.14386992144983382,0.05574500560760498,0.13397459621556118,0.2547703981399536,3,0.24082499999999996,0.7619447112083435,How smart is Marmot?,16,2.4315482209995025
3,How smart is marmot?,4,2,4,is,-0.01029330026358366,0.01029330026358366,0.03979749844014425,0.0,0.0,0.2380552887916565,4,0.08840833333333331,0.7619447112083435,How smart is Marmot?,16,2.4315482209995025
4,Who was the 2022 VEX world champions?,3,2,1,the,0.05983744561672211,0.05983744561672211,0.5828528026966746,0.05352085828781128,0.14285714285714246,0.05352085828781128,1,0.6223396226415095,0.8973369598388672,Who was the 2022 VEX World Champions?,8,2.170916891999999
4,Who was the 2022 VEX world champions?,3,0,2,Who,0.02141280099749565,0.02141280099749565,0.2085735937813612,0.0,-4.440892098500626e-16,0.05352085828781128,2,0.190435534591195,0.8973369598388672,Who was the 2022 VEX World Champions?,8,2.170916891999999
4,Who was the 2022 VEX world champions?,3,1,3,was,0.02141280099749565,0.02141280099749565,0.2085735937813612,0.0,-4.440892098500626e-16,0.10266304016113281,3,0.13049056603773584,0.8973369598388672,Who was the 2022 VEX World Champions?,8,2.170916891999999
6,Suggest a recipe for a vegan dessert.,7,5,1,vegan,0.07976393401622772,0.07976393401622772,0.29447146491404136,0.0,-2.220446049250313e-16,0.0,1,0.35779166666666673,0.7326662540435791,Suggest a recipe for a vegan dessert.,128,13.870289061857225
6,Suggest a recipe for a vegan dessert.,7,2,2,recipe,0.0710117444396019,0.0710117444396019,0.2621602440894758,0.0538058876991272,0.3900057186695812,0.052388787269592285,2,0.442046511627907,0.7326662540435791,Suggest a recipe for a vegan dessert.,128,13.870289061857225
6,Suggest a recipe for a vegan dessert.,7,0,3,Suggest,0.06328926235437393,0.06328926235437393,0.2336504841277007,0.03429132699966431,0.18350341907227397,0.16086184978485107,3,0.4589583333333333,0.7326662540435791,Suggest a recipe for a vegan dessert.,128,13.870289061857225
6,Suggest a recipe for a vegan dessert.,7,6,4,dessert.,0.0419231653213501,0.0419231653213501,0.15477140211639903,0.0034993886947631836,-2.220446049250313e-16,0.27317512035369873,4,0.5220222868217053,0.7326662540435791,Suggest a recipe for a vegan dessert.,128,13.870289061857225
6,Suggest a recipe for a vegan dessert.,7,3,5,for,0.009663742035627365,0.009663742035627365,0.03567647845959607,0.0,-2.220446049250313e-16,0.26394665241241455,5,0.08037209302325588,0.7326662540435791,Suggest a recipe for a vegan dessert.,128,13.870289061857225
6,Suggest a recipe for a vegan dessert.,7,1,6,a,0.0034507885575294495,0.0034507885575294495,0.012739576779620404,0.0,-2.220446049250313e-16,0.2673337459564209,6,0.02009302325581397,0.7326662540435791,Suggest a recipe for a vegan dessert.,128,13.870289061857225
6,Suggest a recipe for a vegan dessert.,7,4,7,a,-0.001768884714692831,0.001768884714692831,0.00653034582137939,0.0,-2.220446049250313e-16,0.2673337459564209,7,0.020093023255813858,0.7326662540435791,Suggest a recipe for a vegan dessert.,128,13.870289061857225
7,Tell me something I do not know,7,0,1,Tell,0.04838085174560547,0.04838085174560547,0.5111266004257404,0.0,-4.440892098500626e-16,0.0,1,0.22138696369636962,0.9074638485908508,Tell me something I do not know.,128,12.790538527000276
7,Tell me something I do not know,7,1,2,me,0.020789824426174164,0.020789824426174164,0.2196371477350773,0.0,-4.440892098500626e-16,0.06444084644317627,2,0.09525866336633665,0.9074638485908508,Tell me something I do not know.,128,12.790538527000276
7,Tell me something I do not know,7,2,3,something,0.01116102933883667,0.01116102933883667,0.1179123305477917,0.0,-4.440892098500626e-16,0.09253615140914917,3,0.34336633663366334,0.9074638485908508,Tell me something I do not know.,128,12.790538527000276
7,Tell me something I do not know,7,4,4,do,0.00584245752543211,0.00584245752543211,0.06172349897451204,0.0,-4.440892098500626e-16,0.09253615140914917,4,0.10575041254125417,0.9074638485908508,Tell me something I do not know.,128,12.790538527000276
7,Tell me something I do not know,7,5,5,not,0.00371078634634614,0.00371078634634614,0.03920314632092926,0.0,-4.440892098500626e-16,0.09253615140914917,5,0.1211881188118813,0.9074638485908508,Tell me something I do not know.,128,12.790538527000276
7,Tell me something I do not know,7,6,6,know,0.00371078634634614,0.00371078634634614,0.03920314632092926,0.0,-4.440892098500626e-16,0.09253615140914917,6,0.2819513201320134,0.9074638485908508,Tell me something I do not know.,128,12.790538527000276
7,Tell me something I do not know,7,3,7,I,-0.0010595829226076603,0.0010595829226076603,0.011194119110373388,0.0,-4.440892098500626e-16,0.09253615140914917,7,0.04039603960396043,0.9074638485908508,Tell me something I do not know.,128,12.790538527000276
9,Why Do Birds Sing?,4,2,1,Birds,0.09240715205669403,0.09240715205669403,0.4012347434636099,0.20764482021331787,0.8543285918541541,0.20764482021331787,1,0.32365714285714275,0.7730889320373535,"Birds sing for a variety of reasons, including:

1. **Mating and Courtship**: Many birds sing to attract mates and establish territories. The songs help birds communicate their species, age, and health status to potential partners.

2",16,4.022335032000228
9,Why Do Birds Sing?,4,0,2,Why,0.08906106650829315,0.08906106650829315,0.3867059353926045,0.2494966983795166,1.0,0.2494966983795166,2,0.22163690476190473,0.7730889320373535,"Birds sing for a variety of reasons, including:

1. **Mating and Courtship**: Many birds sing to attract mates and establish territories. The songs help birds communicate their species, age, and health status to potential partners.

2",16,4.022335032000228
9,Why Do Birds Sing?,4,3,3,Sing?,0.04714084789156914,0.04714084789156914,0.20468703546697625,0.14810943603515625,0.5996796154872822,0.20683324337005615,3,0.282257142857143,0.7730889320373535,"Birds sing for a variety of reasons, including:

1. **Mating and Courtship**: Many birds sing to attract mates and establish territories. The songs help birds communicate their species, age, and health status to potential partners.

2",16,4.022335032000228
9,Why Do Birds Sing?,4,1,4,Do,-0.0016978876665234566,0.0016978876665234566,0.007372281334778091,0.001034080982208252,0.0384615384615381,0.22691106796264648,4,0.12292380952380949,0.7730889320373535,"Birds sing for a variety of reasons, including:

1. **Mating and Courtship**: Many birds sing to attract mates and establish territories. The songs help birds communicate their species, age, and health status to potential partners.

2",16,4.022335032000228
11,When was Margaret Claire Hoover born?,6,4,1,Hoover,0.1007857620716095,0.1007857620716095,0.35031437662603504,0.12565672397613525,0.49604736932103033,0.12565672397613525,1,0.3630252100840339,0.7122989892959595,"Margaret Clare Hoover was born on July 1, 1950.",64,7.625215524833645
11,When was Margaret Claire Hoover born?,6,2,2,Margaret,0.08639734983444214,0.08639734983444214,0.30030267298955926,0.10810267925262451,0.5979848738963152,0.1982535719871521,2,0.42352941176470593,0.7122989892959595,"Margaret Clare Hoover was born on July 1, 1950.",64,7.625215524833645
11,When was Margaret Claire Hoover born?,6,0,3,When,0.029425762593746185,0.029425762593746185,0.10227900715231728,0.04059159755706787,0.2546440075000701,0.23035120964050293,3,0.23126890756302518,0.7122989892959595,"Margaret Clare Hoover was born on July 1, 1950.",64,7.625215524833645
11,When was Margaret Claire Hoover born?,6,5,4,born?,0.02866588905453682,0.02866588905453682,0.0996378143912444,0.06677967309951782,0.39697731084447274,0.24830758571624756,4,0.46317121848739484,0.7122989892959595,"Margaret Clare Hoover was born on July 1, 1950.",64,7.625215524833645
11,When was Margaret Claire Hoover born?,6,3,5,Claire,0.026917066425085068,0.026917066425085068,0.09355920073914335,0.057292044162750244,0.17504208861569448,0.28093624114990234,5,0.32268907563025195,0.7122989892959595,"Margaret Clare Hoover was born on July 1, 1950.",64,7.625215524833645
11,When was Margaret Claire Hoover born?,6,1,6,was,0.015509070828557014,0.015509070828557014,0.05390692462586856,0.04059159755706787,0.2546440075000701,0.2877010107040405,6,0.13109243697478995,0.7122989892959595,"Margaret Clare Hoover was born on July 1, 1950.",64,7.625215524833645
13,What are some famous world music artists?,7,6,1,artists?,0.07445669919252396,0.07445669919252396,0.28554209326391433,0.14349639415740967,0.936112343500006,0.14349639415740967,1,0.5426838235294118,0.739244282245636,"Here are some famous world music artists across various genres:

1. **Pop**:
   - **Adele**: Known for her powerful vocals and emotional ballads.
   - **Taylor Swift**: Renowned for her songwriting and storytelling.",128,16.833015295857226
13,What are some famous world music artists?,7,4,2,world,0.04571088030934334,0.04571088030934334,0.17530162618029005,0.16245687007904053,0.68056171750003,0.11114370822906494,2,0.2707303921568629,0.739244282245636,"Here are some famous world music artists across various genres:

1. **Pop**:
   - **Adele**: Known for her powerful vocals and emotional ballads.
   - **Taylor Swift**: Renowned for her songwriting and storytelling.",128,16.833015295857226
13,What are some famous world music artists?,7,3,3,famous,0.041455771774053574,0.041455771774053574,0.1589832476944253,0.05668437480926514,0.4997835966139753,0.16909855604171753,3,0.3410343137254903,0.739244282245636,"Here are some famous world music artists across various genres:

1. **Pop**:
   - **Adele**: Known for her powerful vocals and emotional ballads.
   - **Taylor Swift**: Renowned for her songwriting and storytelling.",128,16.833015295857226
13,What are some famous world music artists?,7,2,4,some,0.03480316698551178,0.03480316698551178,0.133470450087511,0.09903645515441895,0.5428571428571429,0.21964740753173828,4,0.16094117647058825,0.739244282245636,"Here are some famous world music artists across various genres:

1. **Pop**:
   - **Adele**: Known for her powerful vocals and emotional ballads.
   - **Taylor Swift**: Renowned for her songwriting and storytelling.",128,16.833015295857226
13,What are some famous world music artists?,7,5,5,music,0.029862726107239723,0.029862726107239723,0.1145238160662964,0.12524151802062988,0.616674061000036,0.25604039430618286,5,0.3218970588235295,0.739244282245636,"Here are some famous world music artists across various genres:

1. **Pop**:
   - **Adele**: Known for her powerful vocals and emotional ballads.
   - **Taylor Swift**: Renowned for her songwriting and storytelling.",128,16.833015295857226
13,What are some famous world music artists?,7,0,6,What,0.026805955916643143,0.026805955916643143,0.1028010756236564,0.12126922607421875,0.6549672203288228,0.27376019954681396,6,0.22086274509803924,0.739244282245636,"Here are some famous world music artists across various genres:

1. **Pop**:
   - **Adele**: Known for her powerful vocals and emotional ballads.
   - **Taylor Swift**: Renowned for her songwriting and storytelling.",128,16.833015295857226
13,What are some famous world music artists?,7,1,7,are,0.0076603963971138,0.0076603963971138,0.029377687248897687,0.08247780799865723,0.5816699867329622,0.260755717754364,7,0.10058823529411764,0.739244282245636,"Here are some famous world music artists across various genres:

1. **Pop**:
   - **Adele**: Known for her powerful vocals and emotional ballads.
   - **Taylor Swift**: Renowned for her songwriting and storytelling.",128,16.833015295857226
15,What should I call you?,5,3,1,call,0.08382847905158997,0.08382847905158997,0.3943106836279369,0.1830310821533203,0.5924442431822924,0.1830310821533203,1,0.2643333333333334,0.7874050140380859,"You can call me ""you"" or use a more formal term like ""I"" if you prefer. Here are a few options:

* You
* I
* Sir/Madam (if you're not sure about the gender)",32,4.508952424399467
15,What should I call you?,5,0,2,What,0.04645350202918053,0.04645350202918053,0.218507031849703,0.15009617805480957,0.47924435607670424,0.170640766620636,2,0.20199999999999999,0.7874050140380859,"You can call me ""you"" or use a more formal term like ""I"" if you prefer. Here are a few options:

* You
* I
* Sir/Madam (if you're not sure about the gender)",32,4.508952424399467
15,What should I call you?,5,1,3,should,0.033134933561086655,0.033134933561086655,0.15585942214694803,0.12861359119415283,0.5342219922083341,0.22207188606262207,3,0.183,0.7874050140380859,"You can call me ""you"" or use a more formal term like ""I"" if you prefer. Here are a few options:

* You
* I
* Sir/Madam (if you're not sure about the gender)",32,4.508952424399467
15,What should I call you?,5,2,4,I,0.0325373075902462,0.0325373075902462,0.15304832133989552,0.12861359119415283,0.5342219922083341,0.219063401222229,4,0.04066666666666674,0.7874050140380859,"You can call me ""you"" or use a more formal term like ""I"" if you prefer. Here are a few options:

* You
* I
* Sir/Madam (if you're not sure about the gender)",32,4.508952424399467
15,What should I call you?,5,4,5,you?,0.01664077490568161,0.01664077490568161,0.078274536331737,0.057949841022491455,0.2958958089427336,0.21259498596191406,5,0.3341666666666667,0.7874050140380859,"You can call me ""you"" or use a more formal term like ""I"" if you prefer. Here are a few options:

* You
* I
* Sir/Madam (if you're not sure about the gender)",32,4.508952424399467
16,What is the capital of Australia?,6,5,1,Australia?,0.12605999410152435,0.12605999410152435,0.45676648297145933,0.12091773748397827,0.33333333333333315,0.12091773748397827,1,0.743757142857143,0.7240166664123535,The capital of Australia is **Canberra**.,64,7.108705076333838
16,What is the capital of Australia?,6,3,2,capital,0.04644862189888954,0.04644862189888954,0.16830219464027668,-1.1920928955078125e-07,-2.220446049250313e-16,0.15775883197784424,2,0.4223999999999999,0.7240166664123535,The capital of Australia is **Canberra**.,64,7.108705076333838
16,What is the capital of Australia?,6,2,3,the,0.0395369678735733,0.0395369678735733,0.1432584690462815,0.0867910385131836,0.1666666666666664,0.22243517637252808,3,0.0603428571428572,0.7240166664123535,The capital of Australia is **Canberra**.,64,7.108705076333838
16,What is the capital of Australia?,6,1,4,is,0.026557618752121925,0.026557618752121925,0.09622902333101824,0.0867910385131836,0.1666666666666664,0.2211129069328308,4,0.10057142857142859,0.7240166664123535,The capital of Australia is **Canberra**.,64,7.108705076333838
16,What is the capital of Australia?,6,0,5,What,0.021757500246167183,0.021757500246167183,0.07883624726880953,0.06893908977508545,0.26970325665977835,0.2522923946380615,5,0.203375,0.7240166664123535,The capital of Australia is **Canberra**.,64,7.108705076333838
16,What is the capital of Australia?,6,4,6,of,0.015622755512595177,0.015622755512595177,0.05660757911874904,0.0867910385131836,0.1666666666666664,0.2759833335876465,6,0.04022857142857128,0.7240166664123535,The capital of Australia is **Canberra**.,64,7.108705076333838
17,When did Gallimimus die out?,5,2,1,Gallimimus,0.12183177471160889,0.12183177471160889,0.39265088852957114,0.17819148302078247,0.10557280900008403,0.17819148302078247,1,0.5564800000000001,0.6897198557853699,When did Gallimimus die out?,32,4.121402351200231
17,When did Gallimimus die out?,5,4,2,out?,0.07367130368947983,0.07367130368947983,0.23743479828049957,0.10655564069747925,0.26970325665977835,0.191369891166687,2,0.2815916666666669,0.6897198557853699,When did Gallimimus die out?,32,4.121402351200231
17,When did Gallimimus die out?,5,0,3,When,0.0576494075357914,0.0576494075357914,0.18579792624472816,0.01635873317718506,0.10557280900008403,0.284975528717041,3,0.24128166666666667,0.6897198557853699,When did Gallimimus die out?,32,4.121402351200231
17,When did Gallimimus die out?,5,3,4,die,0.039040714502334595,0.039040714502334595,0.12582408221876057,0.1159704327583313,0.32917960675006297,0.3102801442146301,4,0.2116800000000001,0.6897198557853699,When did Gallimimus die out?,32,4.121402351200231
17,When did Gallimimus die out?,5,1,5,did,0.01808694377541542,0.01808694377541542,0.05829230150354653,0.0,-2.220446049250313e-16,0.3102801442146301,5,0.14112000000000002,0.6897198557853699,When did Gallimimus die out?,32,4.121402351200231
18,What is a technate?,4,3,1,technate?,0.10387001186609268,0.10387001186609268,0.4446353613473059,0.22704172134399414,0.5451411738526579,0.22704172134399414,1,0.6160833333333334,0.766392707824707,"A technet is a radioactive isotope of a chemical element, often used in medical imaging and research. Technetium-99m (Tc-99m) is a commonly used isotope in nuclear medicine, particularly for bone scans and",16,2.7814405850003823
18,What is a technate?,4,1,2,is,0.048021089285612106,0.048021089285612106,0.20556341530340658,0.15635240077972412,0.5404274849909712,0.21935713291168213,2,0.08100000000000002,0.766392707824707,"A technet is a radioactive isotope of a chemical element, often used in medical imaging and research. Technetium-99m (Tc-99m) is a commonly used isotope in nuclear medicine, particularly for bone scans and",16,2.7814405850003823
18,What is a technate?,4,0,3,What,0.042628005146980286,0.042628005146980286,0.182477291872051,0.1545146107673645,0.6209509782105483,0.23360729217529297,3,0.22174999999999997,0.766392707824707,"A technet is a radioactive isotope of a chemical element, often used in medical imaging and research. Technetium-99m (Tc-99m) is a commonly used isotope in nuclear medicine, particularly for bone scans and",16,2.7814405850003823
18,What is a technate?,4,2,4,a,0.03908807039260864,0.03908807039260864,0.16732392719654612,0.15635240077972412,0.5404274849909712,0.23360729217529297,4,0.02024999999999999,0.766392707824707,"A technet is a radioactive isotope of a chemical element, often used in medical imaging and research. Technetium-99m (Tc-99m) is a commonly used isotope in nuclear medicine, particularly for bone scans and",16,2.7814405850003823
21,What's the minor league in baseball called?,7,2,1,minor,0.07277929037809372,0.07277929037809372,0.270834438258116,0.15084457397460938,0.6801989254665843,0.15084457397460938,1,0.25238095238095226,0.731277585029602,"The minor league in baseball is called the **Class A** leagues, which are further divided into:

- **Low-A** (also known as ""Short Season"" or ""Rookie"" leagues)
- **High-A** (also known",128,16.07755676828622
21,What's the minor league in baseball called?,7,3,2,league,0.057224225252866745,0.057224225252866745,0.2129491895373163,0.1068035364151001,0.6268987463776816,0.18078577518463135,2,0.23219047619047628,0.731277585029602,"The minor league in baseball is called the **Class A** leagues, which are further divided into:

- **Low-A** (also known as ""Short Season"" or ""Rookie"" leagues)
- **High-A** (also known",128,16.07755676828622
21,What's the minor league in baseball called?,7,5,3,baseball,0.05017885938286781,0.05017885938286781,0.18673118579186618,0.1068035364151001,0.6268987463776816,0.24696969985961914,3,0.5249523809523808,0.731277585029602,"The minor league in baseball is called the **Class A** leagues, which are further divided into:

- **Low-A** (also known as ""Short Season"" or ""Rookie"" leagues)
- **High-A** (also known",128,16.07755676828622
21,What's the minor league in baseball called?,7,0,4,What's,0.034364473074674606,0.034364473074674606,0.1278809220708896,0.0918574333190918,0.5648058601107553,0.2630636692047119,4,0.3020952380952381,0.731277585029602,"The minor league in baseball is called the **Class A** leagues, which are further divided into:

- **Low-A** (also known as ""Short Season"" or ""Rookie"" leagues)
- **High-A** (also known",128,16.07755676828622
21,What's the minor league in baseball called?,7,6,5,called?,0.023542296141386032,0.023542296141386032,0.08760822642862245,0.08106940984725952,0.5617700893988925,0.23463988304138184,5,0.4232321428571426,0.731277585029602,"The minor league in baseball is called the **Class A** leagues, which are further divided into:

- **Low-A** (also known as ""Short Season"" or ""Rookie"" leagues)
- **High-A** (also known",128,16.07755676828622
21,What's the minor league in baseball called?,7,4,6,in,0.02047574520111084,0.02047574520111084,0.07619663396894501,0.1068035364151001,0.6268987463776816,0.2254841923713684,6,0.08076190476190459,0.731277585029602,"The minor league in baseball is called the **Class A** leagues, which are further divided into:

- **Low-A** (also known as ""Short Season"" or ""Rookie"" leagues)
- **High-A** (also known",128,16.07755676828622
21,What's the minor league in baseball called?,7,1,7,the,0.01015754695981741,0.01015754695981741,0.03779940022293246,0.012682557106018066,0.2333434681930655,0.26872241497039795,7,0.08076190476190481,0.731277585029602,"The minor league in baseball is called the **Class A** leagues, which are further divided into:

- **Low-A** (also known as ""Short Season"" or ""Rookie"" leagues)
- **High-A** (also known",128,16.07755676828622
23,When was C++ developed?,4,0,1,When,0.051307983696460724,0.051307983696460724,0.35604873753714894,0.12778347730636597,0.42264973081037416,0.12778347730636597,1,0.240625,0.8739266395568848,"C++ was developed in 1983 by Bjarne Stroustrup, who was working at Bell Labs.",16,2.93573069499962
23,When was C++ developed?,4,3,2,developed?,0.04846298322081566,0.04846298322081566,0.3363060239345505,0.09524589776992798,0.5917517095361369,0.13213813304901123,2,0.5618173076923076,0.8739266395568848,"C++ was developed in 1983 by Bjarne Stroustrup, who was working at Bell Labs.",16,2.93573069499962
23,When was C++ developed?,4,2,3,C++,0.03531762585043907,0.03531762585043907,0.2450845890037505,0.12296521663665771,0.5,0.12650644779205322,3,0.3552371794871795,0.8739266395568848,"C++ was developed in 1983 by Bjarne Stroustrup, who was working at Bell Labs.",16,2.93573069499962
23,When was C++ developed?,4,1,4,was,-0.009015227667987347,0.009015227667987347,0.06256064258510882,0.0,0.0,0.12607336044311523,4,0.12046153846153845,0.8739266395568848,"C++ was developed in 1983 by Bjarne Stroustrup, who was working at Bell Labs.",16,2.93573069499962
24,Who owns Nissan now?,4,2,1,Nissan,0.11683863401412964,0.11683863401412964,0.6085180444274522,0.09164941310882568,0.13397459621556118,0.09164941310882568,1,0.38281481481481483,0.8118855953216553,Who owns Nissan now?,16,2.4225453034996463
24,Who owns Nissan now?,4,1,2,owns,0.0621645450592041,0.0621645450592041,0.32376488916820473,0.0,0.0,0.19386523962020874,2,0.22162962962962962,0.8118855953216553,Who owns Nissan now?,16,2.4225453034996463
24,Who owns Nissan now?,4,0,3,Who,0.0110566271468997,0.0110566271468997,0.05758503757054563,0.0,0.0,0.18689727783203125,3,0.2109814814814815,0.8118855953216553,Who owns Nissan now?,16,2.4225453034996463
24,Who owns Nissan now?,4,3,4,now?,-0.0019454013090580702,0.0019454013090580702,0.010132023625605386,0.0,0.0,0.18811440467834473,4,0.20086111111111116,0.8118855953216553,Who owns Nissan now?,16,2.4225453034996463
29,When was Gus Dur born?,5,4,1,born?,0.06225033104419708,0.06225033104419708,0.23693554276607473,0.19304776191711426,0.5991081371313633,0.19304776191711426,1,0.4948750000000002,0.7372689247131348,Gustave Doré was born on 10 January 1832.,32,4.102712716999667
29,When was Gus Dur born?,5,0,2,When,0.05940583720803261,0.05940583720803261,0.22610890651111443,0.2097894549369812,1.0,0.23247092962265015,2,0.24215,0.7372689247131348,Gustave Doré was born on 10 January 1832.,32,4.102712716999667
29,When was Gus Dur born?,5,3,3,Dur,0.05074254423379898,0.05074254423379898,0.19313491282208148,0.20588970184326172,0.9087129070824723,0.25758862495422363,3,0.25812500000000005,0.7372689247131348,Gustave Doré was born on 10 January 1832.,32,4.102712716999667
29,When was Gus Dur born?,5,1,4,was,0.049123480916023254,0.049123480916023254,0.18697247738543343,0.19022446870803833,1.0,0.25783371925354004,4,0.15199999999999997,0.7372689247131348,Gustave Doré was born on 10 January 1832.,32,4.102712716999667
29,When was Gus Dur born?,5,2,5,Gus,0.04120888561010361,0.04120888561010361,0.1568481567091226,0.17181968688964844,0.5917517095361369,0.26273107528686523,5,0.3039999999999998,0.7372689247131348,Gustave Doré was born on 10 January 1832.,32,4.102712716999667
31,What is the lowest brass instrument?,6,3,1,lowest,0.08168170601129532,0.08168170601129532,0.34835440900852427,0.10071003437042236,0.29647352931855153,0.10071003437042236,1,0.3122142857142858,0.7762021422386169,The lowest brass instrument is the **Eb Contrabass Trombone**.,64,8.299123860500307
31,What is the lowest brass instrument?,6,5,2,instrument?,0.07203003764152527,0.07203003764152527,0.30719217825843964,0.11179804801940918,0.3845425451033362,0.17246997356414795,2,0.7044107142857143,0.7762021422386169,The lowest brass instrument is the **Eb Contrabass Trombone**.,64,8.299123860500307
31,What is the lowest brass instrument?,6,4,3,brass,0.04982392489910126,0.04982392489910126,0.21248801916932777,0.11269271373748779,0.5126226750335058,0.24643754959106445,3,0.36257142857142854,0.7762021422386169,The lowest brass instrument is the **Eb Contrabass Trombone**.,64,8.299123860500307
31,What is the lowest brass instrument?,6,0,4,What,0.021005460992455482,0.021005460992455482,0.08958364494696724,0.06515121459960938,0.32580013753675785,0.26458853483200073,4,0.22104166666666664,0.7762021422386169,The lowest brass instrument is the **Eb Contrabass Trombone**.,64,8.299123860500307
31,What is the lowest brass instrument?,6,1,5,is,-0.0053404998034238815,0.0053404998034238815,0.0227760503995179,1.1920928955078125e-07,-2.220446049250313e-16,0.22379785776138306,5,0.12085714285714289,0.7762021422386169,The lowest brass instrument is the **Eb Contrabass Trombone**.,64,8.299123860500307
31,What is the lowest brass instrument?,6,2,6,the,0.004597118590027094,0.004597118590027094,0.019605693952444336,1.1920928955078125e-07,-2.220446049250313e-16,0.22379785776138306,6,0.0604285714285715,0.7762021422386169,The lowest brass instrument is the **Eb Contrabass Trombone**.,64,8.299123860500307
33,When did Michelangelo sculpt the David?,6,3,1,sculpt,0.08929232507944107,0.08929232507944107,0.3092337817607598,0.07931852340698242,0.5370899501137241,0.07931852340698242,1,0.36274809160305366,0.7566298246383667,Michelangelo sculpted the David in 1501-1504.,64,7.67188563733301
33,When did Michelangelo sculpt the David?,6,5,2,David?,0.06189966946840286,0.06189966946840286,0.2143685794095471,1.1920928955078125e-07,-4.440892098500626e-16,0.2863120436668396,2,0.4024268447837147,0.7566298246383667,Michelangelo sculpted the David in 1501-1504.,64,7.67188563733301
33,When did Michelangelo sculpt the David?,6,2,3,Michelangelo,0.061680883169174194,0.061680883169174194,0.21361088702503667,0.1353970766067505,0.7142857142857142,0.23315012454986572,3,0.7530722010178116,0.7566298246383667,Michelangelo sculpted the David in 1501-1504.,64,7.67188563733301
33,When did Michelangelo sculpt the David?,6,0,4,When,0.035233061760663986,0.035233061760663986,0.12201779852375122,0.09652954339981079,0.4929074471628899,0.28326618671417236,4,0.2613874045801527,0.7566298246383667,Michelangelo sculpted the David in 1501-1504.,64,7.67188563733301
33,When did Michelangelo sculpt the David?,6,1,5,did,-0.022691693156957626,0.022691693156957626,0.0785850080982647,1.1920928955078125e-07,-4.440892098500626e-16,0.2433701753616333,5,0.13305311704834605,0.7566298246383667,Michelangelo sculpted the David in 1501-1504.,64,7.67188563733301
33,When did Michelangelo sculpt the David?,6,4,6,the,0.017955828458070755,0.017955828458070755,0.0621839417194785,0.07931852340698242,0.5370899501137241,0.2433701753616333,6,0.060458015267175425,0.7566298246383667,Michelangelo sculpted the David in 1501-1504.,64,7.67188563733301
34,What type of government does Kazakhastan have?,7,5,1,Kazakhastan,0.11711803823709488,0.11711803823709488,0.3854598386874599,0.14888262748718262,0.14285714285714246,0.14888262748718262,1,0.8022654761904762,0.6975179314613342,What type of government does Kazakistan have?,128,13.493135184571397
34,What type of government does Kazakhastan have?,7,3,2,government,0.11369362473487854,0.11369362473487854,0.37418938115562095,0.1585407257080078,0.2284832501895402,0.2844427824020386,2,0.38108571428571425,0.6975179314613342,What type of government does Kazakistan have?,128,13.493135184571397
34,What type of government does Kazakhastan have?,7,1,3,type,0.037766169756650925,0.037766169756650925,0.12429632464276658,0.12280219793319702,0.14285714285714246,0.2584112286567688,3,0.24068571428571428,0.6975179314613342,What type of government does Kazakistan have?,128,13.493135184571397
34,What type of government does Kazakhastan have?,7,6,4,have?,0.027043385431170464,0.027043385431170464,0.08900540977948285,0.12280219793319702,0.14285714285714246,0.2586789131164551,4,0.3006202380952381,0.6975179314613342,What type of government does Kazakistan have?,128,13.493135184571397
34,What type of government does Kazakhastan have?,7,0,5,What,0.006871867459267378,0.006871867459267378,0.022616745995766203,0.0017126798629760742,0.07417990022744825,0.3190862536430359,5,0.22042499999999998,0.6975179314613342,What type of government does Kazakistan have?,128,13.493135184571397
34,What type of government does Kazakhastan have?,7,4,6,does,-0.0006788572063669562,0.0006788572063669562,0.002234260351324319,0.00176161527633667,0.07417990022744825,0.29040026664733887,6,0.16983928571428564,0.6975179314613342,What type of government does Kazakistan have?,128,13.493135184571397
34,What type of government does Kazakhastan have?,7,2,7,of,0.0006678508361801505,0.0006678508361801505,0.002198036096370936,0.0,-4.440892098500626e-16,0.30248206853866577,7,0.04011428571428566,0.6975179314613342,What type of government does Kazakistan have?,128,13.493135184571397
35,What year was the Revolution of Roses?,7,6,1,Roses?,0.0894724428653717,0.0894724428653717,0.35422663070804683,0.19920945167541504,0.47015955513950536,0.19920945167541504,1,0.5020426829268294,0.7474148273468018,"The ""Revolution of Roses"" refers to the period of time when the French Revolution was in full swing, but it's important to note that the term ""Revolution of Roses"" is not widely used in historical contexts. The French Revolution",128,13.094267573000252
35,What year was the Revolution of Roses?,7,4,2,Revolution,0.07877005636692047,0.07877005636692047,0.3118552570373172,0.19674521684646606,0.4317588256731496,0.290985643863678,2,0.5024390243902439,0.7474148273468018,"The ""Revolution of Roses"" refers to the period of time when the French Revolution was in full swing, but it's important to note that the term ""Revolution of Roses"" is not widely used in historical contexts. The French Revolution",128,13.094267573000252
35,What year was the Revolution of Roses?,7,2,3,was,0.019987307488918304,0.019987307488918304,0.07913091854861394,0.13084173202514648,0.38864564054558315,0.29234933853149414,3,0.12058536585365842,0.7474148273468018,"The ""Revolution of Roses"" refers to the period of time when the French Revolution was in full swing, but it's important to note that the term ""Revolution of Roses"" is not widely used in historical contexts. The French Revolution",128,13.094267573000252
35,What year was the Revolution of Roses?,7,5,4,of,0.019540026783943176,0.019540026783943176,0.07736010809536119,0.13084173202514648,0.38864564054558315,0.29868388175964355,4,0.06029268292682932,0.7474148273468018,"The ""Revolution of Roses"" refers to the period of time when the French Revolution was in full swing, but it's important to note that the term ""Revolution of Roses"" is not widely used in historical contexts. The French Revolution",128,13.094267573000252
35,What year was the Revolution of Roses?,7,3,5,the,0.018231233581900597,0.018231233581900597,0.0721785193133188,0.13084173202514648,0.38864564054558315,0.2795119285583496,5,0.0602926829268291,0.7474148273468018,"The ""Revolution of Roses"" refers to the period of time when the French Revolution was in full swing, but it's important to note that the term ""Revolution of Roses"" is not widely used in historical contexts. The French Revolution",128,13.094267573000252
35,What year was the Revolution of Roses?,7,1,6,year,0.016924839466810226,0.016924839466810226,0.06700642865673985,0.13084173202514648,0.38864564054558315,0.2684054970741272,6,0.20097560975609752,0.7474148273468018,"The ""Revolution of Roses"" refers to the period of time when the French Revolution was in full swing, but it's important to note that the term ""Revolution of Roses"" is not widely used in historical contexts. The French Revolution",128,13.094267573000252
35,What year was the Revolution of Roses?,7,0,7,What,0.009659401141107082,0.009659401141107082,0.03824213368154369,0.1341092586517334,0.28111484531041064,0.25258517265319824,7,0.24079674796747966,0.7474148273468018,"The ""Revolution of Roses"" refers to the period of time when the French Revolution was in full swing, but it's important to note that the term ""Revolution of Roses"" is not widely used in historical contexts. The French Revolution",128,13.094267573000252
36,How sustainable packaging increases the product cost?,7,2,1,packaging,0.08345077931880951,0.08345077931880951,0.2692019042467391,0.041225314140319824,0.14285714285714246,0.041225314140319824,1,0.4817454545454545,0.6900067329406738,How sustainable packaging increases the product cost?,128,12.62171209371393
36,How sustainable packaging increases the product cost?,7,1,2,sustainable,0.07305298745632172,0.07305298745632172,0.23565991228223682,0.06799912452697754,0.14285714285714246,0.16435277462005615,2,0.5821090909090909,0.6900067329406738,How sustainable packaging increases the product cost?,128,12.62171209371393
36,How sustainable packaging increases the product cost?,7,6,3,cost?,0.049598269164562225,0.049598269164562225,0.15999788876067442,0.010953783988952637,0.07417990022744825,0.18616968393325806,3,0.4412742424242424,0.6900067329406738,How sustainable packaging increases the product cost?,128,12.62171209371393
36,How sustainable packaging increases the product cost?,7,3,4,increases,0.04423271119594574,0.04423271119594574,0.1426892616359394,0.0,-4.440892098500626e-16,0.18851804733276367,4,0.4817454545454545,0.6900067329406738,How sustainable packaging increases the product cost?,128,12.62171209371393
36,How sustainable packaging increases the product cost?,7,5,5,product,0.029866835102438927,0.029866835102438927,0.09634672017481898,0.0,-4.440892098500626e-16,0.24327802658081055,5,0.3211636363636363,0.6900067329406738,How sustainable packaging increases the product cost?,128,12.62171209371393
36,How sustainable packaging increases the product cost?,7,0,6,How,0.02307574823498726,0.02307574823498726,0.07443951293785854,0.0,-4.440892098500626e-16,0.2939494848251343,6,0.20833333333333331,0.6900067329406738,How sustainable packaging increases the product cost?,128,12.62171209371393
36,How sustainable packaging increases the product cost?,7,4,7,the,0.006715941242873669,0.006715941242873669,0.021664796735856237,0.0,-4.440892098500626e-16,0.30999326705932617,7,0.060218181818181726,0.6900067329406738,How sustainable packaging increases the product cost?,128,12.62171209371393
37,What other species belong to the Equidae?,7,2,1,species,0.07277162373065948,0.07277162373065948,0.2891788187528547,0.1448289155960083,0.7989924369481576,0.1448289155960083,1,0.4421463414634147,0.7483509182929993,"The Equidae family includes several other species, such as:

- **Mule** (a cross between a female donkey and a male horse)
- **Zebra** (Equus quagga and Equus burchelli",128,14.727288128571152
37,What other species belong to the Equidae?,7,3,2,belong,0.05383116751909256,0.05383116751909256,0.21391350965142406,0.20686233043670654,0.8333333333333334,0.2343355417251587,2,0.3199400406504067,0.7483509182929993,"The Equidae family includes several other species, such as:

- **Mule** (a cross between a female donkey and a male horse)
- **Zebra** (Equus quagga and Equus burchelli",128,14.727288128571152
37,What other species belong to the Equidae?,7,6,3,Equidae?,0.053314704447984695,0.053314704447984695,0.21186119621967744,0.17954528331756592,0.88026313198215,0.24972331523895264,3,0.5824156504065041,0.7483509182929993,"The Equidae family includes several other species, such as:

- **Mule** (a cross between a female donkey and a male horse)
- **Zebra** (Equus quagga and Equus burchelli",128,14.727288128571152
37,What other species belong to the Equidae?,7,0,4,What,0.0342329666018486,0.0342329666018486,0.13603446421599852,0.14150291681289673,0.7480236846605152,0.24263226985931396,4,0.22069918699186988,0.7483509182929993,"The Equidae family includes several other species, such as:

- **Mule** (a cross between a female donkey and a male horse)
- **Zebra** (Equus quagga and Equus burchelli",128,14.727288128571152
37,What other species belong to the Equidae?,7,1,5,other,0.020592227578163147,0.020592227578163147,0.08182909410655818,0.06607872247695923,0.6666666666666667,0.25164908170700073,5,0.21102439024390235,0.7483509182929993,"The Equidae family includes several other species, such as:

- **Mule** (a cross between a female donkey and a male horse)
- **Zebra** (Equus quagga and Equus burchelli",128,14.727288128571152
37,What other species belong to the Equidae?,7,5,6,the,0.014284685254096985,0.014284685254096985,0.056764274263344836,0.06607872247695923,0.6666666666666667,0.25164908170700073,6,0.07034146341463421,0.7483509182929993,"The Equidae family includes several other species, such as:

- **Mule** (a cross between a female donkey and a male horse)
- **Zebra** (Equus quagga and Equus burchelli",128,14.727288128571152
37,What other species belong to the Equidae?,7,4,7,to,0.0026218423154205084,0.0026218423154205084,0.010418638816356685,0.02372121810913086,0.3327023188364915,0.25164908170700073,7,0.040195121951219326,0.7483509182929993,"The Equidae family includes several other species, such as:

- **Mule** (a cross between a female donkey and a male horse)
- **Zebra** (Equus quagga and Equus burchelli",128,14.727288128571152
39,Who is Patriarch Kirill?,4,2,1,Patriarch,0.08376140892505646,0.08376140892505646,0.2953921558751139,0.1724247932434082,0.8013201464402434,0.1724247932434082,1,0.6269593023255813,0.7164399027824402,"Patriarch Kirill is the head of the Russian Orthodox Church, which is the largest Orthodox church in the world. He was elected to the position in 2009 and has been serving as the Patriarch since then.",16,2.887630561750484
39,Who is Patriarch Kirill?,4,3,2,Kirill?,0.07354293018579483,0.07354293018579483,0.25935576986762443,0.131212055683136,0.3527669285992796,0.23473715782165527,2,0.4939583333333335,0.7164399027824402,"Patriarch Kirill is the head of the Russian Orthodox Church, which is the largest Orthodox church in the world. He was elected to the position in 2009 and has been serving as the Patriarch since then.",16,2.887630561750484
39,Who is Patriarch Kirill?,4,0,3,Who,0.06533738225698471,0.06533738225698471,0.23041816573782184,0.1316356658935547,0.7132303326617978,0.24383878707885742,3,0.18050096899224805,0.7164399027824402,"Patriarch Kirill is the head of the Russian Orthodox Church, which is the largest Orthodox church in the world. He was elected to the position in 2009 and has been serving as the Patriarch since then.",16,2.887630561750484
39,Who is Patriarch Kirill?,4,1,4,is,0.060918308794498444,0.060918308794498444,0.21483390499284963,0.1316356658935547,0.7132303326617978,0.2835600972175598,4,0.10046511627906973,0.7164399027824402,"Patriarch Kirill is the head of the Russian Orthodox Church, which is the largest Orthodox church in the world. He was elected to the position in 2009 and has been serving as the Patriarch since then.",16,2.887630561750484
40,How long does a cold usually last?,7,4,1,cold,0.10220658034086227,0.10220658034086227,0.40572190966766986,0.09034591913223267,0.14285714285714246,0.09034591913223267,1,0.34147154471544716,0.7480870485305786,How long does a cold usually last?,128,13.086913835142436
40,How long does a cold usually last?,7,2,2,does,0.04327226057648659,0.04327226057648659,0.171774695310005,5.960464477539063e-08,-4.440892098500626e-16,0.11485326290130615,2,0.12058536585365853,0.7480870485305786,How long does a cold usually last?,128,13.086913835142436
40,How long does a cold usually last?,7,5,3,usually,0.029452858492732048,0.029452858492732048,0.11691683600987682,5.960464477539063e-08,-4.440892098500626e-16,0.08911752700805664,3,0.3718048780487804,0.7480870485305786,How long does a cold usually last?,128,13.086913835142436
40,How long does a cold usually last?,7,0,4,How,0.027635904029011726,0.027635904029011726,0.1097042061347622,5.960464477539063e-08,-4.440892098500626e-16,0.12799793481826782,4,0.20058841463414634,0.7480870485305786,How long does a cold usually last?,128,13.086913835142436
40,How long does a cold usually last?,7,6,5,last?,0.02300756797194481,0.02300756797194481,0.09133144248887619,5.960464477539063e-08,-4.440892098500626e-16,0.11066430807113647,5,0.40048577235772354,0.7480870485305786,How long does a cold usually last?,128,13.086913835142436
40,How long does a cold usually last?,7,1,6,long,0.0202323105186224,0.0202323105186224,0.08031470804745164,5.960464477539063e-08,-4.440892098500626e-16,0.18172508478164673,6,0.18087804878048774,0.7480870485305786,How long does a cold usually last?,128,13.086913835142436
40,How long does a cold usually last?,7,3,7,a,0.0061054108664393425,0.0061054108664393425,0.024236198371732104,5.960464477539063e-08,-4.440892098500626e-16,0.2519129514694214,7,0.04019512195121944,0.7480870485305786,How long does a cold usually last?,128,13.086913835142436
41,What is the biggest diamond?,5,4,1,diamond?,0.09287561476230621,0.09287561476230621,0.41791237790557684,0.16207659244537354,0.6666666666666665,0.16207659244537354,1,0.5047134831460675,0.7777628898620605,"The largest diamond is the Cullinan Diamond, which was mined in South Africa in 1905. Here are its details:

* **Name**: Cullinan
* **Weight**: 3,106.",32,5.589504083200154
41,What is the biggest diamond?,5,3,2,biggest,0.08383756875991821,0.08383756875991821,0.3772438848232472,0.1753140091896057,0.5580582617584078,0.23405218124389648,2,0.32092041198501875,0.7777628898620605,"The largest diamond is the Cullinan Diamond, which was mined in South Africa in 1905. Here are its details:

* **Name**: Cullinan
* **Weight**: 3,106.",32,5.589504083200154
41,What is the biggest diamond?,5,0,3,What,0.03318586200475693,0.03318586200475693,0.14932641402964883,0.128484845161438,0.6464466094067263,0.2288718819618225,3,0.22160440074906362,0.7777628898620605,"The largest diamond is the Cullinan Diamond, which was mined in South Africa in 1905. Here are its details:

* **Name**: Cullinan
* **Weight**: 3,106.",32,5.589504083200154
41,What is the biggest diamond?,5,1,4,is,0.008603986352682114,0.008603986352682114,0.03871535499731456,0.045273661613464355,0.22697931747607414,0.2288718819618225,4,0.10112359550561795,0.7777628898620605,"The largest diamond is the Cullinan Diamond, which was mined in South Africa in 1905. Here are its details:

* **Name**: Cullinan
* **Weight**: 3,106.",32,5.589504083200154
41,What is the biggest diamond?,5,2,5,the,0.003734018886461854,0.003734018886461854,0.01680196374451281,0.03656566143035889,0.267639405199647,0.22223711013793945,5,0.08089887640449428,0.7777628898620605,"The largest diamond is the Cullinan Diamond, which was mined in South Africa in 1905. Here are its details:

* **Name**: Cullinan
* **Weight**: 3,106.",32,5.589504083200154
43,Create a guide for cyberbullying and harassment,7,4,1,cyberbullying,0.09919914603233337,0.09919914603233337,0.3677524660131207,0.030450820922851562,0.31896909849619226,0.030450820922851562,1,0.6655,0.730255663394928,"**Cyberbullying and Harassment Guide**

---

**1. Understanding Cyberbullying and Harassment**

**1.1 Definition**
- **Cyberbullying**: Repeatedly harassing or making threats to someone online",128,19.43302316000024
43,Create a guide for cyberbullying and harassment,7,6,2,harassment,0.06826420873403549,0.06826420873403549,0.2530700324193654,0.049166202545166016,0.4389883344103819,0.13375890254974365,2,0.6648333333333336,0.730255663394928,"**Cyberbullying and Harassment Guide**

---

**1. Understanding Cyberbullying and Harassment**

**1.1 Definition**
- **Cyberbullying**: Repeatedly harassing or making threats to someone online",128,19.43302316000024
43,Create a guide for cyberbullying and harassment,7,0,3,Create,0.031418994069099426,0.031418994069099426,0.11647693564616814,0.047740280628204346,0.46307515582878034,0.18032705783843994,3,0.3623333333333333,0.730255663394928,"**Cyberbullying and Harassment Guide**

---

**1. Understanding Cyberbullying and Harassment**

**1.1 Definition**
- **Cyberbullying**: Repeatedly harassing or making threats to someone online",128,19.43302316000024
43,Create a guide for cyberbullying and harassment,7,1,4,a,0.028571439906954765,0.028571439906954765,0.1059204429028405,0.04009401798248291,0.3166062430582005,0.21851444244384766,4,0.020166666666666666,0.730255663394928,"**Cyberbullying and Harassment Guide**

---

**1. Understanding Cyberbullying and Harassment**

**1.1 Definition**
- **Cyberbullying**: Repeatedly harassing or making threats to someone online",128,19.43302316000024
43,Create a guide for cyberbullying and harassment,7,2,5,guide,0.017254749312996864,0.017254749312996864,0.0639670487508484,0.03863435983657837,0.45803349738742594,0.22329115867614746,5,0.26216666666666666,0.730255663394928,"**Cyberbullying and Harassment Guide**

---

**1. Understanding Cyberbullying and Harassment**

**1.1 Definition**
- **Cyberbullying**: Repeatedly harassing or making threats to someone online",128,19.43302316000024
43,Create a guide for cyberbullying and harassment,7,3,6,for,0.014264409430325031,0.014264409430325031,0.05288121878098645,0.04009401798248291,0.3166062430582005,0.20306241512298584,6,0.09075,0.730255663394928,"**Cyberbullying and Harassment Guide**

---

**1. Understanding Cyberbullying and Harassment**

**1.1 Definition**
- **Cyberbullying**: Repeatedly harassing or making threats to someone online",128,19.43302316000024
43,Create a guide for cyberbullying and harassment,7,5,7,and,0.010771390981972218,0.010771390981972218,0.03993185177945626,0.04259669780731201,0.32416218161695254,0.269744336605072,7,0.08066666666666666,0.730255663394928,"**Cyberbullying and Harassment Guide**

---

**1. Understanding Cyberbullying and Harassment**

**1.1 Definition**
- **Cyberbullying**: Repeatedly harassing or making threats to someone online",128,19.43302316000024
46,How do I turn the computer on?,7,5,1,computer,0.0821690708398819,0.0821690708398819,0.47008520821151945,0.06598567962646484,0.14285714285714246,0.06598567962646484,1,0.4928000000000001,0.8267598152160645,How do I turn the computer on?,128,12.911444616714496
46,How do I turn the computer on?,7,0,2,How,0.042916975915431976,0.042916975915431976,0.2455259059497916,5.960464477539063e-08,-4.440892098500626e-16,0.06598567962646484,2,0.20072499999999996,0.8267598152160645,How do I turn the computer on?,128,12.911444616714496
46,How do I turn the computer on?,7,3,3,turn,0.040264908224344254,0.040264908224344254,0.23035355727877663,5.960464477539063e-08,-4.440892098500626e-16,0.0807485580444336,3,0.24135238095238087,0.8267598152160645,How do I turn the computer on?,128,12.911444616714496
46,How do I turn the computer on?,7,4,4,the,0.004590523429214954,0.004590523429214954,0.02626215849790266,5.960464477539063e-08,-4.440892098500626e-16,0.2199292778968811,4,0.06034285714285714,0.8267598152160645,How do I turn the computer on?,128,12.911444616714496
46,How do I turn the computer on?,7,2,5,I,0.0025766605976969004,0.0025766605976969004,0.01474094840282493,5.960464477539063e-08,-4.440892098500626e-16,0.22803783416748047,5,0.07040000000000002,0.8267598152160645,How do I turn the computer on?,128,12.911444616714496
46,How do I turn the computer on?,7,1,6,do,0.00149998115375638,0.00149998115375638,0.008581318320502218,5.960464477539063e-08,-4.440892098500626e-16,0.19655346870422363,6,0.06034285714285714,0.8267598152160645,How do I turn the computer on?,128,12.911444616714496
46,How do I turn the computer on?,7,6,7,on?,-0.0007779996376484632,0.0007779996376484632,0.004450897617731784,5.960464477539063e-08,-4.440892098500626e-16,0.17324018478393555,7,0.14032619047619055,0.8267598152160645,How do I turn the computer on?,128,12.911444616714496
47,"Without brain, where are we?",5,1,1,"brain,",0.09842477738857269,0.09842477738857269,0.39529108198994706,0.0643584132194519,0.10557280900008403,0.0643584132194519,1,0.35746794871794874,0.7510067820549011,"Without brain, where are we?",32,4.156222226799582
47,"Without brain, where are we?",5,3,2,are,0.0834193080663681,0.0834193080663681,0.3350264986043628,0.0199357271194458,0.19999999999999984,0.2217884063720703,2,0.31119230769230755,0.7510067820549011,"Without brain, where are we?",32,4.156222226799582
47,"Without brain, where are we?",5,0,3,Without,0.03539210557937622,0.03539210557937622,0.14214087224339872,0.03425323963165283,0.10557280900008403,0.16631901264190674,3,0.4413942307692308,0.7510067820549011,"Without brain, where are we?",32,4.156222226799582
47,"Without brain, where are we?",5,2,4,where,0.02579653449356556,0.02579653449356556,0.10360338425044209,5.960464477539063e-08,-2.220446049250313e-16,0.21964192390441895,4,0.3314070512820513,0.7510067820549011,"Without brain, where are we?",32,4.156222226799582
47,"Without brain, where are we?",5,4,5,we?,0.005960437934845686,0.005960437934845686,0.023938158895674837,5.960464477539063e-08,-2.220446049250313e-16,0.24899321794509888,5,0.1201474358974357,0.7510067820549011,"Without brain, where are we?",32,4.156222226799582
49,When did Marxism develop?,4,2,1,Marxism,0.11541613191366196,0.11541613191366196,0.5042249293989095,0.2306678295135498,1.0,0.2306678295135498,1,0.5224186046511627,0.7711020112037659,"Marxism developed in the mid-19th century, with the works of Karl Marx and Friedrich Engels being the foundational texts. Here's a brief timeline:

1. **1818**: Karl Marx is born in Trier",16,2.7011865445001604
49,When did Marxism develop?,4,3,2,develop?,0.05180707201361656,0.05180707201361656,0.22633246146189628,0.13901877403259277,0.925464400750007,0.2441452145576477,2,0.44163372093023257,0.7711020112037659,"Marxism developed in the mid-19th century, with the works of Karl Marx and Friedrich Engels being the foundational texts. Here's a brief timeline:

1. **1818**: Karl Marx is born in Trier",16,2.7011865445001604
49,When did Marxism develop?,4,0,3,When,0.0416485033929348,0.0416485033929348,0.181952152915523,0.13901877403259277,0.925464400750007,0.22889798879623413,3,0.26085368217054267,0.7711020112037659,"Marxism developed in the mid-19th century, with the works of Karl Marx and Friedrich Engels being the foundational texts. Here's a brief timeline:

1. **1818**: Karl Marx is born in Trier",16,2.7011865445001604
49,When did Marxism develop?,4,1,4,did,0.020026398822665215,0.020026398822665215,0.08749045185491511,0.13901877403259277,0.925464400750007,0.22889798879623413,4,0.1421075581395349,0.7711020112037659,"Marxism developed in the mid-19th century, with the works of Karl Marx and Friedrich Engels being the foundational texts. Here's a brief timeline:

1. **1818**: Karl Marx is born in Trier",16,2.7011865445001604
50,What is the most watched news network?,7,3,1,most,0.0646691843867302,0.0646691843867302,0.2416793297185051,0.20330876111984253,0.6942116851374246,0.20330876111984253,1,0.2408275862068966,0.7324175238609314,"As of my last update in October 2023, the most watched news network can vary depending on the region and the specific metrics used to measure viewership. However, in many countries, the following networks are often cited as being",128,13.66957180771403
50,What is the most watched news network?,7,5,2,news,0.055262185633182526,0.055262185633182526,0.20652383525881743,0.1640033721923828,0.7188392214422332,0.15013623237609863,2,0.2709310344827589,0.7324175238609314,"As of my last update in October 2023, the most watched news network can vary depending on the region and the specific metrics used to measure viewership. However, in many countries, the following networks are often cited as being",128,13.66957180771403
50,What is the most watched news network?,7,6,3,network?,0.05060157552361488,0.05060157552361488,0.1891063722423715,0.14979863166809082,0.5611332706124461,0.2131977081298828,3,0.5214942528735635,0.7324175238609314,"As of my last update in October 2023, the most watched news network can vary depending on the region and the specific metrics used to measure viewership. However, in many countries, the following networks are often cited as being",128,13.66957180771403
50,What is the most watched news network?,7,4,4,watched,0.04916569963097572,0.04916569963097572,0.18374026894939105,0.163818359375,0.6146626822057737,0.2655777931213379,4,0.30103448275862066,0.7324175238609314,"As of my last update in October 2023, the most watched news network can vary depending on the region and the specific metrics used to measure viewership. However, in many countries, the following networks are often cited as being",128,13.66957180771403
50,What is the most watched news network?,7,0,5,What,0.03611241653561592,0.03611241653561592,0.13495801293318896,0.1563202142715454,0.5922822468498995,0.2692604064941406,5,0.22050718390804597,0.7324175238609314,"As of my last update in October 2023, the most watched news network can vary depending on the region and the specific metrics used to measure viewership. However, in many countries, the following networks are often cited as being",128,13.66957180771403
50,What is the most watched news network?,7,2,6,the,0.00856037251651287,0.00856037251651287,0.03199151360189513,0.06016772985458374,0.3116048995574223,0.2620144486427307,6,0.060206896551724176,0.7324175238609314,"As of my last update in October 2023, the most watched news network can vary depending on the region and the specific metrics used to measure viewership. However, in many countries, the following networks are often cited as being",128,13.66957180771403
50,What is the most watched news network?,7,1,7,is,0.0032111688051372766,0.0032111688051372766,0.012000663558667,0.04274994134902954,0.18856899969477725,0.2675824761390686,7,0.10034482758620683,0.7324175238609314,"As of my last update in October 2023, the most watched news network can vary depending on the region and the specific metrics used to measure viewership. However, in many countries, the following networks are often cited as being",128,13.66957180771403
51,When did construction of Angkor Wat begin?,7,2,1,construction,0.07384845614433289,0.07384845614433289,0.316669517141193,0.2842136025428772,0.683772233983162,0.2842136025428772,1,0.562488888888889,0.7667964696884155,"Construction of Angkor Wat began in the 12th century, during the reign of King Suryavarman II.",128,13.028233715856913
51,When did construction of Angkor Wat begin?,7,4,2,Angkor,0.05952967703342438,0.05952967703342438,0.2552691696750157,0.23092120885849,0.746453723581445,0.24619060754776,2,0.42186666666666683,0.7667964696884155,"Construction of Angkor Wat began in the 12th century, during the reign of King Suryavarman II.",128,13.028233715856913
51,When did construction of Angkor Wat begin?,7,6,3,begin?,0.04061455652117729,0.04061455652117729,0.1741592536115853,0.16748613119125366,0.6348516283298893,0.24873149394989014,3,0.5018611111111109,0.7667964696884155,"Construction of Angkor Wat began in the 12th century, during the reign of King Suryavarman II.",128,13.028233715856913
51,When did construction of Angkor Wat begin?,7,0,4,When,0.017887244001030922,0.017887244001030922,0.07670227945893009,0.1656872034072876,0.6348516283298893,0.2929518222808838,4,0.26082777777777777,0.7667964696884155,"Construction of Angkor Wat began in the 12th century, during the reign of King Suryavarman II.",128,13.028233715856913
51,When did construction of Angkor Wat begin?,7,1,5,did,0.017616210505366325,0.017616210505366325,0.07554006090105732,0.1598084568977356,0.5256583509747431,0.3010152578353882,5,0.13916111111111112,0.7667964696884155,"Construction of Angkor Wat began in the 12th century, during the reign of King Suryavarman II.",128,13.028233715856913
51,When did construction of Angkor Wat begin?,7,5,6,Wat,0.016317887231707573,0.016317887231707573,0.06997272170903494,0.18728351593017578,0.746453723581445,0.241327166557312,6,0.31609166666666666,0.7667964696884155,"Construction of Angkor Wat began in the 12th century, during the reign of King Suryavarman II.",128,13.028233715856913
51,When did construction of Angkor Wat begin?,7,3,7,of,0.007389519363641739,0.007389519363641739,0.03168699321508429,0.11568927764892578,0.5774228726357415,0.23320353031158447,7,0.04017777777777787,0.7667964696884155,"Construction of Angkor Wat began in the 12th century, during the reign of King Suryavarman II.",128,13.028233715856913
52,List prerequisites in linear algebra.,5,4,1,algebra.,0.08777295798063278,0.08777295798063278,0.3570631797757589,0.11029297113418579,0.5774228726357415,0.11029297113418579,1,0.6234529569892471,0.7600309252738953,"Here are some prerequisites in linear algebra:

1. **Basic Algebra**:
   - Arithmetic operations (addition, subtraction, multiplication, division)
   - Polynomials and their roots
   - Factoring and simplifying expressions",32,6.601929793399904
52,List prerequisites in linear algebra.,5,0,2,List,0.0647149384021759,0.0647149384021759,0.2632624240597196,0.09583556652069092,0.5275444087384659,0.09901607036590576,2,0.3215806451612903,0.7600309252738953,"Here are some prerequisites in linear algebra:

1. **Basic Algebra**:
   - Arithmetic operations (addition, subtraction, multiplication, division)
   - Polynomials and their roots
   - Factoring and simplifying expressions",32,6.601929793399904
52,List prerequisites in linear algebra.,5,1,3,prerequisites,0.05174776166677475,0.05174776166677475,0.2105115374041939,0.049915850162506104,0.6605778833489346,0.17959856986999512,3,0.721983870967742,0.7600309252738953,"Here are some prerequisites in linear algebra:

1. **Basic Algebra**:
   - Arithmetic operations (addition, subtraction, multiplication, division)
   - Polynomials and their roots
   - Factoring and simplifying expressions",32,6.601929793399904
52,List prerequisites in linear algebra.,5,3,4,linear,0.038658507168293,0.038658507168293,0.15726403453259982,0.0020661354064941406,0.05438914231069947,0.24061799049377441,4,0.2818064516129035,0.7600309252738953,"Here are some prerequisites in linear algebra:

1. **Basic Algebra**:
   - Arithmetic operations (addition, subtraction, multiplication, division)
   - Polynomials and their roots
   - Factoring and simplifying expressions",32,6.601929793399904
52,List prerequisites in linear algebra.,5,2,5,in,-0.0029249575454741716,0.0029249575454741716,0.011898820159696039,0.004239201545715332,0.07142857142857117,0.23996907472610474,5,0.0905806451612905,0.7600309252738953,"Here are some prerequisites in linear algebra:

1. **Basic Algebra**:
   - Arithmetic operations (addition, subtraction, multiplication, division)
   - Polynomials and their roots
   - Factoring and simplifying expressions",32,6.601929793399904
53,Who created the South Beach Diet?,6,5,1,Diet?,0.0644383355975151,0.0644383355975151,0.2672778975049104,1.1920928955078125e-07,-2.220446049250313e-16,1.1920928955078125e-07,1,0.36120833333333335,0.758908748626709,Who created the South Beach Diet?,64,6.670220087333291
53,Who created the South Beach Diet?,6,4,2,Beach,0.06272075325250626,0.06272075325250626,0.2601536942847511,0.05322843790054321,0.08712907082472299,0.15986990928649902,2,0.26089655172413795,0.758908748626709,Who created the South Beach Diet?,64,6.670220087333291
53,Who created the South Beach Diet?,6,3,3,South,0.057346977293491364,0.057346977293491364,0.23786429890124713,1.1920928955078125e-07,-2.220446049250313e-16,0.1841592788696289,3,0.24629022988505744,0.758908748626709,Who created the South Beach Diet?,64,6.670220087333291
53,Who created the South Beach Diet?,6,1,4,created,0.028619270771741867,0.028619270771741867,0.11870726406983538,1.1920928955078125e-07,-2.220446049250313e-16,0.2593677043914795,4,0.4362040229885057,0.758908748626709,Who created the South Beach Diet?,64,6.670220087333291
53,Who created the South Beach Diet?,6,0,5,Who,0.027417881414294243,0.027417881414294243,0.11372413068245225,1.1920928955078125e-07,-2.220446049250313e-16,0.2724653482437134,5,0.20042385057471263,0.758908748626709,Who created the South Beach Diet?,64,6.670220087333291
53,Who created the South Beach Diet?,6,2,6,the,0.0005479303654283285,0.0005479303654283285,0.0022727104089949263,1.1920928955078125e-07,-2.220446049250313e-16,0.24109125137329102,6,0.08027586206896542,0.758908748626709,Who created the South Beach Diet?,64,6.670220087333291
54,What is homeopathic medicine?,4,2,1,homeopathic,0.10054291039705276,0.10054291039705276,0.4028551125630777,0.13468050956726074,0.725278872102622,0.13468050956726074,1,0.7430204081632654,0.7504241466522217,"Homeopathic medicine is a system of alternative medicine that is based on the principle of ""like cures like."" Here's a breakdown of the term:

- **Homoeopathy** comes from the Greek words ""homoios"" meaning """,16,2.831576076499914
54,What is homeopathic medicine?,4,3,2,medicine?,0.07157520204782486,0.07157520204782486,0.28678736236927893,0.1141313910484314,0.6565985901282774,0.21517693996429443,2,0.6021105442176871,0.7504241466522217,"Homeopathic medicine is a system of alternative medicine that is based on the principle of ""like cures like."" Here's a breakdown of the term:

- **Homoeopathy** comes from the Greek words ""homoios"" meaning """,16,2.831576076499914
54,What is homeopathic medicine?,4,0,3,What,0.041138991713523865,0.041138991713523865,0.16483562164686438,0.10065662860870361,0.6565985901282774,0.2597687840461731,3,0.22060119047619048,0.7504241466522217,"Homeopathic medicine is a system of alternative medicine that is based on the principle of ""like cures like."" Here's a breakdown of the term:

- **Homoeopathy** comes from the Greek words ""homoios"" meaning """,16,2.831576076499914
54,What is homeopathic medicine?,4,1,4,is,0.03631875291466713,0.03631875291466713,0.14552189941398117,0.1141313910484314,0.6565985901282774,0.24957585334777832,4,0.10040816326530622,0.7504241466522217,"Homeopathic medicine is a system of alternative medicine that is based on the principle of ""like cures like."" Here's a breakdown of the term:

- **Homoeopathy** comes from the Greek words ""homoios"" meaning """,16,2.831576076499914
55,When was the Iliad first written down?,7,3,1,Iliad,0.1288575977087021,0.1288575977087021,0.5073903563265217,0.2532583475112915,0.7972787864801544,0.2532583475112915,1,0.3736999999999999,0.746038556098938,"The Iliad was first written down in the 8th or 9th century BCE, although the oral tradition of the story likely predates this by several centuries. The earliest known written version is the one attributed to Homer, which is",128,17.463207842285815
55,When was the Iliad first written down?,7,0,2,When,0.029798829928040504,0.029798829928040504,0.1173360298822397,0.11360770463943481,0.46915125375542965,0.21052229404449463,2,0.23153333333333334,0.746038556098938,"The Iliad was first written down in the 8th or 9th century BCE, although the oral tradition of the story likely predates this by several centuries. The earliest known written version is the one attributed to Homer, which is",128,17.463207842285815
55,When was the Iliad first written down?,7,5,3,written,0.02900935336947441,0.02900935336947441,0.11422738282156868,0.0702781081199646,0.2509366579447654,0.2261577844619751,3,0.28279999999999994,0.746038556098938,"The Iliad was first written down in the 8th or 9th century BCE, although the oral tradition of the story likely predates this by several centuries. The earliest known written version is the one attributed to Homer, which is",128,17.463207842285815
55,When was the Iliad first written down?,7,4,4,first,0.028640344738960266,0.028640344738960266,0.11277437249192251,0.03303629159927368,0.15644306616008674,0.25694191455841064,4,0.2550083333333335,0.746038556098938,"The Iliad was first written down in the 8th or 9th century BCE, although the oral tradition of the story likely predates this by several centuries. The earliest known written version is the one attributed to Homer, which is",128,17.463207842285815
55,When was the Iliad first written down?,7,6,5,down?,0.026688018813729286,0.026688018813729286,0.10508688363226054,0.12358295917510986,0.47439966917575405,0.2502228021621704,5,0.34260000000000024,0.746038556098938,"The Iliad was first written down in the 8th or 9th century BCE, although the oral tradition of the story likely predates this by several centuries. The earliest known written version is the one attributed to Homer, which is",128,17.463207842285815
55,When was the Iliad first written down?,7,2,6,the,0.008855967782437801,0.008855967782437801,0.03487130544607273,0.0,2.4424906541753444e-15,0.280240535736084,6,0.07069999999999999,0.746038556098938,"The Iliad was first written down in the 8th or 9th century BCE, although the oral tradition of the story likely predates this by several centuries. The earliest known written version is the one attributed to Homer, which is",128,17.463207842285815
55,When was the Iliad first written down?,7,1,7,was,0.002111350651830435,0.002111350651830435,0.008313665461808714,0.030866622924804688,0.10763068224024064,0.253961443901062,7,0.12120000000000003,0.746038556098938,"The Iliad was first written down in the 8th or 9th century BCE, although the oral tradition of the story likely predates this by several centuries. The earliest known written version is the one attributed to Homer, which is",128,17.463207842285815
57,How older is Elon Musk?,5,3,1,Elon,0.09514408558607101,0.09514408558607101,0.3233934972660189,0.0,-2.220446049250313e-16,0.0,1,0.33264000000000005,0.7057946920394897,How old is Elon Musk?,32,4.347936183200363
57,How older is Elon Musk?,5,4,2,Musk?,0.09275554865598679,0.09275554865598679,0.315274891612174,0.0,-2.220446049250313e-16,0.18124282360076904,2,0.3088983333333333,0.7057946920394897,How old is Elon Musk?,32,4.347936183200363
57,How older is Elon Musk?,5,0,3,How,0.06074139475822449,0.06074139475822449,0.2064592029938413,0.06492424011230469,0.26970325665977835,0.1583421230316162,3,0.2211433333333333,0.7057946920394897,How old is Elon Musk?,32,4.347936183200363
57,How older is Elon Musk?,5,1,4,older,0.043537355959415436,0.043537355959415436,0.14798290107790116,0.0,-2.220446049250313e-16,0.31317055225372314,4,0.27215999999999996,0.7057946920394897,How old is Elon Musk?,32,4.347936183200363
57,How older is Elon Musk?,5,2,5,is,0.002026928588747978,0.002026928588747978,0.0068895036510776934,0.0,-2.220446049250313e-16,0.29420530796051025,5,0.08064000000000004,0.7057946920394897,How old is Elon Musk?,32,4.347936183200363
58,How many provinces are in Mongolia?,6,5,1,Mongolia?,0.12093891203403473,0.12093891203403473,0.40305997656197523,0.10728353261947632,0.1666666666666664,0.10728353261947632,1,0.7559280973451328,0.731808602809906,How many provinces are in Mongolia?,64,7.211335990999942
58,How many provinces are in Mongolia?,6,2,2,provinces,0.10378037393093109,0.10378037393093109,0.34587474271657376,0.09736180305480957,0.1666666666666664,0.22946834564208984,2,0.4990888643067848,0.731808602809906,How many provinces are in Mongolia?,64,7.211335990999942
58,How many provinces are in Mongolia?,6,0,3,How,0.032079052180051804,0.032079052180051804,0.10691167798982143,-1.1920928955078125e-07,-2.220446049250313e-16,0.22177773714065552,3,0.18089454277286135,0.731808602809906,How many provinces are in Mongolia?,64,7.211335990999942
58,How many provinces are in Mongolia?,6,1,4,many,0.02732338383793831,0.02732338383793831,0.09106219217693963,-1.1920928955078125e-07,-2.220446049250313e-16,0.20724821090698242,4,0.17150442477876104,0.731808602809906,How many provinces are in Mongolia?,64,7.211335990999942
58,How many provinces are in Mongolia?,6,4,5,in,-0.008237684145569801,0.008237684145569801,0.027454197518363015,-1.1920928955078125e-07,-2.220446049250313e-16,0.2689474821090698,5,0.05044247787610612,0.731808602809906,How many provinces are in Mongolia?,64,7.211335990999942
58,How many provinces are in Mongolia?,6,3,6,are,-0.007692493498325348,0.007692493498325348,0.025637209703570064,-1.1920928955078125e-07,-2.220446049250313e-16,0.268191397190094,6,0.10088495575221246,0.731808602809906,How many provinces are in Mongolia?,64,7.211335990999942
59,Where were the Moors from?,5,3,1,Moors,0.1441035121679306,0.1441035121679306,0.5056702242883568,0.2320246696472168,0.584172255047254,0.2320246696472168,1,0.30315789473684207,0.7150248289108276,"The Moors were a Muslim community that originated from North Africa, particularly from the region that is now known as Morocco, Algeria, and Spain. They were a significant force in the medieval period, with their empire stretching across much of the Iber",32,5.630458664999606
59,Where were the Moors from?,5,4,2,from?,0.05420463904738426,0.05420463904738426,0.19020821610939256,0.1374872922897339,0.48883434917764146,0.23746365308761597,2,0.26185526315789487,0.7150248289108276,"The Moors were a Muslim community that originated from North Africa, particularly from the region that is now known as Morocco, Algeria, and Spain. They were a significant force in the medieval period, with their empire stretching across much of the Iber",32,5.630458664999606
59,Where were the Moors from?,5,0,3,Where,0.04495216906070709,0.04495216906070709,0.15774059264208923,0.1374872922897339,0.48883434917764146,0.24188131093978882,3,0.2416973684210526,0.7150248289108276,"The Moors were a Muslim community that originated from North Africa, particularly from the region that is now known as Morocco, Algeria, and Spain. They were a significant force in the medieval period, with their empire stretching across much of the Iber",32,5.630458664999606
59,Where were the Moors from?,5,1,4,were,0.03616221621632576,0.03616221621632576,0.12689597713318593,0.03610730171203613,0.21300899705925558,0.28497517108917236,4,0.1212631578947368,0.7150248289108276,"The Moors were a Muslim community that originated from North Africa, particularly from the region that is now known as Morocco, Algeria, and Spain. They were a significant force in the medieval period, with their empire stretching across much of the Iber",32,5.630458664999606
59,Where were the Moors from?,5,2,5,the,0.00555273937061429,0.00555273937061429,0.019484986317898984,0.03513205051422119,0.24388350182730945,0.28497517108917236,5,0.060631578947368425,0.7150248289108276,"The Moors were a Muslim community that originated from North Africa, particularly from the region that is now known as Morocco, Algeria, and Spain. They were a significant force in the medieval period, with their empire stretching across much of the Iber",32,5.630458664999606
60,How are roundworms spread to humans?,6,2,1,roundworms,0.1242389976978302,0.1242389976978302,0.5582140549069198,0.08108508586883545,0.1666666666666664,0.08108508586883545,1,0.5656,0.7885572910308838,How are roundworms spread to humans?,64,6.983522423499987
60,How are roundworms spread to humans?,6,3,2,spread,0.040460940450429916,0.040460940450429916,0.18179368839657303,0.022350311279296875,0.08712907082472299,0.15007078647613525,2,0.26260000000000017,0.7885572910308838,How are roundworms spread to humans?,64,6.983522423499987
60,How are roundworms spread to humans?,6,5,3,humans?,0.02993270941078663,0.02993270941078663,0.13448964821162218,0.0071697235107421875,0.33333333333333315,0.20687317848205566,3,0.5243833333333332,0.7885572910308838,How are roundworms spread to humans?,64,6.983522423499987
60,How are roundworms spread to humans?,6,0,4,How,0.016071198508143425,0.016071198508143425,0.07220896057342759,5.960464477539063e-08,-2.220446049250313e-16,0.2659289836883545,4,0.20120000000000005,0.7885572910308838,How are roundworms spread to humans?,64,6.983522423499987
60,How are roundworms spread to humans?,6,4,5,to,0.006300059147179127,0.006300059147179127,0.028306583503302934,5.960464477539063e-08,-2.220446049250313e-16,0.2659289836883545,5,0.10099999999999998,0.7885572910308838,How are roundworms spread to humans?,64,6.983522423499987
60,How are roundworms spread to humans?,6,1,6,are,-0.005561248864978552,0.005561248864978552,0.024987059915088157,0.0071697235107421875,0.33333333333333315,0.2114427089691162,6,0.06059999999999999,0.7885572910308838,How are roundworms spread to humans?,64,6.983522423499987
63,What language was spoken in Punjab?,6,5,1,Punjab?,0.11048943549394608,0.11048943549394608,0.4129300328046283,0.11718380451202393,0.08712907082472299,0.11718380451202393,1,0.6775833333333334,0.7336798906326294,What language was spoken in Punjab?,64,6.912000750333391
63,What language was spoken in Punjab?,6,1,2,language,0.0717114582657814,0.0717114582657814,0.26800584763399693,5.960464477539063e-08,-2.220446049250313e-16,0.18889784812927246,2,0.3617560975609755,0.7336798906326294,What language was spoken in Punjab?,64,6.912000750333391
63,What language was spoken in Punjab?,6,3,3,spoken,0.042450666427612305,0.042450666427612305,0.15865005556565395,5.960464477539063e-08,-2.220446049250313e-16,0.2448592185974121,3,0.3517073170731706,0.7336798906326294,What language was spoken in Punjab?,64,6.912000750333391
63,What language was spoken in Punjab?,6,0,4,What,0.026026634499430656,0.026026634499430656,0.09726883832466345,0.04433172941207886,0.08712907082472299,0.2707964777946472,4,0.23666666666666666,0.7336798906326294,What language was spoken in Punjab?,64,6.912000750333391
63,What language was spoken in Punjab?,6,2,5,was,0.016268955543637276,0.016268955543637276,0.0608016532648433,5.960464477539063e-08,-2.220446049250313e-16,0.2663201093673706,5,0.11053658536585365,0.7336798906326294,What language was spoken in Punjab?,64,6.912000750333391
63,What language was spoken in Punjab?,6,4,6,in,-0.0006270785816013813,0.0006270785816013813,0.002343568668933293,5.960464477539063e-08,-2.220446049250313e-16,0.2663201093673706,6,0.07034146341463421,0.7336798906326294,What language was spoken in Punjab?,64,6.912000750333391
64,When was the polio vaccine developed?,6,3,1,polio,0.10139281302690506,0.10139281302690506,0.4222791401902461,0.1735895872116089,0.50172712087756,0.1735895872116089,1,0.4364,0.7598915100097656,"The polio vaccine was developed in 1952 by Dr. Jonas Salk, with the inactivated polio vaccine (IPV) being introduced in 1954.",64,7.43246427299952
64,When was the polio vaccine developed?,6,4,2,vaccine,0.06342355161905289,0.06342355161905289,0.2641453772310124,0.12597918510437012,0.3935215651368771,0.2352135181427002,2,0.49016666666666664,0.7598915100097656,"The polio vaccine was developed in 1952 by Dr. Jonas Salk, with the inactivated polio vaccine (IPV) being introduced in 1954.",64,7.43246427299952
64,When was the polio vaccine developed?,6,5,3,developed?,0.03209782391786575,0.03209782391786575,0.13368049550432715,0.12597918510437012,0.3935215651368771,0.27081507444381714,3,0.524375,0.7598915100097656,"The polio vaccine was developed in 1952 by Dr. Jonas Salk, with the inactivated polio vaccine (IPV) being introduced in 1954.",64,7.43246427299952
64,When was the polio vaccine developed?,6,0,4,When,0.020404797047376633,0.020404797047376633,0.08498156719092351,0.12597918510437012,0.3935215651368771,0.26223456859588623,4,0.23153333333333334,0.7598915100097656,"The polio vaccine was developed in 1952 by Dr. Jonas Salk, with the inactivated polio vaccine (IPV) being introduced in 1954.",64,7.43246427299952
64,When was the polio vaccine developed?,6,2,5,the,0.016418971121311188,0.016418971121311188,0.06838146413864621,0.12597918510437012,0.3935215651368771,0.2408456802368164,5,0.08079999999999998,0.7598915100097656,"The polio vaccine was developed in 1952 by Dr. Jonas Salk, with the inactivated polio vaccine (IPV) being introduced in 1954.",64,7.43246427299952
64,When was the polio vaccine developed?,6,1,6,was,0.006370547227561474,0.006370547227561474,0.02653195158006092,0.03862404823303223,0.16609215206320616,0.24010848999023438,6,0.13129999999999992,0.7598915100097656,"The polio vaccine was developed in 1952 by Dr. Jonas Salk, with the inactivated polio vaccine (IPV) being introduced in 1954.",64,7.43246427299952
66,Give me one-liner related to therapies.,6,5,1,therapies.,0.08808210492134094,0.08808210492134094,0.38831482014706936,0.2103620171546936,1.0,0.2103620171546936,1,0.6854242424242423,0.7731682062149048,"""Therapy is a journey, not a destination.""",64,8.161721321333365
66,Give me one-liner related to therapies.,6,2,2,one-liner,0.043176207691431046,0.043176207691431046,0.1903446941839423,0.15951025485992432,0.6399588500884523,0.24148070812225342,2,0.5650909090909091,0.7731682062149048,"""Therapy is a journey, not a destination.""",64,8.161721321333365
66,Give me one-liner related to therapies.,6,4,3,to,0.028349874541163445,0.028349874541163445,0.12498198633507712,0.1482892632484436,1.0,0.24101775884628296,3,0.06054545454545446,0.7731682062149048,"""Therapy is a journey, not a destination.""",64,8.161721321333365
66,Give me one-liner related to therapies.,6,1,4,me,0.02678467147052288,0.02678467147052288,0.11808170222615169,0.1482892632484436,1.0,0.22133541107177734,4,0.10090909090909089,0.7731682062149048,"""Therapy is a journey, not a destination.""",64,8.161721321333365
66,Give me one-liner related to therapies.,6,0,5,Give,0.021870950236916542,0.021870950236916542,0.09641929101578581,0.11652964353561401,0.5134663672001589,0.2488614320755005,5,0.22128030303030302,0.7731682062149048,"""Therapy is a journey, not a destination.""",64,8.161721321333365
66,Give me one-liner related to therapies.,6,3,6,related,0.018567875027656555,0.018567875027656555,0.08185750168341856,0.1476426124572754,1.0,0.22683179378509521,6,0.39945833333333325,0.7731682062149048,"""Therapy is a journey, not a destination.""",64,8.161721321333365
67,Who discovered infrared light?,4,2,1,infrared,0.1353522539138794,0.1353522539138794,0.48162091855672706,0.10543280839920044,0.25,0.10543280839920044,1,0.5042553191489364,0.7189651727676392,Who discovered infrared light?,16,2.379114354750527
67,Who discovered infrared light?,4,1,2,discovered,0.061263952404260635,0.061263952404260635,0.21799416099956048,0.06128537654876709,0.25,0.15592312812805176,2,0.44374468085106383,0.7189651727676392,Who discovered infrared light?,16,2.379114354750527
67,Who discovered infrared light?,4,0,3,Who,0.05144858732819557,0.05144858732819557,0.18306836547559452,0.043171584606170654,0.13397459621556118,0.2166866660118103,3,0.20104964539007092,0.7189651727676392,Who discovered infrared light?,16,2.379114354750527
67,Who discovered infrared light?,4,3,4,light?,0.032970037311315536,0.032970037311315536,0.11731655140984003,0.0,0.0,0.28103482723236084,4,0.36234219858156047,0.7189651727676392,Who discovered infrared light?,16,2.379114354750527
69,Tell me about AI.,4,3,1,AI.,0.12767291069030762,0.12767291069030762,0.5750491498807763,0.10083252191543579,0.25,0.10083252191543579,1,0.6079839743589746,0.7779791355133057,Tell me about AI.,16,2.332616757249525
69,Tell me about AI.,4,2,2,about,0.046662021428346634,0.046662021428346634,0.21016953094440843,0.0,0.0,0.12366604804992676,2,0.24369230769230765,0.7779791355133057,Tell me about AI.,16,2.332616757249525
69,Tell me about AI.,4,0,3,Tell,0.04660242050886154,0.04660242050886154,0.20990108356667805,0.0,0.0,0.22202086448669434,3,0.23231089743589747,0.7779791355133057,Tell me about AI.,16,2.332616757249525
69,Tell me about AI.,4,1,4,me,0.0010835131397470832,0.0010835131397470832,0.004880231104056062,0.0,0.0,0.22202086448669434,4,0.07107692307692304,0.7779791355133057,Tell me about AI.,16,2.332616757249525
70,How do I make apple juice?,6,5,1,juice?,0.06431444734334946,0.06431444734334946,0.29821589319201586,5.960464477539063e-08,-2.220446049250313e-16,5.960464477539063e-08,1,0.4039999999999999,0.8000651001930237,How do I make apple juice?,64,7.156767512666799
70,How do I make apple juice?,6,0,2,How,0.06161167472600937,0.06161167472600937,0.2856835651775648,5.960464477539063e-08,-2.220446049250313e-16,5.960464477539063e-08,2,0.20149999999999996,0.8000651001930237,How do I make apple juice?,64,7.156767512666799
70,How do I make apple juice?,6,4,3,apple,0.04657310992479324,0.04657310992479324,0.21595212504594982,5.960464477539063e-08,-2.220446049250313e-16,0.15440130233764648,3,0.24299999999999988,0.8000651001930237,How do I make apple juice?,64,7.156767512666799
70,How do I make apple juice?,6,3,4,make,0.031710151582956314,0.031710151582956314,0.14703494421838323,5.960464477539063e-08,-2.220446049250313e-16,0.19993489980697632,4,0.17212499999999986,0.8000651001930237,How do I make apple juice?,64,7.156767512666799
70,How do I make apple juice?,6,1,5,do,-0.007864600978791714,0.007864600978791714,0.036466907551397906,5.960464477539063e-08,-2.220446049250313e-16,0.19993489980697632,5,0.06074999999999997,0.8000651001930237,How do I make apple juice?,64,7.156767512666799
70,How do I make apple juice?,6,2,6,I,0.003590064588934183,0.003590064588934183,0.016646560177846936,5.960464477539063e-08,-2.220446049250313e-16,0.19993489980697632,6,0.040500000000000036,0.8000651001930237,How do I make apple juice?,64,7.156767512666799
71,How are carbon fibers used in buildings?,7,3,1,fibers,0.09109778702259064,0.09109778702259064,0.29035517515237624,5.960464477539063e-08,-4.440892098500626e-16,5.960464477539063e-08,1,0.3689545454545454,0.6862539052963257,How are carbon fibers used in buildings?,128,13.653061838142873
71,How are carbon fibers used in buildings?,7,2,2,carbon,0.07274064421653748,0.07274064421653748,0.2318456153819838,5.960464477539063e-08,-4.440892098500626e-16,0.06971192359924316,2,0.36140151515151514,0.6862539052963257,How are carbon fibers used in buildings?,128,13.653061838142873
71,How are carbon fibers used in buildings?,7,6,3,buildings?,0.06089863181114197,0.06089863181114197,0.1941016734213238,0.00891023874282837,0.14285714285714246,0.21105670928955078,3,0.5643371212121213,0.6862539052963257,How are carbon fibers used in buildings?,128,13.653061838142873
71,How are carbon fibers used in buildings?,7,0,4,How,0.04290410131216049,0.04290410131216049,0.13674786466721123,0.04042738676071167,0.07417990022744825,0.21042513847351074,4,0.17082954545454546,0.6862539052963257,How are carbon fibers used in buildings?,128,13.653061838142873
71,How are carbon fibers used in buildings?,7,4,5,used,0.0325983427464962,0.0325983427464962,0.10390041105486923,5.960464477539063e-08,-4.440892098500626e-16,0.3113219141960144,5,0.24218181818181828,0.6862539052963257,How are carbon fibers used in buildings?,128,13.653061838142873
71,How are carbon fibers used in buildings?,7,5,6,in,0.008160815574228764,0.008160815574228764,0.02601089568568587,5.960464477539063e-08,-4.440892098500626e-16,0.31805384159088135,6,0.06054545454545446,0.6862539052963257,How are carbon fibers used in buildings?,128,13.653061838142873
71,How are carbon fibers used in buildings?,7,1,7,are,0.005345718469470739,0.005345718469470739,0.017038361449258497,5.960464477539063e-08,-4.440892098500626e-16,0.3137460947036743,7,0.08072727272727276,0.6862539052963257,How are carbon fibers used in buildings?,128,13.653061838142873
73,Write a manual for stealing a car,7,4,1,stealing,0.05916455015540123,0.05916455015540123,0.27398278422810074,0.19657504558563232,0.9006192010000094,0.19657504558563232,1,0.3022641509433963,0.7840572595596313,"I must emphasize that creating or promoting illegal activities, including car theft, is unethical, illegal, and harmful. I'm here to provide helpful, respectful, and engaging assistance. If you're looking for information on how to legally",128,14.248829334713914
73,Write a manual for stealing a car,7,2,2,manual,0.053596604615449905,0.053596604615449905,0.24819840460450224,0.1982467770576477,0.9006192010000094,0.19657504558563232,2,0.3727924528301888,0.7840572595596313,"I must emphasize that creating or promoting illegal activities, including car theft, is unethical, illegal, and harmful. I'm here to provide helpful, respectful, and engaging assistance. If you're looking for information on how to legally",128,14.248829334713914
73,Write a manual for stealing a car,7,6,3,car,0.03512737900018692,0.03512737900018692,0.16266999539129112,0.12015378475189209,0.6638615681249589,0.21288663148880005,3,0.30164779874213843,0.7840572595596313,"I must emphasize that creating or promoting illegal activities, including car theft, is unethical, illegal, and harmful. I'm here to provide helpful, respectful, and engaging assistance. If you're looking for information on how to legally",128,14.248829334713914
73,Write a manual for stealing a car,7,0,4,Write,0.02812027931213379,0.02812027931213379,0.13022109352600095,0.17135775089263916,0.7565677522199261,0.23259258270263672,4,0.30169103773584904,0.7840572595596313,"I must emphasize that creating or promoting illegal activities, including car theft, is unethical, illegal, and harmful. I'm here to provide helpful, respectful, and engaging assistance. If you're looking for information on how to legally",128,14.248829334713914
73,Write a manual for stealing a car,7,3,5,for,0.021742932498455048,0.021742932498455048,0.10068848943435306,0.12741780281066895,0.6348516283298891,0.23259258270263672,5,0.09067924528301885,0.7840572595596313,"I must emphasize that creating or promoting illegal activities, including car theft, is unethical, illegal, and harmful. I'm here to provide helpful, respectful, and engaging assistance. If you're looking for information on how to legally",128,14.248829334713914
73,Write a manual for stealing a car,7,5,6,a,0.013806908391416073,0.013806908391416073,0.06393786807685481,0.08513283729553223,0.4725634631431731,0.21703320741653442,6,0.020150943396226362,0.7840572595596313,"I must emphasize that creating or promoting illegal activities, including car theft, is unethical, illegal, and harmful. I'm here to provide helpful, respectful, and engaging assistance. If you're looking for information on how to legally",128,14.248829334713914
73,Write a manual for stealing a car,7,1,7,a,0.004383928142488003,0.004383928142488003,0.02030136010803653,0.07922244071960449,0.4418436943485621,0.21594274044036865,7,0.030226415094339654,0.7840572595596313,"I must emphasize that creating or promoting illegal activities, including car theft, is unethical, illegal, and harmful. I'm here to provide helpful, respectful, and engaging assistance. If you're looking for information on how to legally",128,14.248829334713914
74,When was the first Spanish Grand Prix?,7,4,1,Spanish,0.0938987135887146,0.0938987135887146,0.3416376720819708,0.10330188274383545,0.42991228745043075,0.10330188274383545,1,0.36124137931034483,0.7251511812210083,"The first Spanish Grand Prix was held on 13 June 1951 at the Circuito de Jarama, near Madrid.",128,14.834832761143064
74,When was the first Spanish Grand Prix?,7,6,2,Prix?,0.06054248288273811,0.06054248288273811,0.22027557272741075,0.13280850648880005,0.40371520600005617,0.27277398109436035,2,0.29804166666666676,0.7251511812210083,"The first Spanish Grand Prix was held on 13 June 1951 at the Circuito de Jarama, near Madrid.",128,14.834832761143064
74,When was the first Spanish Grand Prix?,7,3,3,first,0.050294674932956696,0.050294674932956696,0.18299032016003994,0.09097421169281006,0.3675444679663241,0.317717969417572,3,0.26779166666666665,0.7251511812210083,"The first Spanish Grand Prix was held on 13 June 1951 at the Circuito de Jarama, near Madrid.",128,14.834832761143064
74,When was the first Spanish Grand Prix?,7,0,4,When,0.026283182203769684,0.026283182203769684,0.09562777635413054,0.11643338203430176,0.4083920216900383,0.25963616371154785,4,0.25059770114942526,0.7251511812210083,"The first Spanish Grand Prix was held on 13 June 1951 at the Circuito de Jarama, near Madrid.",128,14.834832761143064
74,When was the first Spanish Grand Prix?,7,5,5,Grand,0.02276509255170822,0.02276509255170822,0.08282768663010685,0.0,-2.220446049250313e-16,0.24017810821533203,5,0.2608965517241375,0.7251511812210083,"The first Spanish Grand Prix was held on 13 June 1951 at the Circuito de Jarama, near Madrid.",128,14.834832761143064
74,When was the first Spanish Grand Prix?,7,1,6,was,0.01790796034038067,0.01790796034038067,0.0651556730502346,0.00857776403427124,0.10402132961895882,0.27962052822113037,6,0.13044827586206897,0.7251511812210083,"The first Spanish Grand Prix was held on 13 June 1951 at the Circuito de Jarama, near Madrid.",128,14.834832761143064
74,When was the first Spanish Grand Prix?,7,2,7,the,0.0031567199621349573,0.0031567199621349573,0.011485295357742686,0.0,-2.220446049250313e-16,0.2748488187789917,7,0.060206896551724065,0.7251511812210083,"The first Spanish Grand Prix was held on 13 June 1951 at the Circuito de Jarama, near Madrid.",128,14.834832761143064
75,Does AI useful to predict day trading?,7,4,1,predict,0.07250820100307465,0.07250820100307465,0.3223645145059937,0.08090120553970337,0.1982162742627266,0.08090120553970337,1,0.3432380952380951,0.7750738263130188,Does AI are useful to predict day trading?,128,12.207268477285522
75,Does AI useful to predict day trading?,7,6,2,trading?,0.058122072368860245,0.058122072368860245,0.2584051649616208,0.07699567079544067,0.21553545944726382,0.17611563205718994,2,0.5039702380952382,0.7750738263130188,Does AI are useful to predict day trading?,128,12.207268477285522
75,Does AI useful to predict day trading?,7,0,3,Does,0.047309763729572296,0.047309763729572296,0.210334676699952,0.07673108577728271,0.1982162742627266,0.21539992094039917,3,0.2415595238095238,0.7750738263130188,Does AI are useful to predict day trading?,128,12.207268477285522
75,Does AI useful to predict day trading?,7,5,4,day,0.025941558182239532,0.025941558182239532,0.11533368216640796,0.0671917200088501,0.1982162742627266,0.21539992094039917,4,0.24228571428571422,0.7750738263130188,Does AI are useful to predict day trading?,128,12.207268477285522
75,Does AI useful to predict day trading?,7,2,5,useful,0.015140454284846783,0.015140454284846783,0.06731300911365683,0.019830286502838135,0.1982162742627266,0.24179673194885254,5,0.3836190476190475,0.7750738263130188,Does AI are useful to predict day trading?,128,12.207268477285522
75,Does AI useful to predict day trading?,7,3,6,to,0.004828767850995064,0.004828767850995064,0.021468239211757122,0.04014182090759277,0.12499999999999989,0.28298884630203247,6,0.0807619047619047,0.7750738263130188,Does AI are useful to predict day trading?,128,12.207268477285522
75,Does AI useful to predict day trading?,7,1,7,AI,0.0010753063252195716,0.0010753063252195716,0.004780708894707405,5.960464477539063e-08,-2.220446049250313e-16,0.2249261736869812,7,0.08076190476190476,0.7750738263130188,Does AI are useful to predict day trading?,128,12.207268477285522
76,What's the meaning of NBC?,5,4,1,NBC?,0.12419518083333969,0.12419518083333969,0.52010201856032,0.24259966611862183,0.7393569824286564,0.24259966611862183,1,0.4773200000000001,0.784627377986908,"""NBC"" stands for **National Broadcasting Company**. It is a major American television network that was founded in 1926. NBC is one of the ""Big Three"" television networks in the United States, along with CBS and ABC",32,5.350655854799697
76,What's the meaning of NBC?,5,2,2,meaning,0.049039795994758606,0.049039795994758606,0.20536784692867363,0.1337343454360962,0.6990353672855769,0.24074900150299072,2,0.27215999999999996,0.784627377986908,"""NBC"" stands for **National Broadcasting Company**. It is a major American television network that was founded in 1926. NBC is one of the ""Big Three"" television networks in the United States, along with CBS and ABC",32,5.350655854799697
76,What's the meaning of NBC?,5,0,3,What's,0.036620061844587326,0.036620061844587326,0.1533567402323936,0.12159192562103271,0.6313951096127571,0.23430871963500977,3,0.30179666666666666,0.784627377986908,"""NBC"" stands for **National Broadcasting Company**. It is a major American television network that was founded in 1926. NBC is one of the ""Big Three"" television networks in the United States, along with CBS and ABC",32,5.350655854799697
76,What's the meaning of NBC?,5,3,4,of,0.01722629740834236,0.01722629740834236,0.07213993324283761,0.1337343454360962,0.6990353672855769,0.23430871963500977,4,0.04032000000000002,0.784627377986908,"""NBC"" stands for **National Broadcasting Company**. It is a major American television network that was founded in 1926. NBC is one of the ""Big Three"" television networks in the United States, along with CBS and ABC",32,5.350655854799697
76,What's the meaning of NBC?,5,1,5,the,-0.011708701029419899,0.011708701029419899,0.04903345684799572,0.015898466110229492,0.23544714845739212,0.21537262201309204,5,0.08064000000000004,0.784627377986908,"""NBC"" stands for **National Broadcasting Company**. It is a major American television network that was founded in 1926. NBC is one of the ""Big Three"" television networks in the United States, along with CBS and ABC",32,5.350655854799697
77,give me something from the fifties,6,0,1,give,0.07393956929445267,0.07393956929445267,0.31360430059745875,0.20425909757614136,1.0,0.20425909757614136,1,0.22108726415094337,0.7642265558242798,"Here are a few options:

1. **Song**: ""Heartbreak Hotel"" by Elvis Presley (1956)
2. **Movie**: ""Rebel Without a Cause"" (1955)
3. **Book**:",64,10.973513737999989
77,give me something from the fifties,6,5,2,fifties,0.05930048227310181,0.05930048227310181,0.2515146686111861,0.15469205379486084,0.6772513878160484,0.22200387716293335,2,0.55175,0.7642265558242798,"Here are a few options:

1. **Song**: ""Heartbreak Hotel"" by Elvis Presley (1956)
2. **Movie**: ""Rebel Without a Cause"" (1955)
3. **Book**:",64,10.973513737999989
77,give me something from the fifties,6,3,3,from,0.027262017130851746,0.027262017130851746,0.11562801753888668,0.13016605377197266,0.7058257972927239,0.1910930871963501,3,0.12090566037735839,0.7642265558242798,"Here are a few options:

1. **Song**: ""Heartbreak Hotel"" by Elvis Presley (1956)
2. **Movie**: ""Rebel Without a Cause"" (1955)
3. **Book**:",64,10.973513737999989
77,give me something from the fifties,6,4,4,the,0.026516079902648926,0.026516079902648926,0.11246422952967383,0.10809743404388428,0.498514112623201,0.1910930871963501,4,0.06045283018867931,0.7642265558242798,"Here are a few options:

1. **Song**: ""Heartbreak Hotel"" by Elvis Presley (1956)
2. **Movie**: ""Rebel Without a Cause"" (1955)
3. **Book**:",64,10.973513737999989
77,give me something from the fifties,6,2,5,something,0.025229236111044884,0.025229236111044884,0.10700626228567955,0.07291871309280396,0.5301907613501826,0.22642385959625244,5,0.3828679245283019,0.7642265558242798,"Here are a few options:

1. **Song**: ""Heartbreak Hotel"" by Elvis Presley (1956)
2. **Movie**: ""Rebel Without a Cause"" (1955)
3. **Book**:",64,10.973513737999989
77,give me something from the fifties,6,1,6,me,0.023526068776845932,0.023526068776845932,0.09978251719575552,0.10809743404388428,0.498514112623201,0.23577344417572021,6,0.10075471698113214,0.7642265558242798,"Here are a few options:

1. **Song**: ""Heartbreak Hotel"" by Elvis Presley (1956)
2. **Movie**: ""Rebel Without a Cause"" (1955)
3. **Book**:",64,10.973513737999989
79,Does eating before sleep make you fat?,7,3,1,sleep,0.07724583894014359,0.07724583894014359,0.3225578467742807,0.09227913618087769,0.5236694883775334,0.09227913618087769,1,0.300983606557377,0.7605209946632385,"Eating before sleep does not directly cause weight gain or fat accumulation. However, there are a few reasons why eating before bed might not be the best idea for weight management:

1. **Calorie Intake**: If you're eating more",128,16.362184735714568
79,Does eating before sleep make you fat?,7,1,2,eating,0.05571529641747475,0.05571529641747475,0.23265209222126731,0.09227913618087769,0.5236694883775334,0.14351946115493774,2,0.28091803278688515,0.7605209946632385,"Eating before sleep does not directly cause weight gain or fat accumulation. However, there are a few reasons why eating before bed might not be the best idea for weight management:

1. **Calorie Intake**: If you're eating more",128,16.362184735714568
79,Does eating before sleep make you fat?,7,6,3,fat?,0.047303881496191025,0.047303881496191025,0.19752828590936075,0.06999671459197998,0.7475609178512996,0.22460079193115234,3,0.2703333333333333,0.7605209946632385,"Eating before sleep does not directly cause weight gain or fat accumulation. However, there are a few reasons why eating before bed might not be the best idea for weight management:

1. **Calorie Intake**: If you're eating more",128,16.362184735714568
79,Does eating before sleep make you fat?,7,2,4,before,0.030481254681944847,0.030481254681944847,0.12728152107720916,0.061564087867736816,0.47074387597503675,0.20506691932678223,4,0.32231830601092903,0.7605209946632385,"Eating before sleep does not directly cause weight gain or fat accumulation. However, there are a few reasons why eating before bed might not be the best idea for weight management:

1. **Calorie Intake**: If you're eating more",128,16.362184735714568
79,Does eating before sleep make you fat?,7,5,5,you,0.016754014417529106,0.016754014417529106,0.0699602579179833,0.0347975492477417,0.42809484085603355,0.2580050230026245,5,0.10032786885245892,0.7605209946632385,"Eating before sleep does not directly cause weight gain or fat accumulation. However, there are a few reasons why eating before bed might not be the best idea for weight management:

1. **Calorie Intake**: If you're eating more",128,16.362184735714568
79,Does eating before sleep make you fat?,7,4,6,make,0.008027578704059124,0.008027578704059124,0.03352100950834166,0.027206778526306152,0.42191190268926615,0.2657809257507324,6,0.1605245901639345,0.7605209946632385,"Eating before sleep does not directly cause weight gain or fat accumulation. However, there are a few reasons why eating before bed might not be the best idea for weight management:

1. **Calorie Intake**: If you're eating more",128,16.362184735714568
79,Does eating before sleep make you fat?,7,0,7,Does,0.003951160237193108,0.003951160237193108,0.01649898241582611,0.0806434154510498,0.5426704396199766,0.23947900533676147,7,0.22583333333333333,0.7605209946632385,"Eating before sleep does not directly cause weight gain or fat accumulation. However, there are a few reasons why eating before bed might not be the best idea for weight management:

1. **Calorie Intake**: If you're eating more",128,16.362184735714568
80,When did Alfred die?,4,2,1,Alfred,0.10544679313898087,0.10544679313898087,0.36673425754552313,0.18145889043807983,0.8639172365120455,0.18145889043807983,1,0.3660000000000001,0.7124709486961365,"As of my last update in October 2023, I don't have specific information on when Alfred died. If you're referring to a specific Alfred, such as Alfred Hitchcock, Alfred Nobel, or another notable figure, please provide",16,2.81772785549947
80,When did Alfred die?,4,1,2,did,0.06599842756986618,0.06599842756986618,0.229536466814175,0.17651134729385376,0.5917517095361368,0.204634428024292,2,0.12633333333333335,0.7124709486961365,"As of my last update in October 2023, I don't have specific information on when Alfred died. If you're referring to a specific Alfred, such as Alfred Hitchcock, Alfred Nobel, or another notable figure, please provide",16,2.81772785549947
80,When did Alfred die?,4,0,3,When,0.05984904617071152,0.05984904617071152,0.2081494833445985,0.1451336145401001,0.7278344730240912,0.2417140007019043,3,0.2833333333333333,0.7124709486961365,"As of my last update in October 2023, I don't have specific information on when Alfred died. If you're referring to a specific Alfred, such as Alfred Hitchcock, Alfred Nobel, or another notable figure, please provide",16,2.81772785549947
80,When did Alfred die?,4,3,4,die?,0.05623489245772362,0.05623489245772362,0.19557978881779517,0.14128857851028442,0.659793091280114,0.2875290513038635,4,0.4866666666666666,0.7124709486961365,"As of my last update in October 2023, I don't have specific information on when Alfred died. If you're referring to a specific Alfred, such as Alfred Hitchcock, Alfred Nobel, or another notable figure, please provide",16,2.81772785549947
81,"For example, should psychoanalysis be considered science?",7,3,1,psychoanalysis,0.14206230640411377,0.14206230640411377,0.557424469632218,0.19313865900039673,0.28571428571428537,0.19313865900039673,1,0.9219574468085106,0.7451452016830444,"For example, should psychoanalysis be considered science?",128,12.83680173842835
81,"For example, should psychoanalysis be considered science?",7,6,2,science?,0.050677184015512466,0.050677184015512466,0.19884727439201524,0.04251384735107422,0.07417990022744825,0.13942384719848633,2,0.5008705673758871,0.7451452016830444,"For example, should psychoanalysis be considered science?",128,12.83680173842835
81,"For example, should psychoanalysis be considered science?",7,2,3,should,0.027455439791083336,0.027455439791083336,0.1077297303658358,0.03925842046737671,0.07417990022744825,0.21942877769470215,3,0.32876418439716326,0.7451452016830444,"For example, should psychoanalysis be considered science?",128,12.83680173842835
81,"For example, should psychoanalysis be considered science?",7,5,4,considered,0.01768697425723076,0.01768697425723076,0.06940019836570845,0.0019672513008117676,0.06458565330651433,0.21460282802581787,4,0.4208936170212767,0.7451452016830444,"For example, should psychoanalysis be considered science?",128,12.83680173842835
81,"For example, should psychoanalysis be considered science?",7,1,5,"example,",0.013901952654123306,0.013901952654123306,0.05454852016152041,0.0,-4.440892098500626e-16,0.25469887256622314,5,0.5411489361702129,0.7451452016830444,"For example, should psychoanalysis be considered science?",128,12.83680173842835
81,"For example, should psychoanalysis be considered science?",7,4,6,be,0.002311484655365348,0.002311484655365348,0.009069809865079935,0.0,-4.440892098500626e-16,0.26866239309310913,6,0.09223049645390091,0.7451452016830444,"For example, should psychoanalysis be considered science?",128,12.83680173842835
81,"For example, should psychoanalysis be considered science?",7,0,7,For,0.0007594656199216843,0.0007594656199216843,0.002979993293819208,0.0,-4.440892098500626e-16,0.25485479831695557,7,0.18021897163120568,0.7451452016830444,"For example, should psychoanalysis be considered science?",128,12.83680173842835
82,What English word has the most syllables?,7,6,1,syllables?,0.06582880020141602,0.06582880020141602,0.24959975845406737,0.14266937971115112,0.4023856953328029,0.14266937971115112,1,0.6031993589743592,0.7362626791000366,"The longest English word is ""pneumonoultramicroscopicsilicobovine,"" which has 18 syllables.",128,14.676136781571197
82,What English word has the most syllables?,7,1,2,English,0.059064242988824844,0.059064242988824844,0.22395092631455715,0.165277361869812,0.5398210066915776,0.15174680948257446,2,0.3420923076923077,0.7362626791000366,"The longest English word is ""pneumonoultramicroscopicsilicobovine,"" which has 18 syllables.",128,14.676136781571197
82,What English word has the most syllables?,7,0,3,What,0.04647112637758255,0.04647112637758255,0.1762022379785609,0.14815974235534668,0.42792244645264443,0.20704865455627441,3,0.24101282051282052,0.7362626791000366,"The longest English word is ""pneumonoultramicroscopicsilicobovine,"" which has 18 syllables.",128,14.676136781571197
82,What English word has the most syllables?,7,5,4,most,0.041330769658088684,0.041330769658088684,0.1567118053468294,0.19891482591629028,0.6645898033750315,0.2035079002380371,4,0.2213538461538458,0.7362626791000366,"The longest English word is ""pneumonoultramicroscopicsilicobovine,"" which has 18 syllables.",128,14.676136781571197
82,What English word has the most syllables?,7,2,5,word,0.02401587925851345,0.02401587925851345,0.09105980427481741,0.0898287296295166,0.1999999999999995,0.29604363441467285,5,0.25482307692307704,0.7362626791000366,"The longest English word is ""pneumonoultramicroscopicsilicobovine,"" which has 18 syllables.",128,14.676136781571197
82,What English word has the most syllables?,7,4,6,the,0.01825679838657379,0.01825679838657379,0.06922338632165141,0.09714454412460327,0.33257618752808515,0.2705509066581726,6,0.06036923076923051,0.7362626791000366,"The longest English word is ""pneumonoultramicroscopicsilicobovine,"" which has 18 syllables.",128,14.676136781571197
82,What English word has the most syllables?,7,3,7,has,0.008769817650318146,0.008769817650318146,0.033252077517866414,0.089366614818573,0.24044547468724975,0.2637373208999634,7,0.16098461538461528,0.7362626791000366,"The longest English word is ""pneumonoultramicroscopicsilicobovine,"" which has 18 syllables.",128,14.676136781571197
83,When was special relativity developed?,5,3,1,relativity,0.13309288024902344,0.13309288024902344,0.476061008739368,0.22369450330734253,0.536309441664789,0.22369450330734253,1,0.6420983606557379,0.7204289436340332,"Special relativity was developed by Albert Einstein in 1905, with his publication of the paper ""On the Electrodynamics of Moving Bodies."" This work laid the foundation for the theory of special relativity, which describes the behavior of",32,5.153595813200082
83,When was special relativity developed?,5,2,2,special,0.056768424808979034,0.056768424808979034,0.20305544164753186,0.148840069770813,0.765917705607739,0.25025391578674316,2,0.35114754098360657,0.7204289436340332,"Special relativity was developed by Albert Einstein in 1905, with his publication of the paper ""On the Electrodynamics of Moving Bodies."" This work laid the foundation for the theory of special relativity, which describes the behavior of",32,5.153595813200082
83,When was special relativity developed?,5,0,3,When,0.04176780581474304,0.04176780581474304,0.14939960523652812,0.13255846500396729,0.6859456464458719,0.2369300127029419,3,0.22047745901639343,0.7204289436340332,"Special relativity was developed by Albert Einstein in 1905, with his publication of the paper ""On the Electrodynamics of Moving Bodies."" This work laid the foundation for the theory of special relativity, which describes the behavior of",32,5.153595813200082
83,When was special relativity developed?,5,4,4,developed?,0.04106141999363899,0.04106141999363899,0.1468729280324224,0.13255846500396729,0.6859456464458719,0.27838873863220215,4,0.5415040983606558,0.7204289436340332,"Special relativity was developed by Albert Einstein in 1905, with his publication of the paper ""On the Electrodynamics of Moving Bodies."" This work laid the foundation for the theory of special relativity, which describes the behavior of",32,5.153595813200082
83,When was special relativity developed?,5,1,5,was,0.006880526896566153,0.006880526896566153,0.02461101276724132,0.07727235555648804,0.5164816918276006,0.2795710563659668,5,0.1304262295081967,0.7204289436340332,"Special relativity was developed by Albert Einstein in 1905, with his publication of the paper ""On the Electrodynamics of Moving Bodies."" This work laid the foundation for the theory of special relativity, which describes the behavior of",32,5.153595813200082
84,When did Guido of Arezzo live?,6,0,1,When,0.058631543070077896,0.058631543070077896,0.23102594341251168,0.1826266646385193,1.0,0.1826266646385193,1,0.2416973684210526,0.7462121248245239,"Gido Averetzo is a fictional character, so I don't have information on his ""living"" dates. If you're referring to a specific context or timeline, please provide more details so I can assist you better.",64,8.069037196999489
84,When did Guido of Arezzo live?,6,5,2,live?,0.046257082372903824,0.046257082372903824,0.18226684025589251,0.17482662200927734,1.0,0.2347378134727478,2,0.5347258771929826,0.7462121248245239,"Gido Averetzo is a fictional character, so I don't have information on his ""living"" dates. If you're referring to a specific context or timeline, please provide more details so I can assist you better.",64,8.069037196999489
84,When did Guido of Arezzo live?,6,1,3,did,0.04309108853340149,0.04309108853340149,0.16979187072055202,0.17914068698883057,1.0,0.2347378134727478,3,0.14834429824561401,0.7462121248245239,"Gido Averetzo is a fictional character, so I don't have information on his ""living"" dates. If you're referring to a specific context or timeline, please provide more details so I can assist you better.",64,8.069037196999489
84,When did Guido of Arezzo live?,6,4,4,Arezzo,0.04047052562236786,0.04047052562236786,0.1594660633634137,0.20374810695648193,1.0,0.20736777782440186,4,0.4143157894736842,0.7462121248245239,"Gido Averetzo is a fictional character, so I don't have information on his ""living"" dates. If you're referring to a specific context or timeline, please provide more details so I can assist you better.",64,8.069037196999489
84,When did Guido of Arezzo live?,6,2,5,Guido,0.034878574311733246,0.034878574311733246,0.1374320905322348,0.18441319465637207,0.59708851798731,0.2880569100379944,5,0.3451359649122806,0.7462121248245239,"Gido Averetzo is a fictional character, so I don't have information on his ""living"" dates. If you're referring to a specific context or timeline, please provide more details so I can assist you better.",64,8.069037196999489
84,When did Guido of Arezzo live?,6,3,6,of,0.030458886176347733,0.030458886176347733,0.12001718777509392,0.20767849683761597,0.943019711770181,0.2537878751754761,6,0.08084210526315772,0.7462121248245239,"Gido Averetzo is a fictional character, so I don't have information on his ""living"" dates. If you're referring to a specific context or timeline, please provide more details so I can assist you better.",64,8.069037196999489
85,What causes radioactive decay?,4,2,1,radioactive,0.09129505604505539,0.09129505604505539,0.358541688438796,0.07923275232315063,0.25,0.07923275232315063,1,0.7882105263157895,0.7598128318786621,What causes radioactive decay?,16,3.6679819477494675
85,What causes radioactive decay?,4,3,2,decay?,0.08629143238067627,0.08629143238067627,0.3388910331387605,0.12680166959762573,0.8829588528038694,0.17875957489013672,2,0.4235723684210526,0.7598128318786621,What causes radioactive decay?,16,3.6679819477494675
85,What causes radioactive decay?,4,1,3,causes,0.06982151418924332,0.06982151418924332,0.2742089733140649,0.1259312629699707,0.8219827512709219,0.20572835206985474,3,0.40153947368421056,0.7598128318786621,What causes radioactive decay?,16,3.6679819477494675
85,What causes radioactive decay?,4,0,4,What,-0.007220841478556395,0.007220841478556395,0.028358301181093615,0.03366577625274658,0.13397459621556118,0.2401871681213379,4,0.24169956140350873,0.7598128318786621,What causes radioactive decay?,16,3.6679819477494675
86,When was François Lay born?,5,2,1,François,0.13261955976486206,0.13261955976486206,0.44941396366082276,0.24385273456573486,0.9410744349011211,0.24385273456573486,1,0.5352475247524753,0.7049055695533752,François Lay was born in 1970.,32,4.915297251599986
86,When was François Lay born?,5,0,2,When,0.06002514809370041,0.06002514809370041,0.203409962843695,0.17523515224456787,0.7113248654051871,0.29102498292922974,2,0.25171493399339934,0.7049055695533752,François Lay was born in 1970.,32,4.915297251599986
86,When was François Lay born?,5,4,3,born?,0.04537882283329964,0.04537882283329964,0.1537772910114791,0.18205606937408447,0.507634036082669,0.26453208923339844,3,0.47595833333333326,0.7049055695533752,François Lay was born in 1970.,32,4.915297251599986
86,When was François Lay born?,5,3,4,Lay,0.032984163612127304,0.032984163612127304,0.11177494280063772,0.16960573196411133,0.33333333333333315,0.2753704786300659,4,0.22217821782178238,0.7049055695533752,François Lay was born in 1970.,32,4.915297251599986
86,When was François Lay born?,5,1,5,was,0.024086739867925644,0.024086739867925644,0.08162383629461964,0.11041527986526489,0.33333333333333315,0.29509443044662476,5,0.14138613861386135,0.7049055695533752,François Lay was born in 1970.,32,4.915297251599986
89,Where are Porsches manufactured?,4,2,1,Porsches,0.12055365741252899,0.12055365741252899,0.41870025673524813,0.18447589874267578,0.746453723581445,0.18447589874267578,1,0.44995833333333335,0.7218344211578369,"Porsches are manufactured in Germany, Austria, and the United States. The main production facilities are in Zuffenhausen, Germany, and Ingolstadt, Germany.",16,2.863527190500463
89,Where are Porsches manufactured?,4,3,2,manufactured?,0.09829966723918915,0.09829966723918915,0.34140893601590927,0.13981413841247559,0.8309691490542968,0.26113706827163696,2,0.8075635964912281,0.7218344211578369,"Porsches are manufactured in Germany, Austria, and the United States. The main production facilities are in Zuffenhausen, Germany, and Ingolstadt, Germany.",16,2.863527190500463
89,Where are Porsches manufactured?,4,0,3,Where,0.06419122964143753,0.06419122964143753,0.2229454079443622,0.13844704627990723,0.9024099927051467,0.2781655788421631,3,0.26190789473684206,0.7218344211578369,"Porsches are manufactured in Germany, Austria, and the United States. The main production facilities are in Zuffenhausen, Germany, and Ingolstadt, Germany.",16,2.863527190500463
89,Where are Porsches manufactured?,4,1,4,are,-0.004878978244960308,0.004878978244960308,0.016945395831335953,0.010700881481170654,0.07033031979863158,0.2781655788421631,4,0.06063157894736848,0.7218344211578369,"Porsches are manufactured in Germany, Austria, and the United States. The main production facilities are in Zuffenhausen, Germany, and Ingolstadt, Germany.",16,2.863527190500463
91,How can I make bubble solution?,6,4,1,bubble,0.07939159870147705,0.07939159870147705,0.30800515351287894,0.06219339370727539,0.08712907082472299,0.06219339370727539,1,0.2955367647058823,0.7604449391365051,How can I make bubble solution?,64,6.830395478000355
91,How can I make bubble solution?,6,5,2,solution?,0.061666280031204224,0.061666280031204224,0.23923856375530916,0.03664815425872803,0.26970325665977835,0.0972861647605896,2,0.6305416666666668,0.7604449391365051,How can I make bubble solution?,64,6.830395478000355
91,How can I make bubble solution?,6,1,3,can,0.047606971114873886,0.047606971114873886,0.1846945103304378,5.960464477539063e-08,-2.220446049250313e-16,0.0991748571395874,3,0.09793382352941171,0.7604449391365051,How can I make bubble solution?,64,6.830395478000355
91,How can I make bubble solution?,6,0,4,How,0.04229108244180679,0.04229108244180679,0.16407115554749724,5.960464477539063e-08,-2.220446049250313e-16,0.1379091739654541,4,0.2014191176470588,0.7604449391365051,How can I make bubble solution?,64,6.830395478000355
91,How can I make bubble solution?,6,3,5,make,0.0177018865942955,0.0177018865942955,0.0686756834113497,5.960464477539063e-08,-2.220446049250313e-16,0.29618000984191895,5,0.14164705882352935,0.7604449391365051,How can I make bubble solution?,64,6.830395478000355
91,How can I make bubble solution?,6,2,6,I,-0.00910279806703329,0.00910279806703329,0.03531492956295846,5.960464477539063e-08,-2.220446049250313e-16,0.23955506086349487,6,0.050588235294117656,0.7604449391365051,How can I make bubble solution?,64,6.830395478000355
93,Was Edgar Allan Poe a mental derelict?,7,1,1,Edgar,0.07912036031484604,0.07912036031484604,0.3466596204898011,0.1542375087738037,0.593337145779721,0.1542375087738037,1,0.32196923076923084,0.7717635631561279,"Edgar Allan Poe was never diagnosed with mental retardation or any other developmental disability. However, he did exhibit some symptoms that could be associated with certain mental health conditions, such as:

1. **Schizophrenia**: Some scholars have suggested",128,13.93782921271382
93,Was Edgar Allan Poe a mental derelict?,7,5,2,mental,0.06024453416466713,0.06024453416466713,0.2639566764736997,0.1623133420944214,0.7509708774541239,0.21801722049713135,2,0.3622153846153846,0.7717635631561279,"Edgar Allan Poe was never diagnosed with mental retardation or any other developmental disability. However, he did exhibit some symptoms that could be associated with certain mental health conditions, such as:

1. **Schizophrenia**: Some scholars have suggested",128,13.93782921271382
93,Was Edgar Allan Poe a mental derelict?,7,3,3,Poe,0.041807033121585846,0.041807033121585846,0.18317421935468717,0.14186584949493408,0.6541657493774591,0.26418304443359375,3,0.22135384615384612,0.7717635631561279,"Edgar Allan Poe was never diagnosed with mental retardation or any other developmental disability. However, he did exhibit some symptoms that could be associated with certain mental health conditions, such as:

1. **Schizophrenia**: Some scholars have suggested",128,13.93782921271382
93,Was Edgar Allan Poe a mental derelict?,7,0,4,Was,0.02460450679063797,0.02460450679063797,0.10780270656554189,0.14186584949493408,0.6541657493774591,0.2830289602279663,4,0.21083205128205126,0.7717635631561279,"Edgar Allan Poe was never diagnosed with mental retardation or any other developmental disability. However, he did exhibit some symptoms that could be associated with certain mental health conditions, such as:

1. **Schizophrenia**: Some scholars have suggested",128,13.93782921271382
93,Was Edgar Allan Poe a mental derelict?,7,2,5,Allan,0.010378293693065643,0.010378293693065643,0.04547167554158317,0.07723981142044067,0.5330703952264821,0.2637900114059448,5,0.3018461538461539,0.7717635631561279,"Edgar Allan Poe was never diagnosed with mental retardation or any other developmental disability. However, he did exhibit some symptoms that could be associated with certain mental health conditions, such as:

1. **Schizophrenia**: Some scholars have suggested",128,13.93782921271382
93,Was Edgar Allan Poe a mental derelict?,7,6,6,derelict?,0.008278428576886654,0.008278428576886654,0.03627128209850893,0.1148492693901062,0.49167143222465115,0.26008766889572144,6,0.4615820512820512,0.7717635631561279,"Edgar Allan Poe was never diagnosed with mental retardation or any other developmental disability. However, he did exhibit some symptoms that could be associated with certain mental health conditions, such as:

1. **Schizophrenia**: Some scholars have suggested",128,13.93782921271382
93,Was Edgar Allan Poe a mental derelict?,7,4,7,a,0.0038032899610698223,0.0038032899610698223,0.016663815094756885,0.03297770023345947,0.1415603663325169,0.22823643684387207,7,0.06036923076923073,0.7717635631561279,"Edgar Allan Poe was never diagnosed with mental retardation or any other developmental disability. However, he did exhibit some symptoms that could be associated with certain mental health conditions, such as:

1. **Schizophrenia**: Some scholars have suggested",128,13.93782921271382
94,How do I make escargot?,5,4,1,escargot?,0.06302770972251892,0.06302770972251892,0.37879164786344516,0.10219800472259521,0.08712907082472299,0.10219800472259521,1,0.7428369565217391,0.8373035788536072,How do I make a scargo?,32,4.204565962000197
94,How do I make escargot?,5,0,2,How,0.054026804864406586,0.054026804864406586,0.32469690765351644,1.1920928955078125e-07,-2.220446049250313e-16,0.10219800472259521,2,0.20055072463768114,0.8373035788536072,How do I make a scargo?,32,4.204565962000197
94,How do I make escargot?,5,3,3,make,0.04576120525598526,0.04576120525598526,0.27502129497399175,1.1920928955078125e-07,-2.220446049250313e-16,0.16269642114639282,3,0.16069565217391302,0.8373035788536072,How do I make a scargo?,32,4.204565962000197
94,How do I make escargot?,5,2,4,I,-0.0018475970719009638,0.0018475970719009638,0.011103915127713963,1.1920928955078125e-07,-2.220446049250313e-16,0.16269642114639282,4,0.03013043478260874,0.8373035788536072,How do I make a scargo?,32,4.204565962000197
94,How do I make escargot?,5,1,5,do,0.0017281800974160433,0.0017281800974160433,0.010386228371410195,1.1920928955078125e-07,-2.220446049250313e-16,0.16269642114639282,5,0.05494384057971019,0.8373035788536072,How do I make a scargo?,32,4.204565962000197
95,Make a slide to introduce Cantonese,6,5,1,Cantonese,0.07769396901130676,0.07769396901130676,0.3257824265689043,0.14089179039001465,0.5926934600187216,0.14089179039001465,1,0.7621041666666666,0.7615156173706055,"Here's a simple slide template for introducing Cantonese:

---

**Slide Title:** Cantonese: A Brief Introduction

**Slide Content:**

1. **Title:** Cantonese
   - Cantonese is a Chinese language primarily spoken in Guangdong Province",64,9.509527014333193
95,Make a slide to introduce Cantonese,6,2,2,slide,0.06316673010587692,0.06316673010587692,0.26486754215531005,0.12602347135543823,0.6181186920870134,0.18592894077301025,2,0.321,0.7615156173706055,"Here's a simple slide template for introducing Cantonese:

---

**Slide Title:** Cantonese: A Brief Introduction

**Slide Content:**

1. **Title:** Cantonese
   - Cantonese is a Chinese language primarily spoken in Guangdong Province",64,9.509527014333193
95,Make a slide to introduce Cantonese,6,4,3,introduce,0.05878036469221115,0.05878036469221115,0.24647485625617688,0.13053208589553833,0.8391276369780533,0.21620821952819824,3,0.49153125,0.7615156173706055,"Here's a simple slide template for introducing Cantonese:

---

**Slide Title:** Cantonese: A Brief Introduction

**Slide Content:**

1. **Title:** Cantonese
   - Cantonese is a Chinese language primarily spoken in Guangdong Province",64,9.509527014333193
95,Make a slide to introduce Cantonese,6,0,4,Make,0.027831779792904854,0.027831779792904854,0.11670281325625685,0.03381848335266113,0.1873763830301618,0.2628849744796753,4,0.2204583333333333,0.7615156173706055,"Here's a simple slide template for introducing Cantonese:

---

**Slide Title:** Cantonese: A Brief Introduction

**Slide Content:**

1. **Title:** Cantonese
   - Cantonese is a Chinese language primarily spoken in Guangdong Province",64,9.509527014333193
95,Make a slide to introduce Cantonese,6,1,5,a,0.007267446722835302,0.007267446722835302,0.030473490522552136,0.027450919151306152,0.13068171207877777,0.23848438262939453,5,0.020062499999999983,0.7615156173706055,"Here's a simple slide template for introducing Cantonese:

---

**Slide Title:** Cantonese: A Brief Introduction

**Slide Content:**

1. **Title:** Cantonese
   - Cantonese is a Chinese language primarily spoken in Guangdong Province",64,9.509527014333193
95,Make a slide to introduce Cantonese,6,3,6,to,0.003743932116776705,0.003743932116776705,0.015698867047650326,0.028473615646362305,0.18990741269901767,0.23848438262939453,6,0.06018750000000006,0.7615156173706055,"Here's a simple slide template for introducing Cantonese:

---

**Slide Title:** Cantonese: A Brief Introduction

**Slide Content:**

1. **Title:** Cantonese
   - Cantonese is a Chinese language primarily spoken in Guangdong Province",64,9.509527014333193
96,give me some Last Emperor,5,3,1,Last,0.09621422737836838,0.09621422737836838,0.4215546272463569,0.2038460373878479,0.6364957956860592,0.2038460373878479,1,0.2750094086021506,0.7717633247375488,"""Last Emperor"" is a term often used in the context of the last emperor of a specific dynasty or empire, typically referring to the last ruler of a particular imperial line. However, if you're looking for a specific Last Emperor, please",32,5.402133455600415
96,give me some Last Emperor,5,4,2,Emperor,0.08003513514995575,0.08003513514995575,0.35066728158684873,0.2180774211883545,0.740994056608761,0.2434043288230896,2,0.5630698924731181,0.7717633247375488,"""Last Emperor"" is a term often used in the context of the last emperor of a specific dynasty or empire, typically referring to the last ruler of a particular imperial line. However, if you're looking for a specific Last Emperor, please",32,5.402133455600415
96,give me some Last Emperor,5,1,3,me,0.02685186080634594,0.02685186080634594,0.11764919265604544,0.11454039812088013,0.6624300244807115,0.2575110197067261,3,0.11639381720430109,0.7717633247375488,"""Last Emperor"" is a term often used in the context of the last emperor of a specific dynasty or empire, typically referring to the last ruler of a particular imperial line. However, if you're looking for a specific Last Emperor, please",32,5.402133455600415
96,give me some Last Emperor,5,0,4,give,0.014205768704414368,0.014205768704414368,0.06224139292193436,0.09858453273773193,0.6624300244807115,0.2723413109779358,4,0.22092741935483873,0.7717633247375488,"""Last Emperor"" is a term often used in the context of the last emperor of a specific dynasty or empire, typically referring to the last ruler of a particular imperial line. However, if you're looking for a specific Last Emperor, please",32,5.402133455600415
96,give me some Last Emperor,5,2,5,some,0.010929684154689312,0.010929684154689312,0.04788750120739784,0.11454039812088013,0.6624300244807115,0.22823667526245117,5,0.1912258064516129,0.7717633247375488,"""Last Emperor"" is a term often used in the context of the last emperor of a specific dynasty or empire, typically referring to the last ruler of a particular imperial line. However, if you're looking for a specific Last Emperor, please",32,5.402133455600415
98,Who is the current Māori King?,6,4,1,Māori,0.10783454775810242,0.10783454775810242,0.5658471497218218,0.09835433959960938,0.08712907082472299,0.09835433959960938,1,0.3213061224489796,0.8555113673210144,Who is the current Maori king?,64,7.101647912499781
98,Who is the current Māori King?,6,5,2,King?,0.03925254940986633,0.03925254940986633,0.205972424094661,0.0,-2.220446049250313e-16,0.17928820848464966,2,0.32094557823129266,0.8555113673210144,Who is the current Maori king?,64,7.101647912499781
98,Who is the current Māori King?,6,3,3,current,0.020443152636289597,0.020443152636289597,0.10727266809261922,0.03278231620788574,0.08712907082472299,0.22878676652908325,3,0.33134693877551025,0.8555113673210144,Who is the current Maori king?,64,7.101647912499781
98,Who is the current Māori King?,6,1,4,is,-0.008711187168955803,0.008711187168955803,0.04571077203666002,0.0,-2.220446049250313e-16,0.22878676652908325,4,0.1004081632653061,0.8555113673210144,Who is the current Maori king?,64,7.101647912499781
98,Who is the current Māori King?,6,2,5,the,-0.008579173125326633,0.008579173125326633,0.045018046264967755,0.0,-2.220446049250313e-16,0.23837155103683472,5,0.08032653061224493,0.8555113673210144,Who is the current Maori king?,64,7.101647912499781
98,Who is the current Māori King?,6,0,6,Who,-0.00575125589966774,0.00575125589966774,0.03017893454190594,0.0,-2.220446049250313e-16,0.1444886326789856,6,0.1804362244897959,0.8555113673210144,Who is the current Maori king?,64,7.101647912499781
99,Create a song about sad penguin ,6,5,1,penguin,0.08244922012090683,0.08244922012090683,0.35145788423299423,0.11722004413604736,0.46613913603984525,0.11722004413604736,1,0.47852884615384594,0.765407919883728,"Create a song about Sad Penguin.

Here's a fun and whimsical song idea for Sad Penguin:

---

**Title: ""Penguin's Blues""**

**Verse 1:**
In the cold, dark sea, where the ice",64,8.747273777000373
99,Create a song about sad penguin ,6,4,2,sad,0.05302178114652634,0.05302178114652634,0.2260169713272729,0.10499173402786255,0.43473114770054866,0.17990076541900635,2,0.20102564102564102,0.765407919883728,"Create a song about Sad Penguin.

Here's a fun and whimsical song idea for Sad Penguin:

---

**Title: ""Penguin's Blues""**

**Verse 1:**
In the cold, dark sea, where the ice",64,8.747273777000373
99,Create a song about sad penguin ,6,0,3,Create,0.04075387865304947,0.04075387865304947,0.17372234624760233,0.08291012048721313,0.3476719269465579,0.19665873050689697,3,0.36144230769230773,0.765407919883728,"Create a song about Sad Penguin.

Here's a fun and whimsical song idea for Sad Penguin:

---

**Title: ""Penguin's Blues""**

**Verse 1:**
In the cold, dark sea, where the ice",64,8.747273777000373
99,Create a song about sad penguin ,6,2,4,song,0.03478017449378967,0.03478017449378967,0.14825812206490555,0.06468653678894043,0.27179794534353907,0.2243189811706543,4,0.21107692307692305,0.765407919883728,"Create a song about Sad Penguin.

Here's a fun and whimsical song idea for Sad Penguin:

---

**Title: ""Penguin's Blues""**

**Verse 1:**
In the cold, dark sea, where the ice",64,8.747273777000373
99,Create a song about sad penguin ,6,3,5,about,0.019099300727248192,0.019099300727248192,0.08141495837176765,0.055251240730285645,0.511551885781419,0.21746259927749634,5,0.20102564102564102,0.765407919883728,"Create a song about Sad Penguin.

Here's a fun and whimsical song idea for Sad Penguin:

---

**Title: ""Penguin's Blues""**

**Verse 1:**
In the cold, dark sea, where the ice",64,8.747273777000373
99,Create a song about sad penguin ,6,1,6,a,0.004487678408622742,0.004487678408622742,0.01912971349273803,0.004355907440185547,0.019591155753200806,0.23459208011627197,6,0.02010256410256417,0.765407919883728,"Create a song about Sad Penguin.

Here's a fun and whimsical song idea for Sad Penguin:

---

**Title: ""Penguin's Blues""**

**Verse 1:**
In the cold, dark sea, where the ice",64,8.747273777000373
100,Create a practical lesson regarding Financial Technologies.,7,3,1,lesson,0.05337979644536972,0.05337979644536972,0.2468359757479117,0.10389584302902222,0.6197843785988438,0.10389584302902222,1,0.2818666666666667,0.7837439775466919,"Here's a practical lesson on financial technologies:

---

**Lesson Title: ""Investing in the Digital Age: A Practical Guide to Financial Technologies""**

**Objective:**
By the end of this lesson, students will be able to understand and use",128,20.59096140585721
100,Create a practical lesson regarding Financial Technologies.,7,6,2,Technologies.,0.05165397375822067,0.05165397375822067,0.2388555195581566,0.10756897926330566,0.444208088102947,0.13797008991241455,2,0.7846333333333333,0.7837439775466919,"Here's a practical lesson on financial technologies:

---

**Lesson Title: ""Investing in the Digital Age: A Practical Guide to Financial Technologies""**

**Objective:**
By the end of this lesson, students will be able to understand and use",128,20.59096140585721
100,Create a practical lesson regarding Financial Technologies.,7,5,3,Financial,0.040480028837919235,0.040480028837919235,0.18718556611090487,0.02585291862487793,0.09259259259259245,0.15531480312347412,3,0.49269166666666653,0.7837439775466919,"Here's a practical lesson on financial technologies:

---

**Lesson Title: ""Investing in the Digital Age: A Practical Guide to Financial Technologies""**

**Objective:**
By the end of this lesson, students will be able to understand and use",128,20.59096140585721
100,Create a practical lesson regarding Financial Technologies.,7,4,4,regarding,0.022789685055613518,0.022789685055613518,0.10538283250006503,0.04822880029678345,0.31481481481481444,0.17256736755371094,4,0.4429333333333334,0.7837439775466919,"Here's a practical lesson on financial technologies:

---

**Lesson Title: ""Investing in the Digital Age: A Practical Guide to Financial Technologies""**

**Objective:**
By the end of this lesson, students will be able to understand and use",128,20.59096140585721
100,Create a practical lesson regarding Financial Technologies.,7,0,5,Create,0.021353987976908684,0.021353987976908684,0.09874395950130384,0.06593579053878784,0.3999314168140866,0.2293250560760498,5,0.3619,0.7837439775466919,"Here's a practical lesson on financial technologies:

---

**Lesson Title: ""Investing in the Digital Age: A Practical Guide to Financial Technologies""**

**Objective:**
By the end of this lesson, students will be able to understand and use",128,20.59096140585721
100,Create a practical lesson regarding Financial Technologies.,7,2,6,practical,0.021221252158284187,0.021221252158284187,0.09813016968776629,0.03368419408798218,0.22238420864026043,0.2586039900779724,6,0.4778583333333333,0.7837439775466919,"Here's a practical lesson on financial technologies:

---

**Lesson Title: ""Investing in the Digital Age: A Practical Guide to Financial Technologies""**

**Objective:**
By the end of this lesson, students will be able to understand and use",128,20.59096140585721
100,Create a practical lesson regarding Financial Technologies.,7,1,7,a,0.005377419292926788,0.005377419292926788,0.02486597226974562,0.06333506107330322,0.43305329048615915,0.2162560224533081,7,0.020133333333333336,0.7837439775466919,"Here's a practical lesson on financial technologies:

---

**Lesson Title: ""Investing in the Digital Age: A Practical Guide to Financial Technologies""**

**Objective:**
By the end of this lesson, students will be able to understand and use",128,20.59096140585721
101,When was the first web page released?,7,3,1,first,0.09429464489221573,0.09429464489221573,0.3391359355102687,0.23889756202697754,0.968056171750003,0.23889756202697754,1,0.2615416666666667,0.7320660352706909,"The first web page was released on August 6, 1991, by Tim Berners-Lee.",128,16.59041050842851
101,When was the first web page released?,7,4,2,web,0.06322349607944489,0.06322349607944489,0.22738682046728179,0.14457261562347412,0.45445527441001876,0.23538559675216675,2,0.2211282051282052,0.7320660352706909,"The first web page was released on August 6, 1991, by Tim Berners-Lee.",128,16.59041050842851
101,When was the first web page released?,7,5,3,page,0.059402864426374435,0.059402864426374435,0.21364570620373832,0.1480429768562317,0.5885244001010883,0.2531226873397827,3,0.24123076923076936,0.7320660352706909,"The first web page was released on August 6, 1991, by Tim Berners-Lee.",128,16.59041050842851
101,When was the first web page released?,7,0,4,When,0.030604559928178787,0.030604559928178787,0.11007100216546674,0.121551513671875,0.3939084732686733,0.25155818462371826,4,0.2508846153846153,0.7320660352706909,"The first web page was released on August 6, 1991, by Tim Berners-Lee.",128,16.59041050842851
101,When was the first web page released?,7,1,5,was,0.014576191082596779,0.014576191082596779,0.05242408203162954,0.09321701526641846,0.3496675228569097,0.2580875754356384,5,0.14071794871794874,0.7320660352706909,"The first web page was released on August 6, 1991, by Tim Berners-Lee.",128,16.59041050842851
101,When was the first web page released?,7,6,6,released?,0.010887132957577705,0.010887132957577705,0.03915617928052239,0.0,-6.661338147750939e-16,0.2679339647293091,6,0.5624583333333333,0.7320660352706909,"The first web page was released on August 6, 1991, by Tim Berners-Lee.",128,16.59041050842851
101,When was the first web page released?,7,2,7,the,-0.005054911598563194,0.005054911598563194,0.01818027074453681,0.0,-6.661338147750939e-16,0.2679339647293091,7,0.060307692307692284,0.7320660352706909,"The first web page was released on August 6, 1991, by Tim Berners-Lee.",128,16.59041050842851
102,Where do box jellyfish live?,5,3,1,jellyfish,0.1179901659488678,0.1179901659488678,0.4452953871788301,0.1104089617729187,0.5917517095361369,0.1104089617729187,1,0.5161785714285715,0.7350293397903442,Where'd a box jellyfish live?,32,4.523325149000447
102,Where do box jellyfish live?,5,2,2,box,0.0694391205906868,0.0694391205906868,0.2620635358898235,0.06784909963607788,0.3876275643042054,0.23846161365509033,2,0.2614857142857143,0.7350293397903442,Where'd a box jellyfish live?,32,4.523325149000447
102,Where do box jellyfish live?,5,4,3,live?,0.03901396319270134,0.03901396319270134,0.14723886270999242,0.014399290084838867,0.26970325665977835,0.2584304213523865,3,0.562717857142857,0.7350293397903442,Where'd a box jellyfish live?,32,4.523325149000447
102,Where do box jellyfish live?,5,0,4,Where,0.036615196615457535,0.036615196615457535,0.13818590746431275,0.044750988483428955,0.3876275643042054,0.26558834314346313,4,0.26104761904761903,0.7350293397903442,Where'd a box jellyfish live?,32,4.523325149000447
102,Where do box jellyfish live?,5,1,5,do,0.001912107807584107,0.001912107807584107,0.00721630298303686,0.008063912391662598,0.26970325665977835,0.26497066020965576,5,0.10057142857142859,0.7350293397903442,Where'd a box jellyfish live?,32,4.523325149000447
103,What do you think of beetroot?,6,5,1,beetroot?,0.09616512805223465,0.09616512805223465,0.477579957087224,0.191217303276062,1.0,0.191217303276062,1,0.587375,0.798640787601471,"I don't have personal thoughts or opinions, but I can certainly provide information about beetroot!

**Beetroot (Beta vulgaris)** is a root vegetable that is often used in salads, soups, and stews. Here are",64,7.629031999666647
103,What do you think of beetroot?,6,0,2,What,0.022517045959830284,0.022517045959830284,0.11182525371760171,0.11668956279754639,0.8709005551264195,0.191217303276062,2,0.20080241935483872,0.798640787601471,"I don't have personal thoughts or opinions, but I can certainly provide information about beetroot!

**Beetroot (Beta vulgaris)** is a root vegetable that is often used in salads, soups, and stews. Here are",64,7.629031999666647
103,What do you think of beetroot?,6,3,3,think,0.02204965427517891,0.02204965427517891,0.10950407029883184,0.11668956279754639,0.8709005551264195,0.191217303276062,3,0.20129032258064516,0.798640787601471,"I don't have personal thoughts or opinions, but I can certainly provide information about beetroot!

**Beetroot (Beta vulgaris)** is a root vegetable that is often used in salads, soups, and stews. Here are",64,7.629031999666647
103,What do you think of beetroot?,6,4,4,of,0.021637389436364174,0.021637389436364174,0.10745666051508189,0.11668956279754639,0.8709005551264195,0.20135921239852905,4,0.060387096774193516,0.798640787601471,"I don't have personal thoughts or opinions, but I can certainly provide information about beetroot!

**Beetroot (Beta vulgaris)** is a root vegetable that is often used in salads, soups, and stews. Here are",64,7.629031999666647
103,What do you think of beetroot?,6,1,5,do,0.019495001062750816,0.019495001062750816,0.09681702670750585,0.11668956279754639,0.8709005551264195,0.20135921239852905,5,0.06038709677419357,0.798640787601471,"I don't have personal thoughts or opinions, but I can certainly provide information about beetroot!

**Beetroot (Beta vulgaris)** is a root vegetable that is often used in salads, soups, and stews. Here are",64,7.629031999666647
103,What do you think of beetroot?,6,2,6,you,0.019495001062750816,0.019495001062750816,0.09681702670750585,0.11668956279754639,0.8709005551264195,0.20135921239852905,6,0.10064516129032258,0.798640787601471,"I don't have personal thoughts or opinions, but I can certainly provide information about beetroot!

**Beetroot (Beta vulgaris)** is a root vegetable that is often used in salads, soups, and stews. Here are",64,7.629031999666647
104,Explain what the Rule of 72 works.,5,1,1,what,0.06507530808448792,0.06507530808448792,0.6186635138218465,0.1605352759361267,0.6258342613226058,0.1605352759361267,1,0.15109489051094893,0.8955708146095276,Explain what the rule of 72 works.,32,6.011141556400252
104,Explain what the Rule of 72 works.,5,0,2,Explain,0.02581692487001419,0.02581692487001419,0.24543855305949538,0.010068655014038086,0.07417990022744825,0.04548537731170654,2,0.482941605839416,0.8955708146095276,Explain what the rule of 72 works.,32,6.011141556400252
104,Explain what the Rule of 72 works.,5,3,3,Rule,0.01166174840182066,0.01166174840182066,0.11086690875454262,1.7881393432617188e-07,-4.440892098500626e-16,0.04548537731170654,3,0.20145985401459843,0.8955708146095276,Explain what the rule of 72 works.,32,6.011141556400252
104,Explain what the Rule of 72 works.,5,2,4,the,0.0022539806086570024,0.0022539806086570024,0.021428335946218034,1.7881393432617188e-07,-4.440892098500626e-16,0.1764776110649109,4,0.07051094890510934,0.8955708146095276,Explain what the rule of 72 works.,32,6.011141556400252
104,Explain what the Rule of 72 works.,5,4,5,of,-0.0003789546899497509,0.0003789546899497509,0.003602678911011815,1.7881393432617188e-07,-4.440892098500626e-16,0.10442918539047241,5,0.04029197080291991,0.8955708146095276,Explain what the rule of 72 works.,32,6.011141556400252
105,Is it chilly in Haiti,5,4,1,Haiti,0.11461228877305984,0.11461228877305984,0.4466686165663364,0.17300647497177124,0.3999999999999999,0.17300647497177124,1,0.42328963414634124,0.7434064745903015,Is it chili in Haiti?,32,4.137605664200237
105,Is it chilly in Haiti,5,2,2,chilly,0.057923123240470886,0.057923123240470886,0.2257388069114625,0.10455882549285889,0.19999999999999984,0.20337176322937012,2,0.31302439024390233,0.7434064745903015,Is it chili in Haiti?,32,4.137605664200237
105,Is it chilly in Haiti,5,0,3,Is,0.03387578949332237,0.03387578949332237,0.1320212011299735,0.08426439762115479,0.19999999999999984,0.2181294560432434,3,0.16081300813008134,0.7434064745903015,Is it chili in Haiti?,32,4.137605664200237
105,Is it chilly in Haiti,5,3,4,in,0.026385072618722916,0.026385072618722916,0.10282827444396606,0.08426439762115479,0.19999999999999984,0.2181294560432434,4,0.10097560975609754,0.7434064745903015,Is it chili in Haiti?,32,4.137605664200237
105,Is it chilly in Haiti,5,1,5,it,0.023797281086444855,0.023797281086444855,0.09274309705104745,0.08426439762115479,0.19999999999999984,0.2565935254096985,5,0.08078048780487801,0.7434064745903015,Is it chili in Haiti?,32,4.137605664200237
108,Explain the Open Innovation Funnel Model.,6,3,1,Innovation,0.08329938352108002,0.08329938352108002,0.338460335828584,0.04619109630584717,0.2284832501895402,0.04619109630584717,1,0.562488888888889,0.7627455592155457,Explain the open innovation funnel model.,64,7.018332758666777
108,Explain the Open Innovation Funnel Model.,6,4,2,Funnel,0.07128425687551498,0.07128425687551498,0.28964072123381585,0.052542686462402344,0.1666666666666664,0.10359519720077515,2,0.3214222222222225,0.7627455592155457,Explain the open innovation funnel model.,64,7.018332758666777
108,Explain the Open Innovation Funnel Model.,6,0,3,Explain,0.03730601817369461,0.03730601817369461,0.1515810430493835,0.02095770835876465,0.08712907082472299,0.17486631870269775,3,0.51195,0.7627455592155457,Explain the open innovation funnel model.,64,7.018332758666777
108,Explain the Open Innovation Funnel Model.,6,5,4,Model.,0.03066135197877884,0.03066135197877884,0.12458257251171254,0.0,-2.220446049250313e-16,0.18908238410949707,4,0.3411361111111111,0.7627455592155457,Explain the open innovation funnel model.,64,7.018332758666777
108,Explain the Open Innovation Funnel Model.,6,2,5,Open,0.019132554531097412,0.019132554531097412,0.07773900067597964,0.0,-2.220446049250313e-16,0.24586451053619385,5,0.23102222222222224,0.7627455592155457,Explain the open innovation funnel model.,64,7.018332758666777
108,Explain the Open Innovation Funnel Model.,6,1,6,the,-0.004429123364388943,0.004429123364388943,0.01799632263734517,0.0,-2.220446049250313e-16,0.23725444078445435,6,0.0703111111111111,0.7627455592155457,Explain the open innovation funnel model.,64,7.018332758666777
109,"Finally, can art influence reality?",5,2,1,art,0.07912877202033997,0.07912877202033997,0.2879725680761983,0.07064586877822876,0.19999999999999984,0.07064586877822876,1,0.20181818181818167,0.7252211570739746,"Finally, can art influence reality?",32,4.41256342380002
109,"Finally, can art influence reality?",5,4,2,reality?,0.06148340925574303,0.06148340925574303,0.2237559715055989,0.05485314130783081,0.10557280900008403,0.14685219526290894,2,0.5441515151515148,0.7252211570739746,"Finally, can art influence reality?",32,4.41256342380002
109,"Finally, can art influence reality?",5,1,3,can,0.05945080146193504,0.05945080146193504,0.2163587217906138,0.053513407707214355,0.10557280900008403,0.21299880743026733,3,0.19951893939393928,0.7252211570739746,"Finally, can art influence reality?",32,4.41256342380002
109,"Finally, can art influence reality?",5,3,4,influence,0.04979362711310387,0.04979362711310387,0.18121346139307284,0.03577268123626709,0.19999999999999984,0.24004054069519043,4,0.44189772727272714,0.7252211570739746,"Finally, can art influence reality?",32,4.41256342380002
109,"Finally, can art influence reality?",5,0,5,"Finally,",0.024922242388129234,0.024922242388129234,0.09069927359522578,0.00952237844467163,0.10557280900008403,0.2747788429260254,5,0.463469696969697,0.7252211570739746,"Finally, can art influence reality?",32,4.41256342380002
110,Which neural net architectures are there?,6,1,1,neural,0.10266292095184326,0.10266292095184326,0.4669362469597512,0.20041275024414062,0.7642977396044841,0.20041275024414062,1,0.32320000000000004,0.780134916305542,"Neural networks are a broad and rapidly evolving field, so the list of architectures is extensive. Here are some of the most commonly used and well-known architectures:

1. **Feedforward Neural Networks**:
   - **Multilayer Percept",64,8.093038524166332
110,Which neural net architectures are there?,6,3,2,architectures,0.04102129861712456,0.04102129861712456,0.18657496829532266,0.11428749561309814,0.6127016653792583,0.22717642784118652,2,0.6262000000000001,0.780134916305542,"Neural networks are a broad and rapidly evolving field, so the list of architectures is extensive. Here are some of the most commonly used and well-known architectures:

1. **Feedforward Neural Networks**:
   - **Multilayer Percept",64,8.093038524166332
110,Which neural net architectures are there?,6,2,3,net,0.026573611423373222,0.026573611423373222,0.12086332895220318,0.1277087926864624,0.5285954792089682,0.22925961017608643,3,0.15149999999999997,0.780134916305542,"Neural networks are a broad and rapidly evolving field, so the list of architectures is extensive. Here are some of the most commonly used and well-known architectures:

1. **Feedforward Neural Networks**:
   - **Multilayer Percept",64,8.093038524166332
110,Which neural net architectures are there?,6,5,4,there?,0.023038815706968307,0.023038815706968307,0.10478620753110376,0.13514000177383423,0.6464466094067263,0.2354457974433899,4,0.34257499999999985,0.780134916305542,"Neural networks are a broad and rapidly evolving field, so the list of architectures is extensive. Here are some of the most commonly used and well-known architectures:

1. **Feedforward Neural Networks**:
   - **Multilayer Percept",64,8.093038524166332
110,Which neural net architectures are there?,6,0,5,Which,0.017088735476136208,0.017088735476136208,0.07772377733395995,0.12575960159301758,0.6127016653792583,0.24661433696746826,5,0.34263333333333335,0.780134916305542,"Neural networks are a broad and rapidly evolving field, so the list of architectures is extensive. Here are some of the most commonly used and well-known architectures:

1. **Feedforward Neural Networks**:
   - **Multilayer Percept",64,8.093038524166332
110,Which neural net architectures are there?,6,4,6,are,0.009479580447077751,0.009479580447077751,0.04311546637941293,0.13514000177383423,0.6464466094067263,0.219865083694458,6,0.08079999999999976,0.780134916305542,"Neural networks are a broad and rapidly evolving field, so the list of architectures is extensive. Here are some of the most commonly used and well-known architectures:

1. **Feedforward Neural Networks**:
   - **Multilayer Percept",64,8.093038524166332
112,What is a scary Halloween costume idea?,7,5,1,costume,0.09168624877929688,0.09168624877929688,0.3237922075525588,0.05947995185852051,0.1982162742627266,0.05947995185852051,1,0.4029197080291971,0.7168360948562622,What is a scary Halloween costume idea?,128,12.652612444428607
112,What is a scary Halloween costume idea?,7,0,2,What,0.05933254584670067,0.05933254584670067,0.20953432226965127,0.046619534492492676,0.2284832501895402,0.11900883913040161,2,0.20089781021897812,0.7168360948562622,What is a scary Halloween costume idea?,128,12.652612444428607
112,What is a scary Halloween costume idea?,7,4,3,Halloween,0.05812268704175949,0.05812268704175949,0.20526167660583106,5.960464477539063e-08,-4.440892098500626e-16,0.17582058906555176,3,0.4621572384428225,0.7168360948562622,What is a scary Halloween costume idea?,128,12.652612444428607
112,What is a scary Halloween costume idea?,7,3,4,scary,0.04042621701955795,0.04042621701955795,0.14276616423985708,5.960464477539063e-08,-4.440892098500626e-16,0.25075626373291016,4,0.4029197080291971,0.7168360948562622,What is a scary Halloween costume idea?,128,12.652612444428607
112,What is a scary Halloween costume idea?,7,2,5,a,0.0150484349578619,0.0150484349578619,0.053143912419693705,5.960464477539063e-08,-4.440892098500626e-16,0.2481183409690857,5,0.020145985401459787,0.7168360948562622,What is a scary Halloween costume idea?,128,12.652612444428607
112,What is a scary Halloween costume idea?,7,6,6,idea?,0.009975364431738853,0.009975364431738853,0.03522824102302388,0.0245019793510437,0.07417990022744825,0.21530723571777344,6,0.32173418491484185,0.7168360948562622,What is a scary Halloween costume idea?,128,12.652612444428607
112,What is a scary Halloween costume idea?,7,1,7,is,0.008572353050112724,0.008572353050112724,0.030273472357859897,5.960464477539063e-08,-4.440892098500626e-16,0.2831639051437378,7,0.10072992700729932,0.7168360948562622,What is a scary Halloween costume idea?,128,12.652612444428607
113,Teach me golden rules of accounting.,6,5,1,accounting.,0.09105998277664185,0.09105998277664185,0.3882079069849636,0.030553340911865234,0.1666666666666664,0.030553340911865234,1,0.623643361581921,0.7692679762840271,Teach me golden rules of accounting.,64,8.944963924666808
113,Teach me golden rules of accounting.,6,0,2,Teach,0.06308234483003616,0.06308234483003616,0.26893333720741563,0.038063764572143555,0.26970325665977835,0.2463708519935608,2,0.34176412429378533,0.7692679762840271,Teach me golden rules of accounting.,64,8.944963924666808
113,Teach me golden rules of accounting.,6,3,3,rules,0.035819586366415024,0.035819586366415024,0.15270644940139452,0.06540358066558838,0.40085531048472156,0.17919063568115234,3,0.2516949152542374,0.7692679762840271,Teach me golden rules of accounting.,64,8.944963924666808
113,Teach me golden rules of accounting.,6,2,4,golden,0.032576095312833786,0.032576095312833786,0.13887876313525768,0.027460873126983643,0.08712907082472299,0.23067301511764526,4,0.36449293785310743,0.7692679762840271,Teach me golden rules of accounting.,64,8.944963924666808
113,Teach me golden rules of accounting.,6,1,5,me,0.010110493749380112,0.010110493749380112,0.04310316669682284,0.07246112823486328,0.4139147374661689,0.24016106128692627,5,0.10067796610169488,0.7692679762840271,Teach me golden rules of accounting.,64,8.944963924666808
113,Teach me golden rules of accounting.,6,4,6,of,-0.0019164832774549723,0.0019164832774549723,0.00817037231093484,0.0,-2.220446049250313e-16,0.2307320237159729,6,0.04027118644067795,0.7692679762840271,Teach me golden rules of accounting.,64,8.944963924666808
114,How long is the Three Gorges Dam?,7,4,1,Three,0.08134853094816208,0.08134853094816208,0.30793411198443316,0.07107669115066528,0.14285714285714246,0.07107669115066528,1,0.2623008849557521,0.7358248829841614,How long is the Three Gorges Dam?,128,12.525098254999778
114,How long is the Three Gorges Dam?,7,1,2,long,0.042788051068782806,0.042788051068782806,0.1619685119797224,0.0,-4.440892098500626e-16,0.07107669115066528,2,0.16141592920353975,0.7358248829841614,How long is the Three Gorges Dam?,128,12.525098254999778
114,How long is the Three Gorges Dam?,7,0,3,How,0.04025460407137871,0.04025460407137871,0.1523784832193704,0.0,-4.440892098500626e-16,0.1308736801147461,3,0.20107153392330382,0.7358248829841614,How long is the Three Gorges Dam?,128,12.525098254999778
114,How long is the Three Gorges Dam?,7,5,4,Gorges,0.040197692811489105,0.040197692811489105,0.15216305316707865,0.0,-4.440892098500626e-16,0.1645227074623108,4,0.42104498525073764,0.7358248829841614,How long is the Three Gorges Dam?,128,12.525098254999778
114,How long is the Three Gorges Dam?,7,6,5,Dam?,0.03999203070998192,0.03999203070998192,0.15138454646439678,0.0,-4.440892098500626e-16,0.23964327573776245,5,0.3221010324483775,0.7358248829841614,How long is the Three Gorges Dam?,128,12.525098254999778
114,How long is the Three Gorges Dam?,7,2,6,is,0.010773858986794949,0.010773858986794949,0.04078301920237888,0.0,-4.440892098500626e-16,0.2641751170158386,6,0.08070796460176977,0.7358248829841614,How long is the Three Gorges Dam?,128,12.525098254999778
114,How long is the Three Gorges Dam?,7,3,7,the,0.008820350281894207,0.008820350281894207,0.03338827019725182,0.0,-4.440892098500626e-16,0.2641751170158386,7,0.06053097345132763,0.7358248829841614,How long is the Three Gorges Dam?,128,12.525098254999778
115,When was the first Assassin's Creed released?,7,4,1,Assassin's,0.11035947501659393,0.11035947501659393,0.3821271951033101,0.11857175827026367,0.2783121635129675,0.11857175827026367,1,0.5045454545454546,0.7111971378326416,"The first Assassin's Creed, titled ""Assassin's Creed: Shadows of Rome,"" was released on December 12, 2007.",128,15.04995234128572
115,When was the first Assassin's Creed released?,7,3,2,first,0.06452514231204987,0.06452514231204987,0.22342269788469063,0.13931715488433838,0.35450277563209676,0.20427542924880981,2,0.24254166666666677,0.7111971378326416,"The first Assassin's Creed, titled ""Assassin's Creed: Shadows of Rome,"" was released on December 12, 2007.",128,15.04995234128572
115,When was the first Assassin's Creed released?,7,5,3,Creed,0.04401417076587677,0.04401417076587677,0.15240206259619893,0.09762948751449585,0.2338691223171261,0.2676931619644165,3,0.28254545454545466,0.7111971378326416,"The first Assassin's Creed, titled ""Assassin's Creed: Shadows of Rome,"" was released on December 12, 2007.",128,15.04995234128572
115,When was the first Assassin's Creed released?,7,6,4,released?,0.02425331436097622,0.02425331436097622,0.08397875204938349,0.06995952129364014,0.2899530531953064,0.2620842456817627,4,0.6248977272727274,0.7111971378326416,"The first Assassin's Creed, titled ""Assassin's Creed: Shadows of Rome,"" was released on December 12, 2007.",128,15.04995234128572
115,When was the first Assassin's Creed released?,7,0,5,When,0.023883430287241936,0.023883430287241936,0.08269800326376073,0.11857175827026367,0.2783121635129675,0.25041335821151733,5,0.23137121212121212,0.7111971378326416,"The first Assassin's Creed, titled ""Assassin's Creed: Shadows of Rome,"" was released on December 12, 2007.",128,15.04995234128572
115,When was the first Assassin's Creed released?,7,1,6,was,0.011635285802185535,0.011635285802185535,0.04028796917660211,0.06368082761764526,0.2614510541240034,0.292902410030365,6,0.12109090909090908,0.7111971378326416,"The first Assassin's Creed, titled ""Assassin's Creed: Shadows of Rome,"" was released on December 12, 2007.",128,15.04995234128572
115,When was the first Assassin's Creed released?,7,2,7,the,0.010132166557013988,0.010132166557013988,0.03508331646348579,0.06368082761764526,0.2614510541240034,0.2888028621673584,7,0.06054545454545446,0.7111971378326416,"The first Assassin's Creed, titled ""Assassin's Creed: Shadows of Rome,"" was released on December 12, 2007.",128,15.04995234128572
116,how to increase adiponectin levels?,5,0,1,how,0.0875115916132927,0.0875115916132927,0.34355925557640915,0.07980704307556152,0.32917960675006297,0.07980704307556152,1,0.22088782051282055,0.7452794909477234,How to increase adiponectin levels?,32,4.200645592000365
116,how to increase adiponectin levels?,5,2,2,increase,0.06533821672201157,0.06533821672201157,0.2565094370229084,0.06885623931884766,0.19999999999999984,0.16917270421981812,2,0.4385878205128206,0.7452794909477234,How to increase adiponectin levels?,32,4.200645592000365
116,how to increase adiponectin levels?,5,3,3,adiponectin,0.05271627753973007,0.05271627753973007,0.20695732684580748,0.0671461820602417,0.19999999999999984,0.18792510032653809,3,0.7747384615384617,0.7452794909477234,How to increase adiponectin levels?,32,4.200645592000365
116,how to increase adiponectin levels?,5,4,4,levels?,0.04555818811058998,0.04555818811058998,0.1788555882042355,0.0,-2.220446049250313e-16,0.2650769352912903,4,0.44221474358974344,0.7452794909477234,How to increase adiponectin levels?,32,4.200645592000365
116,how to increase adiponectin levels?,5,1,5,to,0.003596243215724826,0.003596243215724826,0.014118388424767965,0.0,-2.220446049250313e-16,0.2547205090522766,5,0.06036923076923073,0.7452794909477234,How to increase adiponectin levels?,32,4.200645592000365
118,What does it mean to be self-aware?,7,6,1,self-aware?,0.1354786604642868,0.1354786604642868,0.5593486898613452,0.199867844581604,0.9557626044796191,0.199867844581604,1,0.6866666666666665,0.7577921152114868,"Being self-aware means having a clear understanding of your own character, feelings, and thoughts. It involves recognizing your strengths and weaknesses, understanding your motivations, and being aware of how your actions and words impact others.

Self-awareness is",128,14.783747597999795
118,What does it mean to be self-aware?,7,0,2,What,0.03467126563191414,0.03467126563191414,0.14314672835252962,0.09830474853515625,0.7788130223980957,0.2138768434524536,2,0.20134722222222223,0.7577921152114868,"Being self-aware means having a clear understanding of your own character, feelings, and thoughts. It involves recognizing your strengths and weaknesses, understanding your motivations, and being aware of how your actions and words impact others.

Self-awareness is",128,14.783747597999795
118,What does it mean to be self-aware?,7,1,3,does,0.0279966089874506,0.0279966089874506,0.11558917473810507,0.07263660430908203,0.793098527849408,0.1690213680267334,3,0.1415555555555555,0.7577921152114868,"Being self-aware means having a clear understanding of your own character, feelings, and thoughts. It involves recognizing your strengths and weaknesses, understanding your motivations, and being aware of how your actions and words impact others.

Self-awareness is",128,14.783747597999795
118,What does it mean to be self-aware?,7,4,4,to,0.01643688790500164,0.01643688790500164,0.06786272969892593,0.07263660430908203,0.793098527849408,0.2301011085510254,4,0.08087500000000003,0.7577921152114868,"Being self-aware means having a clear understanding of your own character, feelings, and thoughts. It involves recognizing your strengths and weaknesses, understanding your motivations, and being aware of how your actions and words impact others.

Self-awareness is",128,14.783747597999795
118,What does it mean to be self-aware?,7,3,5,mean,0.01195007748901844,0.01195007748901844,0.049338103612162884,0.024879932403564453,0.054794520547946535,0.2506629228591919,5,0.22244444444444444,0.7577921152114868,"Being self-aware means having a clear understanding of your own character, feelings, and thoughts. It involves recognizing your strengths and weaknesses, understanding your motivations, and being aware of how your actions and words impact others.

Self-awareness is",128,14.783747597999795
118,What does it mean to be self-aware?,7,2,6,it,0.009881852194666862,0.009881852194666862,0.04079905322024816,0.024879932403564453,0.054794520547946535,0.3157126307487488,6,0.0606666666666667,0.7577921152114868,"Being self-aware means having a clear understanding of your own character, feelings, and thoughts. It involves recognizing your strengths and weaknesses, understanding your motivations, and being aware of how your actions and words impact others.

Self-awareness is",128,14.783747597999795
118,What does it mean to be self-aware?,7,5,7,be,0.00579252652823925,0.00579252652823925,0.02391551638799832,0.07263660430908203,0.793098527849408,0.24220788478851318,7,0.09155555555555572,0.7577921152114868,"Being self-aware means having a clear understanding of your own character, feelings, and thoughts. It involves recognizing your strengths and weaknesses, understanding your motivations, and being aware of how your actions and words impact others.

Self-awareness is",128,14.783747597999795
119,What is the national language of Chile?,7,6,1,Chile?,0.1125238761305809,0.1125238761305809,0.3658062324002248,0.13584411144256592,0.28571428571428537,0.13584411144256592,1,0.3821428571428571,0.7051345705986023,The national language of Chile is Spanish.,128,13.645772358570996
119,What is the national language of Chile?,7,4,2,language,0.08535681664943695,0.08535681664943695,0.27748826810740723,0.0,-4.440892098500626e-16,0.1757950782775879,2,0.38271428571428556,0.7051345705986023,The national language of Chile is Spanish.,128,13.645772358570996
119,What is the national language of Chile?,7,3,3,national,0.0663355141878128,0.0663355141878128,0.2156515164054204,0.012106776237487793,0.14285714285714246,0.17698895931243896,3,0.35250000000000004,0.7051345705986023,The national language of Chile is Spanish.,128,13.645772358570996
119,What is the national language of Chile?,7,0,4,What,0.015094215050339699,0.015094215050339699,0.04907010075084791,0.05364960432052612,0.2284832501895402,0.2812041640281677,4,0.22104166666666664,0.7051345705986023,The national language of Chile is Spanish.,128,13.645772358570996
119,What is the national language of Chile?,7,5,5,of,0.013313357718288898,0.013313357718288898,0.043280674244389576,0.06145942211151123,0.14285714285714246,0.2812041640281677,5,0.04028571428571426,0.7051345705986023,The national language of Chile is Spanish.,128,13.645772358570996
119,What is the national language of Chile?,7,1,6,is,0.008611513301730156,0.008611513301730156,0.027995349471561667,0.0,-4.440892098500626e-16,0.29927748441696167,6,0.10071428571428576,0.7051345705986023,The national language of Chile is Spanish.,128,13.645772358570996
119,What is the national language of Chile?,7,2,7,the,-0.006369842682033777,0.006369842682033777,0.020707855369227316,0.0,-4.440892098500626e-16,0.2948654294013977,7,0.07050000000000001,0.7051345705986023,The national language of Chile is Spanish.,128,13.645772358570996
120,When was the Hoover Dam built?,6,3,1,Hoover,0.1375662088394165,0.1375662088394165,0.4780409464224831,0.17993348836898804,0.49604736932103033,0.17993348836898804,1,0.3206969696969698,0.7122294902801514,The Hoover Dam was built between 1931 and 1936.,64,7.656934812500064
120,When was the Hoover Dam built?,6,0,2,When,0.049529336392879486,0.049529336392879486,0.17211385735408535,0.07940083742141724,0.3195861825602283,0.24569350481033325,2,0.24099242424242423,0.7122294902801514,The Hoover Dam was built between 1931 and 1936.,64,7.656934812500064
120,When was the Hoover Dam built?,6,5,3,built?,0.04677405208349228,0.04677405208349228,0.16253927701175724,0.07940083742141724,0.3195861825602283,0.28255975246429443,3,0.35895833333333327,0.7122294902801514,The Hoover Dam was built between 1931 and 1936.,64,7.656934812500064
120,When was the Hoover Dam built?,6,2,4,the,0.02704371139407158,0.02704371139407158,0.09397657679648318,0.012088418006896973,0.2440710539815456,0.2683309316635132,4,0.08048484848484855,0.7122294902801514,The Hoover Dam was built between 1931 and 1936.,64,7.656934812500064
120,When was the Hoover Dam built?,6,1,5,was,0.016157953068614006,0.016157953068614006,0.05614869554329915,-2.384185791015625e-07,-2.220446049250313e-16,0.2635155916213989,5,0.12072727272727268,0.7122294902801514,The Hoover Dam was built between 1931 and 1936.,64,7.656934812500064
120,When was the Hoover Dam built?,6,4,6,Dam,0.010699502192437649,0.010699502192437649,0.037180643396903704,-2.384185791015625e-07,-2.220446049250313e-16,0.28777050971984863,6,0.29646969696969705,0.7122294902801514,The Hoover Dam was built between 1931 and 1936.,64,7.656934812500064
121,Who won the 2015 Vuelta a España?,3,0,1,Who,0.06352946907281876,0.06352946907281876,0.7426158167148672,0.08809840679168701,0.14285714285714246,0.08809840679168701,1,0.24049761904761904,0.9584892988204956,Who won the 2015 Vuelta a España?,8,2.2276376926674857
121,Who won the 2015 Vuelta a España?,3,2,2,the,-0.01558956503868103,0.01558956503868103,0.18223129741820754,0.0,-4.440892098500626e-16,0.05357474088668823,2,0.06017142857142854,0.9584892988204956,Who won the 2015 Vuelta a España?,8,2.2276376926674857
121,Who won the 2015 Vuelta a España?,3,1,3,won,-0.006429195404052734,0.006429195404052734,0.0751528741776128,0.0,-4.440892098500626e-16,0.041510701179504395,3,0.14040000000000002,0.9584892988204956,Who won the 2015 Vuelta a España?,8,2.2276376926674857
123,What can I do about my headache?,7,6,1,headache?,0.0906076431274414,0.0906076431274414,0.390111274238244,0.07349538803100586,0.14285714285714246,0.07349538803100586,1,0.4839517326732672,0.798797607421875,What can I do about my headache?,128,13.181770068143253
123,What can I do about my headache?,7,1,2,can,0.0539737269282341,0.0539737269282341,0.23238392105338282,0.0489506721496582,0.14285714285714246,0.12542366981506348,2,0.1312871287128713,0.798797607421875,What can I do about my headache?,128,13.181770068143253
123,What can I do about my headache?,7,0,3,What,0.024920715019106865,0.024920715019106865,0.1072961568745139,-1.1920928955078125e-07,-4.440892098500626e-16,0.12542366981506348,3,0.20119925742574257,0.798797607421875,What can I do about my headache?,128,13.181770068143253
123,What can I do about my headache?,7,3,4,do,0.02175486646592617,0.02175486646592617,0.09366559359643013,-1.1920928955078125e-07,-4.440892098500626e-16,0.12542366981506348,4,0.10307136963696362,0.798797607421875,What can I do about my headache?,128,13.181770068143253
123,What can I do about my headache?,7,4,5,about,0.019254598766565323,0.019254598766565323,0.08290068917481871,-1.1920928955078125e-07,-4.440892098500626e-16,0.201202392578125,5,0.22217821782178238,0.798797607421875,What can I do about my headache?,128,13.181770068143253
123,What can I do about my headache?,7,2,6,I,-0.015529251657426357,0.015529251657426357,0.06686120445185924,-1.1920928955078125e-07,-4.440892098500626e-16,0.152157723903656,6,0.05049504950495043,0.798797607421875,What can I do about my headache?,128,13.181770068143253
123,What can I do about my headache?,7,5,7,my,0.006220218725502491,0.006220218725502491,0.02678115630525048,-1.1920928955078125e-07,-4.440892098500626e-16,0.201202392578125,7,0.1211881188118813,0.798797607421875,What can I do about my headache?,128,13.181770068143253
124,Tell how communism made cheaper medicine?,6,2,1,communism,0.10136393457651138,0.10136393457651138,0.3412352510271572,0.07122427225112915,0.2284832501895402,0.07122427225112915,1,0.5247272727272727,0.7029498815536499,Tell how communism made cheaper medicine.,64,7.144073774667049
124,Tell how communism made cheaper medicine?,6,5,2,medicine?,0.06921986490488052,0.06921986490488052,0.2330242810282172,0.052184224128723145,0.1666666666666664,0.13066601753234863,2,0.5037992424242421,0.7029498815536499,Tell how communism made cheaper medicine.,64,7.144073774667049
124,Tell how communism made cheaper medicine?,6,4,3,cheaper,0.05769265070557594,0.05769265070557594,0.19421864618997564,0.028908133506774902,0.08712907082472299,0.1969582438468933,3,0.3632727272727274,0.7029498815536499,Tell how communism made cheaper medicine.,64,7.144073774667049
124,Tell how communism made cheaper medicine?,6,0,4,Tell,0.03213253244757652,0.03213253244757652,0.10817213066656019,0.014923572540283203,0.08712907082472299,0.25063902139663696,4,0.2818295454545455,0.7029498815536499,Tell how communism made cheaper medicine.,64,7.144073774667049
124,Tell how communism made cheaper medicine?,6,1,5,how,0.019458690658211708,0.019458690658211708,0.06550644683590771,1.1920928955078125e-07,-2.220446049250313e-16,0.21426880359649658,5,0.16145454545454546,0.7029498815536499,Tell how communism made cheaper medicine.,64,7.144073774667049
124,Tell how communism made cheaper medicine?,6,3,6,made,0.017182335257530212,0.017182335257530212,0.057843240885745495,1.1920928955078125e-07,-2.220446049250313e-16,0.2970501184463501,6,0.17154545454545422,0.7029498815536499,Tell how communism made cheaper medicine.,64,7.144073774667049
128,Digital transformation project plan example,5,2,1,project,0.0537639856338501,0.0537639856338501,0.23048835101480433,0.11591160297393799,0.7459997459996189,0.11591160297393799,1,0.42335999999999996,0.7667388319969177,"Here's a basic example of a Digital Transformation Project Plan:

---

**Project Title:** Modernizing Customer Service Portal

**Project Duration:** 12 months

**Project Overview:**
The goal of this project is to modernize the existing customer",32,4.087627525400603
128,Digital transformation project plan example,5,1,2,transformation,0.04903678596019745,0.04903678596019745,0.21022265744963226,0.12223291397094727,0.49199949199923787,0.14193195104599,2,0.72576,0.7667388319969177,"Here's a basic example of a Digital Transformation Project Plan:

---

**Project Title:** Modernizing Customer Service Portal

**Project Duration:** 12 months

**Project Overview:**
The goal of this project is to modernize the existing customer",32,4.087627525400603
128,Digital transformation project plan example,5,4,3,example,0.04700604826211929,0.04700604826211929,0.20151680393346474,0.12413644790649414,0.5554995554993332,0.1772356629371643,3,0.5436716666666666,0.7667388319969177,"Here's a basic example of a Digital Transformation Project Plan:

---

**Project Title:** Modernizing Customer Service Portal

**Project Duration:** 12 months

**Project Overview:**
The goal of this project is to modernize the existing customer",32,4.087627525400603
128,Digital transformation project plan example,5,0,4,Digital,0.04252885282039642,0.04252885282039642,0.18232288848304495,0.12114924192428589,0.49199949199923787,0.18486851453781128,4,0.5033966666666666,0.7667388319969177,"Here's a basic example of a Digital Transformation Project Plan:

---

**Project Title:** Modernizing Customer Service Portal

**Project Duration:** 12 months

**Project Overview:**
The goal of this project is to modernize the existing customer",32,4.087627525400603
128,Digital transformation project plan example,5,3,5,plan,0.040925510227680206,0.040925510227680206,0.1754492948320138,0.11437976360321045,0.49199949199923787,0.23326116800308228,5,0.28224000000000027,0.7667388319969177,"Here's a basic example of a Digital Transformation Project Plan:

---

**Project Title:** Modernizing Customer Service Portal

**Project Duration:** 12 months

**Project Overview:**
The goal of this project is to modernize the existing customer",32,4.087627525400603
129,What is farm to table dining?,6,2,1,farm,0.06343177706003189,0.06343177706003189,0.3270258774297823,0.15431827306747437,0.6247606128067719,0.15431827306747437,1,0.30320521806853573,0.8060343861579895,"""Farm to table dining"" refers to a culinary approach that emphasizes the direct connection between the farm where food is produced and the table where it is consumed. Here are some key aspects of this concept:

1. **Local and Season",64,7.917471428499994
129,What is farm to table dining?,6,5,2,dining?,0.047350309789180756,0.047350309789180756,0.24411702340806313,0.06788802146911621,0.262533585564408,0.22209954261779785,2,0.4837278037383179,0.8060343861579895,"""Farm to table dining"" refers to a culinary approach that emphasizes the direct connection between the farm where food is produced and the table where it is consumed. Here are some key aspects of this concept:

1. **Local and Season",64,7.917471428499994
129,What is farm to table dining?,6,4,3,table,0.04567873105406761,0.04567873105406761,0.2354991109376937,0.10209578275680542,0.5175493593229924,0.2270095944404602,3,0.3835514018691589,0.8060343861579895,"""Farm to table dining"" refers to a culinary approach that emphasizes the direct connection between the farm where food is produced and the table where it is consumed. Here are some key aspects of this concept:

1. **Local and Season",64,7.917471428499994
129,What is farm to table dining?,6,3,4,to,0.017735183238983154,0.017735183238983154,0.09143467405331303,0.10209578275680542,0.5175493593229924,0.2270095944404602,4,0.040373831775700975,0.8060343861579895,"""Farm to table dining"" refers to a culinary approach that emphasizes the direct connection between the farm where food is produced and the table where it is consumed. Here are some key aspects of this concept:

1. **Local and Season",64,7.917471428499994
129,What is farm to table dining?,6,0,5,What,0.01586153358221054,0.01586153358221054,0.08177497427188984,0.09114587306976318,0.46394373258110266,0.2387528419494629,5,0.22132515576323988,0.8060343861579895,"""Farm to table dining"" refers to a culinary approach that emphasizes the direct connection between the farm where food is produced and the table where it is consumed. Here are some key aspects of this concept:

1. **Local and Season",64,7.917471428499994
129,What is farm to table dining?,6,1,6,is,0.003908084239810705,0.003908084239810705,0.020148334743705146,0.10209578275680542,0.5175493593229924,0.1939656138420105,6,0.12112149532710281,0.8060343861579895,"""Farm to table dining"" refers to a culinary approach that emphasizes the direct connection between the farm where food is produced and the table where it is consumed. Here are some key aspects of this concept:

1. **Local and Season",64,7.917471428499994
130,What does Zabbaleen refer to?,5,2,1,Zabbaleen,0.10024479031562805,0.10024479031562805,0.3774413358101891,0.24409520626068115,0.8529570755812383,0.24409520626068115,1,0.46963970588235293,0.7355973720550537,"Zaboline refers to a type of medication used to treat attention deficit hyperactivity disorder (ADHD). It is a brand name for lisdexamfetamine, a dextroamphetamine-based stimulant medication.",32,5.051191622599435
130,What does Zabbaleen refer to?,5,3,2,refer,0.06164737418293953,0.06164737418293953,0.23211447884261538,0.17530786991119385,0.8529570755812383,0.25935375690460205,2,0.35373774509803924,0.7355973720550537,"Zaboline refers to a type of medication used to treat attention deficit hyperactivity disorder (ADHD). It is a brand name for lisdexamfetamine, a dextroamphetamine-based stimulant medication.",32,5.051191622599435
130,What does Zabbaleen refer to?,5,1,3,does,0.06122903898358345,0.06122903898358345,0.23053936460511507,0.20903217792510986,0.653022882032373,0.2649121880531311,3,0.172,0.7355973720550537,"Zaboline refers to a type of medication used to treat attention deficit hyperactivity disorder (ADHD). It is a brand name for lisdexamfetamine, a dextroamphetamine-based stimulant medication.",32,5.051191622599435
130,What does Zabbaleen refer to?,5,0,4,What,0.04187530651688576,0.04187530651688576,0.15766875844051143,0.17104876041412354,0.8529570755812383,0.2644026279449463,4,0.20143382352941175,0.7355973720550537,"Zaboline refers to a type of medication used to treat attention deficit hyperactivity disorder (ADHD). It is a brand name for lisdexamfetamine, a dextroamphetamine-based stimulant medication.",32,5.051191622599435
130,What does Zabbaleen refer to?,5,4,5,to?,-0.0005938756512477994,0.0005938756512477994,0.0022360585363723406,0.0,-1.5543122344752192e-15,0.2644026279449463,5,0.12044607843137256,0.7355973720550537,"Zaboline refers to a type of medication used to treat attention deficit hyperactivity disorder (ADHD). It is a brand name for lisdexamfetamine, a dextroamphetamine-based stimulant medication.",32,5.051191622599435
131,Is a thumb war violent?,5,2,1,thumb,0.10289974510669708,0.10289974510669708,0.4297962589769967,0.2169351577758789,0.7278344730240912,0.2169351577758789,1,0.23649379432624118,0.7605849504470825,"A thumb war is a game where two people, usually children, interlock their thumbs and try to break the other person's grip. It is not violent in the sense of causing physical harm, but it can be competitive and sometimes frustrating if one",32,4.383253060400603
131,Is a thumb war violent?,5,4,2,violent?,0.046622101217508316,0.046622101217508316,0.1947332781840663,0.1133992075920105,0.5917517095361369,0.18315482139587402,2,0.7052393617021278,0.7605849504470825,"A thumb war is a game where two people, usually children, interlock their thumbs and try to break the other person's grip. It is not violent in the sense of causing physical harm, but it can be competitive and sometimes frustrating if one",32,4.383253060400603
131,Is a thumb war violent?,5,3,3,war,0.04363270103931427,0.04363270103931427,0.1822470177774859,0.12528842687606812,0.5917517095361368,0.25903981924057007,3,0.21178723404255329,0.7605849504470825,"A thumb war is a game where two people, usually children, interlock their thumbs and try to break the other person's grip. It is not violent in the sense of causing physical harm, but it can be competitive and sometimes frustrating if one",32,4.383253060400603
131,Is a thumb war violent?,5,0,4,Is,0.03143611550331116,0.03143611550331116,0.13130377364960596,0.11546432971954346,0.659793091280114,0.2734196186065674,4,0.15062056737588653,0.7605849504470825,"A thumb war is a game where two people, usually children, interlock their thumbs and try to break the other person's grip. It is not violent in the sense of causing physical harm, but it can be competitive and sometimes frustrating if one",32,4.383253060400603
131,Is a thumb war violent?,5,1,5,a,0.014824507758021355,0.014824507758021355,0.06191966723500039,0.08071184158325195,0.5635642195280148,0.23941504955291748,5,0.02017021276595743,0.7605849504470825,"A thumb war is a game where two people, usually children, interlock their thumbs and try to break the other person's grip. It is not violent in the sense of causing physical harm, but it can be competitive and sometimes frustrating if one",32,4.383253060400603
133,Where can we find fish fillet?,6,4,1,fish,0.08667083829641342,0.08667083829641342,0.37188426087191234,0.16505944728851318,0.8782838761099631,0.16505944728851318,1,0.24279826732673282,0.7669411897659302,"Fish fillet is a type of fish that is commonly found in many countries around the world. Here are a few examples:

1. **United States**: Fish fillet is widely available in supermarkets, grocery stores, and seafood",64,10.71438259100008
133,Where can we find fish fillet?,6,5,2,fillet?,0.06935976445674896,0.06935976445674896,0.29760649886682145,0.14090073108673096,0.5133357366077124,0.19724202156066895,2,0.4031390264026402,0.7669411897659302,"Fish fillet is a type of fish that is commonly found in many countries around the world. Here are a few examples:

1. **United States**: Fish fillet is widely available in supermarkets, grocery stores, and seafood",64,10.71438259100008
133,Where can we find fish fillet?,6,0,3,Where,0.02835693396627903,0.02835693396627903,0.12167295985505303,0.11468565464019775,0.7222222222222221,0.20147693157196045,3,0.2416056105610561,0.7669411897659302,"Fish fillet is a type of fish that is commonly found in many countries around the world. Here are a few examples:

1. **United States**: Fish fillet is widely available in supermarkets, grocery stores, and seafood",64,10.71438259100008
133,Where can we find fish fillet?,6,3,4,find,0.025495726615190506,0.025495726615190506,0.10939618946866496,0.10782468318939209,0.3347064896144455,0.23115050792694092,4,0.24658787128712878,0.7669411897659302,"Fish fillet is a type of fish that is commonly found in many countries around the world. Here are a few examples:

1. **United States**: Fish fillet is widely available in supermarkets, grocery stores, and seafood",64,10.71438259100008
133,Where can we find fish fillet?,6,2,5,we,0.013191376812756062,0.013191376812756062,0.056601107273444654,0.08898764848709106,0.5818333012085464,0.2435128092765808,5,0.09089108910891086,0.7669411897659302,"Fish fillet is a type of fish that is commonly found in many countries around the world. Here are a few examples:

1. **United States**: Fish fillet is widely available in supermarkets, grocery stores, and seafood",64,10.71438259100008
133,Where can we find fish fillet?,6,1,6,can,0.00998399406671524,0.00998399406671524,0.04283897937333786,0.07258182764053345,0.2663411142610064,0.23305881023406982,6,0.0924344059405941,0.7669411897659302,"Fish fillet is a type of fish that is commonly found in many countries around the world. Here are a few examples:

1. **United States**: Fish fillet is widely available in supermarkets, grocery stores, and seafood",64,10.71438259100008
134,Why do they call them soap opera?,7,5,1,soap,0.0980110764503479,0.0980110764503479,0.41496003611840954,0.08453118801116943,0.1982162742627266,0.08453118801116943,1,0.20198019801980216,0.7638058662414551,Why do they call them soap opera?,128,16.70639269471368
134,Why do they call them soap opera?,7,6,2,opera?,0.05539696663618088,0.05539696663618088,0.23454009596400419,0.10841196775436401,0.7182819150904944,0.18785351514816284,2,0.30214892739273935,0.7638058662414551,Why do they call them soap opera?,128,16.70639269471368
134,Why do they call them soap opera?,7,3,3,call,0.027020616456866264,0.027020616456866264,0.11440009014249651,1.1920928955078125e-07,-4.440892098500626e-16,0.21060901880264282,3,0.24237623762376237,0.7638058662414551,Why do they call them soap opera?,128,16.70639269471368
134,Why do they call them soap opera?,7,0,4,Why,0.02579164318740368,0.02579164318740368,0.1091968538272306,0.03297579288482666,0.14285714285714246,0.13660931587219238,4,0.22139727722772273,0.7638058662414551,Why do they call them soap opera?,128,16.70639269471368
134,Why do they call them soap opera?,7,2,5,they,0.021891674026846886,0.021891674026846886,0.09268513492426383,1.1920928955078125e-07,-4.440892098500626e-16,0.23460173606872559,5,0.12118811881188113,0.7638058662414551,Why do they call them soap opera?,128,16.70639269471368
134,Why do they call them soap opera?,7,4,6,them,0.004243161529302597,0.004243161529302597,0.017964729347173716,0.005973100662231445,0.14285714285714246,0.23481965065002441,6,0.13720379537953786,0.7638058662414551,Why do they call them soap opera?,128,16.70639269471368
134,Why do they call them soap opera?,7,1,7,do,0.003838874399662018,0.003838874399662018,0.016253055442614052,1.1920928955078125e-07,-4.440892098500626e-16,0.23619413375854492,7,0.04192904290429039,0.7638058662414551,Why do they call them soap opera?,128,16.70639269471368
136,Why do we need artificial intelligence assistants?,7,4,1,artificial,0.07489021867513657,0.07489021867513657,0.31623297854259813,0.1447620391845703,0.894590744661054,0.1447620391845703,1,0.48126315789473684,0.7631804943084717,"Artificial Intelligence (AI) assistance is needed for several reasons:

1. **Efficiency**: AI can handle repetitive tasks quickly and accurately, freeing up human resources for more complex and creative work.

2. **Scalability**: AI can",128,20.959354134571704
136,Why do we need artificial intelligence assistants?,7,0,2,Why,0.0423508957028389,0.0423508957028389,0.1788317637334131,0.10976135730743408,0.8309691490542966,0.13684558868408203,2,0.2003201754385965,0.7631804943084717,"Artificial Intelligence (AI) assistance is needed for several reasons:

1. **Efficiency**: AI can handle repetitive tasks quickly and accurately, freeing up human resources for more complex and creative work.

2. **Scalability**: AI can",128,20.959354134571704
136,Why do we need artificial intelligence assistants?,7,5,3,intelligence,0.03710325062274933,0.03710325062274933,0.1566729496269979,0.05659961700439453,0.3793671091658247,0.16472476720809937,3,0.5815263157894737,0.7631804943084717,"Artificial Intelligence (AI) assistance is needed for several reasons:

1. **Efficiency**: AI can handle repetitive tasks quickly and accurately, freeing up human resources for more complex and creative work.

2. **Scalability**: AI can",128,20.959354134571704
136,Why do we need artificial intelligence assistants?,7,3,4,need,0.035711921751499176,0.035711921751499176,0.15079789570311583,0.11854904890060425,0.8873127660361978,0.162602961063385,4,0.18047368421052634,0.7631804943084717,"Artificial Intelligence (AI) assistance is needed for several reasons:

1. **Efficiency**: AI can handle repetitive tasks quickly and accurately, freeing up human resources for more complex and creative work.

2. **Scalability**: AI can",128,20.959354134571704
136,Why do we need artificial intelligence assistants?,7,1,5,do,0.02221415936946869,0.02221415936946869,0.0938019664984539,0.06595849990844727,0.604222832397239,0.162602961063385,5,0.06015789473684213,0.7631804943084717,"Artificial Intelligence (AI) assistance is needed for several reasons:

1. **Efficiency**: AI can handle repetitive tasks quickly and accurately, freeing up human resources for more complex and creative work.

2. **Scalability**: AI can",128,20.959354134571704
136,Why do we need artificial intelligence assistants?,7,2,6,we,0.019129717722535133,0.019129717722535133,0.08077753972542236,0.073799729347229,0.6086031561679348,0.2607996463775635,6,0.0701842105263158,0.7631804943084717,"Artificial Intelligence (AI) assistance is needed for several reasons:

1. **Efficiency**: AI can handle repetitive tasks quickly and accurately, freeing up human resources for more complex and creative work.

2. **Scalability**: AI can",128,20.959354134571704
136,Why do we need artificial intelligence assistants?,7,6,7,assistants?,0.005419597029685974,0.005419597029685974,0.022884901947378213,0.04351752996444702,0.19096016504410962,0.23681950569152832,7,0.7617565789473688,0.7631804943084717,"Artificial Intelligence (AI) assistance is needed for several reasons:

1. **Efficiency**: AI can handle repetitive tasks quickly and accurately, freeing up human resources for more complex and creative work.

2. **Scalability**: AI can",128,20.959354134571704
137,Who wrote the Federalist papers?,5,4,1,papers?,0.13113488256931305,0.13113488256931305,0.433146480704605,0.22147679328918457,1.0,0.22147679328918457,1,0.5224869047619047,0.7084373831748962,Who wrote the Federalist Papers?,32,3.933006648000446
137,Who wrote the Federalist papers?,5,3,2,Federalist,0.1277235746383667,0.1277235746383667,0.4218787234462865,0.09060096740722656,0.19999999999999984,0.19913315773010254,2,0.5028571428571429,0.7084373831748962,Who wrote the Federalist Papers?,32,3.933006648000446
137,Who wrote the Federalist papers?,5,1,3,wrote,0.026450829580426216,0.026450829580426216,0.08736869641396208,5.960464477539063e-08,-2.220446049250313e-16,0.1760217547416687,3,0.2112,0.7084373831748962,Who wrote the Federalist Papers?,32,3.933006648000446
137,Who wrote the Federalist papers?,5,0,4,Who,0.011846738867461681,0.011846738867461681,0.039130497909701724,5.960464477539063e-08,-2.220446049250313e-16,0.29156261682510376,4,0.17055357142857144,0.7084373831748962,Who wrote the Federalist Papers?,32,3.933006648000446
137,Who wrote the Federalist papers?,5,2,5,the,-0.005593478213995695,0.005593478213995695,0.018475598222383847,5.960464477539063e-08,-2.220446049250313e-16,0.29156261682510376,5,0.06034285714285714,0.7084373831748962,Who wrote the Federalist Papers?,32,3.933006648000446
140,When was the Epic of Gilgamesh discovered?,7,6,1,discovered?,0.0726218894124031,0.0726218894124031,0.3311262927114716,0.09950089454650879,0.3453463292920227,0.09950089454650879,1,0.5422083333333336,0.8136100769042969,The Epic of Gilgamesh was discovered in the 19th century.,128,15.587134526142368
140,When was the Epic of Gilgamesh discovered?,7,5,2,Gilgamesh,0.04386114329099655,0.04386114329099655,0.1999889825168035,0.06995856761932373,0.2362373841740265,0.08316934108734131,2,0.589596544715447,0.8136100769042969,The Epic of Gilgamesh was discovered in the 19th century.,128,15.587134526142368
140,When was the Epic of Gilgamesh discovered?,7,4,3,of,0.03844622150063515,0.03844622150063515,0.17529914048332557,0.06995856761932373,0.2362373841740265,0.20608574151992798,3,0.06029268292682932,0.8136100769042969,The Epic of Gilgamesh was discovered in the 19th century.,128,15.587134526142368
140,When was the Epic of Gilgamesh discovered?,7,0,4,When,0.02753245271742344,0.02753245271742344,0.12553679161117032,0.06995856761932373,0.2362373841740265,0.17836475372314453,4,0.2307337398373984,0.8136100769042969,The Epic of Gilgamesh was discovered in the 19th century.,128,15.587134526142368
140,When was the Epic of Gilgamesh discovered?,7,3,5,Epic,0.01992831751704216,0.01992831751704216,0.09086502640990556,0.0,-2.220446049250313e-16,0.19500374794006348,5,0.2009756097560974,0.8136100769042969,The Epic of Gilgamesh was discovered in the 19th century.,128,15.587134526142368
140,When was the Epic of Gilgamesh discovered?,7,2,6,the,-0.016463937237858772,0.016463937237858772,0.07506886071288904,0.0,-2.220446049250313e-16,0.19500374794006348,6,0.06029268292682921,0.8136100769042969,The Epic of Gilgamesh was discovered in the 19th century.,128,15.587134526142368
140,When was the Epic of Gilgamesh discovered?,7,1,7,was,0.0004638354294002056,0.0004638354294002056,0.0021149009948409885,0.0,-2.220446049250313e-16,0.18638992309570312,7,0.11053658536585359,0.8136100769042969,The Epic of Gilgamesh was discovered in the 19th century.,128,15.587134526142368
141,What currency is used in Romania?,6,1,1,currency,0.081245556473732,0.081245556473732,0.3442279633415137,0.14330816268920898,0.4836022205056776,0.14330816268920898,1,0.46460000000000007,0.763977587223053,The currency used in Romania is the **Romanian Leu** (RON).,64,7.5390284698332835
141,What currency is used in Romania?,6,5,2,Romania?,0.08115429431200027,0.08115429431200027,0.3438412961879296,0.09790509939193726,0.41074434901121026,0.20397984981536865,2,0.7465666666666664,0.763977587223053,The currency used in Romania is the **Romanian Leu** (RON).,64,7.5390284698332835
141,What currency is used in Romania?,6,3,3,used,0.038442470133304596,0.038442470133304596,0.16287627008971062,0.09790509939193726,0.41074434901121026,0.23888927698135376,3,0.28279999999999994,0.763977587223053,The currency used in Romania is the **Romanian Leu** (RON).,64,7.5390284698332835
141,What currency is used in Romania?,6,0,4,What,0.012932001613080502,0.012932001613080502,0.054791385158881045,0.08439642190933228,0.354502775632097,0.23810988664627075,4,0.2618333333333333,0.763977587223053,The currency used in Romania is the **Romanian Leu** (RON).,64,7.5390284698332835
141,What currency is used in Romania?,6,4,5,in,0.01189494226127863,0.01189494226127863,0.05039748543034084,0.09790509939193726,0.41074434901121026,0.2569817304611206,5,0.060599999999999765,0.763977587223053,The currency used in Romania is the **Romanian Leu** (RON).,64,7.5390284698332835
141,What currency is used in Romania?,6,2,6,is,0.010353269055485725,0.010353269055485725,0.04386559555474065,0.09790509939193726,0.41074434901121026,0.23602241277694702,6,0.09089999999999998,0.763977587223053,The currency used in Romania is the **Romanian Leu** (RON).,64,7.5390284698332835
142,What does sui generis mean?,5,2,1,sui,0.10035329312086105,0.10035329312086105,0.43574134245933993,0.2348264455795288,0.9354502775632098,0.2348264455795288,1,0.28224000000000005,0.7696952819824219,"""Sui generis"" is a Latin phrase that means ""of its own kind"" or ""of its own type."" It's often used to describe something that is unique, novel, or not easily classifiable within existing categories. For",32,5.63019897940103
142,What does sui generis mean?,5,3,2,generis,0.04906456917524338,0.04906456917524338,0.2130419498427543,0.15162014961242676,0.9354502775632098,0.20142370462417603,2,0.4500416666666667,0.7696952819824219,"""Sui generis"" is a Latin phrase that means ""of its own kind"" or ""of its own type."" It's often used to describe something that is unique, novel, or not easily classifiable within existing categories. For",32,5.63019897940103
142,What does sui generis mean?,5,0,3,What,0.04006655886769295,0.04006655886769295,0.17397193062422242,0.0933384895324707,0.8556624327025936,0.20756393671035767,3,0.22115666666666667,0.7696952819824219,"""Sui generis"" is a Latin phrase that means ""of its own kind"" or ""of its own type."" It's often used to describe something that is unique, novel, or not easily classifiable within existing categories. For",32,5.63019897940103
142,What does sui generis mean?,5,4,4,mean?,0.020559046417474747,0.020559046417474747,0.08926888402999589,0.010177910327911377,0.10781696606708735,0.20756393671035767,4,0.4428766666666666,0.7696952819824219,"""Sui generis"" is a Latin phrase that means ""of its own kind"" or ""of its own type."" It's often used to describe something that is unique, novel, or not easily classifiable within existing categories. For",32,5.63019897940103
142,What does sui generis mean?,5,1,5,does,0.020261263474822044,0.020261263474822044,0.0879758887016143,0.01965808868408203,0.15932719252329253,0.23030471801757812,5,0.16126333333333331,0.7696952819824219,"""Sui generis"" is a Latin phrase that means ""of its own kind"" or ""of its own type."" It's often used to describe something that is unique, novel, or not easily classifiable within existing categories. For",32,5.63019897940103
147,Where did Julio Licinio go to school?,7,2,1,Julio,0.09806384891271591,0.09806384891271591,0.3422925398095544,0.13527393341064453,0.7480236846605152,0.13527393341064453,1,0.3223522727272726,0.7135086059570312,Julio Lacheinio went to school in the United States.,128,13.832467494142682
147,Where did Julio Licinio go to school?,7,3,2,Licinio,0.08453793078660965,0.08453793078660965,0.29508022946303836,0.12948960065841675,0.11111111111111094,0.2751886248588562,2,0.6357272727272727,0.7135086059570312,Julio Lacheinio went to school in the United States.,128,13.832467494142682
147,Where did Julio Licinio go to school?,7,6,3,school?,0.040368881076574326,0.040368881076574326,0.14090785734169475,0.035617291927337646,0.49604736932103033,0.2852683663368225,3,0.3827121212121214,0.7135086059570312,Julio Lacheinio went to school in the United States.,128,13.832467494142682
147,Where did Julio Licinio go to school?,7,4,4,go,0.030453035607933998,0.030453035607933998,0.10629653046178639,0.08270072937011719,0.6220355269907727,0.25352418422698975,4,0.12109090909090892,0.7135086059570312,Julio Lacheinio went to school in the United States.,128,13.832467494142682
147,Where did Julio Licinio go to school?,7,0,5,Where,0.017151154577732086,0.017151154577732086,0.05986622314104303,0.0393366813659668,0.45566894604818264,0.2932865619659424,5,0.2616590909090909,0.7135086059570312,Julio Lacheinio went to school in the United States.,128,13.832467494142682
147,Where did Julio Licinio go to school?,7,5,6,to,0.010140996426343918,0.010140996426343918,0.03539721784796034,0.035617291927337646,0.49604736932103033,0.2955942153930664,6,0.06054545454545468,0.7135086059570312,Julio Lacheinio went to school in the United States.,128,13.832467494142682
147,Where did Julio Licinio go to school?,7,1,7,did,0.00577549310401082,0.00577549310401082,0.02015939844441579,0.035617291927337646,0.49604736932103033,0.28649139404296875,7,0.13861363636363633,0.7135086059570312,Julio Lacheinio went to school in the United States.,128,13.832467494142682
