sample_id,row_index,audio_column,transcript,n_segments,segment_idx,segment_rank_abs_sv,segment_token,segment_sv,segment_abs_sv,segment_abs_sv_share,top_abs_sv,top1_top2_gap,top1_top2_ratio,top1_share,abs_sv_entropy_norm,abs_sv_gini,original_similarity,deleted_similarity,deletion_drop,cumulative_similarity,cumulative_drop,cumulative_n_deleted,tfidf_original_sim,tfidf_deleted_sim,tfidf_deletion_drop,tfidf_cumulative_sim,tfidf_cumulative_drop,seqmatch_deleted_sim,seqmatch_deletion_drop,seqmatch_cumulative_sim,seqmatch_cumulative_drop,segment_start_sec,segment_end_sec,mask_duration_sec,runtime_sec
1,1,audio__original,A FRENCHMAN YOUR NAME,4,0,1,A,1.0,1.0,0.2499999999375,1.0,0.0,0.999999999,0.2499999999375,0.9999999999303368,0.0,1.0,0.34765625,0.65234375,0.400390625,0.599609375,1,1.0,0.1754116038614059,0.824588396138594,0.2631174057921088,0.7368825942078912,0.2247191011235955,0.7752808988764045,0.1647058823529411,0.8352941176470589,0.3214375,0.4415625,0.120125,2.677838515500298
1,1,audio__original,A FRENCHMAN YOUR NAME,4,1,2,FRENCHMAN,1.0,1.0,0.2499999999375,1.0,0.0,0.999999999,0.2499999999375,0.9999999999303368,0.0,1.0,0.56640625,0.43359375,0.51953125,0.48046875,2,1.0,0.2631174057921088,0.7368825942078912,0.3344968040028364,0.6655031959971636,0.1647058823529411,0.8352941176470589,0.4375,0.5625,0.48175,1.003625,0.521875,2.677838515500298
1,1,audio__original,A FRENCHMAN YOUR NAME,4,2,3,YOUR,1.0,1.0,0.2499999999375,1.0,0.0,0.999999999,0.2499999999375,0.9999999999303368,0.0,1.0,0.10302734375,0.89697265625,0.4765625,0.5234375,3,1.0,0.4902903378454603,0.5097096621545397,0.496138938356834,0.503861061643166,0.3243243243243243,0.6756756756756757,0.3636363636363636,0.6363636363636364,1.1801875,1.906875,0.7266875,2.677838515500298
1,1,audio__original,A FRENCHMAN YOUR NAME,4,3,4,NAME,1.0,1.0,0.2499999999375,1.0,0.0,0.999999999,0.2499999999375,0.9999999999303368,0.0,1.0,0.7734375,0.2265625,0.5703125,0.4296875,4,1.0,0.6405126152203487,0.3594873847796512,0.5604485383178052,0.4395514616821948,0.6732673267326733,0.3267326732673267,0.6470588235294118,0.3529411764705882,1.99725,2.228375,0.231125,2.677838515500298
6,6,audio__original,AHEM A COMMON RUMOR,4,0,1,AHEM,1.0,1.0,0.2499999999375,1.0,0.0,0.999999999,0.2499999999375,0.9999999999303368,0.0,0.9921875,0.453125,0.5390625,0.13671875,0.85546875,1,1.0,0.5276448530110863,0.4723551469889137,0.2080125735844609,0.7919874264155391,0.4285714285714285,0.5714285714285714,0.2201834862385321,0.7798165137614679,0.1006875,0.5220625,0.421375,1.9949031265005035
6,6,audio__original,AHEM A COMMON RUMOR,4,1,2,A,1.0,1.0,0.2499999999375,1.0,0.0,0.999999999,0.2499999999375,0.9999999999303368,0.0,0.9921875,0.11962890625,0.87255859375,0.0927734375,0.8994140625,2,1.0,0.2371708245126284,0.7628291754873715,0.0,1.0,0.2795698924731182,0.7204301075268817,0.2452830188679245,0.7547169811320755,0.63025,1.164625,0.534375,1.9949031265005035
6,6,audio__original,AHEM A COMMON RUMOR,4,2,3,COMMON,1.0,1.0,0.2499999999375,1.0,0.0,0.999999999,0.2499999999375,0.9999999999303368,0.0,0.9921875,0.40625,0.5859375,0.349609375,0.642578125,3,1.0,0.0721687836487032,0.9278312163512968,0.0606339062590832,0.9393660937409168,0.32,0.6799999999999999,0.198019801980198,0.801980198019802,1.20475,1.5963125,0.3915625,1.9949031265005035
6,6,audio__original,AHEM A COMMON RUMOR,4,3,4,RUMOR,1.0,1.0,0.2499999999375,1.0,0.0,0.999999999,0.2499999999375,0.9999999999303368,0.0,0.9921875,0.447265625,0.544921875,0.515625,0.4765625,4,1.0,0.1443375672974064,0.8556624327025936,0.1443375672974064,0.8556624327025936,0.2448979591836734,0.7551020408163265,0.293103448275862,0.7068965517241379,1.6565625,2.007625,0.3510625,1.9949031265005035
11,11,audio__original,ALTERED WORDS AND FIGURES,4,0,1,ALTERED,1.0,1.0,0.2499999999375,1.0,0.0,0.999999999,0.2499999999375,0.9999999999303368,0.0,1.0,0.44140625,0.55859375,0.255859375,0.744140625,1,1.0,0.0,1.0,0.0,1.0,0.2702702702702703,0.7297297297297297,0.160919540229885,0.8390804597701149,0.504,0.9869375,0.4829375,1.6290849317501852
11,11,audio__original,ALTERED WORDS AND FIGURES,4,1,2,WORDS,1.0,1.0,0.2499999999375,1.0,0.0,0.999999999,0.2499999999375,0.9999999999303368,0.0,1.0,0.142578125,0.857421875,0.12451171875,0.87548828125,2,1.0,0.0,1.0,0.3015113445777636,0.6984886554222364,0.1702127659574468,0.8297872340425532,0.2077922077922078,0.7922077922077921,1.047375,1.510625,0.46325,1.6290849317501852
11,11,audio__original,ALTERED WORDS AND FIGURES,4,2,3,AND,1.0,1.0,0.2499999999375,1.0,0.0,0.999999999,0.2499999999375,0.9999999999303368,0.0,1.0,0.466796875,0.533203125,0.44140625,0.55859375,3,1.0,0.1767766952966369,0.8232233047033631,0.0,1.0,0.4482758620689655,0.5517241379310345,0.2962962962962963,0.7037037037037037,1.6711875,1.8933125,0.222125,1.6290849317501852
11,11,audio__original,ALTERED WORDS AND FIGURES,4,3,4,FIGURES,1.0,1.0,0.2499999999375,1.0,0.0,0.999999999,0.2499999999375,0.9999999999303368,0.0,1.0,0.09228515625,0.90771484375,0.04541015625,0.95458984375,4,1.0,0.0,1.0,0.1443375672974064,0.8556624327025936,0.1702127659574468,0.8297872340425532,0.2133333333333333,0.7866666666666666,1.96175,2.517125,0.555375,1.6290849317501852
26,26,audio__original,AND I BOUGHT THINGS,4,0,1,AND,1.0,1.0,0.2499999999375,1.0,0.0,0.999999999,0.2499999999375,0.9999999999303368,0.0,1.0078125,0.42578125,0.58203125,0.6015625,0.40625,1,1.0,0.5454545454545455,0.4545454545454545,0.7833494518006402,0.2166505481993598,0.5625,0.4375,0.7216494845360825,0.2783505154639175,0.2625,0.4635625,0.2010625,2.0365028569995047
26,26,audio__original,AND I BOUGHT THINGS,4,1,2,I,1.0,1.0,0.2499999999375,1.0,0.0,0.999999999,0.2499999999375,0.9999999999303368,0.0,1.0078125,0.353515625,0.654296875,0.56640625,0.44140625,2,1.0,0.8058229640253802,0.1941770359746197,0.7833494518006402,0.2166505481993598,0.7878787878787878,0.2121212121212121,0.7216494845360825,0.2783505154639175,0.5320625,0.705,0.1729375,2.0365028569995047
26,26,audio__original,AND I BOUGHT THINGS,4,2,3,BOUGHT,1.0,1.0,0.2499999999375,1.0,0.0,0.999999999,0.2499999999375,0.9999999999303368,0.0,1.0078125,0.259765625,0.748046875,0.330078125,0.677734375,3,1.0,0.2727272727272727,0.7272727272727273,0.5454545454545455,0.4545454545454545,0.3917525773195876,0.6082474226804124,0.5625,0.4375,0.84225,1.269875,0.427625,2.0365028569995047
26,26,audio__original,AND I BOUGHT THINGS,4,3,4,THINGS,1.0,1.0,0.2499999999375,1.0,0.0,0.999999999,0.2499999999375,0.9999999999303368,0.0,1.0078125,0.39453125,0.61328125,0.17578125,0.83203125,4,1.0,0.5853694070049636,0.4146305929950363,0.1740776559556978,0.8259223440443022,0.5777777777777777,0.4222222222222223,0.2745098039215686,0.7254901960784313,1.3505,1.794625,0.444125,2.0365028569995047
32,32,audio__original,AND NOW I SAID,4,0,1,AND,1.0,1.0,0.2499999999375,1.0,0.0,0.999999999,0.2499999999375,0.9999999999303368,0.0,0.99609375,0.19921875,0.796875,0.625,0.37109375,1,1.0,0.5604485383178052,0.4395514616821948,0.5833333333333335,0.4166666666666665,0.5,0.5,0.6,0.4,0.503,0.6835625,0.1805625,4.93481688175234
32,32,audio__original,AND NOW I SAID,4,1,2,NOW,1.0,1.0,0.2499999999375,1.0,0.0,0.999999999,0.2499999999375,0.9999999999303368,0.0,0.99609375,0.6484375,0.34765625,0.2197265625,0.7763671875,2,1.0,0.6622661785325221,0.3377338214674779,0.5217491947499511,0.4782508052500489,0.5,0.5,0.4137931034482758,0.5862068965517242,0.743875,1.0053125,0.2614375,4.93481688175234
32,32,audio__original,AND NOW I SAID,4,2,3,I,1.0,1.0,0.2499999999375,1.0,0.0,0.999999999,0.2499999999375,0.9999999999303368,0.0,0.99609375,0.7109375,0.28515625,0.267578125,0.728515625,3,1.0,1.0000000000000002,-2.220446049250313e-16,0.2611164839335468,0.7388835160664532,1.0,0.0,0.4565217391304347,0.5434782608695652,1.1259375,1.306875,0.1809375,4.93481688175234
32,32,audio__original,AND NOW I SAID,4,3,4,SAID,1.0,1.0,0.2499999999375,1.0,0.0,0.999999999,0.2499999999375,0.9999999999303368,0.0,0.99609375,0.2392578125,0.7568359375,0.06591796875,0.93017578125,4,1.0,0.2611164839335468,0.7388835160664532,0.1666666666666667,0.8333333333333333,0.4565217391304347,0.5434782608695652,0.3061224489795918,0.6938775510204082,1.3873125,1.74925,0.3619375,4.93481688175234
33,33,audio__original,AND OH ANNE DEAR,4,0,1,AND,1.0,1.0,0.2499999999375,1.0,0.0,0.999999999,0.2499999999375,0.9999999999303368,0.0,1.0,-0.046875,1.046875,-0.030029296875,1.030029296875,1,1.0,0.0,1.0,0.0,1.0,0.1212121212121212,0.8787878787878788,0.2195121951219512,0.7804878048780488,0.3741875,0.5629375,0.18875,1.9156486409992797
33,33,audio__original,AND OH ANNE DEAR,4,1,2,OH,1.0,1.0,0.2499999999375,1.0,0.0,0.999999999,0.2499999999375,0.9999999999303368,0.0,1.0,0.91796875,0.08203125,0.3828125,0.6171875,2,1.0,0.7272727272727274,0.2727272727272726,0.0,1.0,0.8367346938775511,0.1632653061224489,0.1818181818181818,0.8181818181818181,0.6630625,0.9046875,0.241625,1.9156486409992797
33,33,audio__original,AND OH ANNE DEAR,4,2,3,ANNE,1.0,1.0,0.2499999999375,1.0,0.0,0.999999999,0.2499999999375,0.9999999999303368,0.0,1.0,0.61328125,0.38671875,0.03515625,0.96484375,3,1.0,0.7272727272727274,0.2727272727272726,0.1139605764596379,0.886039423540362,0.8461538461538461,0.1538461538461538,0.275,0.725,1.0049375,1.3269375,0.322,1.9156486409992797
33,33,audio__original,AND OH ANNE DEAR,4,3,4,DEAR,1.0,1.0,0.2499999999375,1.0,0.0,0.999999999,0.2499999999375,0.9999999999303368,0.0,1.0,0.2421875,0.7578125,0.1806640625,0.8193359375,4,1.0,0.0,1.0,0.0,1.0,0.2156862745098039,0.7843137254901961,0.320754716981132,0.679245283018868,1.383125,1.728625,0.3455,1.9156486409992797
35,35,audio__original,AND REFUSED TO APOLOGISE,4,0,1,AND,1.0,1.0,0.2499999999375,1.0,0.0,0.999999999,0.2499999999375,0.9999999999303368,0.0,1.0,0.111328125,0.888671875,0.3203125,0.6796875,1,1.0,0.5960395606792699,0.4039604393207301,0.3651483716701109,0.6348516283298891,0.4096385542168674,0.5903614457831325,0.4893617021276595,0.5106382978723405,0.1458125,0.292625,0.1468125,2.0280672584995045
35,35,audio__original,AND REFUSED TO APOLOGISE,4,1,2,REFUSED,1.0,1.0,0.2499999999375,1.0,0.0,0.999999999,0.2499999999375,0.9999999999303368,0.0,1.0,0.06884765625,0.93115234375,0.267578125,0.732421875,2,1.0,0.4803844614152615,0.5196155385847385,0.4803844614152615,0.5196155385847385,0.3333333333333333,0.6666666666666667,0.4842105263157895,0.5157894736842106,0.3633125,0.8679375,0.504625,2.0280672584995045
35,35,audio__original,AND REFUSED TO APOLOGISE,4,2,3,TO,1.0,1.0,0.2499999999375,1.0,0.0,0.999999999,0.2499999999375,0.9999999999303368,0.0,1.0,1.0,0.0,0.51953125,0.48046875,3,1.0,1.0000000000000002,-2.220446049250313e-16,0.4803844614152615,0.5196155385847385,1.0,0.0,0.3333333333333333,0.6666666666666667,0.9083125,0.9583125,0.05,2.0280672584995045
35,35,audio__original,AND REFUSED TO APOLOGISE,4,3,4,APOLOGISE,1.0,1.0,0.2499999999375,1.0,0.0,0.999999999,0.2499999999375,0.9999999999303368,0.0,1.0,0.494140625,0.505859375,0.142578125,0.857421875,4,1.0,0.5833333333333335,0.4166666666666665,0.1666666666666667,0.8333333333333333,0.4,0.6,0.2115384615384615,0.7884615384615384,1.0698125,1.9168125,0.847,2.0280672584995045
38,38,audio__original,AND SO IN MY VIEW,5,0,1,AND,1.0,1.0,0.19999999996,1.0,0.0,0.999999999,0.19999999996,0.999999999924267,0.0,1.0,0.1591796875,0.8408203125,0.353515625,0.646484375,1,1.0,0.2860387767736777,0.7139612232263223,0.253546276418555,0.746453723581445,0.2891566265060241,0.7108433734939759,0.3529411764705882,0.6470588235294117,0.363875,0.597,0.233125,1.5984907659993042
38,38,audio__original,AND SO IN MY VIEW,5,1,2,SO,1.0,1.0,0.19999999996,1.0,0.0,0.999999999,0.19999999996,0.999999999924267,0.0,1.0,0.2890625,0.7109375,0.294921875,0.705078125,2,1.0,0.639009650422694,0.360990349577306,0.253546276418555,0.746453723581445,0.6197183098591549,0.3802816901408451,0.3488372093023256,0.6511627906976745,0.6456875,1.0475,0.4018125,1.5984907659993042
38,38,audio__original,AND SO IN MY VIEW,5,2,3,IN,1.0,1.0,0.19999999996,1.0,0.0,0.999999999,0.19999999996,0.999999999924267,0.0,1.0,0.35546875,0.64453125,0.125,0.875,3,1.0,0.639009650422694,0.360990349577306,0.0,1.0,0.6197183098591549,0.3802816901408451,0.15,0.85,1.266375,1.3923125,0.1259375,1.5984907659993042
38,38,audio__original,AND SO IN MY VIEW,5,3,4,MY,1.0,1.0,0.19999999996,1.0,0.0,0.999999999,0.19999999996,0.999999999924267,0.0,1.0,0.01458740234375,0.98541259765625,0.125,0.875,4,1.0,0.0,1.0,0.0,1.0,0.2988505747126437,0.7011494252873562,0.0,1.0,1.4528125,1.6748125,0.222,1.5984907659993042
38,38,audio__original,AND SO IN MY VIEW,5,4,5,VIEW,1.0,1.0,0.19999999996,1.0,0.0,0.999999999,0.19999999996,0.999999999924267,0.0,1.0,0.59765625,0.40234375,0.28515625,0.71484375,5,1.0,0.0,1.0,0.1825741858350554,0.8174258141649445,0.3095238095238095,0.6904761904761905,0.2921348314606741,0.7078651685393258,1.7555,2.0574375,0.3019375,1.5984907659993042
43,43,audio__original,AND THERE WAS MY AUNT,5,0,1,AND,1.0,1.0,0.19999999996,1.0,0.0,0.999999999,0.19999999996,0.999999999924267,0.0,1.0,0.1044921875,0.8955078125,0.33984375,0.66015625,1,1.0,0.0,1.0,0.5012804118276032,0.4987195881723968,0.2191780821917808,0.7808219178082192,0.4629629629629629,0.537037037037037,0.4435,0.604,0.1605,1.209379408199311
43,43,audio__original,AND THERE WAS MY AUNT,5,1,2,THERE,1.0,1.0,0.19999999996,1.0,0.0,0.999999999,0.19999999996,0.999999999924267,0.0,1.0,0.138671875,0.861328125,0.375,0.625,2,1.0,0.3892494720807615,0.6107505279192385,0.0,1.0,0.5420560747663551,0.4579439252336449,0.3584905660377358,0.6415094339622642,0.6321875,0.765125,0.1329375,1.209379408199311
43,43,audio__original,AND THERE WAS MY AUNT,5,2,3,WAS,1.0,1.0,0.19999999996,1.0,0.0,0.999999999,0.19999999996,0.999999999924267,0.0,1.0,0.1669921875,0.8330078125,0.166015625,0.833984375,3,1.0,0.2335496832484569,0.7664503167515431,0.1951800145897066,0.8048199854102933,0.4705882352941176,0.5294117647058824,0.2758620689655172,0.7241379310344828,0.78525,0.86575,0.0805,1.209379408199311
43,43,audio__original,AND THERE WAS MY AUNT,5,3,4,MY,1.0,1.0,0.19999999996,1.0,0.0,0.999999999,0.19999999996,0.999999999924267,0.0,1.0,0.2236328125,0.7763671875,0.1298828125,0.8701171875,4,1.0,0.0,1.0,0.2309401076758503,0.7690598923241496,0.2526315789473684,0.7473684210526316,0.2368421052631578,0.7631578947368421,0.9261875,1.026875,0.1006875,1.209379408199311
43,43,audio__original,AND THERE WAS MY AUNT,5,4,5,AUNT,1.0,1.0,0.19999999996,1.0,0.0,0.999999999,0.19999999996,0.999999999924267,0.0,1.0,0.240234375,0.759765625,0.1044921875,0.8955078125,5,1.0,0.3892494720807615,0.6107505279192385,0.0,1.0,0.5420560747663551,0.4579439252336449,0.2342342342342342,0.7657657657657657,1.0771875,1.368625,0.2914375,1.209379408199311
44,44,audio__original,AND THIS AND HERE AGAIN,5,0,1,AND,1.0,1.0,0.19999999996,1.0,0.0,0.999999999,0.19999999996,0.999999999924267,0.0,1.0078125,0.84765625,0.16015625,0.48046875,0.52734375,1,1.0,0.7272727272727274,0.2727272727272726,0.3344968040028363,0.6655031959971637,0.7719298245614035,0.2280701754385965,0.4705882352941176,0.5294117647058824,0.1418125,0.33275,0.1909375,1.420460325399472
44,44,audio__original,AND THIS AND HERE AGAIN,5,1,2,THIS,1.0,1.0,0.19999999996,1.0,0.0,0.999999999,0.19999999996,0.999999999924267,0.0,1.0078125,0.126953125,0.880859375,0.21484375,0.79296875,2,1.0,0.3636363636363636,0.6363636363636364,0.4767312946227963,0.5232687053772037,0.5517241379310345,0.4482758620689655,0.4571428571428571,0.5428571428571429,0.4033125,0.726,0.3226875,1.420460325399472
44,44,audio__original,AND THIS AND HERE AGAIN,5,2,3,AND,1.0,1.0,0.19999999996,1.0,0.0,0.999999999,0.19999999996,0.999999999924267,0.0,1.0078125,0.3046875,0.703125,0.359375,0.6484375,3,1.0,0.4181210050035454,0.5818789949964546,0.1818181818181818,0.8181818181818181,0.5,0.5,0.3333333333333333,0.6666666666666667,0.951,1.169625,0.218625,1.420460325399472
44,44,audio__original,AND THIS AND HERE AGAIN,5,3,4,HERE,1.0,1.0,0.19999999996,1.0,0.0,0.999999999,0.19999999996,0.999999999924267,0.0,1.0078125,0.443359375,0.564453125,0.421875,0.5859375,4,1.0,0.4545454545454546,0.5454545454545454,0.0836242010007091,0.9163757989992908,0.5765765765765766,0.4234234234234234,0.1869158878504672,0.8130841121495327,1.2503125,1.42175,0.1714375,1.420460325399472
44,44,audio__original,AND THIS AND HERE AGAIN,5,4,5,AGAIN,1.0,1.0,0.19999999996,1.0,0.0,0.999999999,0.19999999996,0.999999999924267,0.0,1.0078125,0.279296875,0.728515625,-0.01336669921875,1.02117919921875,5,1.0,0.5017452060042545,0.4982547939957454,0.0870388279778489,0.9129611720221512,0.6037735849056604,0.3962264150943396,0.4035087719298245,0.5964912280701755,1.5125,2.1168125,0.6043125,1.420460325399472
60,60,audio__original,AT YOUR SERVICE SIR,4,0,1,AT,1.0,1.0,0.2499999999375,1.0,0.0,0.999999999,0.2499999999375,0.9999999999303368,0.0,0.99609375,0.42578125,0.5703125,0.6015625,0.39453125,1,1.0,0.241746889207614,0.7582531107923859,0.0,1.0,0.4680851063829787,0.5319148936170213,0.2891566265060241,0.7108433734939759,0.7224375,0.7724375,0.05,1.443176526499883
60,60,audio__original,AT YOUR SERVICE SIR,4,1,2,YOUR,1.0,1.0,0.2499999999375,1.0,0.0,0.999999999,0.2499999999375,0.9999999999303368,0.0,0.99609375,0.48828125,0.5078125,0.380859375,0.615234375,2,1.0,0.3223291856101521,0.6776708143898479,0.0,1.0,0.4791666666666667,0.5208333333333333,0.2891566265060241,0.7108433734939759,0.8430625,1.0038125,0.16075,1.443176526499883
60,60,audio__original,AT YOUR SERVICE SIR,4,2,3,SERVICE,1.0,1.0,0.2499999999375,1.0,0.0,0.999999999,0.2499999999375,0.9999999999303368,0.0,0.99609375,0.154296875,0.841796875,0.4765625,0.51953125,3,1.0,0.3223291856101521,0.6776708143898479,0.0,1.0,0.4854368932038835,0.5145631067961165,0.2891566265060241,0.7108433734939759,1.12425,1.566,0.44175,1.443176526499883
60,60,audio__original,AT YOUR SERVICE SIR,4,3,4,SIR,1.0,1.0,0.2499999999375,1.0,0.0,0.999999999,0.2499999999375,0.9999999999303368,0.0,0.99609375,0.50390625,0.4921875,0.10107421875,0.89501953125,4,1.0,0.0741249316661101,0.92587506833389,0.1543033499620919,0.8456966500379081,0.2696629213483146,0.7303370786516854,0.1782178217821782,0.8217821782178218,1.7265625,2.16825,0.4416875,1.443176526499883
65,65,audio__original,BUT ALL THIS WAS IN VAIN,6,0,1,BUT,1.0,1.0,0.1666666666388888,1.0,0.0,0.999999999,0.1666666666388888,0.9999999999263516,0.0,0.99609375,0.84375,0.15234375,0.41796875,0.578125,1,1.0,1.0000000000000009,-6.661338147750939e-16,0.6821910402406468,0.3178089597593532,1.0,0.0,0.5714285714285714,0.4285714285714286,0.664375,0.714375,0.05,1.3425307888331492
65,65,audio__original,BUT ALL THIS WAS IN VAIN,6,1,2,ALL,1.0,1.0,0.1666666666388888,1.0,0.0,0.999999999,0.1666666666388888,0.9999999999263516,0.0,0.99609375,0.8046875,0.19140625,0.263671875,0.732421875,2,1.0,1.0000000000000009,-6.661338147750939e-16,0.5883484054145524,0.4116515945854476,1.0,0.0,0.4415584415584415,0.5584415584415585,0.7254375,0.886625,0.1611875,1.3425307888331492
65,65,audio__original,BUT ALL THIS WAS IN VAIN,6,2,3,THIS,1.0,1.0,0.1666666666388888,1.0,0.0,0.999999999,0.1666666666388888,0.9999999999263516,0.0,0.99609375,0.6796875,0.31640625,0.4453125,0.55078125,3,1.0,0.3202563076101744,0.6797436923898257,0.5012804118276032,0.4987195881723968,0.4444444444444444,0.5555555555555556,0.4347826086956521,0.5652173913043479,0.96725,1.1284375,0.1611875,1.3425307888331492
65,65,audio__original,BUT ALL THIS WAS IN VAIN,6,3,4,WAS,1.0,1.0,0.1666666666388888,1.0,0.0,0.999999999,0.1666666666388888,0.9999999999263516,0.0,0.99609375,0.392578125,0.603515625,0.53125,0.46484375,4,1.0,0.4181210050035455,0.5818789949964545,0.4615384615384616,0.5384615384615383,0.4166666666666667,0.5833333333333333,0.4077669902912621,0.5922330097087378,1.1889375,1.37025,0.1813125,1.3425307888331492
65,65,audio__original,BUT ALL THIS WAS IN VAIN,6,4,5,IN,1.0,1.0,0.1666666666388888,1.0,0.0,0.999999999,0.1666666666388888,0.9999999999263516,0.0,0.99609375,0.1396484375,0.8564453125,0.546875,0.44921875,5,1.0,0.4902903378454603,0.5097096621545397,0.3344968040028364,0.6655031959971636,0.4096385542168674,0.5903614457831325,0.3838383838383838,0.6161616161616161,1.4408125,1.5315,0.0906875,1.3425307888331492
65,65,audio__original,BUT ALL THIS WAS IN VAIN,6,5,6,VAIN,1.0,1.0,0.1666666666388888,1.0,0.0,0.999999999,0.1666666666388888,0.9999999999263516,0.0,0.99609375,0.33984375,0.65625,0.337890625,0.658203125,6,1.0,0.5012804118276032,0.4987195881723968,0.1601281538050872,0.8398718461949128,0.3863636363636363,0.6136363636363636,0.3047619047619048,0.6952380952380952,1.5959375,1.9946875,0.39875,1.3425307888331492
66,66,audio__original,BUT BEFORE HE COULD ACT,5,0,1,BUT,1.0,1.0,0.19999999996,1.0,0.0,0.999999999,0.19999999996,0.999999999924267,0.0,1.0078125,0.703125,0.3046875,0.2197265625,0.7880859375,1,1.0,0.0,1.0,0.0,1.0,0.25,0.75,0.1505376344086021,0.8494623655913979,0.52625,0.6870625,0.1608125,1.4023426018015015
66,66,audio__original,BUT BEFORE HE COULD ACT,5,1,2,BEFORE,1.0,1.0,0.19999999996,1.0,0.0,0.999999999,0.19999999996,0.999999999924267,0.0,1.0078125,0.5703125,0.4375,0.28125,0.7265625,2,1.0,0.8164965809277264,0.1835034190722736,1.0000000000000002,-2.220446049250313e-16,0.7536231884057971,0.2463768115942028,1.0,0.0,0.70725,1.030625,0.323375,1.4023426018015015
66,66,audio__original,BUT BEFORE HE COULD ACT,5,2,3,HE,1.0,1.0,0.19999999996,1.0,0.0,0.999999999,0.19999999996,0.999999999924267,0.0,1.0078125,0.73828125,0.26953125,0.6796875,0.328125,3,1.0,1.0000000000000002,-2.220446049250313e-16,1.0000000000000002,-2.220446049250313e-16,1.0,0.0,1.0,0.0,1.09125,1.1720625,0.0808125,1.4023426018015015
66,66,audio__original,BUT BEFORE HE COULD ACT,5,3,4,COULD,1.0,1.0,0.19999999996,1.0,0.0,0.999999999,0.19999999996,0.999999999924267,0.0,1.0078125,0.86328125,0.14453125,0.4609375,0.546875,4,1.0,1.0000000000000002,-2.220446049250313e-16,0.0833333333333333,0.9166666666666666,1.0,0.0,0.2857142857142857,0.7142857142857143,1.2125,1.374125,0.161625,1.4023426018015015
66,66,audio__original,BUT BEFORE HE COULD ACT,5,4,5,ACT,1.0,1.0,0.19999999996,1.0,0.0,0.999999999,0.19999999996,0.999999999924267,0.0,1.0078125,0.4921875,0.515625,0.294921875,0.712890625,5,1.0,0.0,1.0,0.25,0.75,0.3146067415730337,0.6853932584269663,0.3829787234042553,0.6170212765957447,1.444875,1.6050625,0.1601875,1.4023426018015015
76,76,audio__original,BUT WHERE YOU GO I GO,6,0,1,BUT,1.0,1.0,0.1666666666388888,1.0,0.0,0.999999999,0.1666666666388888,0.9999999999263516,0.0,1.0,0.0966796875,0.9033203125,0.12060546875,0.87939453125,1,1.0,0.2010075630518424,0.7989924369481576,0.1781741612749496,0.8218258387250503,0.3260869565217391,0.6739130434782609,0.4403669724770642,0.5596330275229358,0.06025,0.2304375,0.1701875,1.1873962623333985
76,76,audio__original,BUT WHERE YOU GO I GO,6,1,2,WHERE,1.0,1.0,0.1666666666388888,1.0,0.0,0.999999999,0.1666666666388888,0.9999999999263516,0.0,1.0,0.6953125,0.3046875,0.08251953125,0.91748046875,2,1.0,0.7453559924999299,0.2546440075000701,0.2357022603955158,0.7642977396044841,0.6588235294117647,0.3411764705882353,0.15625,0.84375,0.2805625,0.501,0.2204375,1.1873962623333985
76,76,audio__original,BUT WHERE YOU GO I GO,6,2,3,YOU,1.0,1.0,0.1666666666388888,1.0,0.0,0.999999999,0.1666666666388888,0.9999999999263516,0.0,1.0,0.79296875,0.20703125,0.22265625,0.77734375,3,1.0,0.7453559924999299,0.2546440075000701,0.1005037815259212,0.8994962184740788,0.6588235294117647,0.3411764705882353,0.4299065420560747,0.5700934579439252,0.5811875,0.7615625,0.180375,1.1873962623333985
76,76,audio__original,BUT WHERE YOU GO I GO,6,3,4,GO,1.0,1.0,0.1666666666388888,1.0,0.0,0.999999999,0.1666666666388888,0.9999999999263516,0.0,1.0,0.59375,0.40625,0.052978515625,0.947021484375,4,1.0,0.7453559924999299,0.2546440075000701,0.2010075630518424,0.7989924369481576,0.6511627906976745,0.3488372093023255,0.3260869565217391,0.6739130434782609,0.8216875,1.1624375,0.34075,1.1873962623333985
76,76,audio__original,BUT WHERE YOU GO I GO,6,4,5,I,1.0,1.0,0.1666666666388888,1.0,0.0,0.999999999,0.1666666666388888,0.9999999999263516,0.0,1.0,0.40234375,0.59765625,0.46484375,0.53515625,5,1.0,0.7453559924999299,0.2546440075000701,0.1111111111111111,0.8888888888888888,0.6588235294117647,0.3411764705882353,0.1666666666666666,0.8333333333333334,1.41475,1.8038125,0.3890625,1.1873962623333985
76,76,audio__original,BUT WHERE YOU GO I GO,6,5,6,GO,1.0,1.0,0.1666666666388888,1.0,0.0,0.999999999,0.1666666666388888,0.9999999999263516,0.0,1.0,0.130859375,0.869140625,0.037353515625,0.962646484375,6,1.0,0.0,1.0,0.0962250448649376,0.9037749551350625,0.3368421052631579,0.6631578947368422,0.3185840707964602,0.6814159292035398,1.843875,2.3046875,0.4608125,1.1873962623333985
80,80,audio__original,BY WE'LL GO TO WAR WITH EM,7,0,1,BY,1.0,1.0,0.1428571428367347,1.0,0.0,0.999999999,0.1428571428367347,0.9999999999305568,0.0,1.0078125,0.1337890625,0.8740234375,0.2216796875,0.7861328125,1,1.0,0.0,1.0,0.0,1.0,0.064516129032258,0.935483870967742,0.074074074074074,0.925925925925926,0.26275,0.6250625,0.3623125,1.1258970928569656
80,80,audio__original,BY WE'LL GO TO WAR WITH EM,7,1,2,WE'LL,1.0,1.0,0.1428571428367347,1.0,0.0,0.999999999,0.1428571428367347,0.9999999999305568,0.0,1.0078125,0.103515625,0.904296875,0.3046875,0.703125,2,1.0,0.0,1.0,0.0,1.0,0.0677966101694915,0.9322033898305084,0.0888888888888888,0.9111111111111112,0.7736875,1.0485,0.2748125,1.1258970928569656
80,80,audio__original,BY WE'LL GO TO WAR WITH EM,7,2,3,GO,1.0,1.0,0.1428571428367347,1.0,0.0,0.999999999,0.1428571428367347,0.9999999999305568,0.0,1.0078125,0.3125,0.6953125,0.310546875,0.697265625,3,1.0,0.0,1.0,0.0,1.0,0.0816326530612244,0.9183673469387756,0.0952380952380952,0.9047619047619048,1.0888125,1.189625,0.1008125,1.1258970928569656
80,80,audio__original,BY WE'LL GO TO WAR WITH EM,7,3,4,TO,1.0,1.0,0.1428571428367347,1.0,0.0,0.999999999,0.1428571428367347,0.9999999999305568,0.0,1.0078125,1.0078125,0.0,0.1845703125,0.8232421875,4,1.0,1.0,0.0,0.0,1.0,1.0,0.0,0.0701754385964912,0.9298245614035088,1.23,1.280375,0.050375,1.1258970928569656
80,80,audio__original,BY WE'LL GO TO WAR WITH EM,7,4,5,WAR,1.0,1.0,0.1428571428367347,1.0,0.0,0.999999999,0.1428571428367347,0.9999999999305568,0.0,1.0078125,1.0078125,0.0,0.1611328125,0.8466796875,5,1.0,1.0,0.0,0.0,1.0,1.0,0.0,0.074074074074074,0.925925925925926,1.3308125,1.5525625,0.22175,1.1258970928569656
80,80,audio__original,BY WE'LL GO TO WAR WITH EM,7,5,6,WITH,1.0,1.0,0.1428571428367347,1.0,0.0,0.999999999,0.1428571428367347,0.9999999999305568,0.0,1.0078125,0.11962890625,0.88818359375,0.09619140625,0.91162109375,6,1.0,0.0,1.0,0.0,1.0,0.0754716981132075,0.9245283018867924,0.0333333333333333,0.9666666666666668,1.5828125,1.895375,0.3125625,1.1258970928569656
80,80,audio__original,BY WE'LL GO TO WAR WITH EM,7,6,7,EM,1.0,1.0,0.1428571428367347,1.0,0.0,0.999999999,0.1428571428367347,0.9999999999305568,0.0,1.0078125,0.103515625,0.904296875,0.0908203125,0.9169921875,7,1.0,0.0,1.0,0.0,1.0,0.0851063829787234,0.9148936170212766,0.0333333333333333,0.9666666666666668,1.955875,2.005875,0.05,1.1258970928569656
89,89,audio__original,CHAPTER ONE MY EDUCATION,4,0,1,CHAPTER,1.0,1.0,0.2499999999375,1.0,0.0,0.999999999,0.2499999999375,0.9999999999303368,0.0,0.99609375,0.18359375,0.8125,0.1962890625,0.7998046875,1,1.0,0.2307692307692308,0.7692307692307692,0.2307692307692308,0.7692307692307692,0.4146341463414634,0.5853658536585367,0.3448275862068966,0.6551724137931034,0.1403125,0.5408125,0.4005,1.4135875957508688
89,89,audio__original,CHAPTER ONE MY EDUCATION,4,1,2,ONE,1.0,1.0,0.2499999999375,1.0,0.0,0.999999999,0.2499999999375,0.9999999999303368,0.0,0.99609375,0.408203125,0.587890625,0.1376953125,0.8583984375,2,1.0,1.0,0.0,0.5883484054145521,0.4116515945854478,1.0,0.0,0.44,0.56,0.661,0.8413125,0.1803125,1.4135875957508688
89,89,audio__original,CHAPTER ONE MY EDUCATION,4,2,3,MY,1.0,1.0,0.2499999999375,1.0,0.0,0.999999999,0.2499999999375,0.9999999999303368,0.0,0.99609375,0.2333984375,0.7626953125,0.34765625,0.6484375,3,1.0,0.5262348115842176,0.4737651884157824,0.0,1.0,0.5747126436781609,0.4252873563218391,0.3595505617977528,0.6404494382022472,1.3815,1.8629375,0.4814375,1.4135875957508688
89,89,audio__original,CHAPTER ONE MY EDUCATION,4,3,4,EDUCATION,1.0,1.0,0.2499999999375,1.0,0.0,0.999999999,0.2499999999375,0.9999999999303368,0.0,0.99609375,0.28515625,0.7109375,0.3203125,0.67578125,4,1.0,0.1601281538050871,0.8398718461949128,0.0,1.0,0.2040816326530612,0.7959183673469388,0.0638297872340425,0.9361702127659576,1.9230625,2.8043125,0.88125,1.4135875957508688
94,94,audio__original,CLOTHO FROM TIME TO TIME,5,0,1,CLOTHO,1.0,1.0,0.19999999996,1.0,0.0,0.999999999,0.19999999996,0.999999999924267,0.0,1.0078125,0.115234375,0.892578125,0.150390625,0.857421875,1,1.0,0.1754116038614059,0.824588396138594,0.0,1.0,0.2909090909090909,0.7090909090909091,0.2654867256637168,0.7345132743362832,0.322125,0.7435625,0.4214375,1.2910425576003035
94,94,audio__original,CLOTHO FROM TIME TO TIME,5,1,2,FROM,1.0,1.0,0.19999999996,1.0,0.0,0.999999999,0.19999999996,0.999999999924267,0.0,1.0078125,0.59375,0.4140625,0.62890625,0.37890625,2,1.0,0.0877058019307029,0.912294198069297,0.5604485383178052,0.4395514616821948,0.3508771929824561,0.6491228070175439,0.5591397849462365,0.4408602150537635,0.7841875,0.9249375,0.14075,1.2910425576003035
94,94,audio__original,CLOTHO FROM TIME TO TIME,5,2,3,TIME,1.0,1.0,0.19999999996,1.0,0.0,0.999999999,0.19999999996,0.999999999924267,0.0,1.0078125,0.60546875,0.40234375,0.318359375,0.689453125,3,1.0,0.6362847629757782,0.3637152370242218,0.5604485383178052,0.4395514616821948,0.4731182795698925,0.5268817204301075,0.5591397849462365,0.4408602150537635,0.965125,1.1863125,0.2211875,1.2910425576003035
94,94,audio__original,CLOTHO FROM TIME TO TIME,5,3,4,TO,1.0,1.0,0.19999999996,1.0,0.0,0.999999999,0.19999999996,0.999999999924267,0.0,1.0078125,0.41796875,0.58984375,0.5078125,0.5,4,1.0,0.5384615384615388,0.4615384615384612,0.2508726030021272,0.7491273969978727,0.5769230769230769,0.4230769230769231,0.4,0.6,1.2265,1.3069375,0.0804375,1.2910425576003035
94,94,audio__original,CLOTHO FROM TIME TO TIME,5,4,5,TIME,1.0,1.0,0.19999999996,1.0,0.0,0.999999999,0.19999999996,0.999999999924267,0.0,1.0078125,0.12890625,0.87890625,0.08837890625,0.91943359375,5,1.0,0.0,1.0,0.2401922307076308,0.7598077692923693,0.2028985507246377,0.7971014492753623,0.3423423423423423,0.6576576576576576,1.3471875,1.7288125,0.381625,1.2910425576003035
102,102,audio__original,DEATH OF A FRIEND,4,0,1,DEATH,1.0,1.0,0.2499999999375,1.0,0.0,0.999999999,0.2499999999375,0.9999999999303368,0.0,1.0,0.361328125,0.638671875,0.1904296875,0.8095703125,1,1.0,0.0,1.0,0.3857583749052298,0.6142416250947702,0.3333333333333333,0.6666666666666667,0.4,0.6,0.32275,0.6645,0.34175,1.332486979999885
102,102,audio__original,DEATH OF A FRIEND,4,1,2,OF,1.0,1.0,0.2499999999375,1.0,0.0,0.999999999,0.2499999999375,0.9999999999303368,0.0,1.0,0.38671875,0.61328125,0.4765625,0.5234375,2,1.0,0.5604485383178052,0.4395514616821948,0.3872983346207418,0.6127016653792582,0.4146341463414634,0.5853658536585367,0.2258064516129032,0.7741935483870968,0.8055,0.865875,0.060375,1.332486979999885
102,102,audio__original,DEATH OF A FRIEND,4,2,3,A,1.0,1.0,0.2499999999375,1.0,0.0,0.999999999,0.2499999999375,0.9999999999303368,0.0,1.0,0.52734375,0.47265625,0.40625,0.59375,3,1.0,0.7216878364870325,0.2783121635129675,0.3273268353539886,0.6726731646460113,0.5789473684210527,0.4210526315789473,0.3055555555555556,0.6944444444444444,0.9464375,0.9964375,0.05,1.332486979999885
102,102,audio__original,DEATH OF A FRIEND,4,3,4,FRIEND,1.0,1.0,0.2499999999375,1.0,0.0,0.999999999,0.2499999999375,0.9999999999303368,0.0,1.0,0.62890625,0.37109375,0.2734375,0.7265625,4,1.0,0.9801960588196068,0.0198039411803931,0.25,0.75,0.961038961038961,0.0389610389610389,0.3829787234042553,0.6170212765957447,1.0571875,1.7355,0.6783125,1.332486979999885
109,109,audio__original,ELEVEN P M MAJOR,4,0,1,ELEVEN,1.0,1.0,0.2499999999375,1.0,0.0,0.999999999,0.2499999999375,0.9999999999303368,0.0,1.0078125,0.208984375,0.798828125,0.333984375,0.673828125,1,1.0,0.0,1.0,0.4338609156373124,0.5661390843626877,0.3076923076923077,0.6923076923076923,0.3174603174603174,0.6825396825396826,0.22175,0.704125,0.482375,1.289909363249535
109,109,audio__original,ELEVEN P M MAJOR,4,1,2,P,1.0,1.0,0.2499999999375,1.0,0.0,0.999999999,0.2499999999375,0.9999999999303368,0.0,1.0078125,0.216796875,0.791015625,0.38671875,0.62109375,2,1.0,0.912870929175277,0.0871290708247229,0.3077935056255463,0.6922064943744537,0.8214285714285714,0.1785714285714286,0.2258064516129032,0.7741935483870968,0.7323125,0.824875,0.0925625,1.289909363249535
109,109,audio__original,ELEVEN P M MAJOR,4,2,3,M,1.0,1.0,0.2499999999375,1.0,0.0,0.999999999,0.2499999999375,0.9999999999303368,0.0,1.0078125,0.9921875,0.015625,-0.005828857421875,1.013641357421875,3,1.0,1.0000000000000002,-2.220446049250313e-16,0.0,1.0,1.0,0.0,0.2307692307692307,0.7692307692307692,1.166875,1.2675,0.100625,1.289909363249535
109,109,audio__original,ELEVEN P M MAJOR,4,3,4,MAJOR,1.0,1.0,0.2499999999375,1.0,0.0,0.999999999,0.2499999999375,0.9999999999303368,0.0,1.0078125,0.41796875,0.58984375,0.14453125,0.86328125,4,1.0,0.8451542547285168,0.1548457452714832,0.2581988897471612,0.7418011102528388,0.7796610169491526,0.2203389830508474,0.325,0.675,2.3283125,3.0575625,0.72925,1.289909363249535
110,110,audio__original,EMILY AT THIS TIME,4,0,1,EMILY,1.0,1.0,0.2499999999375,1.0,0.0,0.999999999,0.2499999999375,0.9999999999303368,0.0,0.99609375,0.48828125,0.5078125,0.123046875,0.873046875,1,1.0,0.6363636363636365,0.3636363636363635,0.3636363636363636,0.6363636363636364,0.7311827956989247,0.2688172043010752,0.5306122448979592,0.4693877551020408,0.50275,0.9645625,0.4618125,1.4258210602502004
110,110,audio__original,EMILY AT THIS TIME,4,1,2,AT,1.0,1.0,0.2499999999375,1.0,0.0,0.999999999,0.2499999999375,0.9999999999303368,0.0,0.99609375,0.6328125,0.36328125,0.1181640625,0.8779296875,2,1.0,0.7462025072446365,0.2537974927553634,0.3344968040028364,0.6655031959971636,0.813953488372093,0.1860465116279069,0.5111111111111111,0.4888888888888889,1.1610625,1.42675,0.2656875,1.4258210602502004
110,110,audio__original,EMILY AT THIS TIME,4,2,3,THIS,1.0,1.0,0.2499999999375,1.0,0.0,0.999999999,0.2499999999375,0.9999999999303368,0.0,0.99609375,0.296875,0.69921875,0.47265625,0.5234375,3,1.0,0.6363636363636365,0.3636363636363635,0.0,1.0,0.6481481481481481,0.3518518518518518,0.3478260869565217,0.6521739130434783,1.4468125,1.6276875,0.180875,1.4258210602502004
110,110,audio__original,EMILY AT THIS TIME,4,3,4,TIME,1.0,1.0,0.2499999999375,1.0,0.0,0.999999999,0.2499999999375,0.9999999999303368,0.0,0.99609375,0.6484375,0.34765625,0.0103759765625,0.9857177734375,4,1.0,0.6689936080056728,0.3310063919943272,0.0,1.0,0.7446808510638298,0.2553191489361702,0.3673469387755102,0.6326530612244898,1.667875,1.989,0.321125,1.4258210602502004
111,111,audio__original,END IN I AND FIVE IN T,7,0,1,END,1.0,1.0,0.1428571428367347,1.0,0.0,0.999999999,0.1428571428367347,0.9999999999305568,0.0,0.99609375,0.466796875,0.529296875,0.0091552734375,0.9869384765625,1,1.0,0.4170288281141496,0.5829711718858503,0.0,1.0,0.3396226415094339,0.6603773584905661,0.2631578947368421,0.736842105263158,0.5430625,0.7738125,0.23075,1.3331002912849983
111,111,audio__original,END IN I AND FIVE IN T,7,1,2,IN,1.0,1.0,0.1428571428367347,1.0,0.0,0.999999999,0.1428571428367347,0.9999999999305568,0.0,0.99609375,0.7734375,0.22265625,0.384765625,0.611328125,2,1.0,0.75,0.25,0.0,1.0,0.68,0.3199999999999999,0.2631578947368421,0.736842105263158,0.834125,0.9245625,0.0904375,1.3331002912849983
111,111,audio__original,END IN I AND FIVE IN T,7,2,3,I,1.0,1.0,0.1428571428367347,1.0,0.0,0.999999999,0.1428571428367347,0.9999999999305568,0.0,0.99609375,0.55859375,0.4375,0.08154296875,0.91455078125,3,1.0,0.75,0.25,0.0,1.0,0.68,0.3199999999999999,0.2075471698113207,0.7924528301886793,0.984875,1.4270625,0.4421875,1.3331002912849983
111,111,audio__original,END IN I AND FIVE IN T,7,3,4,AND,1.0,1.0,0.1428571428367347,1.0,0.0,0.999999999,0.1428571428367347,0.9999999999305568,0.0,0.99609375,0.515625,0.48046875,0.2578125,0.73828125,4,1.0,0.8164965809277261,0.1835034190722738,0.0,1.0,0.6190476190476191,0.3809523809523809,0.1348314606741573,0.8651685393258427,1.9095,2.391875,0.482375,1.3331002912849983
111,111,audio__original,END IN I AND FIVE IN T,7,4,5,FIVE,1.0,1.0,0.1428571428367347,1.0,0.0,0.999999999,0.1428571428367347,0.9999999999305568,0.0,0.99609375,0.85546875,0.140625,0.341796875,0.654296875,5,1.0,0.875,0.125,0.0,1.0,0.7474747474747475,0.2525252525252525,0.04,0.96,2.440125,2.9245,0.484375,1.3331002912849983
111,111,audio__original,END IN I AND FIVE IN T,7,5,6,IN,1.0,1.0,0.1428571428367347,1.0,0.0,0.999999999,0.1428571428367347,0.9999999999305568,0.0,0.99609375,0.90234375,0.09375,0.07958984375,0.91650390625,6,1.0,1.0,0.0,0.0,1.0,1.0,0.0,0.2692307692307692,0.7307692307692308,3.015,3.497375,0.482375,1.3331002912849983
111,111,audio__original,END IN I AND FIVE IN T,7,6,7,T,1.0,1.0,0.1428571428367347,1.0,0.0,0.999999999,0.1428571428367347,0.9999999999305568,0.0,0.99609375,0.9296875,0.06640625,0.080078125,0.916015625,7,1.0,1.0,0.0,0.0,1.0,1.0,0.0,0.2692307692307692,0.7307692307692308,3.8591875,3.9091875,0.05,1.3331002912849983
113,113,audio__original,EVER YOUR'S W H,4,0,1,EVER,1.0,1.0,0.2499999999375,1.0,0.0,0.999999999,0.2499999999375,0.9999999999303368,0.0,0.9921875,0.474609375,0.517578125,0.6953125,0.296875,1,1.0,0.7337993857053431,0.2662006142946569,0.5241424183609593,0.4758575816390407,0.4444444444444444,0.5555555555555556,0.2295081967213114,0.7704918032786885,0.4425,0.743375,0.300875,1.396807236749737
113,113,audio__original,EVER YOUR'S W H,4,1,2,YOUR'S,1.0,1.0,0.2499999999375,1.0,0.0,0.999999999,0.2499999999375,0.9999999999303368,0.0,0.9921875,0.9609375,0.03125,0.3515625,0.640625,2,1.0,0.8250286473253902,0.1749713526746098,0.6289709020331512,0.3710290979668488,0.5714285714285714,0.4285714285714286,0.3939393939393939,0.6060606060606061,0.763625,1.2258125,0.4621875,1.396807236749737
113,113,audio__original,EVER YOUR'S W H,4,2,3,W,1.0,1.0,0.2499999999375,1.0,0.0,0.999999999,0.2499999999375,0.9999999999303368,0.0,0.9921875,0.462890625,0.529296875,0.5703125,0.421875,3,1.0,0.3030457633656633,0.6969542366343366,0.4193139346887675,0.5806860653112325,0.2571428571428571,0.7428571428571429,0.1875,0.8125,1.802375,2.7933125,0.9909375,1.396807236749737
113,113,audio__original,EVER YOUR'S W H,4,3,4,H,1.0,1.0,0.2499999999375,1.0,0.0,0.999999999,0.2499999999375,0.9999999999303368,0.0,0.9921875,0.5546875,0.4375,0.3046875,0.6875,4,1.0,1.0000000000000004,-4.440892098500626e-16,0.2182178902359924,0.7817821097640075,1.0,0.0,0.2191780821917808,0.7808219178082192,2.87375,2.92375,0.05,1.396807236749737
116,116,audio__original,FACE AND FIGURE I,4,0,1,FACE,1.0,1.0,0.2499999999375,1.0,0.0,0.999999999,0.2499999999375,0.9999999999303368,0.0,1.0,0.55078125,0.44921875,0.6328125,0.3671875,1,1.0,0.1818181818181818,0.8181818181818181,0.2611164839335468,0.7388835160664532,0.3368421052631579,0.6631578947368422,0.345679012345679,0.654320987654321,0.2405,0.6009375,0.3604375,1.4599620970002434
116,116,audio__original,FACE AND FIGURE I,4,1,2,AND,1.0,1.0,0.2499999999375,1.0,0.0,0.999999999,0.2499999999375,0.9999999999303368,0.0,1.0,0.75,0.25,0.369140625,0.630859375,2,1.0,1.0000000000000002,-2.220446049250313e-16,0.3636363636363636,0.6363636363636364,1.0,0.0,0.3870967741935484,0.6129032258064516,0.6490625,0.861375,0.2123125,1.4599620970002434
116,116,audio__original,FACE AND FIGURE I,4,2,3,FIGURE,1.0,1.0,0.2499999999375,1.0,0.0,0.999999999,0.2499999999375,0.9999999999303368,0.0,1.0,0.130859375,0.869140625,0.287109375,0.712890625,3,1.0,0.0,1.0,0.2925089696508522,0.7074910303491477,0.4,0.6,0.3414634146341463,0.6585365853658536,0.9575625,1.2620625,0.3045,1.4599620970002434
116,116,audio__original,FACE AND FIGURE I,4,3,4,I,1.0,1.0,0.2499999999375,1.0,0.0,0.999999999,0.2499999999375,0.9999999999303368,0.0,1.0,0.74609375,0.25390625,0.474609375,0.525390625,4,1.0,1.0000000000000002,-2.220446049250313e-16,0.2611164839335468,0.7388835160664532,1.0,0.0,0.404040404040404,0.595959595959596,1.38225,2.584375,1.202125,1.4599620970002434
117,117,audio__original,FOR ASKED THE INCAS,4,0,1,FOR,1.0,1.0,0.2499999999375,1.0,0.0,0.999999999,0.2499999999375,0.9999999999303368,0.0,1.0,0.234375,0.765625,0.2490234375,0.7509765625,1,1.0,0.0741249316661101,0.92587506833389,0.0,1.0,0.1627906976744186,0.8372093023255813,0.1707317073170731,0.8292682926829268,0.54525,0.846625,0.301375,1.3949157472525258
117,117,audio__original,FOR ASKED THE INCAS,4,1,2,ASKED,1.0,1.0,0.2499999999375,1.0,0.0,0.999999999,0.2499999999375,0.9999999999303368,0.0,1.0,0.158203125,0.841796875,0.291015625,0.708984375,2,1.0,0.0,1.0,0.0,1.0,0.1428571428571428,0.8571428571428572,0.1707317073170731,0.8292682926829268,0.8875,1.109375,0.221875,1.3949157472525258
117,117,audio__original,FOR ASKED THE INCAS,4,2,3,THE,1.0,1.0,0.2499999999375,1.0,0.0,0.999999999,0.2499999999375,0.9999999999303368,0.0,1.0,0.92578125,0.07421875,0.087890625,0.912109375,3,1.0,0.9285714285714286,0.0714285714285714,0.0,1.0,0.8571428571428571,0.1428571428571429,0.2340425531914893,0.7659574468085106,1.1496875,1.2101875,0.0605,1.3949157472525258
117,117,audio__original,FOR ASKED THE INCAS,4,3,4,INCAS,1.0,1.0,0.2499999999375,1.0,0.0,0.999999999,0.2499999999375,0.9999999999303368,0.0,1.0,0.00274658203125,0.99725341796875,0.42578125,0.57421875,4,1.0,0.1195228609334393,0.8804771390665607,0.1543033499620919,0.8456966500379081,0.3943661971830985,0.6056338028169015,0.3,0.7,1.2505625,1.67375,0.4231875,1.3949157472525258
127,127,audio__original,HAM TO BE OR NOT TO BE,7,0,1,HAM,1.0,1.0,0.1428571428367347,1.0,0.0,0.999999999,0.1428571428367347,0.9999999999305568,0.0,1.0,0.0291748046875,0.9708251953125,0.421875,0.578125,1,1.0,0.0,1.0,0.1054092553389459,0.894590744661054,0.3902439024390244,0.6097560975609756,0.4210526315789473,0.5789473684210527,0.1621875,0.423875,0.2616875,1.1494108528568177
127,127,audio__original,HAM TO BE OR NOT TO BE,7,1,2,TO,1.0,1.0,0.1428571428367347,1.0,0.0,0.999999999,0.1428571428367347,0.9999999999305568,0.0,1.0,0.2177734375,0.7822265625,0.01324462890625,0.98675537109375,2,1.0,0.1490711984999859,0.850928801500014,0.1054092553389459,0.894590744661054,0.2898550724637681,0.7101449275362319,0.2926829268292683,0.7073170731707317,0.6926875,0.827625,0.1349375,1.1494108528568177
127,127,audio__original,HAM TO BE OR NOT TO BE,7,2,3,BE,1.0,1.0,0.1428571428367347,1.0,0.0,0.999999999,0.1428571428367347,0.9999999999305568,0.0,1.0,0.26171875,0.73828125,0.5078125,0.4921875,3,1.0,0.0,1.0,0.2581988897471611,0.7418011102528389,0.2456140350877192,0.7543859649122807,0.3255813953488372,0.6744186046511628,0.9285625,1.1708125,0.24225,1.1494108528568177
127,127,audio__original,HAM TO BE OR NOT TO BE,7,3,4,OR,1.0,1.0,0.1428571428367347,1.0,0.0,0.999999999,0.1428571428367347,0.9999999999305568,0.0,1.0,0.20703125,0.79296875,0.361328125,0.638671875,4,1.0,0.3333333333333333,0.6666666666666667,0.2010075630518424,0.7989924369481576,0.1333333333333333,0.8666666666666667,0.3736263736263736,0.6263736263736264,1.21925,1.3625625,0.1433125,1.1494108528568177
127,127,audio__original,HAM TO BE OR NOT TO BE,7,4,5,NOT,1.0,1.0,0.1428571428367347,1.0,0.0,0.999999999,0.1428571428367347,0.9999999999305568,0.0,1.0,0.427734375,0.572265625,0.234375,0.765625,5,1.0,0.5555555555555556,0.4444444444444444,0.2010075630518424,0.7989924369481576,0.5897435897435898,0.4102564102564102,0.3736263736263736,0.6263736263736264,1.4534375,1.59475,0.1413125,1.1494108528568177
127,127,audio__original,HAM TO BE OR NOT TO BE,7,5,6,TO,1.0,1.0,0.1428571428367347,1.0,0.0,0.999999999,0.1428571428367347,0.9999999999305568,0.0,1.0,0.458984375,0.541015625,0.515625,0.484375,6,1.0,0.0,1.0,0.1924500897298752,0.8075499102701247,0.4,0.6,0.3037974683544304,0.6962025316455696,1.635125,1.685125,0.05,1.1494108528568177
127,127,audio__original,HAM TO BE OR NOT TO BE,7,6,7,BE,1.0,1.0,0.1428571428367347,1.0,0.0,0.999999999,0.1428571428367347,0.9999999999305568,0.0,1.0,0.326171875,0.673828125,0.5703125,0.4296875,7,1.0,0.2672612419124244,0.7327387580875756,0.0962250448649376,0.9037749551350625,0.3939393939393939,0.6060606060606061,0.3092783505154639,0.6907216494845361,1.7360625,1.9785,0.2424375,1.1494108528568177
134,134,audio__original,HE COULD WAIT NO LONGER,5,0,1,HE,1.0,1.0,0.19999999996,1.0,0.0,0.999999999,0.19999999996,0.999999999924267,0.0,1.0,0.060302734375,0.939697265625,0.404296875,0.595703125,1,1.0,0.4545454545454546,0.5454545454545454,0.1818181818181818,0.8181818181818181,0.4807692307692308,0.5192307692307692,0.3833333333333333,0.6166666666666667,0.5214375,0.6615625,0.140125,1.3947072565999403
134,134,audio__original,HE COULD WAIT NO LONGER,5,1,2,COULD,1.0,1.0,0.19999999996,1.0,0.0,0.999999999,0.19999999996,0.999999999924267,0.0,1.0,0.2265625,0.7734375,0.130859375,0.869140625,2,1.0,0.4545454545454546,0.5454545454545454,0.2417468892076141,0.7582531107923858,0.3934426229508196,0.6065573770491803,0.3185840707964602,0.6814159292035398,0.701625,0.842,0.140375,1.3947072565999403
134,134,audio__original,HE COULD WAIT NO LONGER,5,2,3,WAIT,1.0,1.0,0.19999999996,1.0,0.0,0.999999999,0.19999999996,0.999999999924267,0.0,1.0,0.375,0.625,0.2216796875,0.7783203125,3,1.0,0.4767312946227963,0.5232687053772037,0.2417468892076141,0.7582531107923858,0.5178571428571429,0.4821428571428571,0.3157894736842105,0.6842105263157895,0.8820625,1.0705625,0.1885,1.3947072565999403
134,134,audio__original,HE COULD WAIT NO LONGER,5,3,4,NO,1.0,1.0,0.19999999996,1.0,0.0,0.999999999,0.19999999996,0.999999999924267,0.0,1.0,0.443359375,0.556640625,0.34765625,0.65234375,4,1.0,0.3636363636363636,0.6363636363636364,0.3015113445777636,0.6984886554222364,0.4864864864864865,0.5135135135135135,0.22,0.78,1.1426875,1.2329375,0.09025,1.3947072565999403
134,134,audio__original,HE COULD WAIT NO LONGER,5,4,5,LONGER,1.0,1.0,0.19999999996,1.0,0.0,0.999999999,0.19999999996,0.999999999924267,0.0,1.0,0.19921875,0.80078125,0.09375,0.90625,5,1.0,0.5720775535473556,0.4279224464526444,0.0870388279778489,0.9129611720221512,0.5042016806722689,0.4957983193277311,0.3931623931623931,0.6068376068376069,1.303125,1.7439375,0.4408125,1.3947072565999403
139,139,audio__original,HE LOOKED ROUND THE ROOM,5,0,1,HE,1.0,1.0,0.19999999996,1.0,0.0,0.999999999,0.19999999996,0.999999999924267,0.0,1.0078125,0.27734375,0.73046875,0.56640625,0.44140625,1,1.0,0.0,1.0,0.1672484020014182,0.8327515979985818,0.2474226804123711,0.7525773195876289,0.4230769230769231,0.5769230769230769,0.463,0.58325,0.12025,1.341317961200548
139,139,audio__original,HE LOOKED ROUND THE ROOM,5,1,2,LOOKED,1.0,1.0,0.19999999996,1.0,0.0,0.999999999,0.19999999996,0.999999999924267,0.0,1.0078125,0.39453125,0.61328125,0.2490234375,0.7587890625,2,1.0,0.6363636363636365,0.3636363636363635,0.2010075630518424,0.7989924369481576,0.6415094339622641,0.3584905660377359,0.2708333333333333,0.7291666666666667,0.6335,0.8245625,0.1910625,1.341317961200548
139,139,audio__original,HE LOOKED ROUND THE ROOM,5,2,3,ROUND,1.0,1.0,0.19999999996,1.0,0.0,0.999999999,0.19999999996,0.999999999924267,0.0,1.0078125,0.2734375,0.734375,0.1064453125,0.9013671875,3,1.0,0.0,1.0,0.0909090909090909,0.9090909090909092,0.3170731707317073,0.6829268292682926,0.3047619047619048,0.6952380952380952,0.8648125,1.0960625,0.23125,1.341317961200548
139,139,audio__original,HE LOOKED ROUND THE ROOM,5,3,4,THE,1.0,1.0,0.19999999996,1.0,0.0,0.999999999,0.19999999996,0.999999999924267,0.0,1.0078125,0.72265625,0.28515625,0.1826171875,0.8251953125,4,1.0,0.8864052604279182,0.1135947395720817,0.1348399724926484,0.8651600275073515,0.8717948717948718,0.1282051282051282,0.2025316455696202,0.7974683544303798,1.146375,1.21675,0.070375,1.341317961200548
139,139,audio__original,HE LOOKED ROUND THE ROOM,5,4,5,ROOM,1.0,1.0,0.19999999996,1.0,0.0,0.999999999,0.19999999996,0.999999999924267,0.0,1.0078125,0.287109375,0.720703125,0.11328125,0.89453125,5,1.0,0.3636363636363636,0.6363636363636364,0.0870388279778489,0.9129611720221512,0.4536082474226804,0.5463917525773196,0.3423423423423423,0.6576576576576576,1.2670625,1.64875,0.3816875,1.341317961200548
143,143,audio__original,HE SAID THEY ARE NICE,5,0,1,HE,1.0,1.0,0.19999999996,1.0,0.0,0.999999999,0.19999999996,0.999999999924267,0.0,0.99609375,0.04296875,0.953125,0.322265625,0.673828125,1,1.0,0.1240347345892085,0.8759652654107914,1.0000000000000002,-2.220446049250313e-16,0.125,0.875,1.0,0.0,0.1013125,0.221625,0.1203125,1.163345452800422
143,143,audio__original,HE SAID THEY ARE NICE,5,1,2,SAID,1.0,1.0,0.19999999996,1.0,0.0,0.999999999,0.19999999996,0.999999999924267,0.0,0.99609375,0.12451171875,0.87158203125,0.2099609375,0.7861328125,2,1.0,0.1348399724926484,0.8651600275073515,0.0,1.0,0.2650602409638554,0.7349397590361446,0.2298850574712643,0.7701149425287357,0.362625,0.564125,0.2015,1.163345452800422
143,143,audio__original,HE SAID THEY ARE NICE,5,2,3,THEY,1.0,1.0,0.19999999996,1.0,0.0,0.999999999,0.19999999996,0.999999999924267,0.0,0.99609375,0.08837890625,0.90771484375,0.349609375,0.646484375,3,1.0,0.1414213562373095,0.8585786437626904,0.1348399724926484,0.8651600275073515,0.2077922077922078,0.7922077922077921,0.5128205128205128,0.4871794871794872,0.664875,1.3298125,0.6649375,1.163345452800422
143,143,audio__original,HE SAID THEY ARE NICE,5,3,4,ARE,1.0,1.0,0.19999999996,1.0,0.0,0.999999999,0.19999999996,0.999999999924267,0.0,0.99609375,0.40234375,0.59375,0.1318359375,0.8642578125,4,1.0,1.0000000000000002,-2.220446049250313e-16,0.0,1.0,1.0,0.0,0.0606060606060606,0.9393939393939394,1.414125,1.6521875,0.2380625,1.163345452800422
143,143,audio__original,HE SAID THEY ARE NICE,5,4,5,NICE,1.0,1.0,0.19999999996,1.0,0.0,0.999999999,0.19999999996,0.999999999924267,0.0,0.99609375,0.34375,0.65234375,0.1201171875,0.8759765625,5,1.0,1.0000000000000002,-2.220446049250313e-16,0.1290994448735806,0.8709005551264194,1.0,0.0,0.3333333333333333,0.6666666666666667,1.7529375,2.1755,0.4225625,1.163345452800422
144,144,audio__original,HE SAID WHY YOU,4,0,1,HE,1.0,1.0,0.2499999999375,1.0,0.0,0.999999999,0.2499999999375,0.9999999999303368,0.0,1.0,0.234375,0.765625,0.494140625,0.505859375,1,1.0,0.0,1.0,0.1672484020014182,0.8327515979985818,0.1643835616438356,0.8356164383561644,0.2666666666666666,0.7333333333333334,0.201875,0.4423125,0.2404375,1.3589919445003034
144,144,audio__original,HE SAID WHY YOU,4,1,2,SAID,1.0,1.0,0.2499999999375,1.0,0.0,0.999999999,0.2499999999375,0.9999999999303368,0.0,1.0,0.52734375,0.47265625,0.431640625,0.568359375,2,1.0,0.0769230769230769,0.923076923076923,0.1672484020014182,0.8327515979985818,0.3255813953488372,0.6744186046511628,0.2666666666666666,0.7333333333333334,0.4831875,0.845625,0.3624375,1.3589919445003034
144,144,audio__original,HE SAID WHY YOU,4,2,3,WHY,1.0,1.0,0.2499999999375,1.0,0.0,0.999999999,0.2499999999375,0.9999999999303368,0.0,1.0,0.91015625,0.08984375,0.5078125,0.4921875,3,1.0,0.3706246583305508,0.6293753416694492,0.0800640769025436,0.9199359230974564,0.18,0.8200000000000001,0.2912621359223301,0.7087378640776699,1.1945,1.9731875,0.7786875,1.3589919445003034
144,144,audio__original,HE SAID WHY YOU,4,3,4,YOU,1.0,1.0,0.2499999999375,1.0,0.0,0.999999999,0.2499999999375,0.9999999999303368,0.0,1.0,0.73828125,0.26171875,0.53515625,0.46484375,4,1.0,0.4615384615384617,0.5384615384615383,0.0800640769025436,0.9199359230974564,0.5,0.5,0.2912621359223301,0.7087378640776699,2.05375,2.10375,0.05,1.3589919445003034
147,147,audio__original,HE TECK DAT TIME TOO,5,0,1,HE,1.0,1.0,0.19999999996,1.0,0.0,0.999999999,0.19999999996,0.999999999924267,0.0,1.0078125,0.388671875,0.619140625,0.671875,0.3359375,1,1.0,0.0,1.0,0.161164592805076,0.838835407194924,0.2391304347826087,0.7608695652173914,0.3260869565217391,0.6739130434782609,0.322,0.522625,0.200625,1.3313250321982195
147,147,audio__original,HE TECK DAT TIME TOO,5,1,2,TECK,1.0,1.0,0.19999999996,1.0,0.0,0.999999999,0.19999999996,0.999999999924267,0.0,1.0078125,0.60546875,0.40234375,0.51953125,0.48828125,2,1.0,0.0,1.0,0.0,1.0,0.3095238095238095,0.6904761904761905,0.2891566265060241,0.7108433734939759,0.54275,0.759625,0.216875,1.3313250321982195
147,147,audio__original,HE TECK DAT TIME TOO,5,2,3,DAT,1.0,1.0,0.19999999996,1.0,0.0,0.999999999,0.19999999996,0.999999999924267,0.0,1.0078125,0.9375,0.0703125,0.1943359375,0.8134765625,3,1.0,1.0,0.0,0.0,1.0,1.0,0.0,0.3409090909090909,0.6590909090909092,0.784,0.9448125,0.1608125,1.3313250321982195
147,147,audio__original,HE TECK DAT TIME TOO,5,3,4,TIME,1.0,1.0,0.19999999996,1.0,0.0,0.999999999,0.19999999996,0.999999999924267,0.0,1.0078125,0.1083984375,0.8994140625,0.60546875,0.40234375,4,1.0,0.4834937784152281,0.5165062215847719,0.0,1.0,0.6938775510204082,0.3061224489795918,0.2891566265060241,0.7108433734939759,0.985,1.4273125,0.4423125,1.3313250321982195
147,147,audio__original,HE TECK DAT TIME TOO,5,4,5,TOO,1.0,1.0,0.19999999996,1.0,0.0,0.999999999,0.19999999996,0.999999999924267,0.0,1.0078125,0.2236328125,0.7841796875,0.04931640625,0.95849609375,5,1.0,0.3223291856101521,0.6776708143898479,0.1543033499620919,0.8456966500379081,0.4561403508771929,0.543859649122807,0.1782178217821782,0.8217821782178218,1.4675,1.7485,0.281,1.3313250321982195
148,148,audio__original,HE TOLD ME IN CONFIDENCE,5,0,1,HE,1.0,1.0,0.19999999996,1.0,0.0,0.999999999,0.19999999996,0.999999999924267,0.0,1.0078125,0.1708984375,0.8369140625,0.1298828125,0.8779296875,1,1.0,0.1611645928050761,0.8388354071949239,0.1611645928050761,0.8388354071949239,0.4038461538461538,0.5961538461538461,0.3962264150943396,0.6037735849056604,0.2428125,0.443875,0.2010625,1.365546855799039
148,148,audio__original,HE TOLD ME IN CONFIDENCE,5,1,2,TOLD,1.0,1.0,0.19999999996,1.0,0.0,0.999999999,0.19999999996,0.999999999924267,0.0,1.0078125,0.1689453125,0.8388671875,0.3203125,0.6875,2,1.0,0.1672484020014182,0.8327515979985818,0.1066003581778052,0.8933996418221948,0.4301075268817204,0.5698924731182795,0.2828282828282828,0.7171717171717171,0.4841875,0.7768125,0.292625,1.365546855799039
148,148,audio__original,HE TOLD ME IN CONFIDENCE,5,2,3,ME,1.0,1.0,0.19999999996,1.0,0.0,0.999999999,0.19999999996,0.999999999924267,0.0,1.0078125,0.1259765625,0.8818359375,0.2236328125,0.7841796875,3,1.0,0.1611645928050761,0.8388354071949239,0.1611645928050761,0.8388354071949239,0.4038461538461538,0.5961538461538461,0.4077669902912621,0.5922330097087378,0.82725,0.958375,0.131125,1.365546855799039
148,148,audio__original,HE TOLD ME IN CONFIDENCE,5,3,4,IN,1.0,1.0,0.19999999996,1.0,0.0,0.999999999,0.19999999996,0.999999999924267,0.0,1.0078125,0.326171875,0.681640625,0.29296875,0.71484375,4,1.0,0.5017452060042545,0.4982547939957454,0.1611645928050761,0.8388354071949239,0.509090909090909,0.4909090909090909,0.4038461538461538,0.5961538461538461,1.069375,1.1500625,0.0806875,1.365546855799039
148,148,audio__original,HE TOLD ME IN CONFIDENCE,5,4,5,CONFIDENCE,1.0,1.0,0.19999999996,1.0,0.0,0.999999999,0.19999999996,0.999999999924267,0.0,1.0078125,0.1591796875,0.8486328125,0.07373046875,0.93408203125,5,1.0,0.1611645928050761,0.8388354071949239,0.0870388279778489,0.9129611720221512,0.4038461538461538,0.5961538461538461,0.1869158878504672,0.8130841121495327,1.1904375,1.976625,0.7861875,1.365546855799039
156,156,audio__original,HERE IS A NARROW CORNER AS,6,0,1,HERE,1.0,1.0,0.1666666666388888,1.0,0.0,0.999999999,0.1666666666388888,0.9999999999263516,0.0,0.99609375,0.46484375,0.53125,0.404296875,0.591796875,1,1.0,0.6210590034081189,0.3789409965918811,0.4780914437337575,0.5219085562662424,0.5656565656565656,0.4343434343434343,0.4788732394366197,0.5211267605633803,0.2831875,0.6255625,0.342375,1.2719223684980534
156,156,audio__original,HERE IS A NARROW CORNER AS,6,1,2,IS,1.0,1.0,0.1666666666388888,1.0,0.0,0.999999999,0.1666666666388888,0.9999999999263516,0.0,0.99609375,0.36328125,0.6328125,0.484375,0.51171875,2,1.0,1.0,0.0,0.6761234037828134,0.3238765962171865,1.0,0.0,0.4888888888888889,0.5111111111111111,0.70625,0.787,0.08075,1.2719223684980534
156,156,audio__original,HERE IS A NARROW CORNER AS,6,2,3,A,1.0,1.0,0.1666666666388888,1.0,0.0,0.999999999,0.1666666666388888,0.9999999999263516,0.0,0.99609375,0.5078125,0.48828125,0.111328125,0.884765625,3,1.0,1.0,0.0,0.0,1.0,1.0,0.0,0.1276595744680851,0.8723404255319149,0.8475625,0.8975625,0.05,1.2719223684980534
156,156,audio__original,HERE IS A NARROW CORNER AS,6,3,4,NARROW,1.0,1.0,0.1666666666388888,1.0,0.0,0.999999999,0.1666666666388888,0.9999999999263516,0.0,0.99609375,0.3515625,0.64453125,0.34375,0.65234375,4,1.0,0.5000000000000002,0.4999999999999998,0.0,1.0,0.4,0.6,0.238095238095238,0.7619047619047619,0.9484375,1.2915,0.3430625,1.2719223684980534
156,156,audio__original,HERE IS A NARROW CORNER AS,6,4,5,CORNER,1.0,1.0,0.1666666666388888,1.0,0.0,0.999999999,0.1666666666388888,0.9999999999263516,0.0,0.99609375,0.26953125,0.7265625,0.349609375,0.646484375,5,1.0,0.253546276418555,0.746453723581445,0.080582296402538,0.919417703597462,0.3146067415730337,0.6853932584269663,0.2,0.8,1.331875,1.7455625,0.4136875,1.2719223684980534
156,156,audio__original,HERE IS A NARROW CORNER AS,6,5,6,AS,1.0,1.0,0.1666666666388888,1.0,0.0,0.999999999,0.1666666666388888,0.9999999999263516,0.0,0.99609375,0.357421875,0.638671875,0.2158203125,0.7802734375,6,1.0,0.4285714285714287,0.5714285714285713,0.1543033499620919,0.8456966500379081,0.4807692307692308,0.5192307692307692,0.2075471698113207,0.7924528301886793,1.8464375,2.1181875,0.27175,1.2719223684980534
157,157,audio__original,HERE SOME OF YOU GIRLS,5,0,1,HERE,1.0,1.0,0.19999999996,1.0,0.0,0.999999999,0.19999999996,0.999999999924267,0.0,0.99609375,0.28515625,0.7109375,0.486328125,0.509765625,1,1.0,0.2401922307076308,0.7598077692923693,0.2738612787525831,0.7261387212474169,0.4423076923076923,0.5576923076923077,0.3092783505154639,0.6907216494845361,0.5646875,0.8864375,0.32175,1.3323099622000882
157,157,audio__original,HERE SOME OF YOU GIRLS,5,1,2,SOME,1.0,1.0,0.19999999996,1.0,0.0,0.999999999,0.19999999996,0.999999999924267,0.0,0.99609375,0.50390625,0.4921875,0.296875,0.69921875,2,1.0,0.6963106238227913,0.3036893761772087,0.2401922307076308,0.7598077692923693,0.6666666666666666,0.3333333333333333,0.4423076923076923,0.5576923076923077,0.9871875,1.148375,0.1611875,1.3323099622000882
157,157,audio__original,HERE SOME OF YOU GIRLS,5,2,3,OF,1.0,1.0,0.19999999996,1.0,0.0,0.999999999,0.19999999996,0.999999999924267,0.0,0.99609375,0.54296875,0.453125,0.396484375,0.599609375,3,1.0,0.5604485383178052,0.4395514616821948,0.0,1.0,0.6857142857142857,0.3142857142857143,0.1066666666666666,0.8933333333333333,1.188625,1.238625,0.05,1.3323099622000882
157,157,audio__original,HERE SOME OF YOU GIRLS,5,3,4,YOU,1.0,1.0,0.19999999996,1.0,0.0,0.999999999,0.19999999996,0.999999999924267,0.0,0.99609375,0.70703125,0.2890625,0.1337890625,0.8623046875,4,1.0,0.5604485383178052,0.4395514616821948,0.3651483716701109,0.6348516283298891,0.6486486486486487,0.3513513513513513,0.297029702970297,0.7029702970297029,1.289375,1.390125,0.10075,1.3323099622000882
157,157,audio__original,HERE SOME OF YOU GIRLS,5,4,5,GIRLS,1.0,1.0,0.19999999996,1.0,0.0,0.999999999,0.19999999996,0.999999999924267,0.0,0.99609375,0.4140625,0.58203125,0.17578125,0.8203125,5,1.0,0.2738612787525831,0.7261387212474169,0.0833333333333333,0.9166666666666666,0.5636363636363636,0.4363636363636364,0.3423423423423423,0.6576576576576576,1.4304375,1.8730625,0.442625,1.3323099622000882
163,163,audio__original,I AM VERY GLAD,4,0,1,I,1.0,1.0,0.2499999999375,1.0,0.0,0.999999999,0.2499999999375,0.9999999999303368,0.0,1.0078125,1.0078125,0.0,0.16796875,0.83984375,1,1.0,1.0000000000000002,-2.220446049250313e-16,0.2132007163556104,0.7867992836443896,1.0,0.0,0.2264150943396226,0.7735849056603774,0.38175,0.452125,0.070375,0.9909786935004375
163,163,audio__original,I AM VERY GLAD,4,1,2,AM,1.0,1.0,0.2499999999375,1.0,0.0,0.999999999,0.2499999999375,0.9999999999303368,0.0,1.0078125,1.0078125,0.0,0.1533203125,0.8544921875,2,1.0,1.0000000000000002,-2.220446049250313e-16,0.2132007163556104,0.7867992836443896,1.0,0.0,0.2264150943396226,0.7735849056603774,0.562625,0.713375,0.15075,0.9909786935004375
163,163,audio__original,I AM VERY GLAD,4,2,3,VERY,1.0,1.0,0.2499999999375,1.0,0.0,0.999999999,0.2499999999375,0.9999999999303368,0.0,1.0078125,0.1064453125,0.9013671875,0.0673828125,0.9404296875,3,1.0,0.2132007163556104,0.7867992836443896,0.0,1.0,0.2068965517241379,0.7931034482758621,0.1666666666666666,0.8333333333333334,0.9159375,1.3664375,0.4505,0.9909786935004375
163,163,audio__original,I AM VERY GLAD,4,3,4,GLAD,1.0,1.0,0.2499999999375,1.0,0.0,0.999999999,0.2499999999375,0.9999999999303368,0.0,1.0078125,0.275390625,0.732421875,0.0908203125,0.9169921875,4,1.0,0.2132007163556104,0.7867992836443896,0.0,1.0,0.2,0.8,0.1212121212121212,0.8787878787878788,1.414625,2.0695,0.654875,0.9909786935004375
168,168,audio__original,I DO THINK THIS IS,5,0,1,I,1.0,1.0,0.19999999996,1.0,0.0,0.999999999,0.19999999996,0.999999999924267,0.0,1.0078125,0.328125,0.6796875,0.400390625,0.607421875,1,1.0,0.7833494518006402,0.2166505481993598,0.1348399724926484,0.8651600275073515,0.7216494845360825,0.2783505154639175,0.1587301587301587,0.8412698412698413,0.5633125,0.7438125,0.1805,1.3520201644001646
168,168,audio__original,I DO THINK THIS IS,5,1,2,DO,1.0,1.0,0.19999999996,1.0,0.0,0.999999999,0.19999999996,0.999999999924267,0.0,1.0078125,0.515625,0.4921875,0.2578125,0.75,2,1.0,0.8058229640253802,0.1941770359746197,0.2611164839335468,0.7388835160664532,0.7878787878787878,0.2121212121212121,0.2285714285714285,0.7714285714285715,0.8081875,0.944875,0.1366875,1.3520201644001646
168,168,audio__original,I DO THINK THIS IS,5,2,3,THINK,1.0,1.0,0.19999999996,1.0,0.0,0.999999999,0.19999999996,0.999999999924267,0.0,1.0078125,0.53515625,0.47265625,0.484375,0.5234375,3,1.0,0.5853694070049636,0.4146305929950363,0.5454545454545455,0.4545454545454545,0.5777777777777777,0.4222222222222223,0.5625,0.4375,0.997125,1.1459375,0.1488125,1.3520201644001646
168,168,audio__original,I DO THINK THIS IS,5,3,4,THIS,1.0,1.0,0.19999999996,1.0,0.0,0.999999999,0.19999999996,0.999999999924267,0.0,1.0078125,0.64453125,0.36328125,0.5703125,0.4375,4,1.0,0.7833494518006402,0.2166505481993598,0.5454545454545455,0.4545454545454545,0.7216494845360825,0.2783505154639175,0.5625,0.4375,1.186125,1.326875,0.14075,1.3520201644001646
168,168,audio__original,I DO THINK THIS IS,5,4,5,IS,1.0,1.0,0.19999999996,1.0,0.0,0.999999999,0.19999999996,0.999999999924267,0.0,1.0078125,0.099609375,0.908203125,0.322265625,0.685546875,5,1.0,0.4150286783196449,0.5849713216803551,0.1740776559556978,0.8259223440443022,0.2857142857142857,0.7142857142857143,0.2745098039215686,0.7254901960784313,1.3670625,1.5275,0.1604375,1.3520201644001646
170,170,audio__original,I GIVE MY CONSENT,4,0,1,I,1.0,1.0,0.2499999999375,1.0,0.0,0.999999999,0.2499999999375,0.9999999999303368,0.0,1.0,0.5234375,0.4765625,0.314453125,0.685546875,1,1.0,1.0000000000000002,-2.220446049250313e-16,0.4200840252084029,0.5799159747915971,1.0,0.0,0.4444444444444444,0.5555555555555556,0.6244375,0.6744375,0.05,1.279484946499906
170,170,audio__original,I GIVE MY CONSENT,4,1,2,GIVE,1.0,1.0,0.2499999999375,1.0,0.0,0.999999999,0.2499999999375,0.9999999999303368,0.0,1.0,0.390625,0.609375,0.201171875,0.798828125,2,1.0,0.6092717958449424,0.3907282041550576,0.0,1.0,0.5242718446601942,0.4757281553398058,0.1935483870967742,0.8064516129032258,0.7339375,0.9880625,0.254125,1.279484946499906
170,170,audio__original,I GIVE MY CONSENT,4,2,3,MY,1.0,1.0,0.2499999999375,1.0,0.0,0.999999999,0.2499999999375,0.9999999999303368,0.0,1.0,0.5234375,0.4765625,0.65234375,0.34765625,3,1.0,1.0000000000000002,-2.220446049250313e-16,1.0000000000000002,-2.220446049250313e-16,1.0,0.0,1.0,0.0,1.088875,1.4115625,0.3226875,1.279484946499906
170,170,audio__original,I GIVE MY CONSENT,4,3,4,CONSENT,1.0,1.0,0.2499999999375,1.0,0.0,0.999999999,0.2499999999375,0.9999999999303368,0.0,1.0,0.41796875,0.58203125,0.2392578125,0.7607421875,4,1.0,0.5604485383178052,0.4395514616821948,0.25,0.75,0.5684210526315789,0.431578947368421,0.3364485981308411,0.6635514018691588,1.4720625,2.237625,0.7655625,1.279484946499906
171,171,audio__original,I GRANT SAID THE SENATOR,5,0,1,I,1.0,1.0,0.19999999996,1.0,0.0,0.999999999,0.19999999996,0.999999999924267,0.0,0.99609375,0.03076171875,0.96533203125,0.3359375,0.66015625,1,1.0,0.0,1.0,0.0,1.0,0.1739130434782608,0.8260869565217391,0.1777777777777777,0.8222222222222222,0.5413125,0.666,0.1246875,0.9020465644018258
171,171,audio__original,I GRANT SAID THE SENATOR,5,1,2,GRANT,1.0,1.0,0.19999999996,1.0,0.0,0.999999999,0.19999999996,0.999999999924267,0.0,0.99609375,0.462890625,0.533203125,0.053955078125,0.942138671875,2,1.0,0.9354143466934856,0.0645856533065143,0.0,1.0,0.7555555555555555,0.2444444444444444,0.2272727272727272,0.7727272727272727,0.742625,1.1403125,0.3976875,0.9020465644018258
171,171,audio__original,I GRANT SAID THE SENATOR,5,2,3,SAID,1.0,1.0,0.19999999996,1.0,0.0,0.999999999,0.19999999996,0.999999999924267,0.0,0.99609375,0.68359375,0.3125,0.3125,0.68359375,3,1.0,0.8671099695241202,0.1328900304758797,0.0,1.0,0.5818181818181818,0.4181818181818182,0.2857142857142857,0.7142857142857143,1.1908125,1.3845,0.1936875,0.9020465644018258
171,171,audio__original,I GRANT SAID THE SENATOR,5,3,4,THE,1.0,1.0,0.19999999996,1.0,0.0,0.999999999,0.19999999996,0.999999999924267,0.0,0.99609375,0.84765625,0.1484375,0.3125,0.68359375,4,1.0,1.0000000000000004,-4.440892098500626e-16,0.0,1.0,1.0,0.0,0.24,0.76,1.4128125,1.503625,0.0908125,0.9020465644018258
171,171,audio__original,I GRANT SAID THE SENATOR,5,4,5,SENATOR,1.0,1.0,0.19999999996,1.0,0.0,0.999999999,0.19999999996,0.999999999924267,0.0,0.99609375,0.4609375,0.53515625,0.150390625,0.845703125,5,1.0,0.836660026534076,0.163339973465924,0.2182178902359924,0.7817821097640075,0.7083333333333334,0.2916666666666666,0.2191780821917808,0.7808219178082192,1.554125,2.1554375,0.6013125,0.9020465644018258
174,174,audio__original,I KNEW YOU ALSO,4,0,1,I,1.0,1.0,0.2499999999375,1.0,0.0,0.999999999,0.2499999999375,0.9999999999303368,0.0,0.99609375,0.7265625,0.26953125,0.375,0.62109375,1,1.0,0.5929994533288812,0.4070005466711188,0.6446583712203042,0.3553416287796958,0.4705882352941176,0.5294117647058824,0.4629629629629629,0.537037037037037,0.50475,0.6351875,0.1304375,1.3962497075008289
174,174,audio__original,I KNEW YOU ALSO,4,1,2,KNEW,1.0,1.0,0.2499999999375,1.0,0.0,0.999999999,0.2499999999375,0.9999999999303368,0.0,0.99609375,0.2099609375,0.7861328125,0.34375,0.65234375,2,1.0,0.3857583749052298,0.6142416250947702,0.5520524474738835,0.4479475525261165,0.4375,0.5625,0.3106796116504854,0.6893203883495146,0.7460625,0.967875,0.2218125,1.3962497075008289
174,174,audio__original,I KNEW YOU ALSO,4,2,3,YOU,1.0,1.0,0.2499999999375,1.0,0.0,0.999999999,0.2499999999375,0.9999999999303368,0.0,0.99609375,0.58984375,0.40625,0.58203125,0.4140625,3,1.0,0.5929994533288812,0.4070005466711188,0.6446583712203042,0.3553416287796958,0.4705882352941176,0.5294117647058824,0.4629629629629629,0.537037037037037,1.0384375,1.149375,0.1109375,1.3962497075008289
174,174,audio__original,I KNEW YOU ALSO,4,3,4,ALSO,1.0,1.0,0.2499999999375,1.0,0.0,0.999999999,0.2499999999375,0.9999999999303368,0.0,0.99609375,0.27734375,0.71875,0.3671875,0.62890625,4,1.0,0.6446583712203042,0.3553416287796958,0.2314550249431379,0.768544975056862,0.4629629629629629,0.537037037037037,0.3157894736842105,0.6842105263157895,1.2501875,1.7863125,0.536125,1.3962497075008289
177,177,audio__original,I NEVER HAD ANY FAMILY,5,0,1,I,1.0,1.0,0.19999999996,1.0,0.0,0.999999999,0.19999999996,0.999999999924267,0.0,0.99609375,0.5859375,0.41015625,0.203125,0.79296875,1,1.0,0.1543033499620919,0.8456966500379081,0.3857583749052298,0.6142416250947702,0.4074074074074074,0.5925925925925926,0.4395604395604395,0.5604395604395604,0.543375,0.7239375,0.1805625,1.3519584530004067
177,177,audio__original,I NEVER HAD ANY FAMILY,5,1,2,NEVER,1.0,1.0,0.19999999996,1.0,0.0,0.999999999,0.19999999996,0.999999999924267,0.0,0.99609375,0.045654296875,0.950439453125,0.326171875,0.669921875,2,1.0,0.2964997266644406,0.7035002733355594,0.3857583749052298,0.6142416250947702,0.28,0.72,0.4395604395604395,0.5604395604395604,0.78425,1.085875,0.301625,1.3519584530004067
177,177,audio__original,I NEVER HAD ANY FAMILY,5,2,3,HAD,1.0,1.0,0.19999999996,1.0,0.0,0.999999999,0.19999999996,0.999999999924267,0.0,0.99609375,0.6796875,0.31640625,0.177734375,0.818359375,3,1.0,0.9285714285714286,0.0714285714285714,0.6446583712203042,0.3553416287796958,0.8828828828828829,0.1171171171171171,0.4854368932038835,0.5145631067961165,1.1663125,1.4116875,0.245375,1.3519584530004067
177,177,audio__original,I NEVER HAD ANY FAMILY,5,3,4,ANY,1.0,1.0,0.19999999996,1.0,0.0,0.999999999,0.19999999996,0.999999999924267,0.0,0.99609375,0.65234375,0.34375,0.07470703125,0.92138671875,4,1.0,0.9285714285714286,0.0714285714285714,0.483045891539648,0.516954108460352,0.8828828828828829,0.1171171171171171,0.3265306122448979,0.6734693877551021,1.5081875,1.70925,0.2010625,1.3519584530004067
177,177,audio__original,I NEVER HAD ANY FAMILY,5,4,5,FAMILY,1.0,1.0,0.19999999996,1.0,0.0,0.999999999,0.19999999996,0.999999999924267,0.0,0.99609375,0.578125,0.41796875,0.84375,0.15234375,5,1.0,1.0,0.0,0.2314550249431379,0.768544975056862,1.0,0.0,0.3302752293577982,0.6697247706422018,1.769625,2.33225,0.562625,1.3519584530004067
187,187,audio__original,I WILL PRACTICE IT,4,0,1,I,1.0,1.0,0.2499999999375,1.0,0.0,0.999999999,0.2499999999375,0.9999999999303368,0.0,1.0,0.66796875,0.33203125,0.48046875,0.51953125,1,1.0,0.7877263614433765,0.2122736385566235,0.6671243849949913,0.3328756150050087,0.7741935483870968,0.2258064516129032,0.594059405940594,0.4059405940594059,0.5463125,0.6869375,0.140625,1.4093407227519492
187,187,audio__original,I WILL PRACTICE IT,4,1,2,WILL,1.0,1.0,0.2499999999375,1.0,0.0,0.999999999,0.2499999999375,0.9999999999303368,0.0,1.0,0.73828125,0.26171875,0.44140625,0.55859375,2,1.0,0.8461538461538466,0.1538461538461534,0.6671243849949913,0.3328756150050087,0.7252747252747253,0.2747252747252747,0.594059405940594,0.4059405940594059,0.715125,0.86875,0.153625,1.4093407227519492
187,187,audio__original,I WILL PRACTICE IT,4,2,3,PRACTICE,1.0,1.0,0.2499999999375,1.0,0.0,0.999999999,0.2499999999375,0.9999999999303368,0.0,1.0,0.52734375,0.47265625,0.310546875,0.689453125,3,1.0,0.3817708577854668,0.6182291422145332,0.9198662110078,0.0801337889921999,0.2921348314606741,0.7078651685393258,0.8888888888888888,0.1111111111111111,0.909125,1.31325,0.404125,1.4093407227519492
187,187,audio__original,I WILL PRACTICE IT,4,3,4,IT,1.0,1.0,0.2499999999375,1.0,0.0,0.999999999,0.2499999999375,0.9999999999303368,0.0,1.0,0.267578125,0.732421875,0.1630859375,0.8369140625,4,1.0,0.2508726030021272,0.7491273969978727,0.1601281538050872,0.8398718461949128,0.2745098039215686,0.7254901960784313,0.3238095238095238,0.6761904761904762,1.3940625,1.6963125,0.30225,1.4093407227519492
193,193,audio__original,IF NOT A CHASTENED PERFORMER,5,0,1,IF,1.0,1.0,0.19999999996,1.0,0.0,0.999999999,0.19999999996,0.999999999924267,0.0,1.0078125,0.294921875,0.712890625,0.498046875,0.509765625,1,1.0,0.0,1.0,0.0,1.0,0.4597701149425287,0.5402298850574713,0.2926829268292683,0.7073170731707317,0.2655625,0.4220625,0.1565,1.3486744229994656
193,193,audio__original,IF NOT A CHASTENED PERFORMER,5,1,2,NOT,1.0,1.0,0.19999999996,1.0,0.0,0.999999999,0.19999999996,0.999999999924267,0.0,1.0078125,0.55859375,0.44921875,0.48046875,0.52734375,2,1.0,0.0,1.0,0.0,1.0,0.1702127659574468,0.8297872340425532,0.0983606557377049,0.9016393442622952,0.46225,0.6431875,0.1809375,1.3486744229994656
193,193,audio__original,IF NOT A CHASTENED PERFORMER,5,2,3,A,1.0,1.0,0.19999999996,1.0,0.0,0.999999999,0.19999999996,0.999999999924267,0.0,1.0078125,0.71875,0.2890625,0.1728515625,0.8349609375,3,1.0,0.0,1.0,0.0,1.0,0.2469135802469135,0.7530864197530864,0.2535211267605634,0.7464788732394366,0.7035,0.7535,0.05,1.3486744229994656
193,193,audio__original,IF NOT A CHASTENED PERFORMER,5,3,4,CHASTENED,1.0,1.0,0.19999999996,1.0,0.0,0.999999999,0.19999999996,0.999999999924267,0.0,1.0078125,0.46484375,0.54296875,0.408203125,0.599609375,4,1.0,0.0,1.0,0.0,1.0,0.0983606557377049,0.9016393442622952,0.2926829268292683,0.7073170731707317,0.783875,1.2260625,0.4421875,1.3486744229994656
193,193,audio__original,IF NOT A CHASTENED PERFORMER,5,4,5,PERFORMER,1.0,1.0,0.19999999996,1.0,0.0,0.999999999,0.19999999996,0.999999999924267,0.0,1.0078125,0.55078125,0.45703125,0.0888671875,0.9189453125,5,1.0,0.0,1.0,0.0,1.0,0.3132530120481928,0.6867469879518072,0.36,0.64,1.2703125,2.0095625,0.73925,1.3486744229994656
201,201,audio__original,IN VAIN IF NONE REGARD,5,0,1,IN,1.0,1.0,0.19999999996,1.0,0.0,0.999999999,0.19999999996,0.999999999924267,0.0,1.0078125,0.98046875,0.02734375,0.134765625,0.873046875,1,1.0,1.0000000000000002,-2.220446049250313e-16,0.0870388279778489,0.9129611720221512,1.0,0.0,0.2156862745098039,0.7843137254901961,0.3216875,0.482125,0.1604375,1.3676988396000525
201,201,audio__original,IN VAIN IF NONE REGARD,5,1,2,VAIN,1.0,1.0,0.19999999996,1.0,0.0,0.999999999,0.19999999996,0.999999999924267,0.0,1.0078125,0.796875,0.2109375,0.326171875,0.681640625,2,1.0,1.0000000000000002,-2.220446049250313e-16,0.0,1.0,1.0,0.0,0.303030303030303,0.696969696969697,0.5824375,0.8638125,0.281375,1.3676988396000525
201,201,audio__original,IN VAIN IF NONE REGARD,5,2,3,IF,1.0,1.0,0.19999999996,1.0,0.0,0.999999999,0.19999999996,0.999999999924267,0.0,1.0078125,0.80078125,0.20703125,0.484375,0.5234375,3,1.0,1.0000000000000002,-2.220446049250313e-16,0.0,1.0,1.0,0.0,0.247191011235955,0.752808988764045,0.9441875,1.044625,0.1004375,1.3676988396000525
201,201,audio__original,IN VAIN IF NONE REGARD,5,3,4,NONE,1.0,1.0,0.19999999996,1.0,0.0,0.999999999,0.19999999996,0.999999999924267,0.0,1.0078125,0.86328125,0.14453125,0.2392578125,0.7685546875,4,1.0,0.8181818181818183,0.1818181818181816,0.0909090909090909,0.9090909090909092,0.8376068376068376,0.1623931623931623,0.198019801980198,0.801980198019802,1.0848125,1.29575,0.2109375,1.3676988396000525
201,201,audio__original,IN VAIN IF NONE REGARD,5,4,5,REGARD,1.0,1.0,0.19999999996,1.0,0.0,0.999999999,0.19999999996,0.999999999924267,0.0,1.0078125,0.8046875,0.203125,0.1416015625,0.8662109375,5,1.0,1.0000000000000002,-2.220446049250313e-16,0.0,1.0,1.0,0.0,0.3364485981308411,0.6635514018691588,1.346,1.847875,0.501875,1.3676988396000525
206,206,audio__original,IT HAS JUST BEEN STATED,5,0,1,IT,1.0,1.0,0.19999999996,1.0,0.0,0.999999999,0.19999999996,0.999999999924267,0.0,1.0,0.01519775390625,0.98480224609375,0.1484375,0.8515625,1,1.0,0.1348399724926484,0.8651600275073515,0.0,1.0,0.2972972972972973,0.7027027027027026,0.2133333333333333,0.7866666666666666,0.529,0.6455625,0.1165625,0.8826345576002496
206,206,audio__original,IT HAS JUST BEEN STATED,5,1,2,HAS,1.0,1.0,0.19999999996,1.0,0.0,0.999999999,0.19999999996,0.999999999924267,0.0,1.0,0.671875,0.328125,0.08642578125,0.91357421875,2,1.0,0.6741998624632421,0.3258001375367578,0.1414213562373095,0.8585786437626904,0.6075949367088608,0.3924050632911392,0.2686567164179104,0.7313432835820896,0.685875,0.827125,0.14125,0.8826345576002496
206,206,audio__original,IT HAS JUST BEEN STATED,5,2,3,JUST,1.0,1.0,0.19999999996,1.0,0.0,0.999999999,0.19999999996,0.999999999924267,0.0,1.0,0.11181640625,0.88818359375,0.09765625,0.90234375,3,1.0,0.894427190999916,0.105572809000084,0.1414213562373095,0.8585786437626904,0.8837209302325582,0.1162790697674418,0.2686567164179104,0.7313432835820896,0.8473125,1.028875,0.1815625,0.8826345576002496
206,206,audio__original,IT HAS JUST BEEN STATED,5,3,4,BEEN,1.0,1.0,0.19999999996,1.0,0.0,0.999999999,0.19999999996,0.999999999924267,0.0,1.0,0.11181640625,0.88818359375,0.11181640625,0.88818359375,4,1.0,0.894427190999916,0.105572809000084,0.0,1.0,0.8837209302325582,0.1162790697674418,0.2352941176470588,0.7647058823529411,1.0691875,1.230625,0.1614375,0.8826345576002496
206,206,audio__original,IT HAS JUST BEEN STATED,5,4,5,STATED,1.0,1.0,0.19999999996,1.0,0.0,0.999999999,0.19999999996,0.999999999924267,0.0,1.0,0.11181640625,0.88818359375,0.2431640625,0.7568359375,5,1.0,0.894427190999916,0.105572809000084,0.0,1.0,0.8,0.1999999999999999,0.225,0.775,1.291125,1.734625,0.4435,0.8826345576002496
207,207,audio__original,IT IS A DUTY SAID I,6,0,1,IT,1.0,1.0,0.1666666666388888,1.0,0.0,0.999999999,0.1666666666388888,0.9999999999263516,0.0,0.99609375,0.259765625,0.736328125,0.6328125,0.36328125,1,1.0,0.105409255338946,0.894590744661054,0.2264554068289191,0.7735445931710808,0.2105263157894736,0.7894736842105263,0.3428571428571428,0.6571428571428571,0.525625,0.656125,0.1305,1.0792072384999
207,207,audio__original,IT IS A DUTY SAID I,6,1,2,IS,1.0,1.0,0.1666666666388888,1.0,0.0,0.999999999,0.1666666666388888,0.9999999999263516,0.0,0.99609375,0.1494140625,0.8466796875,0.310546875,0.685546875,2,1.0,1.0000000000000002,-2.220446049250313e-16,0.2264554068289192,0.7735445931710807,1.0,0.0,0.2368421052631578,0.7631578947368421,0.686375,0.8075,0.121125,1.0792072384999
207,207,audio__original,IT IS A DUTY SAID I,6,2,3,A,1.0,1.0,0.1666666666388888,1.0,0.0,0.999999999,0.1666666666388888,0.9999999999263516,0.0,0.99609375,0.99609375,0.0,0.2353515625,0.7607421875,3,1.0,1.0000000000000002,-2.220446049250313e-16,0.2886751345948129,0.7113248654051871,1.0,0.0,0.391304347826087,0.6086956521739131,0.8680625,0.9180625,0.05,1.0792072384999
207,207,audio__original,IT IS A DUTY SAID I,6,3,4,DUTY,1.0,1.0,0.1666666666388888,1.0,0.0,0.999999999,0.1666666666388888,0.9999999999263516,0.0,0.99609375,0.20703125,0.7890625,0.41015625,0.5859375,4,1.0,0.5477225575051663,0.4522774424948337,0.1132277034144596,0.8867722965855404,0.7894736842105263,0.2105263157894736,0.2933333333333333,0.7066666666666667,0.9488125,1.2920625,0.34325,1.0792072384999
207,207,audio__original,IT IS A DUTY SAID I,6,4,5,SAID,1.0,1.0,0.1666666666388888,1.0,0.0,0.999999999,0.1666666666388888,0.9999999999263516,0.0,0.99609375,0.23828125,0.7578125,0.310546875,0.685546875,5,1.0,0.8164965809277261,0.1835034190722738,0.2357022603955159,0.7642977396044841,0.7647058823529411,0.2352941176470588,0.2337662337662337,0.7662337662337663,1.352625,1.8169375,0.4643125,1.0792072384999
207,207,audio__original,IT IS A DUTY SAID I,6,5,6,I,1.0,1.0,0.1666666666388888,1.0,0.0,0.999999999,0.1666666666388888,0.9999999999263516,0.0,0.99609375,0.9453125,0.05078125,0.3203125,0.67578125,6,1.0,1.0000000000000002,-2.220446049250313e-16,0.2357022603955159,0.7642977396044841,1.0,0.0,0.2337662337662337,0.7662337662337663,1.9380625,1.9880625,0.05,1.0792072384999
208,208,audio__original,IT IS A VERY STUPID STORY,6,0,1,IT,1.0,1.0,0.1666666666388888,1.0,0.0,0.999999999,0.1666666666388888,0.9999999999263516,0.0,1.0,0.55859375,0.44140625,0.19921875,0.80078125,1,1.0,0.7637626158259735,0.2362373841740265,0.3481553119113957,0.6518446880886043,0.5666666666666667,0.4333333333333333,0.3789473684210526,0.6210526315789473,0.721875,0.798375,0.0765,1.3180740056656457
208,208,audio__original,IT IS A VERY STUPID STORY,6,1,2,IS,1.0,1.0,0.1666666666388888,1.0,0.0,0.999999999,0.1666666666388888,0.9999999999263516,0.0,1.0,0.5546875,0.4453125,0.11376953125,0.88623046875,2,1.0,0.0833333333333333,0.9166666666666666,0.596284793999944,0.4037152060000559,0.297029702970297,0.7029702970297029,0.4666666666666667,0.5333333333333333,0.99475,1.1634375,0.1686875,1.3180740056656457
208,208,audio__original,IT IS A VERY STUPID STORY,6,2,3,A,1.0,1.0,0.1666666666388888,1.0,0.0,0.999999999,0.1666666666388888,0.9999999999263516,0.0,1.0,0.34765625,0.65234375,0.41015625,0.58984375,3,1.0,0.0,1.0,0.4803844614152615,0.5196155385847385,0.3409090909090909,0.6590909090909092,0.3736263736263736,0.6263736263736264,1.2436875,1.2936875,0.05,1.3180740056656457
208,208,audio__original,IT IS A VERY STUPID STORY,6,3,4,VERY,1.0,1.0,0.1666666666388888,1.0,0.0,0.999999999,0.1666666666388888,0.9999999999263516,0.0,1.0,0.455078125,0.544921875,0.345703125,0.654296875,4,1.0,0.0,1.0,0.4803844614152615,0.5196155385847385,0.3260869565217391,0.6739130434782609,0.4367816091954023,0.5632183908045977,1.324,1.6649375,0.3409375,1.3180740056656457
208,208,audio__original,IT IS A VERY STUPID STORY,6,4,5,STUPID,1.0,1.0,0.1666666666388888,1.0,0.0,0.999999999,0.1666666666388888,0.9999999999263516,0.0,1.0,0.388671875,0.611328125,0.50390625,0.49609375,5,1.0,0.3535533905932738,0.6464466094067262,0.0,1.0,0.4242424242424242,0.5757575757575757,0.1473684210526315,0.8526315789473684,1.8254375,2.2748125,0.449375,1.3180740056656457
208,208,audio__original,IT IS A VERY STUPID STORY,6,5,6,STORY,1.0,1.0,0.1666666666388888,1.0,0.0,0.999999999,0.1666666666388888,0.9999999999263516,0.0,1.0,0.314453125,0.685546875,0.146484375,0.853515625,6,1.0,0.6123724356957947,0.3876275643042053,0.1666666666666667,0.8333333333333333,0.4657534246575342,0.5342465753424658,0.2424242424242424,0.7575757575757576,2.44725,3.0851875,0.6379375,1.3180740056656457
209,209,audio__original,IT IS IN FACT STATED,5,0,1,IT,1.0,1.0,0.19999999996,1.0,0.0,0.999999999,0.19999999996,0.999999999924267,0.0,1.0,0.17578125,0.82421875,0.443359375,0.556640625,1,1.0,0.0,1.0,0.948683298050514,0.0513167019494861,0.1851851851851851,0.8148148148148149,0.7142857142857143,0.2857142857142857,0.162375,0.303,0.140625,0.8642814762017224
209,209,audio__original,IT IS IN FACT STATED,5,1,2,IS,1.0,1.0,0.19999999996,1.0,0.0,0.999999999,0.19999999996,0.999999999924267,0.0,1.0,0.58203125,0.41796875,0.12890625,0.87109375,2,1.0,0.8485281374238572,0.1514718625761427,0.3651483716701108,0.6348516283298892,0.6530612244897959,0.3469387755102041,0.4285714285714285,0.5714285714285714,0.363625,0.62625,0.262625,0.8642814762017224
209,209,audio__original,IT IS IN FACT STATED,5,2,3,IN,1.0,1.0,0.19999999996,1.0,0.0,0.999999999,0.19999999996,0.999999999924267,0.0,1.0,0.84765625,0.15234375,0.12890625,0.87109375,3,1.0,0.8485281374238572,0.1514718625761427,0.0,1.0,0.6530612244897959,0.3469387755102041,0.2790697674418604,0.7209302325581395,0.666625,0.787875,0.12125,0.8642814762017224
209,209,audio__original,IT IS IN FACT STATED,5,3,4,FACT,1.0,1.0,0.19999999996,1.0,0.0,0.999999999,0.19999999996,0.999999999924267,0.0,1.0,0.12890625,0.87109375,-0.0120849609375,1.0120849609375,4,1.0,0.7302967433402217,0.2697032566597783,0.2108185106778919,0.7891814893221081,0.4102564102564102,0.5897435897435898,0.2461538461538461,0.7538461538461538,0.8484375,1.2120625,0.363625,0.8642814762017224
209,209,audio__original,IT IS IN FACT STATED,5,4,5,STATED,1.0,1.0,0.19999999996,1.0,0.0,0.999999999,0.19999999996,0.999999999924267,0.0,1.0,0.333984375,0.666015625,0.451171875,0.548828125,5,1.0,0.6000000000000001,0.3999999999999999,0.0,1.0,0.5,0.5,0.1463414634146341,0.8536585365853658,1.3838125,1.9191875,0.535375,0.8642814762017224
210,210,audio__original,IT IS PERHAPS WELL,4,0,1,IT,1.0,1.0,0.2499999999375,1.0,0.0,0.999999999,0.2499999999375,0.9999999999303368,0.0,1.0078125,0.11279296875,0.89501953125,0.06494140625,0.94287109375,1,1.0,0.474341649025257,0.525658350974743,0.3067859955389482,0.6932140044610517,0.3692307692307692,0.6307692307692307,0.3058823529411765,0.6941176470588235,0.38125,0.5414375,0.1601875,1.1200181785025052
210,210,audio__original,IT IS PERHAPS WELL,4,1,2,IS,1.0,1.0,0.2499999999375,1.0,0.0,0.999999999,0.2499999999375,0.9999999999303368,0.0,1.0078125,0.11279296875,0.89501953125,0.23046875,0.77734375,2,1.0,0.474341649025257,0.525658350974743,0.0,1.0,0.3692307692307692,0.6307692307692307,0.3409090909090909,0.6590909090909092,0.5815625,0.7219375,0.140375,1.1200181785025052
210,210,audio__original,IT IS PERHAPS WELL,4,2,3,PERHAPS,1.0,1.0,0.2499999999375,1.0,0.0,0.999999999,0.2499999999375,0.9999999999303368,0.0,1.0078125,0.279296875,0.728515625,0.2373046875,0.7705078125,3,1.0,0.4767312946227963,0.5232687053772037,0.1906925178491185,0.8093074821508814,0.4736842105263157,0.5263157894736843,0.3541666666666667,0.6458333333333333,0.7780625,1.2433125,0.46525,1.1200181785025052
210,210,audio__original,IT IS PERHAPS WELL,4,3,4,WELL,1.0,1.0,0.2499999999375,1.0,0.0,0.999999999,0.2499999999375,0.9999999999303368,0.0,1.0078125,0.1279296875,0.8798828125,0.1533203125,0.8544921875,4,1.0,0.1906925178491185,0.8093074821508814,0.1825741858350554,0.8174258141649445,0.4230769230769231,0.5769230769230769,0.392156862745098,0.607843137254902,1.3075,1.66425,0.35675,1.1200181785025052
211,211,audio__original,IT IS REMARKED BY,4,0,1,IT,1.0,1.0,0.2499999999375,1.0,0.0,0.999999999,0.2499999999375,0.9999999999303368,0.0,1.0,0.35546875,0.64453125,0.08984375,0.91015625,1,1.0,0.4020151261036848,0.5979848738963152,0.2727272727272727,0.7272727272727273,0.3820224719101123,0.6179775280898876,0.3917525773195876,0.6082474226804124,0.46175,0.602,0.14025,1.4182258297478256
211,211,audio__original,IT IS REMARKED BY,4,1,2,IS,1.0,1.0,0.2499999999375,1.0,0.0,0.999999999,0.2499999999375,0.9999999999303368,0.0,1.0,0.90625,0.09375,0.287109375,0.712890625,2,1.0,0.6689936080056728,0.3310063919943272,0.0909090909090909,0.9090909090909092,0.7010309278350515,0.2989690721649485,0.2417582417582417,0.7582417582417582,0.642125,0.732375,0.09025,1.4182258297478256
211,211,audio__original,IT IS REMARKED BY,4,2,3,REMARKED,1.0,1.0,0.2499999999375,1.0,0.0,0.999999999,0.2499999999375,0.9999999999303368,0.0,1.0,0.21484375,0.78515625,0.65234375,0.34765625,3,1.0,0.2417468892076141,0.7582531107923858,0.0836242010007091,0.9163757989992908,0.3595505617977528,0.6404494382022472,0.1818181818181818,0.8181818181818181,0.7825625,1.1236875,0.341125,1.4182258297478256
211,211,audio__original,IT IS REMARKED BY,4,3,4,BY,1.0,1.0,0.2499999999375,1.0,0.0,0.999999999,0.2499999999375,0.9999999999303368,0.0,1.0,0.9296875,0.0703125,0.546875,0.453125,4,1.0,1.0000000000000002,-2.220446049250313e-16,0.0,1.0,1.0,0.0,0.1855670103092783,0.8144329896907216,1.44475,1.49475,0.05,1.4182258297478256
212,212,audio__original,IT IS THE DELUGE,4,0,1,IT,1.0,1.0,0.2499999999375,1.0,0.0,0.999999999,0.2499999999375,0.9999999999303368,0.0,1.0,0.146484375,0.853515625,0.578125,0.421875,1,1.0,0.7526178090063819,0.2473821909936181,0.2773500981126146,0.7226499018873853,0.8235294117647058,0.1764705882352941,0.3908045977011494,0.6091954022988506,0.201,0.381375,0.180375,1.214072661749924
212,212,audio__original,IT IS THE DELUGE,4,1,2,IS,1.0,1.0,0.2499999999375,1.0,0.0,0.999999999,0.2499999999375,0.9999999999303368,0.0,1.0,0.1318359375,0.8681640625,0.5,0.5,2,1.0,0.2401922307076308,0.7598077692923693,0.2773500981126146,0.7226499018873853,0.3181818181818182,0.6818181818181819,0.3595505617977528,0.6404494382022472,0.5135625,0.823,0.3094375,1.214072661749924
212,212,audio__original,IT IS THE DELUGE,4,2,3,THE,1.0,1.0,0.2499999999375,1.0,0.0,0.999999999,0.2499999999375,0.9999999999303368,0.0,1.0,0.54296875,0.45703125,0.2060546875,0.7939453125,3,1.0,0.6139406135149207,0.3860593864850793,0.2096569673443837,0.7903430326556162,0.7526881720430108,0.2473118279569892,0.1194029850746268,0.8805970149253731,0.9434375,1.003625,0.0601875,1.214072661749924
212,212,audio__original,IT IS THE DELUGE,4,3,4,DELUGE,1.0,1.0,0.2499999999375,1.0,0.0,0.999999999,0.2499999999375,0.9999999999303368,0.0,1.0,0.0986328125,0.9013671875,0.1787109375,0.8212890625,4,1.0,0.1601281538050872,0.8398718461949128,0.1601281538050872,0.8398718461949128,0.2033898305084746,0.7966101694915254,0.3018867924528302,0.6981132075471699,1.263875,2.3281875,1.0643125,1.214072661749924
214,214,audio__original,IT SEEMS REAL STRANGE,4,0,1,IT,1.0,1.0,0.2499999999375,1.0,0.0,0.999999999,0.2499999999375,0.9999999999303368,0.0,0.99609375,0.76171875,0.234375,0.130859375,0.865234375,1,1.0,1.0000000000000002,-2.220446049250313e-16,0.1961161351381841,0.8038838648618158,1.0,0.0,0.3294117647058823,0.6705882352941177,0.3890625,0.50125,0.1121875,1.3970989707504486
214,214,audio__original,IT SEEMS REAL STRANGE,4,1,2,SEEMS,1.0,1.0,0.2499999999375,1.0,0.0,0.999999999,0.2499999999375,0.9999999999303368,0.0,0.99609375,0.40625,0.58984375,0.2392578125,0.7568359375,2,1.0,0.3779644730092272,0.6220355269907728,0.5883484054145522,0.4116515945854477,0.1758241758241758,0.8241758241758241,0.4731182795698925,0.5268817204301075,0.5814375,0.862125,0.2806875,1.3970989707504486
214,214,audio__original,IT SEEMS REAL STRANGE,4,2,3,REAL,1.0,1.0,0.2499999999375,1.0,0.0,0.999999999,0.2499999999375,0.9999999999303368,0.0,0.99609375,0.6796875,0.31640625,0.353515625,0.642578125,3,1.0,0.8003267306650413,0.1996732693349586,0.5883484054145522,0.4116515945854477,0.6829268292682927,0.3170731707317072,0.3170731707317073,0.6829268292682926,0.8821875,1.062625,0.1804375,1.3970989707504486
214,214,audio__original,IT SEEMS REAL STRANGE,4,3,4,STRANGE,1.0,1.0,0.2499999999375,1.0,0.0,0.999999999,0.2499999999375,0.9999999999303368,0.0,0.99609375,0.291015625,0.705078125,0.2021484375,0.7939453125,4,1.0,0.0653720450460613,0.9346279549539388,0.2041241452319315,0.7958758547680684,0.3736263736263736,0.6263736263736264,0.3404255319148936,0.6595744680851063,1.1428125,1.7240625,0.58125,1.3970989707504486
219,219,audio__original,IT WAS WHITE AND HARD,5,0,1,IT,1.0,1.0,0.19999999996,1.0,0.0,0.999999999,0.19999999996,0.999999999924267,0.0,0.99609375,0.65234375,0.34375,0.2060546875,0.7900390625,1,1.0,1.0000000000000002,-2.220446049250313e-16,0.0,1.0,1.0,0.0,0.2686567164179104,0.7313432835820896,0.2855,0.411875,0.126375,1.09459219019991
219,219,audio__original,IT WAS WHITE AND HARD,5,1,2,WAS,1.0,1.0,0.19999999996,1.0,0.0,0.999999999,0.19999999996,0.999999999924267,0.0,0.99609375,0.333984375,0.662109375,0.126953125,0.869140625,2,1.0,0.1240347345892085,0.8759652654107914,0.0,1.0,0.1917808219178082,0.8082191780821918,0.2666666666666666,0.7333333333333334,0.442,0.582625,0.140625,1.09459219019991
219,219,audio__original,IT WAS WHITE AND HARD,5,2,3,WHITE,1.0,1.0,0.19999999996,1.0,0.0,0.999999999,0.19999999996,0.999999999924267,0.0,0.99609375,0.140625,0.85546875,0.2412109375,0.7548828125,3,1.0,0.8000000000000002,0.1999999999999998,0.0,1.0,0.8372093023255814,0.1627906976744185,0.2535211267605634,0.7464788732394366,0.6830625,0.9241875,0.241125,1.09459219019991
219,219,audio__original,IT WAS WHITE AND HARD,5,3,4,AND,1.0,1.0,0.19999999996,1.0,0.0,0.999999999,0.19999999996,0.999999999924267,0.0,0.99609375,0.77734375,0.21875,0.2158203125,0.7802734375,4,1.0,0.894427190999916,0.105572809000084,0.1490711984999859,0.850928801500014,0.8780487804878049,0.1219512195121951,0.2857142857142857,0.7142857142857143,1.105,1.2255625,0.1205625,1.09459219019991
219,219,audio__original,IT WAS WHITE AND HARD,5,4,5,HARD,1.0,1.0,0.19999999996,1.0,0.0,0.999999999,0.19999999996,0.999999999924267,0.0,0.99609375,0.11767578125,0.87841796875,0.042724609375,0.953369140625,5,1.0,0.894427190999916,0.105572809000084,0.0,1.0,0.8421052631578947,0.1578947368421053,0.2307692307692307,0.7692307692307692,1.3178125,1.88825,0.5704375,1.09459219019991
225,225,audio__original,LED BACK TO THE STARTING POINT,6,0,1,LED,1.0,1.0,0.1666666666388888,1.0,0.0,0.999999999,0.1666666666388888,0.9999999999263516,0.0,0.99609375,0.1455078125,0.8505859375,0.1787109375,0.8173828125,1,1.0,1.0000000000000002,-2.220446049250313e-16,1.0000000000000002,-2.220446049250313e-16,1.0,0.0,1.0,0.0,0.242625,0.5243125,0.2816875,0.9694377741664842
225,225,audio__original,LED BACK TO THE STARTING POINT,6,1,2,BACK,1.0,1.0,0.1666666666388888,1.0,0.0,0.999999999,0.1666666666388888,0.9999999999263516,0.0,0.99609375,0.34375,0.65234375,0.396484375,0.599609375,2,1.0,1.0000000000000002,-2.220446049250313e-16,1.0000000000000002,-2.220446049250313e-16,1.0,0.0,0.9824561403508772,0.0175438596491228,0.628625,0.867125,0.2385,0.9694377741664842
225,225,audio__original,LED BACK TO THE STARTING POINT,6,2,3,TO,1.0,1.0,0.1666666666388888,1.0,0.0,0.999999999,0.1666666666388888,0.9999999999263516,0.0,0.99609375,0.3359375,0.66015625,-0.0012359619140625,0.9973297119140624,3,1.0,1.0000000000000002,-2.220446049250313e-16,0.223606797749979,0.7763932022500211,1.0,0.0,0.2391304347826087,0.7608695652173914,0.927625,1.0285,0.100875,0.9694377741664842
225,225,audio__original,LED BACK TO THE STARTING POINT,6,3,4,THE,1.0,1.0,0.1666666666388888,1.0,0.0,0.999999999,0.1666666666388888,0.9999999999263516,0.0,0.99609375,0.98828125,0.0078125,0.126953125,0.869140625,4,1.0,1.0000000000000002,-2.220446049250313e-16,0.0,1.0,1.0,0.0,0.3720930232558139,0.627906976744186,1.0688125,1.1495,0.0806875,0.9694377741664842
225,225,audio__original,LED BACK TO THE STARTING POINT,6,4,5,STARTING,1.0,1.0,0.1666666666388888,1.0,0.0,0.999999999,0.1666666666388888,0.9999999999263516,0.0,0.99609375,0.06298828125,0.93310546875,0.07080078125,0.92529296875,5,1.0,0.0,1.0,0.0,1.0,0.3703703703703703,0.6296296296296297,0.1785714285714285,0.8214285714285714,1.230125,1.653625,0.4235,0.9694377741664842
225,225,audio__original,LED BACK TO THE STARTING POINT,6,5,6,POINT,1.0,1.0,0.1666666666388888,1.0,0.0,0.999999999,0.1666666666388888,0.9999999999263516,0.0,0.99609375,0.07421875,0.921875,0.22265625,0.7734375,6,1.0,0.0,1.0,0.1290994448735806,0.8709005551264194,0.2816901408450704,0.7183098591549295,0.3333333333333333,0.6666666666666667,1.6738125,2.025125,0.3513125,0.9694377741664842
228,228,audio__original,LETTER FROM ADAM SMITH,4,0,1,LETTER,1.0,1.0,0.2499999999375,1.0,0.0,0.999999999,0.2499999999375,0.9999999999303368,0.0,0.99609375,0.1572265625,0.8388671875,0.44140625,0.5546875,1,1.0,0.0,1.0,0.6405126152203487,0.3594873847796512,0.233009708737864,0.7669902912621359,0.4096385542168674,0.5903614457831325,0.4436875,0.7855625,0.341875,1.3897725712486135
228,228,audio__original,LETTER FROM ADAM SMITH,4,1,2,FROM,1.0,1.0,0.2499999999375,1.0,0.0,0.999999999,0.2499999999375,0.9999999999303368,0.0,0.99609375,0.431640625,0.564453125,0.431640625,0.564453125,2,1.0,0.0,1.0,0.4003203845127179,0.5996796154872821,0.2708333333333333,0.7291666666666667,0.1758241758241758,0.8241758241758241,0.8258125,0.9668125,0.141,1.3897725712486135
228,228,audio__original,LETTER FROM ADAM SMITH,4,2,3,ADAM,1.0,1.0,0.2499999999375,1.0,0.0,0.999999999,0.2499999999375,0.9999999999303368,0.0,0.99609375,0.56640625,0.4296875,0.5,0.49609375,3,1.0,0.0836242010007091,0.9163757989992908,0.3846153846153848,0.6153846153846152,0.3232323232323232,0.6767676767676767,0.22,0.78,1.0875625,1.45025,0.3626875,1.3897725712486135
228,228,audio__original,LETTER FROM ADAM SMITH,4,3,4,SMITH,1.0,1.0,0.2499999999375,1.0,0.0,0.999999999,0.2499999999375,0.9999999999303368,0.0,0.99609375,0.43359375,0.5625,0.15234375,0.84375,4,1.0,0.6405126152203487,0.3594873847796512,0.4003203845127179,0.5996796154872821,0.4096385542168674,0.5903614457831325,0.3564356435643564,0.6435643564356436,1.551,2.03375,0.48275,1.3897725712486135
229,229,audio__original,LIKE A BEAUTIFUL FLOWER,4,0,1,LIKE,1.0,1.0,0.2499999999375,1.0,0.0,0.999999999,0.2499999999375,0.9999999999303368,0.0,1.0078125,0.5546875,0.453125,0.359375,0.6484375,1,1.0,0.1601281538050872,0.8398718461949128,0.0912870929175277,0.9087129070824724,0.3265306122448979,0.6734693877551021,0.1473684210526315,0.8526315789473684,0.3850625,0.626875,0.2418125,1.368821126248804
229,229,audio__original,LIKE A BEAUTIFUL FLOWER,4,1,2,A,1.0,1.0,0.2499999999375,1.0,0.0,0.999999999,0.2499999999375,0.9999999999303368,0.0,1.0078125,0.0986328125,0.9091796875,0.2294921875,0.7783203125,2,1.0,0.2611164839335468,0.7388835160664532,0.6405126152203487,0.3594873847796512,0.2696629213483146,0.7303370786516854,0.5376344086021505,0.4623655913978495,0.6875,0.7375,0.05,1.368821126248804
229,229,audio__original,LIKE A BEAUTIFUL FLOWER,4,2,3,BEAUTIFUL,1.0,1.0,0.2499999999375,1.0,0.0,0.999999999,0.2499999999375,0.9999999999303368,0.0,1.0078125,0.0703125,0.9375,0.236328125,0.771484375,3,1.0,0.2611164839335468,0.7388835160664532,0.2738612787525831,0.7261387212474169,0.2429906542056074,0.7570093457943925,0.1707317073170731,0.8292682926829268,0.74825,1.172875,0.424625,1.368821126248804
229,229,audio__original,LIKE A BEAUTIFUL FLOWER,4,3,4,FLOWER,1.0,1.0,0.2499999999375,1.0,0.0,0.999999999,0.2499999999375,0.9999999999303368,0.0,1.0078125,0.1640625,0.84375,0.2490234375,0.7587890625,4,1.0,0.2738612787525831,0.7261387212474169,0.0833333333333333,0.9166666666666666,0.2784810126582278,0.7215189873417722,0.3298969072164948,0.6701030927835052,1.2133125,1.7393125,0.526,1.368821126248804
230,230,audio__original,LIMITATIONS OF THIS SYSTEM,4,0,1,LIMITATIONS,1.0,1.0,0.2499999999375,1.0,0.0,0.999999999,0.2499999999375,0.9999999999303368,0.0,0.99609375,0.2001953125,0.7958984375,0.1494140625,0.8466796875,1,1.0,0.3585685828003182,0.6414314171996818,0.5241424183609593,0.4758575816390407,0.5208333333333334,0.4791666666666666,0.5833333333333334,0.4166666666666666,0.302125,1.2068125,0.9046875,1.3905390270010685
230,230,audio__original,LIMITATIONS OF THIS SYSTEM,4,1,2,OF,1.0,1.0,0.2499999999375,1.0,0.0,0.999999999,0.2499999999375,0.9999999999303368,0.0,0.99609375,0.130859375,0.865234375,0.3125,0.68359375,2,1.0,0.5698028822981899,0.4301971177018101,0.1048284836721918,0.8951715163278081,0.5652173913043478,0.4347826086956522,0.2222222222222222,0.7777777777777778,1.2953125,1.5085625,0.21325,1.3905390270010685
230,230,audio__original,LIMITATIONS OF THIS SYSTEM,4,2,3,THIS,1.0,1.0,0.2499999999375,1.0,0.0,0.999999999,0.2499999999375,0.9999999999303368,0.0,0.99609375,0.337890625,0.658203125,0.1318359375,0.8642578125,3,1.0,0.0,1.0,0.1139605764596379,0.886039423540362,0.0769230769230769,0.9230769230769232,0.2857142857142857,0.7142857142857143,1.589,1.7499375,0.1609375,1.3905390270010685
230,230,audio__original,LIMITATIONS OF THIS SYSTEM,4,3,4,SYSTEM,1.0,1.0,0.2499999999375,1.0,0.0,0.999999999,0.2499999999375,0.9999999999303368,0.0,0.99609375,0.890625,0.10546875,0.1044921875,0.8916015625,4,1.0,0.7171371656006366,0.2828628343993634,0.0,1.0,0.7586206896551724,0.2413793103448276,0.0824742268041237,0.9175257731958762,1.830375,2.23225,0.401875,1.3905390270010685
234,234,audio__original,LOOK AT THAT MAN,4,0,1,LOOK,1.0,1.0,0.2499999999375,1.0,0.0,0.999999999,0.2499999999375,0.9999999999303368,0.0,1.0078125,0.349609375,0.658203125,0.416015625,0.591796875,1,1.0,0.9090909090909092,0.0909090909090907,0.073127242412713,0.9268727575872868,0.9056603773584906,0.0943396226415094,0.4123711340206185,0.5876288659793815,0.6508125,0.84375,0.1929375,1.3910231702502642
234,234,audio__original,LOOK AT THAT MAN,4,1,2,AT,1.0,1.0,0.2499999999375,1.0,0.0,0.999999999,0.2499999999375,0.9999999999303368,0.0,1.0078125,0.25,0.7578125,0.1591796875,0.8486328125,2,1.0,0.5454545454545455,0.4545454545454545,0.0909090909090909,0.9090909090909092,0.6166666666666667,0.3833333333333333,0.3269230769230769,0.6730769230769231,0.96425,1.0848125,0.1205625,1.3910231702502642
234,234,audio__original,LOOK AT THAT MAN,4,2,3,THAT,1.0,1.0,0.2499999999375,1.0,0.0,0.999999999,0.2499999999375,0.9999999999303368,0.0,1.0078125,0.3828125,0.625,0.2275390625,0.7802734375,3,1.0,0.6030226891555273,0.3969773108444727,0.0,1.0,0.72,0.28,0.3423423423423423,0.6576576576576576,1.125,1.265625,0.140625,1.3910231702502642
234,234,audio__original,LOOK AT THAT MAN,4,3,4,MAN,1.0,1.0,0.2499999999375,1.0,0.0,0.999999999,0.2499999999375,0.9999999999303368,0.0,1.0078125,0.302734375,0.705078125,-0.0014495849609375,1.0092620849609375,4,1.0,0.5454545454545455,0.4545454545454545,0.1740776559556978,0.8259223440443022,0.7047619047619048,0.2952380952380952,0.3454545454545454,0.6545454545454545,1.3660625,1.6469375,0.280875,1.3910231702502642
239,239,audio__original,MAN IS ALWAYS THE MASTER,5,0,1,MAN,1.0,1.0,0.19999999996,1.0,0.0,0.999999999,0.19999999996,0.999999999924267,0.0,1.0,0.484375,0.515625,0.15234375,0.84765625,1,1.0,0.3015113445777636,0.6984886554222364,0.1781741612749496,0.8218258387250503,0.4807692307692308,0.5192307692307692,0.404040404040404,0.595959595959596,0.54275,0.7434375,0.2006875,1.3325292426001396
239,239,audio__original,MAN IS ALWAYS THE MASTER,5,1,2,IS,1.0,1.0,0.19999999996,1.0,0.0,0.999999999,0.19999999996,0.999999999924267,0.0,1.0,0.060302734375,0.939697265625,0.0634765625,0.9365234375,2,1.0,0.3015113445777636,0.6984886554222364,0.1781741612749496,0.8218258387250503,0.4329896907216495,0.5670103092783505,0.3725490196078431,0.6274509803921569,0.8036875,0.8840625,0.080375,1.3325292426001396
239,239,audio__original,MAN IS ALWAYS THE MASTER,5,2,3,ALWAYS,1.0,1.0,0.19999999996,1.0,0.0,0.999999999,0.19999999996,0.999999999924267,0.0,1.0,-0.050537109375,1.050537109375,0.08447265625,0.91552734375,3,1.0,0.1005037815259212,0.8994962184740788,0.2108185106778919,0.7891814893221081,0.3265306122448979,0.6734693877551021,0.4470588235294118,0.5529411764705883,0.944375,1.2256875,0.2813125,1.3325292426001396
239,239,audio__original,MAN IS ALWAYS THE MASTER,5,3,4,THE,1.0,1.0,0.19999999996,1.0,0.0,0.999999999,0.19999999996,0.999999999924267,0.0,1.0,0.26953125,0.73046875,0.263671875,0.736328125,4,1.0,0.2886751345948128,0.7113248654051871,0.086066296582387,0.9139337034176128,0.4680851063829787,0.5319148936170213,0.2826086956521739,0.7173913043478262,1.2859375,1.34625,0.0603125,1.3325292426001396
239,239,audio__original,MAN IS ALWAYS THE MASTER,5,4,5,MASTER,1.0,1.0,0.19999999996,1.0,0.0,0.999999999,0.19999999996,0.999999999924267,0.0,1.0,-0.1572265625,1.1572265625,0.1865234375,0.8134765625,5,1.0,0.0,1.0,0.0,1.0,0.2947368421052631,0.7052631578947368,0.3106796116504854,0.6893203883495146,1.3864375,1.8481875,0.46175,1.3325292426001396
243,243,audio__original,MARY JANE IS A MAN,5,0,1,MARY,1.0,1.0,0.19999999996,1.0,0.0,0.999999999,0.19999999996,0.999999999924267,0.0,1.0,0.28125,0.71875,0.48828125,0.51171875,1,1.0,0.0,1.0,0.894427190999916,0.105572809000084,0.2608695652173913,0.7391304347826086,0.8235294117647058,0.1764705882352941,0.6615625,0.912125,0.2505625,1.3179442136002764
243,243,audio__original,MARY JANE IS A MAN,5,1,2,JANE,1.0,1.0,0.19999999996,1.0,0.0,0.999999999,0.19999999996,0.999999999924267,0.0,1.0,0.10302734375,0.89697265625,0.36328125,0.63671875,2,1.0,0.4338609156373124,0.5661390843626877,0.0,1.0,0.3939393939393939,0.6060606060606061,0.3859649122807017,0.6140350877192983,0.992375,1.273,0.280625,1.3179442136002764
243,243,audio__original,MARY JANE IS A MAN,5,2,3,IS,1.0,1.0,0.19999999996,1.0,0.0,0.999999999,0.19999999996,0.999999999924267,0.0,1.0,0.53125,0.46875,0.28515625,0.71484375,3,1.0,0.912870929175277,0.0871290708247229,0.0,1.0,0.9743589743589745,0.0256410256410256,0.1764705882352941,0.8235294117647058,1.3431875,1.623875,0.2806875,1.3179442136002764
243,243,audio__original,MARY JANE IS A MAN,5,3,4,A,1.0,1.0,0.19999999996,1.0,0.0,0.999999999,0.19999999996,0.999999999924267,0.0,1.0,0.48828125,0.51171875,0.52734375,0.47265625,4,1.0,0.5163977794943224,0.4836022205056776,0.0,1.0,0.4415584415584415,0.5584415584415585,0.2727272727272727,0.7272727272727273,2.3841875,3.708875,1.3246875,1.3179442136002764
243,243,audio__original,MARY JANE IS A MAN,5,4,5,MAN,1.0,1.0,0.19999999996,1.0,0.0,0.999999999,0.19999999996,0.999999999924267,0.0,1.0,0.52734375,0.47265625,0.39453125,0.60546875,5,1.0,1.0000000000000002,-2.220446049250313e-16,0.1290994448735806,0.8709005551264194,1.0,0.0,0.2933333333333333,0.7066666666666667,3.7890625,3.8491875,0.060125,1.3179442136002764
246,246,audio__original,MINSTREL A D J,4,0,1,MINSTREL,1.0,1.0,0.2499999999375,1.0,0.0,0.999999999,0.2499999999375,0.9999999999303368,0.0,1.0,0.296875,0.703125,0.369140625,0.630859375,1,1.0,0.2508726030021272,0.7491273969978727,0.1672484020014182,0.8327515979985818,0.5,0.5,0.2935779816513761,0.7064220183486238,0.402125,1.0045,0.602375,1.2226886902499243
246,246,audio__original,MINSTREL A D J,4,1,2,A,1.0,1.0,0.2499999999375,1.0,0.0,0.999999999,0.2499999999375,0.9999999999303368,0.0,1.0,0.2890625,0.7109375,0.474609375,0.525390625,2,1.0,0.3144854510165756,0.6855145489834245,0.0,1.0,0.5148514851485149,0.4851485148514851,0.2524271844660194,0.7475728155339806,1.321,1.5068125,0.1858125,1.2226886902499243
246,246,audio__original,MINSTREL A D J,4,2,3,D,1.0,1.0,0.2499999999375,1.0,0.0,0.999999999,0.2499999999375,0.9999999999303368,0.0,1.0,0.3203125,0.6796875,0.0966796875,0.9033203125,3,1.0,0.5017452060042545,0.4982547939957454,0.0,1.0,0.4727272727272727,0.5272727272727273,0.0,1.0,1.526875,1.576875,0.05,1.2226886902499243
246,246,audio__original,MINSTREL A D J,4,3,4,J,1.0,1.0,0.2499999999375,1.0,0.0,0.999999999,0.2499999999375,0.9999999999303368,0.0,1.0,0.040283203125,0.959716796875,0.291015625,0.708984375,4,1.0,0.2941742027072761,0.7058257972927239,0.0,1.0,0.4545454545454545,0.5454545454545454,0.208695652173913,0.7913043478260869,1.587125,1.6953125,0.1081875,1.2226886902499243
254,254,audio__original,NO GOOD MY DEAR WATSON,5,0,1,NO,1.0,1.0,0.19999999996,1.0,0.0,0.999999999,0.19999999996,0.999999999924267,0.0,0.99609375,0.061279296875,0.934814453125,0.5390625,0.45703125,1,1.0,0.0,1.0,0.1849000654084097,0.8150999345915902,0.3440860215053763,0.6559139784946236,0.2888888888888888,0.7111111111111111,0.4654375,0.6868125,0.221375,1.0671812859996863
254,254,audio__original,NO GOOD MY DEAR WATSON,5,1,2,GOOD,1.0,1.0,0.19999999996,1.0,0.0,0.999999999,0.19999999996,0.999999999924267,0.0,0.99609375,0.380859375,0.615234375,0.380859375,0.615234375,2,1.0,0.0,1.0,0.0,1.0,0.125,0.875,0.125,0.875,0.7110625,0.96525,0.2541875,1.0671812859996863
254,254,audio__original,NO GOOD MY DEAR WATSON,5,2,3,MY,1.0,1.0,0.19999999996,1.0,0.0,0.999999999,0.19999999996,0.999999999924267,0.0,0.99609375,0.69140625,0.3046875,0.2041015625,0.7919921875,3,1.0,0.6405126152203487,0.3594873847796512,0.2508726030021272,0.7491273969978727,0.7021276595744681,0.2978723404255319,0.2828282828282828,0.7171717171717171,1.03025,1.1716875,0.1414375,1.0671812859996863
254,254,audio__original,NO GOOD MY DEAR WATSON,5,3,4,DEAR,1.0,1.0,0.19999999996,1.0,0.0,0.999999999,0.19999999996,0.999999999924267,0.0,0.99609375,0.73046875,0.265625,0.640625,0.35546875,4,1.0,0.7337993857053431,0.2662006142946569,0.5604485383178052,0.4395514616821948,0.4848484848484848,0.5151515151515151,0.5747126436781609,0.4252873563218391,1.2120625,1.363625,0.1515625,1.0671812859996863
254,254,audio__original,NO GOOD MY DEAR WATSON,5,4,5,WATSON,1.0,1.0,0.19999999996,1.0,0.0,0.999999999,0.19999999996,0.999999999924267,0.0,0.99609375,0.46484375,0.53125,0.2001953125,0.7958984375,5,1.0,0.5384615384615388,0.4615384615384612,0.2401922307076308,0.7598077692923693,0.4666666666666667,0.5333333333333333,0.3428571428571428,0.6571428571428571,1.414125,1.8989375,0.4848125,1.0671812859996863
260,260,audio__original,NO SAID THE TREE,4,0,1,NO,1.0,1.0,0.2499999999375,1.0,0.0,0.999999999,0.2499999999375,0.9999999999303368,0.0,0.99609375,0.330078125,0.666015625,0.30859375,0.6875,1,1.0,0.566946709513841,0.433053290486159,0.0,1.0,0.5581395348837209,0.4418604651162791,0.1971830985915492,0.8028169014084507,0.5635625,1.1263125,0.56275,1.2086000950002926
260,260,audio__original,NO SAID THE TREE,4,1,2,SAID,1.0,1.0,0.2499999999375,1.0,0.0,0.999999999,0.2499999999375,0.9999999999303368,0.0,0.99609375,0.2421875,0.75390625,0.365234375,0.630859375,2,1.0,0.5590169943749475,0.4409830056250525,0.1290994448735805,0.8709005551264194,0.4727272727272727,0.5272727272727273,0.3174603174603174,0.6825396825396826,1.535125,1.8704375,0.3353125,1.2086000950002926
260,260,audio__original,NO SAID THE TREE,4,2,3,THE,1.0,1.0,0.2499999999375,1.0,0.0,0.999999999,0.2499999999375,0.9999999999303368,0.0,0.99609375,0.40625,0.58984375,0.1953125,0.80078125,3,1.0,1.0,0.0,0.1386750490563073,0.8613249509436927,1.0,0.0,0.3333333333333333,0.6666666666666667,1.9106875,1.971,0.0603125,1.2086000950002926
260,260,audio__original,NO SAID THE TREE,4,3,4,TREE,1.0,1.0,0.2499999999375,1.0,0.0,0.999999999,0.2499999999375,0.9999999999303368,0.0,0.99609375,0.50390625,0.4921875,0.267578125,0.728515625,4,1.0,0.25,0.75,0.0,1.0,0.4666666666666667,0.5333333333333333,0.2432432432432432,0.7567567567567568,2.01125,2.5739375,0.5626875,1.2086000950002926
261,261,audio__original,NO SIR CERTAINLY NOT,4,0,1,NO,1.0,1.0,0.2499999999375,1.0,0.0,0.999999999,0.2499999999375,0.9999999999303368,0.0,0.99609375,0.271484375,0.724609375,0.1572265625,0.8388671875,1,1.0,1.0,0.0,0.0,1.0,1.0,0.0,0.2916666666666667,0.7083333333333333,0.46275,0.5633125,0.1005625,0.8483417227507744
261,261,audio__original,NO SIR CERTAINLY NOT,4,1,2,SIR,1.0,1.0,0.2499999999375,1.0,0.0,0.999999999,0.2499999999375,0.9999999999303368,0.0,0.99609375,0.158203125,0.837890625,0.337890625,0.658203125,2,1.0,0.8660254037844388,0.1339745962155611,0.158113883008419,0.841886116991581,0.8292682926829268,0.1707317073170732,0.2891566265060241,0.7108433734939759,0.8349375,1.1468125,0.311875,0.8483417227507744
261,261,audio__original,NO SIR CERTAINLY NOT,4,2,3,CERTAINLY,1.0,1.0,0.2499999999375,1.0,0.0,0.999999999,0.2499999999375,0.9999999999303368,0.0,0.99609375,0.158203125,0.837890625,0.53515625,0.4609375,3,1.0,0.7071067811865476,0.2928932188134524,0.0,1.0,0.5161290322580645,0.4838709677419355,0.2950819672131147,0.7049180327868853,1.247375,2.3238125,1.0764375,0.8483417227507744
261,261,audio__original,NO SIR CERTAINLY NOT,4,3,4,NOT,1.0,1.0,0.2499999999375,1.0,0.0,0.999999999,0.2499999999375,0.9999999999303368,0.0,0.99609375,0.158203125,0.837890625,0.169921875,0.826171875,4,1.0,0.7071067811865476,0.2928932188134524,0.0,1.0,0.5161290322580645,0.4838709677419355,0.1518987341772152,0.8481012658227848,2.374125,2.680125,0.306,0.8483417227507744
262,262,audio__original,NO WHERE SAID DROUET,4,0,1,NO,1.0,1.0,0.2499999999375,1.0,0.0,0.999999999,0.2499999999375,0.9999999999303368,0.0,1.0,0.349609375,0.650390625,0.57421875,0.42578125,1,1.0,0.223606797749979,0.7763932022500211,0.0,1.0,0.4583333333333333,0.5416666666666667,0.2272727272727272,0.7727272727272727,0.533,0.8614375,0.3284375,0.8818874957505614
262,262,audio__original,NO WHERE SAID DROUET,4,1,2,WHERE,1.0,1.0,0.2499999999375,1.0,0.0,0.999999999,0.2499999999375,0.9999999999303368,0.0,1.0,0.5703125,0.4296875,0.70703125,0.29296875,2,1.0,0.7745966692414836,0.2254033307585163,0.0,1.0,0.7441860465116279,0.2558139534883721,0.3272727272727272,0.6727272727272727,1.02975,1.422375,0.392625,0.8818874957505614
262,262,audio__original,NO WHERE SAID DROUET,4,2,3,SAID,1.0,1.0,0.2499999999375,1.0,0.0,0.999999999,0.2499999999375,0.9999999999303368,0.0,1.0,0.470703125,0.529296875,0.435546875,0.564453125,3,1.0,0.632455532033676,0.367544467966324,0.0,1.0,0.4864864864864865,0.5135135135135135,0.2769230769230769,0.7230769230769231,1.7826875,2.1836875,0.401,0.8818874957505614
262,262,audio__original,NO WHERE SAID DROUET,4,3,4,DROUET,1.0,1.0,0.2499999999375,1.0,0.0,0.999999999,0.2499999999375,0.9999999999303368,0.0,1.0,0.470703125,0.529296875,0.05908203125,0.94091796875,4,1.0,0.632455532033676,0.367544467966324,0.0,1.0,0.4864864864864865,0.5135135135135135,0.216867469879518,0.7831325301204819,2.22375,2.7645625,0.5408125,0.8818874957505614
264,264,audio__original,NOTHING CAN KILL ME WHY NOT,6,0,1,NOTHING,1.0,1.0,0.1666666666388888,1.0,0.0,0.999999999,0.1666666666388888,0.9999999999263516,0.0,1.0078125,0.34765625,0.66015625,0.443359375,0.564453125,1,1.0,0.6943650748294138,0.3056349251705862,0.0,1.0,0.7428571428571429,0.2571428571428571,0.2127659574468085,0.7872340425531915,0.621875,0.8830625,0.2611875,1.3177185751677218
264,264,audio__original,NOTHING CAN KILL ME WHY NOT,6,1,2,CAN,1.0,1.0,0.1666666666388888,1.0,0.0,0.999999999,0.1666666666388888,0.9999999999263516,0.0,1.0078125,0.1923828125,0.8154296875,0.4375,0.5703125,2,1.0,0.1543033499620919,0.8456966500379081,0.0833333333333333,0.9166666666666666,0.4144144144144144,0.5855855855855856,0.1489361702127659,0.851063829787234,0.94325,1.123875,0.180625,1.3177185751677218
264,264,audio__original,NOTHING CAN KILL ME WHY NOT,6,2,3,KILL,1.0,1.0,0.1666666666388888,1.0,0.0,0.999999999,0.1666666666388888,0.9999999999263516,0.0,1.0078125,0.41015625,0.59765625,0.19140625,0.81640625,3,1.0,0.6735753140545635,0.3264246859454365,0.0,1.0,0.7128712871287128,0.2871287128712871,0.2191780821917808,0.7808219178082192,1.2041875,1.36475,0.1605625,1.3177185751677218
264,264,audio__original,NOTHING CAN KILL ME WHY NOT,6,3,4,ME,1.0,1.0,0.1666666666388888,1.0,0.0,0.999999999,0.1666666666388888,0.9999999999263516,0.0,1.0078125,0.423828125,0.583984375,0.453125,0.5546875,4,1.0,0.6963106238227913,0.3036893761772087,0.0870388279778489,0.9129611720221512,0.717948717948718,0.282051282051282,0.3396226415094339,0.6603773584905661,1.4249375,1.5654375,0.1405,1.3177185751677218
264,264,audio__original,NOTHING CAN KILL ME WHY NOT,6,4,5,WHY,1.0,1.0,0.1666666666388888,1.0,0.0,0.999999999,0.1666666666388888,0.9999999999263516,0.0,1.0078125,0.28125,0.7265625,0.416015625,0.591796875,5,1.0,0.1601281538050872,0.8398718461949128,0.0833333333333333,0.9166666666666666,0.3106796116504854,0.6893203883495146,0.1489361702127659,0.851063829787234,1.8698125,2.1675,0.2976875,1.3177185751677218
264,264,audio__original,NOTHING CAN KILL ME WHY NOT,6,5,6,NOT,1.0,1.0,0.1666666666388888,1.0,0.0,0.999999999,0.1666666666388888,0.9999999999263516,0.0,1.0078125,0.376953125,0.630859375,0.1962890625,0.8115234375,6,1.0,0.223606797749979,0.776393202250021,0.0833333333333333,0.9166666666666666,0.3232323232323232,0.6767676767676767,0.3214285714285714,0.6785714285714286,2.3280625,2.5809375,0.252875,1.3177185751677218
267,267,audio__original,NOW THAT TOO IS OVER,5,0,1,NOW,1.0,1.0,0.19999999996,1.0,0.0,0.999999999,0.19999999996,0.999999999924267,0.0,1.0,0.62109375,0.37890625,0.74609375,0.25390625,1,1.0,0.4834937784152283,0.5165062215847717,0.0,1.0,0.5370370370370371,0.4629629629629629,0.2222222222222222,0.7777777777777778,0.46175,0.7925625,0.3308125,1.3341343873995355
267,267,audio__original,NOW THAT TOO IS OVER,5,1,2,THAT,1.0,1.0,0.19999999996,1.0,0.0,0.999999999,0.19999999996,0.999999999924267,0.0,1.0,0.67578125,0.32421875,0.7265625,0.2734375,2,1.0,0.4834937784152283,0.5165062215847717,0.0,1.0,0.5,0.5,0.1758241758241758,0.8241758241758241,0.963125,1.224,0.260875,1.3341343873995355
267,267,audio__original,NOW THAT TOO IS OVER,5,2,3,TOO,1.0,1.0,0.19999999996,1.0,0.0,0.999999999,0.19999999996,0.999999999924267,0.0,1.0,0.7265625,0.2734375,0.466796875,0.533203125,3,1.0,0.4834937784152283,0.5165062215847717,0.0690065559342354,0.9309934440657646,0.5,0.5,0.2448979591836734,0.7551020408163265,1.2841875,1.6253125,0.341125,1.3341343873995355
267,267,audio__original,NOW THAT TOO IS OVER,5,3,4,IS,1.0,1.0,0.19999999996,1.0,0.0,0.999999999,0.19999999996,0.999999999924267,0.0,1.0,0.67578125,0.32421875,0.45703125,0.54296875,4,1.0,0.4834937784152283,0.5165062215847717,0.3563483225498992,0.6436516774501008,0.5,0.5,0.3043478260869565,0.6956521739130435,1.75575,1.90225,0.1465,1.3341343873995355
267,267,audio__original,NOW THAT TOO IS OVER,5,4,5,OVER,1.0,1.0,0.19999999996,1.0,0.0,0.999999999,0.19999999996,0.999999999924267,0.0,1.0,0.3203125,0.6796875,0.068359375,0.931640625,5,1.0,0.7412493166611014,0.2587506833388986,0.0771516749810459,0.922848325018954,0.6542056074766355,0.3457943925233645,0.1651376146788991,0.8348623853211009,1.946375,2.6085625,0.6621875,1.3341343873995355
268,268,audio__original,NOW TO BED BOY,4,0,1,NOW,1.0,1.0,0.2499999999375,1.0,0.0,0.999999999,0.2499999999375,0.9999999999303368,0.0,1.0,0.578125,0.421875,0.359375,0.640625,1,1.0,0.7272727272727274,0.2727272727272726,0.0,1.0,0.8125,0.1875,0.303030303030303,0.696969696969697,0.522,0.7233125,0.2013125,1.2957332557498376
268,268,audio__original,NOW TO BED BOY,4,1,2,TO,1.0,1.0,0.2499999999375,1.0,0.0,0.999999999,0.2499999999375,0.9999999999303368,0.0,1.0,0.357421875,0.642578125,0.09521484375,0.90478515625,2,1.0,0.5720775535473556,0.4279224464526444,0.0,1.0,0.64,0.36,0.2597402597402597,0.7402597402597403,0.7635,0.8840625,0.1205625,1.2957332557498376
268,268,audio__original,NOW TO BED BOY,4,2,3,BED,1.0,1.0,0.2499999999375,1.0,0.0,0.999999999,0.2499999999375,0.9999999999303368,0.0,1.0,0.373046875,0.626953125,0.1171875,0.8828125,3,1.0,0.5454545454545455,0.4545454545454545,0.0,1.0,0.6548672566371682,0.3451327433628318,0.2597402597402597,0.7402597402597403,0.92425,1.265875,0.341625,1.2957332557498376
268,268,audio__original,NOW TO BED BOY,4,3,4,BOY,1.0,1.0,0.2499999999375,1.0,0.0,0.999999999,0.2499999999375,0.9999999999303368,0.0,1.0,0.39453125,0.60546875,0.1689453125,0.8310546875,4,1.0,0.0,1.0,0.0870388279778489,0.9129611720221512,0.303030303030303,0.696969696969697,0.3300970873786408,0.6699029126213591,1.3060625,1.66775,0.3616875,1.2957332557498376
276,276,audio__original,OF LIBERTY OR INDIFFERENCE,4,0,1,OF,1.0,1.0,0.2499999999375,1.0,0.0,0.999999999,0.2499999999375,0.9999999999303368,0.0,0.99609375,0.70703125,0.2890625,0.400390625,0.595703125,1,1.0,0.6363636363636365,0.3636363636363635,0.0,1.0,0.64,0.36,0.1860465116279069,0.813953488372093,0.200625,0.3408125,0.1401875,1.2163158339999427
276,276,audio__original,OF LIBERTY OR INDIFFERENCE,4,1,2,LIBERTY,1.0,1.0,0.2499999999375,1.0,0.0,0.999999999,0.2499999999375,0.9999999999303368,0.0,0.99609375,0.341796875,0.654296875,0.1796875,0.81640625,2,1.0,0.6030226891555273,0.3969773108444727,0.0836242010007091,0.9163757989992908,0.6788990825688074,0.3211009174311926,0.4313725490196078,0.5686274509803921,0.421,0.8019375,0.3809375,1.2163158339999427
276,276,audio__original,OF LIBERTY OR INDIFFERENCE,4,2,3,OR,1.0,1.0,0.2499999999375,1.0,0.0,0.999999999,0.2499999999375,0.9999999999303368,0.0,0.99609375,0.55078125,0.4453125,0.0859375,0.91015625,3,1.0,0.8181818181818183,0.1818181818181816,0.1066003581778052,0.8933996418221948,0.8623853211009175,0.1376146788990825,0.2597402597402597,0.7402597402597403,0.8620625,1.2329375,0.370875,1.2163158339999427
276,276,audio__original,OF LIBERTY OR INDIFFERENCE,4,3,4,INDIFFERENCE,1.0,1.0,0.2499999999375,1.0,0.0,0.999999999,0.2499999999375,0.9999999999303368,0.0,0.99609375,0.734375,0.26171875,0.08544921875,0.91064453125,4,1.0,0.9090909090909092,0.0909090909090907,0.0,1.0,0.8709677419354839,0.1290322580645161,0.3157894736842105,0.6842105263157895,1.2830625,1.7884375,0.505375,1.2163158339999427
279,279,audio__original,OF RESPECT AND CONTEMPT,4,0,1,OF,1.0,1.0,0.2499999999375,1.0,0.0,0.999999999,0.2499999999375,0.9999999999303368,0.0,0.99609375,0.380859375,0.615234375,0.609375,0.38671875,1,1.0,0.0,1.0,0.6301260378126045,0.3698739621873955,0.2916666666666667,0.7083333333333333,0.3373493975903614,0.6626506024096386,0.462875,0.61325,0.150375,1.374471415500011
279,279,audio__original,OF RESPECT AND CONTEMPT,4,1,2,RESPECT,1.0,1.0,0.2499999999375,1.0,0.0,0.999999999,0.2499999999375,0.9999999999303368,0.0,0.99609375,0.58203125,0.4140625,0.431640625,0.564453125,2,1.0,0.9801960588196068,0.0198039411803931,0.0,1.0,0.961038961038961,0.0389610389610389,0.2444444444444444,0.7555555555555555,0.6635,1.16625,0.50275,1.374471415500011
279,279,audio__original,OF RESPECT AND CONTEMPT,4,2,3,AND,1.0,1.0,0.2499999999375,1.0,0.0,0.999999999,0.2499999999375,0.9999999999303368,0.0,0.99609375,0.92578125,0.0703125,0.1982421875,0.7978515625,3,1.0,0.7717436331412898,0.2282563668587102,0.6581451817144176,0.3418548182855824,0.6268656716417911,0.3731343283582089,0.5833333333333334,0.4166666666666666,1.3389375,1.608625,0.2696875,1.374471415500011
279,279,audio__original,OF RESPECT AND CONTEMPT,4,3,4,CONTEMPT,1.0,1.0,0.2499999999375,1.0,0.0,0.999999999,0.2499999999375,0.9999999999303368,0.0,0.99609375,0.2734375,0.72265625,0.29296875,0.703125,4,1.0,0.0,1.0,0.280056016805602,0.719943983194398,0.2921348314606741,0.7078651685393258,0.3789473684210526,0.6210526315789473,1.6729375,2.1798125,0.506875,1.374471415500011
285,285,audio__original,OH IT WILL BE ALL RIGHT,6,0,1,OH,1.0,1.0,0.1666666666388888,1.0,0.0,0.999999999,0.1666666666388888,0.9999999999263516,0.0,0.99609375,0.2734375,0.72265625,0.22265625,0.7734375,1,1.0,0.0,1.0,0.1178511301977579,0.882148869802242,0.24,0.76,0.21875,0.78125,0.5416875,0.732,0.1903125,0.9900229203340132
285,285,audio__original,OH IT WILL BE ALL RIGHT,6,1,2,IT,1.0,1.0,0.1666666666388888,1.0,0.0,0.999999999,0.1666666666388888,0.9999999999263516,0.0,0.99609375,0.10693359375,0.88916015625,0.2041015625,0.7919921875,2,1.0,0.894427190999916,0.105572809000084,0.0,1.0,0.7659574468085106,0.2340425531914893,0.2025316455696202,0.7974683544303798,0.782125,0.84225,0.060125,0.9900229203340132
285,285,audio__original,OH IT WILL BE ALL RIGHT,6,2,3,WILL,1.0,1.0,0.1666666666388888,1.0,0.0,0.999999999,0.1666666666388888,0.9999999999263516,0.0,0.99609375,0.10693359375,0.88916015625,0.515625,0.48046875,3,1.0,0.894427190999916,0.105572809000084,0.0,1.0,0.7659574468085106,0.2340425531914893,0.2025316455696202,0.7974683544303798,0.8623125,1.02275,0.1604375,0.9900229203340132
285,285,audio__original,OH IT WILL BE ALL RIGHT,6,3,4,BE,1.0,1.0,0.1666666666388888,1.0,0.0,0.999999999,0.1666666666388888,0.9999999999263516,0.0,0.99609375,0.10693359375,0.88916015625,0.5703125,0.42578125,4,1.0,0.894427190999916,0.105572809000084,0.0,1.0,0.7659574468085106,0.2340425531914893,0.2025316455696202,0.7974683544303798,1.062875,1.1230625,0.0601875,0.9900229203340132
285,285,audio__original,OH IT WILL BE ALL RIGHT,6,4,5,ALL,1.0,1.0,0.1666666666388888,1.0,0.0,0.999999999,0.1666666666388888,0.9999999999263516,0.0,0.99609375,0.1748046875,0.8212890625,0.34765625,0.6484375,5,1.0,0.5962847939999439,0.403715206000056,0.0,1.0,0.8,0.1999999999999999,0.2025316455696202,0.7974683544303798,1.19325,1.343625,0.150375,0.9900229203340132
285,285,audio__original,OH IT WILL BE ALL RIGHT,6,5,6,RIGHT,1.0,1.0,0.1666666666388888,1.0,0.0,0.999999999,0.1666666666388888,0.9999999999263516,0.0,0.99609375,0.1904296875,0.8056640625,0.150390625,0.845703125,6,1.0,0.0,1.0,0.0,1.0,0.1917808219178082,0.8082191780821918,0.2352941176470588,0.7647058823529411,1.38375,1.7486875,0.3649375,0.9900229203340132
288,288,audio__original,OH YES THAT IS WELL,5,0,1,OH,1.0,1.0,0.19999999996,1.0,0.0,0.999999999,0.19999999996,0.999999999924267,0.0,1.0,0.1494140625,0.8505859375,0.48828125,0.51171875,1,1.0,0.894427190999916,0.105572809000084,0.2828427124746191,0.7171572875253809,0.8717948717948718,0.1282051282051282,0.3934426229508196,0.6065573770491803,0.4808125,0.701,0.2201875,1.1776886403997195
288,288,audio__original,OH YES THAT IS WELL,5,1,2,YES,1.0,1.0,0.19999999996,1.0,0.0,0.999999999,0.19999999996,0.999999999924267,0.0,1.0,0.0927734375,0.9072265625,0.75390625,0.24609375,2,1.0,0.6741998624632421,0.3258001375367578,0.0,1.0,0.5230769230769231,0.4769230769230769,0.3050847457627119,0.6949152542372881,0.785125,1.141625,0.3565,1.1776886403997195
288,288,audio__original,OH YES THAT IS WELL,5,2,3,THAT,1.0,1.0,0.19999999996,1.0,0.0,0.999999999,0.19999999996,0.999999999924267,0.0,1.0,0.166015625,0.833984375,0.333984375,0.666015625,3,1.0,0.8000000000000002,0.1999999999999998,0.0,1.0,0.85,0.15,0.3380281690140845,0.6619718309859155,1.377875,2.57575,1.197875,1.1776886403997195
288,288,audio__original,OH YES THAT IS WELL,5,3,4,IS,1.0,1.0,0.19999999996,1.0,0.0,0.999999999,0.19999999996,0.999999999924267,0.0,1.0,0.53125,0.46875,0.494140625,0.505859375,4,1.0,1.0000000000000002,-2.220446049250313e-16,0.0,1.0,1.0,0.0,0.3380281690140845,0.6619718309859155,2.6438125,2.7239375,0.080125,1.1776886403997195
288,288,audio__original,OH YES THAT IS WELL,5,4,5,WELL,1.0,1.0,0.19999999996,1.0,0.0,0.999999999,0.19999999996,0.999999999924267,0.0,1.0,0.5234375,0.4765625,0.2353515625,0.7646484375,5,1.0,0.632455532033676,0.367544467966324,0.0,1.0,0.631578947368421,0.368421052631579,0.1558441558441558,0.8441558441558441,2.7840625,3.104375,0.3203125,1.1776886403997195
291,291,audio__original,ONCE UPON A TIME,4,0,1,ONCE,1.0,1.0,0.2499999999375,1.0,0.0,0.999999999,0.2499999999375,0.9999999999303368,0.0,1.0,0.75390625,0.24609375,0.0262451171875,0.9737548828125,1,1.0,0.8581163303210334,0.1418836696789666,0.0870388279778489,0.9129611720221512,0.8035714285714286,0.1964285714285714,0.2037037037037037,0.7962962962962963,0.464375,0.7661875,0.3018125,1.392261738252273
291,291,audio__original,ONCE UPON A TIME,4,1,2,UPON,1.0,1.0,0.2499999999375,1.0,0.0,0.999999999,0.2499999999375,0.9999999999303368,0.0,1.0,0.6796875,0.3203125,0.05078125,0.94921875,2,1.0,0.8181818181818183,0.1818181818181816,0.0870388279778489,0.9129611720221512,0.8113207547169812,0.1886792452830188,0.2037037037037037,0.7962962962962963,0.826625,1.08875,0.262125,1.392261738252273
291,291,audio__original,ONCE UPON A TIME,4,2,3,A,1.0,1.0,0.2499999999375,1.0,0.0,0.999999999,0.2499999999375,0.9999999999303368,0.0,1.0,1.0,0.0,-0.0002088546752929,1.000208854675293,3,1.0,1.0000000000000002,-2.220446049250313e-16,0.0909090909090909,0.9090909090909092,1.0,0.0,0.3177570093457944,0.6822429906542056,1.1694375,1.2194375,0.05,1.392261738252273
291,291,audio__original,ONCE UPON A TIME,4,3,4,TIME,1.0,1.0,0.2499999999375,1.0,0.0,0.999999999,0.2499999999375,0.9999999999303368,0.0,1.0,0.54296875,0.45703125,0.1962890625,0.8037109375,4,1.0,0.6363636363636365,0.3636363636363635,0.1740776559556978,0.8259223440443022,0.7326732673267327,0.2673267326732673,0.3893805309734513,0.6106194690265487,1.2299375,1.8545,0.6245625,1.392261738252273
292,292,audio__original,ONCE YOUNG NOW OLD,4,0,1,ONCE,1.0,1.0,0.2499999999375,1.0,0.0,0.999999999,0.2499999999375,0.9999999999303368,0.0,1.0,0.486328125,0.513671875,0.30859375,0.69140625,1,1.0,0.6030226891555273,0.3969773108444727,0.0,1.0,0.7169811320754716,0.2830188679245283,0.3168316831683168,0.6831683168316831,0.360875,0.6513125,0.2904375,1.3574967215026843
292,292,audio__original,ONCE YOUNG NOW OLD,4,1,2,YOUNG,1.0,1.0,0.2499999999375,1.0,0.0,0.999999999,0.2499999999375,0.9999999999303368,0.0,1.0,0.50390625,0.49609375,0.37890625,0.62109375,2,1.0,0.6030226891555273,0.3969773108444727,0.6030226891555273,0.3969773108444727,0.7169811320754716,0.2830188679245283,0.6728971962616822,0.3271028037383178,0.7335,1.042125,0.308625,1.3574967215026843
292,292,audio__original,ONCE YOUNG NOW OLD,4,2,3,NOW,1.0,1.0,0.2499999999375,1.0,0.0,0.999999999,0.2499999999375,0.9999999999303368,0.0,1.0,0.3671875,0.6328125,0.5703125,0.4296875,3,1.0,0.2773500981126146,0.7226499018873853,0.0,1.0,0.5384615384615384,0.4615384615384615,0.1891891891891892,0.8108108108108107,1.1423125,1.8638125,0.7215,1.3574967215026843
292,292,audio__original,ONCE YOUNG NOW OLD,4,3,4,OLD,1.0,1.0,0.2499999999375,1.0,0.0,0.999999999,0.2499999999375,0.9999999999303368,0.0,1.0,0.408203125,0.591796875,0.039306640625,0.960693359375,4,1.0,0.6030226891555273,0.3969773108444727,0.0,1.0,0.72,0.28,0.2884615384615384,0.7115384615384616,1.9239375,2.384875,0.4609375,1.3574967215026843
295,295,audio__original,ONLY FOR A MINUTE OR SO,6,0,1,ONLY,1.0,1.0,0.1666666666388888,1.0,0.0,0.999999999,0.1666666666388888,0.9999999999263516,0.0,0.99609375,0.8828125,0.11328125,0.26171875,0.734375,1,1.0,0.7833494518006403,0.2166505481993597,0.3892494720807615,0.6107505279192385,0.6904761904761905,0.3095238095238095,0.345679012345679,0.654320987654321,0.363625,0.6465,0.282875,1.2475925681665103
295,295,audio__original,ONLY FOR A MINUTE OR SO,6,1,2,FOR,1.0,1.0,0.1666666666388888,1.0,0.0,0.999999999,0.1666666666388888,0.9999999999263516,0.0,0.99609375,0.58984375,0.40625,0.1318359375,0.8642578125,2,1.0,0.5640760748177662,0.4359239251822338,0.0,1.0,0.4897959183673469,0.5102040816326531,0.2333333333333333,0.7666666666666666,0.707125,0.8384375,0.1313125,1.2475925681665103
295,295,audio__original,ONLY FOR A MINUTE OR SO,6,2,3,A,1.0,1.0,0.1666666666388888,1.0,0.0,0.999999999,0.1666666666388888,0.9999999999263516,0.0,0.99609375,0.55859375,0.4375,0.193359375,0.802734375,3,1.0,0.5640760748177662,0.4359239251822338,0.3481553119113957,0.6518446880886043,0.4948453608247423,0.5051546391752577,0.4337349397590361,0.5662650602409638,0.909125,0.959125,0.05,1.2475925681665103
295,295,audio__original,ONLY FOR A MINUTE OR SO,6,3,4,MINUTE,1.0,1.0,0.1666666666388888,1.0,0.0,0.999999999,0.1666666666388888,0.9999999999263516,0.0,0.99609375,0.1650390625,0.8310546875,0.11181640625,0.88427734375,4,1.0,0.3344968040028364,0.6655031959971636,0.7272727272727274,0.2727272727272726,0.2894736842105263,0.7105263157894737,0.5052631578947369,0.4947368421052631,0.99,1.2121875,0.2221875,1.2475925681665103
295,295,audio__original,ONLY FOR A MINUTE OR SO,6,4,5,OR,1.0,1.0,0.1666666666388888,1.0,0.0,0.999999999,0.1666666666388888,0.9999999999263516,0.0,0.99609375,0.76171875,0.234375,0.703125,0.29296875,5,1.0,0.5449492609130662,0.4550507390869338,0.2508726030021272,0.7491273969978727,0.3555555555555555,0.6444444444444444,0.2608695652173913,0.7391304347826086,1.293,1.697125,0.404125,1.2475925681665103
295,295,audio__original,ONLY FOR A MINUTE OR SO,6,5,6,SO,1.0,1.0,0.1666666666388888,1.0,0.0,0.999999999,0.1666666666388888,0.9999999999263516,0.0,0.99609375,0.96484375,0.03125,0.7109375,0.28515625,6,1.0,1.0000000000000002,-2.220446049250313e-16,0.1740776559556978,0.8259223440443022,1.0,0.0,0.297029702970297,0.7029702970297029,1.7779375,1.8279375,0.05,1.2475925681665103
297,297,audio__original,OR HER SUFFERINGS TO NIGHT,5,0,1,OR,1.0,1.0,0.19999999996,1.0,0.0,0.999999999,0.19999999996,0.999999999924267,0.0,1.0,0.240234375,0.759765625,0.32421875,0.67578125,1,1.0,0.0,1.0,0.0,1.0,0.0625,0.9375,0.3142857142857143,0.6857142857142857,0.182,0.42325,0.24125,1.054387926000345
297,297,audio__original,OR HER SUFFERINGS TO NIGHT,5,1,2,HER,1.0,1.0,0.19999999996,1.0,0.0,0.999999999,0.19999999996,0.999999999924267,0.0,1.0,0.37109375,0.62890625,0.0712890625,0.9287109375,2,1.0,0.0,1.0,0.0,1.0,0.1643835616438356,0.8356164383561644,0.2941176470588235,0.7058823529411764,0.5139375,0.62475,0.1108125,1.054387926000345
297,297,audio__original,OR HER SUFFERINGS TO NIGHT,5,2,3,SUFFERINGS,1.0,1.0,0.19999999996,1.0,0.0,0.999999999,0.19999999996,0.999999999924267,0.0,1.0,0.240234375,0.759765625,0.37890625,0.62109375,3,1.0,0.0,1.0,0.0,1.0,0.2162162162162162,0.7837837837837838,0.125,0.875,0.68525,1.2495625,0.5643125,1.054387926000345
297,297,audio__original,OR HER SUFFERINGS TO NIGHT,5,3,4,TO,1.0,1.0,0.19999999996,1.0,0.0,0.999999999,0.19999999996,0.999999999924267,0.0,1.0,0.4453125,0.5546875,0.125,0.875,4,1.0,0.0,1.0,0.0,1.0,0.3013698630136986,0.6986301369863014,0.3013698630136986,0.6986301369863014,1.4306875,2.0718125,0.641125,1.054387926000345
297,297,audio__original,OR HER SUFFERINGS TO NIGHT,5,4,5,NIGHT,1.0,1.0,0.19999999996,1.0,0.0,0.999999999,0.19999999996,0.999999999924267,0.0,1.0,0.318359375,0.681640625,0.00714111328125,0.99285888671875,5,1.0,0.8660254037844388,0.1339745962155611,0.0,1.0,0.8095238095238095,0.1904761904761904,0.0759493670886076,0.9240506329113924,2.0960625,2.338125,0.2420625,1.054387926000345
312,312,audio__original,SAID COULSON HE'S SENT FOR,5,0,1,SAID,1.0,1.0,0.19999999996,1.0,0.0,0.999999999,0.19999999996,0.999999999924267,0.0,0.99609375,0.734375,0.26171875,0.71875,0.27734375,1,1.0,0.8504200642707614,0.1495799357292385,0.8671099695241202,0.1328900304758797,0.6296296296296297,0.3703703703703703,0.5818181818181818,0.4181818181818182,0.141375,0.36225,0.220875,1.2457737340002497
312,312,audio__original,SAID COULSON HE'S SENT FOR,5,1,2,COULSON,1.0,1.0,0.19999999996,1.0,0.0,0.999999999,0.19999999996,0.999999999924267,0.0,0.99609375,0.546875,0.44921875,0.703125,0.29296875,2,1.0,0.7637626158259735,0.2362373841740265,0.7637626158259735,0.2362373841740265,0.5483870967741935,0.4516129032258065,0.6181818181818182,0.3818181818181818,0.4025,0.865375,0.462875,1.2457737340002497
312,312,audio__original,SAID COULSON HE'S SENT FOR,5,2,3,HE'S,1.0,1.0,0.19999999996,1.0,0.0,0.999999999,0.19999999996,0.999999999924267,0.0,0.99609375,0.66015625,0.3359375,0.193359375,0.802734375,3,1.0,0.7337993857053431,0.2662006142946569,0.6831300510639734,0.3168699489360266,0.5423728813559322,0.4576271186440678,0.4193548387096774,0.5806451612903225,1.5460625,1.7911875,0.245125,1.2457737340002497
312,312,audio__original,SAID COULSON HE'S SENT FOR,5,3,4,SENT,1.0,1.0,0.19999999996,1.0,0.0,0.999999999,0.19999999996,0.999999999924267,0.0,0.99609375,0.6484375,0.34765625,0.7421875,0.25390625,4,1.0,1.0000000000000004,-4.440892098500626e-16,0.0,1.0,1.0,0.0,0.12,0.88,1.8314375,2.0326875,0.20125,1.2457737340002497
312,312,audio__original,SAID COULSON HE'S SENT FOR,5,4,5,FOR,1.0,1.0,0.19999999996,1.0,0.0,0.999999999,0.19999999996,0.999999999924267,0.0,0.99609375,0.76953125,0.2265625,0.072265625,0.923828125,5,1.0,0.8671099695241202,0.1328900304758797,0.2182178902359924,0.7817821097640075,0.5818181818181818,0.4181818181818182,0.2191780821917808,0.7808219178082192,2.0729375,2.3948125,0.321875,1.2457737340002497
323,323,audio__original,SO HERE I AM AGAIN,5,0,1,SO,1.0,1.0,0.19999999996,1.0,0.0,0.999999999,0.19999999996,0.999999999924267,0.0,1.0,0.484375,0.515625,0.62109375,0.37890625,1,1.0,0.5726562866782003,0.4273437133217996,0.3508232077228118,0.6491767922771882,0.3414634146341463,0.6585365853658536,0.2444444444444444,0.7555555555555555,0.6820625,1.0233125,0.34125,1.3541337543996632
323,323,audio__original,SO HERE I AM AGAIN,5,1,2,HERE,1.0,1.0,0.19999999996,1.0,0.0,0.999999999,0.19999999996,0.999999999924267,0.0,1.0,0.578125,0.421875,0.50390625,0.49609375,2,1.0,1.0000000000000009,-6.661338147750939e-16,0.5853694070049636,0.4146305929950363,1.0,0.0,0.6382978723404256,0.3617021276595744,1.504875,1.9865,0.481625,1.3541337543996632
323,323,audio__original,SO HERE I AM AGAIN,5,2,3,I,1.0,1.0,0.19999999996,1.0,0.0,0.999999999,0.19999999996,0.999999999924267,0.0,1.0,0.52734375,0.47265625,0.51953125,0.48046875,3,1.0,0.5726562866782003,0.4273437133217996,0.6923076923076927,0.3076923076923072,0.2619047619047619,0.7380952380952381,0.6236559139784946,0.3763440860215054,2.0566875,2.1066875,0.05,1.3541337543996632
323,323,audio__original,SO HERE I AM AGAIN,5,3,4,AM,1.0,1.0,0.19999999996,1.0,0.0,0.999999999,0.19999999996,0.999999999924267,0.0,1.0,0.26171875,0.73828125,0.45703125,0.54296875,4,1.0,0.4902903378454603,0.5097096621545397,0.5241424183609593,0.4758575816390407,0.3283582089552239,0.6716417910447761,0.2950819672131147,0.7049180327868853,2.177125,2.3075,0.130375,1.3541337543996632
323,323,audio__original,SO HERE I AM AGAIN,5,4,5,AGAIN,1.0,1.0,0.19999999996,1.0,0.0,0.999999999,0.19999999996,0.999999999924267,0.0,1.0,0.65625,0.34375,0.251953125,0.748046875,5,1.0,1.0000000000000009,-6.661338147750939e-16,0.3202563076101744,0.6797436923898257,1.0,0.0,0.36,0.64,2.3878125,2.8894375,0.501625,1.3541337543996632
328,328,audio__original,SO LET A SAGE DWELL,5,0,1,SO,1.0,1.0,0.19999999996,1.0,0.0,0.999999999,0.19999999996,0.999999999924267,0.0,1.0,0.7578125,0.2421875,0.55078125,0.44921875,1,1.0,0.8181818181818183,0.1818181818181816,0.0,1.0,0.8376068376068376,0.1623931623931623,0.1379310344827586,0.8620689655172413,0.5430625,0.783875,0.2408125,1.2037838475982423
328,328,audio__original,SO LET A SAGE DWELL,5,1,2,LET,1.0,1.0,0.19999999996,1.0,0.0,0.999999999,0.19999999996,0.999999999924267,0.0,1.0,0.57421875,0.42578125,0.75,0.25,2,1.0,0.0,1.0,0.0,1.0,0.3157894736842105,0.6842105263157895,0.2178217821782178,0.7821782178217822,0.832125,0.96475,0.132625,1.2037838475982423
328,328,audio__original,SO LET A SAGE DWELL,5,2,3,A,1.0,1.0,0.19999999996,1.0,0.0,0.999999999,0.19999999996,0.999999999924267,0.0,1.0,0.63671875,0.36328125,0.275390625,0.724609375,3,1.0,0.6030226891555273,0.3969773108444727,0.0,1.0,0.723404255319149,0.276595744680851,0.1071428571428571,0.8928571428571429,1.0250625,1.0750625,0.05,1.2037838475982423
328,328,audio__original,SO LET A SAGE DWELL,5,3,4,SAGE,1.0,1.0,0.19999999996,1.0,0.0,0.999999999,0.19999999996,0.999999999924267,0.0,1.0,0.55859375,0.44140625,0.1865234375,0.8134765625,4,1.0,0.7272727272727274,0.2727272727272726,0.0909090909090909,0.9090909090909092,0.7959183673469388,0.2040816326530612,0.198019801980198,0.801980198019802,1.1055,1.46725,0.36175,1.2037838475982423
328,328,audio__original,SO LET A SAGE DWELL,5,4,5,DWELL,1.0,1.0,0.19999999996,1.0,0.0,0.999999999,0.19999999996,0.999999999924267,0.0,1.0,0.6328125,0.3671875,0.06005859375,0.93994140625,5,1.0,0.0,1.0,0.0,1.0,0.2352941176470588,0.7647058823529411,0.3364485981308411,0.6635514018691588,1.5075,1.889,0.3815,1.2037838475982423
344,344,audio__original,THE BEAU IMPATIENT SITS,4,0,1,THE,1.0,1.0,0.2499999999375,1.0,0.0,0.999999999,0.2499999999375,0.9999999999303368,0.0,1.0,0.44140625,0.55859375,0.3359375,0.6640625,1,1.0,0.2041241452319315,0.7958758547680684,0.158113883008419,0.841886116991581,0.5,0.5,0.4225352112676056,0.5774647887323944,0.3206875,0.4808125,0.160125,1.1702630772488192
344,344,audio__original,THE BEAU IMPATIENT SITS,4,1,2,BEAU,1.0,1.0,0.2499999999375,1.0,0.0,0.999999999,0.2499999999375,0.9999999999303368,0.0,1.0,0.2734375,0.7265625,0.291015625,0.708984375,2,1.0,0.0,1.0,0.0,1.0,0.2307692307692307,0.7692307692307692,0.3137254901960784,0.6862745098039216,0.5569375,0.921625,0.3646875,1.1702630772488192
344,344,audio__original,THE BEAU IMPATIENT SITS,4,2,3,IMPATIENT,1.0,1.0,0.2499999999375,1.0,0.0,0.999999999,0.2499999999375,0.9999999999303368,0.0,1.0,0.359375,0.640625,0.296875,0.703125,3,1.0,0.8660254037844388,0.1339745962155611,0.0,1.0,0.7222222222222222,0.2777777777777778,0.2941176470588235,0.7058823529411764,1.021875,1.763125,0.74125,1.1702630772488192
344,344,audio__original,THE BEAU IMPATIENT SITS,4,3,4,SITS,1.0,1.0,0.2499999999375,1.0,0.0,0.999999999,0.2499999999375,0.9999999999303368,0.0,1.0,0.345703125,0.654296875,0.26171875,0.73828125,4,1.0,0.0,1.0,0.0,1.0,0.2894736842105263,0.7105263157894737,0.2784810126582278,0.7215189873417722,1.9234375,2.164,0.2405625,1.1702630772488192
346,346,audio__original,THE CHILD TURNED BACK,4,0,1,THE,1.0,1.0,0.2499999999375,1.0,0.0,0.999999999,0.2499999999375,0.9999999999303368,0.0,1.0,0.92578125,0.07421875,0.302734375,0.697265625,1,1.0,1.0000000000000002,-2.220446049250313e-16,0.3223291856101521,0.6776708143898479,1.0,0.0,0.528,0.472,0.4625625,0.6229375,0.160375,1.291696959251567
346,346,audio__original,THE CHILD TURNED BACK,4,1,2,CHILD,1.0,1.0,0.2499999999375,1.0,0.0,0.999999999,0.2499999999375,0.9999999999303368,0.0,1.0,0.38671875,0.61328125,0.193359375,0.806640625,2,1.0,0.0,1.0,0.2508726030021272,0.7491273969978728,0.216867469879518,0.7831325301204819,0.3333333333333333,0.6666666666666667,0.663125,1.00475,0.341625,1.291696959251567
346,346,audio__original,THE CHILD TURNED BACK,4,2,3,TURNED,1.0,1.0,0.2499999999375,1.0,0.0,0.999999999,0.2499999999375,0.9999999999303368,0.0,1.0,0.7421875,0.2578125,0.1455078125,0.8544921875,3,1.0,0.5454545454545455,0.4545454545454545,0.0,1.0,0.6333333333333333,0.3666666666666667,0.1702127659574468,0.8297872340425532,1.0249375,1.25,0.2250625,1.291696959251567
346,346,audio__original,THE CHILD TURNED BACK,4,3,4,BACK,1.0,1.0,0.2499999999375,1.0,0.0,0.999999999,0.2499999999375,0.9999999999303368,0.0,1.0,0.1142578125,0.8857421875,0.1328125,0.8671875,4,1.0,0.6363636363636365,0.3636363636363635,0.0,1.0,0.6333333333333333,0.3666666666666667,0.2622950819672131,0.7377049180327868,1.286125,1.5715,0.285375,1.291696959251567
347,347,audio__original,THE COMMON HOUSE FLY,4,0,1,THE,1.0,1.0,0.2499999999375,1.0,0.0,0.999999999,0.2499999999375,0.9999999999303368,0.0,1.0,0.49609375,0.50390625,0.1953125,0.8046875,1,1.0,0.6396021490668313,0.3603978509331687,0.0,1.0,0.7058823529411765,0.2941176470588235,0.1441441441441441,0.8558558558558559,0.363125,0.52375,0.160625,1.406431937997695
347,347,audio__original,THE COMMON HOUSE FLY,4,1,2,COMMON,1.0,1.0,0.2499999999375,1.0,0.0,0.999999999,0.2499999999375,0.9999999999303368,0.0,1.0,0.29296875,0.70703125,0.39453125,0.60546875,2,1.0,0.381385035698237,0.618614964301763,0.1818181818181818,0.8181818181818181,0.5871559633027523,0.4128440366972477,0.3529411764705882,0.6470588235294117,0.564,1.138125,0.574125,1.406431937997695
347,347,audio__original,THE COMMON HOUSE FLY,4,2,3,HOUSE,1.0,1.0,0.2499999999375,1.0,0.0,0.999999999,0.2499999999375,0.9999999999303368,0.0,1.0,0.7109375,0.2890625,0.126953125,0.873046875,3,1.0,0.6363636363636365,0.3636363636363635,0.1818181818181818,0.8181818181818181,0.7090909090909091,0.2909090909090909,0.3529411764705882,0.6470588235294117,1.22875,1.5510625,0.3223125,1.406431937997695
347,347,audio__original,THE COMMON HOUSE FLY,4,3,4,FLY,1.0,1.0,0.2499999999375,1.0,0.0,0.999999999,0.2499999999375,0.9999999999303368,0.0,1.0,0.248046875,0.751953125,0.1865234375,0.8134765625,4,1.0,0.4029114820126903,0.5970885179873098,0.1740776559556978,0.8259223440443022,0.584070796460177,0.415929203539823,0.3703703703703703,0.6296296296296297,1.623375,1.8728125,0.2494375,1.406431937997695
359,359,audio__original,THE MAN IN THE MOON,5,0,1,THE,1.0,1.0,0.19999999996,1.0,0.0,0.999999999,0.19999999996,0.999999999924267,0.0,1.0078125,0.04833984375,0.95947265625,0.013427734375,0.994384765625,1,1.0,0.4545454545454546,0.5454545454545454,0.0,1.0,0.6333333333333333,0.3666666666666667,0.3396226415094339,0.6603773584905661,0.545375,0.7060625,0.1606875,1.3425777616001142
359,359,audio__original,THE MAN IN THE MOON,5,1,2,MAN,1.0,1.0,0.19999999996,1.0,0.0,0.999999999,0.19999999996,0.999999999924267,0.0,1.0078125,0.74609375,0.26171875,0.369140625,0.638671875,2,1.0,0.5454545454545455,0.4545454545454545,0.0,1.0,0.6605504587155964,0.3394495412844036,0.231578947368421,0.7684210526315789,0.7968125,1.0994375,0.302625,1.3425777616001142
359,359,audio__original,THE MAN IN THE MOON,5,2,3,IN,1.0,1.0,0.19999999996,1.0,0.0,0.999999999,0.19999999996,0.999999999924267,0.0,1.0078125,-0.0125732421875,1.0203857421875,0.34765625,0.66015625,3,1.0,0.2611164839335468,0.7388835160664532,0.0,1.0,0.5166666666666667,0.4833333333333333,0.231578947368421,0.7684210526315789,1.210375,1.3011875,0.0908125,1.3425777616001142
359,359,audio__original,THE MAN IN THE MOON,5,3,4,THE,1.0,1.0,0.19999999996,1.0,0.0,0.999999999,0.19999999996,0.999999999924267,0.0,1.0078125,0.75,0.2578125,0.271484375,0.736328125,4,1.0,0.5454545454545455,0.4545454545454545,0.0,1.0,0.6434782608695652,0.3565217391304348,0.231578947368421,0.7684210526315789,1.3616875,1.4323125,0.070625,1.3425777616001142
359,359,audio__original,THE MAN IN THE MOON,5,4,5,MOON,1.0,1.0,0.19999999996,1.0,0.0,0.999999999,0.19999999996,0.999999999924267,0.0,1.0078125,0.255859375,0.751953125,0.00897216796875,0.99884033203125,5,1.0,0.6363636363636365,0.3636363636363635,0.0,1.0,0.6464646464646465,0.3535353535353535,0.3539823008849557,0.6460176991150443,1.4928125,2.158375,0.6655625,1.3425777616001142
360,360,audio__original,THE MOAT AND THE TENTS,5,0,1,THE,1.0,1.0,0.19999999996,1.0,0.0,0.999999999,0.19999999996,0.999999999924267,0.0,1.0,0.30859375,0.69140625,0.1533203125,0.8466796875,1,1.0,0.1084652289093281,0.8915347710906719,0.0,1.0,0.3333333333333333,0.6666666666666667,0.1311475409836065,0.8688524590163934,0.1805625,0.33075,0.1501875,1.1961067552001623
360,360,audio__original,THE MOAT AND THE TENTS,5,1,2,MOAT,1.0,1.0,0.19999999996,1.0,0.0,0.999999999,0.19999999996,0.999999999924267,0.0,1.0,0.33203125,0.66796875,0.28125,0.71875,2,1.0,0.3834824944236853,0.6165175055763147,0.0,1.0,0.3695652173913043,0.6304347826086957,0.1684210526315789,0.8315789473684211,0.4109375,0.6815,0.2705625,1.1961067552001623
360,360,audio__original,THE MOAT AND THE TENTS,5,2,3,AND,1.0,1.0,0.19999999996,1.0,0.0,0.999999999,0.19999999996,0.999999999924267,0.0,1.0,0.1044921875,0.8955078125,0.28125,0.71875,3,1.0,0.7333587976225691,0.2666412023774309,0.0,1.0,0.5757575757575758,0.4242424242424242,0.2553191489361702,0.7446808510638299,0.841875,1.343,0.501125,1.1961067552001623
360,360,audio__original,THE MOAT AND THE TENTS,5,3,4,THE,1.0,1.0,0.19999999996,1.0,0.0,0.999999999,0.19999999996,0.999999999924267,0.0,1.0,0.283203125,0.716796875,-0.01519775390625,1.01519775390625,4,1.0,0.7001400420140049,0.2998599579859951,0.0,1.0,0.6458333333333334,0.3541666666666666,0.2222222222222222,0.7777777777777778,1.3630625,1.42325,0.0601875,1.1961067552001623
360,360,audio__original,THE MOAT AND THE TENTS,5,4,5,TENTS,1.0,1.0,0.19999999996,1.0,0.0,0.999999999,0.19999999996,0.999999999924267,0.0,1.0,0.138671875,0.861328125,0.3125,0.6875,5,1.0,0.0,1.0,0.0,1.0,0.1359223300970873,0.8640776699029127,0.34,0.6599999999999999,1.4633125,1.744125,0.2808125,1.1961067552001623
366,366,audio__original,THE PORTER DID NOT STIR,5,0,1,THE,1.0,1.0,0.19999999996,1.0,0.0,0.999999999,0.19999999996,0.999999999924267,0.0,0.99609375,0.52734375,0.46875,0.236328125,0.759765625,1,1.0,0.0,1.0,0.0,1.0,0.1016949152542373,0.8983050847457628,0.3294117647058823,0.6705882352941177,0.5058125,0.6666875,0.160875,1.2879065322005772
366,366,audio__original,THE PORTER DID NOT STIR,5,1,2,PORTER,1.0,1.0,0.19999999996,1.0,0.0,0.999999999,0.19999999996,0.999999999924267,0.0,0.99609375,0.375,0.62109375,0.451171875,0.544921875,2,1.0,0.0,1.0,0.0,1.0,0.25,0.75,0.275,0.725,0.707125,1.030375,0.32325,1.2879065322005772
366,366,audio__original,THE PORTER DID NOT STIR,5,2,3,DID,1.0,1.0,0.19999999996,1.0,0.0,0.999999999,0.19999999996,0.999999999924267,0.0,0.99609375,0.63671875,0.359375,0.458984375,0.537109375,3,1.0,0.6363636363636365,0.3636363636363635,0.0,1.0,0.7311827956989247,0.2688172043010752,0.2807017543859649,0.7192982456140351,1.058625,1.2324375,0.1738125,1.2879065322005772
366,366,audio__original,THE PORTER DID NOT STIR,5,3,4,NOT,1.0,1.0,0.19999999996,1.0,0.0,0.999999999,0.19999999996,0.999999999924267,0.0,0.99609375,0.67578125,0.3203125,0.466796875,0.529296875,4,1.0,0.6363636363636365,0.3636363636363635,0.2010075630518424,0.7989924369481576,0.7311827956989247,0.2688172043010752,0.3448275862068966,0.6551724137931034,1.2728125,1.3940625,0.12125,1.2879065322005772
366,366,audio__original,THE PORTER DID NOT STIR,5,4,5,STIR,1.0,1.0,0.19999999996,1.0,0.0,0.999999999,0.19999999996,0.999999999924267,0.0,0.99609375,0.65625,0.33984375,0.060302734375,0.935791015625,5,1.0,0.6363636363636365,0.3636363636363635,0.0,1.0,0.7555555555555555,0.2444444444444444,0.3673469387755102,0.6326530612244898,1.4950625,1.7569375,0.261875,1.2879065322005772
368,368,audio__original,THE PROBLEM WAS SOLVED,4,0,1,THE,1.0,1.0,0.2499999999375,1.0,0.0,0.999999999,0.2499999999375,0.9999999999303368,0.0,1.0078125,0.28125,0.7265625,0.154296875,0.853515625,1,1.0,0.4453993340830446,0.5546006659169553,0.5533715710928598,0.4466284289071401,0.3695652173913043,0.6304347826086957,0.4375,0.5625,0.31675,0.481,0.16425,1.2269716282498848
368,368,audio__original,THE PROBLEM WAS SOLVED,4,1,2,PROBLEM,1.0,1.0,0.2499999999375,1.0,0.0,0.999999999,0.2499999999375,0.9999999999303368,0.0,1.0078125,0.66015625,0.34765625,0.53515625,0.47265625,2,1.0,0.0,1.0,0.4842001247062524,0.5157998752937476,0.1403508771929824,0.8596491228070176,0.5,0.5,0.5530625,1.042125,0.4890625,1.2269716282498848
368,368,audio__original,THE PROBLEM WAS SOLVED,4,2,3,WAS,1.0,1.0,0.2499999999375,1.0,0.0,0.999999999,0.2499999999375,0.9999999999303368,0.0,1.0078125,0.32421875,0.68359375,0.4453125,0.5625,3,1.0,0.0,1.0,0.4842001247062524,0.5157998752937476,0.175438596491228,0.8245614035087719,0.3181818181818182,0.6818181818181819,1.2184375,1.4229375,0.2045,1.2269716282498848
368,368,audio__original,THE PROBLEM WAS SOLVED,4,3,4,SOLVED,1.0,1.0,0.2499999999375,1.0,0.0,0.999999999,0.2499999999375,0.9999999999303368,0.0,1.0078125,0.72265625,0.28515625,0.1845703125,0.8232421875,4,1.0,0.5726562866782003,0.4273437133217996,0.1986798535597566,0.8013201464402434,0.3658536585365853,0.6341463414634146,0.2340425531914893,0.7659574468085106,1.493125,2.0761875,0.5830625,1.2269716282498848
373,373,audio__original,THE STORY OF THE GRECIAN KING,6,0,1,THE,1.0,1.0,0.1666666666388888,1.0,0.0,0.999999999,0.1666666666388888,0.9999999999263516,0.0,0.99609375,0.2421875,0.75390625,0.44921875,0.546875,1,1.0,0.6666666666666669,0.3333333333333331,0.5000000000000001,0.4999999999999999,0.6597938144329897,0.3402061855670103,0.4854368932038835,0.5145631067961165,0.425,0.577625,0.152625,1.335014789833319
373,373,audio__original,THE STORY OF THE GRECIAN KING,6,1,2,STORY,1.0,1.0,0.1666666666388888,1.0,0.0,0.999999999,0.1666666666388888,0.9999999999263516,0.0,0.99609375,0.1923828125,0.8037109375,0.078125,0.91796875,2,1.0,0.3481553119113957,0.6518446880886043,0.0,1.0,0.4,0.6,0.2201834862385321,0.7798165137614679,0.646375,0.898875,0.2525,1.335014789833319
373,373,audio__original,THE STORY OF THE GRECIAN KING,6,2,3,OF,1.0,1.0,0.1666666666388888,1.0,0.0,0.999999999,0.1666666666388888,0.9999999999263516,0.0,0.99609375,0.5859375,0.41015625,0.3515625,0.64453125,3,1.0,0.6405126152203487,0.3594873847796512,0.0833333333333333,0.9166666666666666,0.6601941747572816,0.3398058252427184,0.3826086956521739,0.6173913043478261,0.949375,0.999375,0.05,1.335014789833319
373,373,audio__original,THE STORY OF THE GRECIAN KING,6,3,4,THE,1.0,1.0,0.1666666666388888,1.0,0.0,0.999999999,0.1666666666388888,0.9999999999263516,0.0,0.99609375,0.609375,0.38671875,0.365234375,0.630859375,4,1.0,0.6405126152203487,0.3594873847796512,0.0870388279778489,0.9129611720221512,0.6601941747572816,0.3398058252427184,0.198019801980198,0.801980198019802,1.0301875,1.09075,0.0605625,1.335014789833319
373,373,audio__original,THE STORY OF THE GRECIAN KING,6,4,5,GRECIAN,1.0,1.0,0.1666666666388888,1.0,0.0,0.999999999,0.1666666666388888,0.9999999999263516,0.0,0.99609375,0.384765625,0.611328125,0.291015625,0.705078125,5,1.0,0.5400617248673218,0.4599382751326781,0.0870388279778489,0.9129611720221512,0.4615384615384615,0.5384615384615384,0.198019801980198,0.801980198019802,1.1471875,1.4745625,0.327375,1.335014789833319
373,373,audio__original,THE STORY OF THE GRECIAN KING,6,5,6,KING,1.0,1.0,0.1666666666388888,1.0,0.0,0.999999999,0.1666666666388888,0.9999999999263516,0.0,0.99609375,-0.02001953125,1.01611328125,0.1826171875,0.8134765625,6,1.0,0.6123724356957947,0.3876275643042053,0.0833333333333333,0.9166666666666666,0.5523809523809524,0.4476190476190476,0.3551401869158878,0.6448598130841121,1.567,1.8575625,0.2905625,1.335014789833319
374,374,audio__original,THE THREE MODES OF MANAGEMENT,5,0,1,THE,1.0,1.0,0.19999999996,1.0,0.0,0.999999999,0.19999999996,0.999999999924267,0.0,1.0,0.53125,0.46875,0.181640625,0.818359375,1,1.0,0.7500000000000001,0.2499999999999999,0.7071067811865476,0.2928932188134524,0.7272727272727273,0.2727272727272727,0.7428571428571429,0.2571428571428571,0.1619375,0.34275,0.1808125,1.2456882958009374
374,374,audio__original,THE THREE MODES OF MANAGEMENT,5,1,2,THREE,1.0,1.0,0.19999999996,1.0,0.0,0.999999999,0.19999999996,0.999999999924267,0.0,1.0,0.53125,0.46875,0.376953125,0.623046875,2,1.0,1.0000000000000002,-2.220446049250313e-16,0.0,1.0,1.0,0.0,0.1951219512195122,0.8048780487804879,0.3829375,0.6654375,0.2825,1.2456882958009374
374,374,audio__original,THE THREE MODES OF MANAGEMENT,5,2,3,MODES,1.0,1.0,0.19999999996,1.0,0.0,0.999999999,0.19999999996,0.999999999924267,0.0,1.0,0.55859375,0.44140625,0.515625,0.484375,3,1.0,0.4724555912615342,0.5275444087384658,0.0,1.0,0.4716981132075472,0.5283018867924528,0.3092783505154639,0.6907216494845361,0.7965,1.1695625,0.3730625,1.2456882958009374
374,374,audio__original,THE THREE MODES OF MANAGEMENT,5,3,4,OF,1.0,1.0,0.19999999996,1.0,0.0,0.999999999,0.19999999996,0.999999999924267,0.0,1.0,0.5546875,0.4453125,0.396484375,0.603515625,4,1.0,1.0000000000000002,-2.220446049250313e-16,0.0,1.0,1.0,0.0,0.2765957446808511,0.7234042553191489,1.2300625,1.2800625,0.05,1.2456882958009374
374,374,audio__original,THE THREE MODES OF MANAGEMENT,5,4,5,MANAGEMENT,1.0,1.0,0.19999999996,1.0,0.0,0.999999999,0.19999999996,0.999999999924267,0.0,1.0,0.416015625,0.583984375,0.0380859375,0.9619140625,5,1.0,0.6123724356957946,0.3876275643042054,0.0,1.0,0.5192307692307693,0.4807692307692307,0.32,0.6799999999999999,1.330875,1.9351875,0.6043125,1.2456882958009374
377,377,audio__original,THE WHOLE OF THIS ITINERARY,5,0,1,THE,1.0,1.0,0.19999999996,1.0,0.0,0.999999999,0.19999999996,0.999999999924267,0.0,0.99609375,0.232421875,0.763671875,0.2294921875,0.7666015625,1,1.0,0.2631174057921088,0.7368825942078912,0.2631174057921088,0.7368825942078912,0.247787610619469,0.752212389380531,0.3888888888888889,0.6111111111111112,0.5091875,0.641375,0.1321875,1.3105204727995443
377,377,audio__original,THE WHOLE OF THIS ITINERARY,5,1,2,WHOLE,1.0,1.0,0.19999999996,1.0,0.0,0.999999999,0.19999999996,0.999999999924267,0.0,0.99609375,0.01123046875,0.98486328125,0.0927734375,0.9033203125,2,1.0,0.1906925178491185,0.8093074821508814,0.2860387767736777,0.7139612232263223,0.3620689655172414,0.6379310344827587,0.5523809523809524,0.4476190476190476,0.7015625,0.9320625,0.2305,1.3105204727995443
377,377,audio__original,THE WHOLE OF THIS ITINERARY,5,2,3,OF,1.0,1.0,0.19999999996,1.0,0.0,0.999999999,0.19999999996,0.999999999924267,0.0,0.99609375,0.287109375,0.708984375,0.201171875,0.794921875,3,1.0,0.3380617018914067,0.6619382981085933,0.4000000000000001,0.5999999999999999,0.5048543689320388,0.4951456310679611,0.5576923076923077,0.4423076923076923,0.9821875,1.0423125,0.060125,1.3105204727995443
377,377,audio__original,THE WHOLE OF THIS ITINERARY,5,3,4,THIS,1.0,1.0,0.19999999996,1.0,0.0,0.999999999,0.19999999996,0.999999999924267,0.0,0.99609375,0.18359375,0.8125,0.53515625,0.4609375,4,1.0,0.1825741858350554,0.8174258141649445,0.0,1.0,0.2222222222222222,0.7777777777777778,0.1282051282051282,0.8717948717948718,1.082375,1.24275,0.160375,1.3105204727995443
377,377,audio__original,THE WHOLE OF THIS ITINERARY,5,4,5,ITINERARY,1.0,1.0,0.19999999996,1.0,0.0,0.999999999,0.19999999996,0.999999999924267,0.0,0.99609375,0.5390625,0.45703125,0.08154296875,0.91455078125,5,1.0,0.4767312946227963,0.5232687053772037,0.0,1.0,0.6037735849056604,0.3962264150943396,0.3018867924528302,0.6981132075471699,1.2828125,2.064375,0.7815625,1.3105204727995443
382,382,audio__original,THERE IS ONE I MUST CONSULT,6,0,1,THERE,1.0,1.0,0.1666666666388888,1.0,0.0,0.999999999,0.1666666666388888,0.9999999999263516,0.0,1.0078125,0.140625,0.8671875,0.1650390625,0.8427734375,1,1.0,0.0,1.0,0.1290994448735806,0.8709005551264194,0.2352941176470588,0.7647058823529411,0.379746835443038,0.620253164556962,0.2406875,0.4610625,0.220375,1.1243015728347625
382,382,audio__original,THERE IS ONE I MUST CONSULT,6,1,2,IS,1.0,1.0,0.1666666666388888,1.0,0.0,0.999999999,0.1666666666388888,0.9999999999263516,0.0,1.0078125,0.1416015625,0.8662109375,0.412109375,0.595703125,2,1.0,0.912870929175277,0.0871290708247229,0.2390457218668788,0.7609542781331212,0.918032786885246,0.081967213114754,0.3950617283950617,0.6049382716049383,0.491125,0.5813125,0.0901875,1.1243015728347625
382,382,audio__original,THERE IS ONE I MUST CONSULT,6,2,3,ONE,1.0,1.0,0.1666666666388888,1.0,0.0,0.999999999,0.1666666666388888,0.9999999999263516,0.0,1.0078125,0.26171875,0.74609375,0.380859375,0.626953125,3,1.0,1.0000000000000002,-2.220446049250313e-16,0.1348399724926484,0.8651600275073515,1.0,0.0,0.5128205128205128,0.4871794871794872,0.6615,0.8519375,0.1904375,1.1243015728347625
382,382,audio__original,THERE IS ONE I MUST CONSULT,6,3,4,I,1.0,1.0,0.1666666666388888,1.0,0.0,0.999999999,0.1666666666388888,0.9999999999263516,0.0,1.0078125,0.1376953125,0.8701171875,0.296875,0.7109375,4,1.0,0.1348399724926484,0.8651600275073515,0.248069469178417,0.751930530821583,0.1860465116279069,0.813953488372093,0.4935064935064935,0.5064935064935066,0.922125,0.972125,0.05,1.1243015728347625
382,382,audio__original,THERE IS ONE I MUST CONSULT,6,4,5,MUST,1.0,1.0,0.1666666666388888,1.0,0.0,0.999999999,0.1666666666388888,0.9999999999263516,0.0,1.0078125,0.373046875,0.634765625,0.099609375,0.908203125,5,1.0,1.0000000000000002,-2.220446049250313e-16,0.1348399724926484,0.8651600275073515,0.9824561403508772,0.0175438596491228,0.4871794871794871,0.5128205128205128,1.022375,1.20275,0.180375,1.1243015728347625
382,382,audio__original,THERE IS ONE I MUST CONSULT,6,5,6,CONSULT,1.0,1.0,0.1666666666388888,1.0,0.0,0.999999999,0.1666666666388888,0.9999999999263516,0.0,1.0078125,0.087890625,0.919921875,0.201171875,0.806640625,6,1.0,0.1348399724926484,0.8651600275073515,0.1290994448735806,0.8709005551264194,0.1927710843373494,0.8072289156626506,0.3333333333333333,0.6666666666666667,1.2629375,1.9844375,0.7215,1.1243015728347625
384,384,audio__original,THERE SEEMS TO BE DANGER,5,0,1,THERE,1.0,1.0,0.19999999996,1.0,0.0,0.999999999,0.19999999996,0.999999999924267,0.0,1.0,0.318359375,0.681640625,0.16015625,0.83984375,1,1.0,0.6689936080056728,0.3310063919943272,0.1048284836721918,0.8951715163278081,0.6428571428571429,0.3571428571428571,0.4533333333333333,0.5466666666666666,0.424,0.72575,0.30175,1.3023782816002494
384,384,audio__original,THERE SEEMS TO BE DANGER,5,1,2,SEEMS,1.0,1.0,0.19999999996,1.0,0.0,0.999999999,0.19999999996,0.999999999924267,0.0,1.0,0.71875,0.28125,0.55859375,0.44140625,2,1.0,0.5929994533288812,0.4070005466711188,0.6054055145966813,0.3945944854033186,0.6666666666666666,0.3333333333333333,0.4155844155844156,0.5844155844155844,0.8568125,1.1895,0.3326875,1.3023782816002494
384,384,audio__original,THERE SEEMS TO BE DANGER,5,2,3,TO,1.0,1.0,0.19999999996,1.0,0.0,0.999999999,0.19999999996,0.999999999924267,0.0,1.0,0.72265625,0.27734375,0.263671875,0.736328125,3,1.0,0.7877263614433764,0.2122736385566236,0.5384615384615387,0.4615384615384613,0.7160493827160493,0.2839506172839506,0.4285714285714285,0.5714285714285714,1.2298125,1.3063125,0.0765,1.3023782816002494
384,384,audio__original,THERE SEEMS TO BE DANGER,5,3,4,BE,1.0,1.0,0.19999999996,1.0,0.0,0.999999999,0.19999999996,0.999999999924267,0.0,1.0,0.703125,0.296875,0.224609375,0.775390625,4,1.0,0.5604485383178052,0.4395514616821948,0.3846153846153848,0.6153846153846152,0.5471698113207547,0.4528301886792453,0.3809523809523809,0.6190476190476191,1.35075,1.4515625,0.1008125,1.3023782816002494
384,384,audio__original,THERE SEEMS TO BE DANGER,5,4,5,DANGER,1.0,1.0,0.19999999996,1.0,0.0,0.999999999,0.19999999996,0.999999999924267,0.0,1.0,0.2080078125,0.7919921875,0.8125,0.1875,5,1.0,0.4181210050035455,0.5818789949964545,0.2401922307076308,0.7598077692923693,0.4470588235294118,0.5529411764705883,0.3617021276595745,0.6382978723404256,1.5120625,2.17675,0.6646875,1.3023782816002494
393,393,audio__original,TIED TO A WOMAN,4,0,1,TIED,1.0,1.0,0.2499999999375,1.0,0.0,0.999999999,0.2499999999375,0.9999999999303368,0.0,0.99609375,0.34375,0.65234375,0.20703125,0.7890625,1,1.0,0.3418817293789139,0.6581182706210861,0.7526178090063819,0.2473821909936181,0.3132530120481928,0.6867469879518072,0.88,0.12,0.422,0.903625,0.481625,1.3422156680007902
393,393,audio__original,TIED TO A WOMAN,4,1,2,TO,1.0,1.0,0.2499999999375,1.0,0.0,0.999999999,0.2499999999375,0.9999999999303368,0.0,0.99609375,0.30859375,0.6875,0.2236328125,0.7724609375,2,1.0,0.2508726030021272,0.7491273969978727,0.0909090909090909,0.9090909090909092,0.25,0.75,0.2962962962962963,0.7037037037037037,1.1039375,1.2650625,0.161125,1.3422156680007902
393,393,audio__original,TIED TO A WOMAN,4,2,3,A,1.0,1.0,0.2499999999375,1.0,0.0,0.999999999,0.2499999999375,0.9999999999303368,0.0,0.99609375,0.70703125,0.2890625,0.5390625,0.45703125,3,1.0,1.0000000000000002,-2.220446049250313e-16,0.0909090909090909,0.9090909090909092,1.0,0.0,0.303030303030303,0.696969696969697,1.405625,1.455625,0.05,1.3422156680007902
393,393,audio__original,TIED TO A WOMAN,4,3,4,WOMAN,1.0,1.0,0.2499999999375,1.0,0.0,0.999999999,0.2499999999375,0.9999999999303368,0.0,0.99609375,0.29296875,0.703125,0.06005859375,0.93603515625,4,1.0,0.1672484020014182,0.8327515979985818,0.0870388279778489,0.9129611720221512,0.26,0.74,0.3428571428571428,0.6571428571428571,1.506,2.0880625,0.5820625,1.3422156680007902
394,394,audio__original,TO A MAN REVIEW,4,0,1,TO,1.0,1.0,0.2499999999375,1.0,0.0,0.999999999,0.2499999999375,0.9999999999303368,0.0,1.0,0.119140625,0.880859375,0.2412109375,0.7587890625,1,1.0,0.316227766016838,0.683772233983162,0.0,1.0,0.1111111111111111,0.8888888888888888,0.1917808219178082,0.8082191780821918,0.1005,0.240625,0.140125,1.3721719409995785
394,394,audio__original,TO A MAN REVIEW,4,1,2,A,1.0,1.0,0.2499999999375,1.0,0.0,0.999999999,0.2499999999375,0.9999999999303368,0.0,1.0,0.458984375,0.541015625,0.224609375,0.775390625,2,1.0,0.9045340337332908,0.0954659662667091,0.2773500981126146,0.7226499018873853,0.7083333333333334,0.2916666666666666,0.3823529411764705,0.6176470588235294,0.361,0.411,0.05,1.3721719409995785
394,394,audio__original,TO A MAN REVIEW,4,2,3,MAN,1.0,1.0,0.2499999999375,1.0,0.0,0.999999999,0.2499999999375,0.9999999999303368,0.0,1.0,0.228515625,0.771484375,0.265625,0.734375,3,1.0,0.6454972243679028,0.3545027756320972,0.316227766016838,0.683772233983162,0.2608695652173913,0.7391304347826086,0.3880597014925373,0.6119402985074627,0.46125,0.7019375,0.2406875,1.3721719409995785
394,394,audio__original,TO A MAN REVIEW,4,3,4,REVIEW,1.0,1.0,0.2499999999375,1.0,0.0,0.999999999,0.2499999999375,0.9999999999303368,0.0,1.0,0.05615234375,0.94384765625,0.2431640625,0.7568359375,4,1.0,0.632455532033676,0.367544467966324,0.2886751345948129,0.7113248654051871,0.5,0.5,0.1917808219178082,0.8082191780821918,2.3703125,2.9680625,0.59775,1.3721719409995785
396,396,audio__original,TO DAY I SHOUTED,4,0,1,TO,1.0,1.0,0.2499999999375,1.0,0.0,0.999999999,0.2499999999375,0.9999999999303368,0.0,0.99609375,0.28125,0.71484375,0.255859375,0.740234375,1,1.0,0.4622501635210244,0.5377498364789757,0.318142381487889,0.681857618512111,0.594059405940594,0.4059405940594059,0.2954545454545454,0.7045454545454546,0.3436875,0.5044375,0.16075,1.223615838499427
396,396,audio__original,TO DAY I SHOUTED,4,1,2,DAY,1.0,1.0,0.2499999999375,1.0,0.0,0.999999999,0.2499999999375,0.9999999999303368,0.0,0.99609375,0.19921875,0.796875,0.58984375,0.40625,2,1.0,0.2401922307076308,0.7598077692923693,0.1432229748078866,0.8567770251921134,0.2298850574712643,0.7701149425287357,0.3368421052631579,0.6631578947368422,0.524625,0.867625,0.343,1.223615838499427
396,396,audio__original,TO DAY I SHOUTED,4,2,3,I,1.0,1.0,0.2499999999375,1.0,0.0,0.999999999,0.2499999999375,0.9999999999303368,0.0,0.99609375,0.1435546875,0.8525390625,0.1552734375,0.8408203125,3,1.0,0.0,1.0,0.1961161351381841,0.8038838648618158,0.0714285714285714,0.9285714285714286,0.2777777777777778,0.7222222222222222,1.081125,1.27125,0.190125,1.223615838499427
396,396,audio__original,TO DAY I SHOUTED,4,3,4,SHOUTED,1.0,1.0,0.2499999999375,1.0,0.0,0.999999999,0.2499999999375,0.9999999999303368,0.0,0.99609375,0.29296875,0.703125,0.34765625,0.6484375,4,1.0,0.5384615384615387,0.4615384615384613,0.1601281538050872,0.8398718461949128,0.6595744680851063,0.3404255319148936,0.3018867924528302,0.6981132075471699,1.33175,1.8960625,0.5643125,1.223615838499427
400,400,audio__original,TO REVIVE THE SICK MAN,5,0,1,TO,1.0,1.0,0.19999999996,1.0,0.0,0.999999999,0.19999999996,0.999999999924267,0.0,0.9921875,0.2119140625,0.7802734375,0.66796875,0.32421875,1,1.0,0.0,1.0,0.9354143466934856,0.0645856533065143,0.208955223880597,0.791044776119403,0.85,0.15,0.3566875,0.42075,0.0640625,1.2947857102000853
400,400,audio__original,TO REVIVE THE SICK MAN,5,1,2,REVIVE,1.0,1.0,0.19999999996,1.0,0.0,0.999999999,0.19999999996,0.999999999924267,0.0,0.9921875,0.376953125,0.615234375,0.373046875,0.619140625,2,1.0,0.0,1.0,0.3273268353539886,0.6726731646460113,0.2307692307692307,0.7692307692307692,0.2647058823529412,0.7352941176470589,0.5009375,1.18225,0.6813125,1.2947857102000853
400,400,audio__original,TO REVIVE THE SICK MAN,5,2,3,THE,1.0,1.0,0.19999999996,1.0,0.0,0.999999999,0.19999999996,0.999999999924267,0.0,0.9921875,0.5625,0.4296875,0.43359375,0.55859375,3,1.0,0.7637626158259735,0.2362373841740265,0.4364357804719849,0.563564219528015,0.6181818181818182,0.3818181818181818,0.4262295081967213,0.5737704918032787,1.3585,1.6631875,0.3046875,1.2947857102000853
400,400,audio__original,TO REVIVE THE SICK MAN,5,3,4,SICK,1.0,1.0,0.19999999996,1.0,0.0,0.999999999,0.19999999996,0.999999999924267,0.0,0.9921875,0.66015625,0.33203125,0.17578125,0.81640625,4,1.0,0.7637626158259735,0.2362373841740265,0.3418817293789139,0.6581182706210861,0.5245901639344263,0.4754098360655737,0.2388059701492537,0.7611940298507462,1.763375,1.9236875,0.1603125,1.2947857102000853
400,400,audio__original,TO REVIVE THE SICK MAN,5,4,5,MAN,1.0,1.0,0.19999999996,1.0,0.0,0.999999999,0.19999999996,0.999999999924267,0.0,0.9921875,0.56640625,0.42578125,0.050048828125,0.942138671875,5,1.0,0.7637626158259735,0.2362373841740265,0.2182178902359924,0.7817821097640075,0.6181818181818182,0.3818181818181818,0.2191780821917808,0.7808219178082192,1.98375,2.4645625,0.4808125,1.2947857102000853
401,401,audio__original,TO RULE BY AGA'S SIDE,5,0,1,TO,1.0,1.0,0.19999999996,1.0,0.0,0.999999999,0.19999999996,0.999999999924267,0.0,1.0,0.3203125,0.6796875,0.59765625,0.40234375,1,1.0,0.0,1.0,0.0,1.0,0.1428571428571428,0.8571428571428572,0.3116883116883117,0.6883116883116883,0.161,0.30125,0.14025,1.2667243294010404
401,401,audio__original,TO RULE BY AGA'S SIDE,5,1,2,RULE,1.0,1.0,0.19999999996,1.0,0.0,0.999999999,0.19999999996,0.999999999924267,0.0,1.0,0.45703125,0.54296875,0.50390625,0.49609375,2,1.0,0.0,1.0,0.7216878364870323,0.2783121635129677,0.3076923076923077,0.6923076923076923,0.4528301886792453,0.5471698113207547,0.4116875,0.8033125,0.391625,1.2667243294010404
401,401,audio__original,TO RULE BY AGA'S SIDE,5,2,3,BY,1.0,1.0,0.19999999996,1.0,0.0,0.999999999,0.19999999996,0.999999999924267,0.0,1.0,0.6640625,0.3359375,0.3984375,0.6015625,3,1.0,0.6666666666666669,0.3333333333333331,0.0,1.0,0.7415730337078652,0.2584269662921348,0.3116883116883117,0.6883116883116883,0.8635625,1.064375,0.2008125,1.2667243294010404
401,401,audio__original,TO RULE BY AGA'S SIDE,5,3,4,AGA'S,1.0,1.0,0.19999999996,1.0,0.0,0.999999999,0.19999999996,0.999999999924267,0.0,1.0,0.435546875,0.564453125,0.306640625,0.693359375,4,1.0,0.0833333333333333,0.9166666666666666,0.0,1.0,0.3300970873786408,0.6699029126213591,0.2985074626865671,0.7014925373134329,1.1045625,1.50625,0.4016875,1.2667243294010404
401,401,audio__original,TO RULE BY AGA'S SIDE,5,4,5,SIDE,1.0,1.0,0.19999999996,1.0,0.0,0.999999999,0.19999999996,0.999999999924267,0.0,1.0,0.263671875,0.736328125,0.11279296875,0.88720703125,5,1.0,0.0870388279778489,0.9129611720221512,0.0833333333333333,0.9166666666666666,0.3255813953488372,0.6744186046511628,0.1894736842105263,0.8105263157894737,1.546375,2.08875,0.542375,1.2667243294010404
407,407,audio__original,VERY GOOD NOW OBSERVE,4,0,1,VERY,1.0,1.0,0.2499999999375,1.0,0.0,0.999999999,0.2499999999375,0.9999999999303368,0.0,1.0078125,0.34765625,0.66015625,0.43359375,0.57421875,1,1.0,0.1961161351381841,0.8038838648618158,0.0,1.0,0.135593220338983,0.864406779661017,0.2222222222222222,0.7777777777777778,0.6210625,0.9414375,0.320375,1.0498509379976897
407,407,audio__original,VERY GOOD NOW OBSERVE,4,1,2,GOOD,1.0,1.0,0.2499999999375,1.0,0.0,0.999999999,0.2499999999375,0.9999999999303368,0.0,1.0078125,0.10986328125,0.89794921875,0.353515625,0.654296875,2,1.0,0.0,1.0,0.0,1.0,0.1428571428571428,0.8571428571428572,0.1904761904761904,0.8095238095238095,1.0215,1.302,0.2805,1.0498509379976897
407,407,audio__original,VERY GOOD NOW OBSERVE,4,2,3,NOW,1.0,1.0,0.2499999999375,1.0,0.0,0.999999999,0.2499999999375,0.9999999999303368,0.0,1.0078125,1.0078125,0.0,0.197265625,0.810546875,3,1.0,1.0000000000000002,-2.220446049250313e-16,0.0,1.0,1.0,0.0,0.125,0.875,1.5624375,2.0531875,0.49075,1.0498509379976897
407,407,audio__original,VERY GOOD NOW OBSERVE,4,3,4,OBSERVE,1.0,1.0,0.2499999999375,1.0,0.0,0.999999999,0.2499999999375,0.9999999999303368,0.0,1.0078125,0.150390625,0.857421875,0.0908203125,0.9169921875,4,1.0,0.0,1.0,0.0,1.0,0.1935483870967742,0.8064516129032258,0.1212121212121212,0.8787878787878788,2.1834375,2.9245625,0.741125,1.0498509379976897
408,408,audio__original,VERY WELL HE SAID,4,0,1,VERY,1.0,1.0,0.2499999999375,1.0,0.0,0.999999999,0.2499999999375,0.9999999999303368,0.0,1.0,0.4375,0.5625,0.57421875,0.42578125,1,1.0,0.8660254037844388,0.1339745962155611,0.0,1.0,0.7878787878787878,0.2121212121212121,0.2950819672131147,0.7049180327868853,0.5849375,0.947,0.3620625,0.9664542090031318
408,408,audio__original,VERY WELL HE SAID,4,1,2,WELL,1.0,1.0,0.2499999999375,1.0,0.0,0.999999999,0.2499999999375,0.9999999999303368,0.0,1.0,0.4375,0.5625,0.2197265625,0.7802734375,2,1.0,0.8660254037844388,0.1339745962155611,0.0,1.0,0.8484848484848485,0.1515151515151515,0.1764705882352941,0.8235294117647058,0.999375,1.30975,0.310375,0.9664542090031318
408,408,audio__original,VERY WELL HE SAID,4,2,3,HE,1.0,1.0,0.2499999999375,1.0,0.0,0.999999999,0.2499999999375,0.9999999999303368,0.0,1.0,0.026123046875,0.973876953125,0.146484375,0.853515625,3,1.0,0.894427190999916,0.105572809000084,0.0,1.0,0.8181818181818182,0.1818181818181817,0.1690140845070422,0.8309859154929577,1.35,1.45075,0.10075,0.9664542090031318
408,408,audio__original,VERY WELL HE SAID,4,3,4,SAID,1.0,1.0,0.2499999999375,1.0,0.0,0.999999999,0.2499999999375,0.9999999999303368,0.0,1.0,0.1806640625,0.8193359375,0.047119140625,0.952880859375,4,1.0,1.0,0.0,0.0,1.0,0.9230769230769232,0.0769230769230768,0.1866666666666666,0.8133333333333334,1.4910625,2.0149375,0.523875,0.9664542090031318
419,419,audio__original,WHERE THE INTERFERENCE PROVED,4,0,1,WHERE,1.0,1.0,0.2499999999375,1.0,0.0,0.999999999,0.2499999999375,0.9999999999303368,0.0,1.0,0.018798828125,0.981201171875,0.2236328125,0.7763671875,1,1.0,0.0,1.0,0.6689936080056728,0.3310063919943272,0.2075471698113207,0.7924528301886793,0.7131782945736435,0.2868217054263565,0.174,0.46425,0.29025,1.5962882967496623
419,419,audio__original,WHERE THE INTERFERENCE PROVED,4,1,2,THE,1.0,1.0,0.2499999999375,1.0,0.0,0.999999999,0.2499999999375,0.9999999999303368,0.0,1.0,0.29296875,0.70703125,0.099609375,0.900390625,2,1.0,0.7205766921228923,0.2794233078771077,0.0,1.0,0.7938931297709924,0.2061068702290076,0.2626262626262626,0.7373737373737373,0.5691875,0.68625,0.1170625,1.5962882967496623
419,419,audio__original,WHERE THE INTERFERENCE PROVED,4,2,3,INTERFERENCE,1.0,1.0,0.2499999999375,1.0,0.0,0.999999999,0.2499999999375,0.9999999999303368,0.0,1.0,0.1689453125,0.8310546875,0.0751953125,0.9248046875,3,1.0,0.0,1.0,0.0,1.0,0.2075471698113207,0.7924528301886793,0.2077922077922078,0.7922077922077921,0.726625,1.4129375,0.6863125,1.5962882967496623
419,419,audio__original,WHERE THE INTERFERENCE PROVED,4,3,4,PROVED,1.0,1.0,0.2499999999375,1.0,0.0,0.999999999,0.2499999999375,0.9999999999303368,0.0,1.0,0.20703125,0.79296875,0.1630859375,0.8369140625,4,1.0,0.1272569525951556,0.8727430474048443,0.0,1.0,0.202020202020202,0.797979797979798,0.2905982905982906,0.7094017094017093,1.4451875,1.9139375,0.46875,1.5962882967496623
423,423,audio__original,WHY THIS WAS MACKAY,4,0,1,WHY,1.0,1.0,0.2499999999375,1.0,0.0,0.999999999,0.2499999999375,0.9999999999303368,0.0,0.9921875,0.416015625,0.576171875,0.453125,0.5390625,1,1.0,0.9090909090909092,0.0909090909090907,0.0,1.0,0.9714285714285714,0.0285714285714285,0.2962962962962963,0.7037037037037037,0.6249375,0.8466875,0.22175,1.265795661750417
423,423,audio__original,WHY THIS WAS MACKAY,4,1,2,THIS,1.0,1.0,0.2499999999375,1.0,0.0,0.999999999,0.2499999999375,0.9999999999303368,0.0,0.9921875,0.3828125,0.609375,0.162109375,0.830078125,2,1.0,0.9090909090909092,0.0909090909090907,0.1740776559556978,0.8259223440443022,0.8543689320388349,0.1456310679611651,0.3333333333333333,0.6666666666666667,1.1793125,1.4414375,0.262125,1.265795661750417
423,423,audio__original,WHY THIS WAS MACKAY,4,2,3,WAS,1.0,1.0,0.2499999999375,1.0,0.0,0.999999999,0.2499999999375,0.9999999999303368,0.0,0.9921875,0.2001953125,0.7919921875,0.4765625,0.515625,3,1.0,0.0,1.0,0.0909090909090909,0.9090909090909092,0.2285714285714285,0.7714285714285715,0.3300970873786408,0.6699029126213591,1.501875,1.6026875,0.1008125,1.265795661750417
423,423,audio__original,WHY THIS WAS MACKAY,4,3,4,MACKAY,1.0,1.0,0.2499999999375,1.0,0.0,0.999999999,0.2499999999375,0.9999999999303368,0.0,0.9921875,0.2421875,0.75,0.2353515625,0.7568359375,4,1.0,0.0,1.0,0.0,1.0,0.2727272727272727,0.7272727272727273,0.3669724770642202,0.6330275229357798,1.6833125,2.1570625,0.47375,1.265795661750417
433,433,audio__original,WOMAN SIREN THAT YOU ARE,5,0,1,WOMAN,1.0,1.0,0.19999999996,1.0,0.0,0.999999999,0.19999999996,0.999999999924267,0.0,1.0,0.40625,0.59375,0.41796875,0.58203125,1,1.0,0.3922322702763682,0.6077677297236318,0.0,1.0,0.5934065934065934,0.4065934065934066,0.2077922077922078,0.7922077922077921,0.5873125,0.9849375,0.397625,1.278760026999953
433,433,audio__original,WOMAN SIREN THAT YOU ARE,5,1,2,SIREN,1.0,1.0,0.19999999996,1.0,0.0,0.999999999,0.19999999996,0.999999999924267,0.0,1.0,0.41015625,0.58984375,0.2265625,0.7734375,2,1.0,0.4264014327112209,0.5735985672887791,0.0,1.0,0.5625,0.4375,0.3283582089552239,0.6716417910447761,1.2659375,1.9296875,0.66375,1.278760026999953
433,433,audio__original,WOMAN SIREN THAT YOU ARE,5,2,3,THAT,1.0,1.0,0.19999999996,1.0,0.0,0.999999999,0.19999999996,0.999999999924267,0.0,1.0,0.333984375,0.666015625,0.396484375,0.603515625,3,1.0,0.4264014327112209,0.5735985672887791,0.0,1.0,0.5806451612903226,0.4193548387096774,0.3283582089552239,0.6716417910447761,1.9799375,2.0905,0.1105625,1.278760026999953
433,433,audio__original,WOMAN SIREN THAT YOU ARE,5,3,4,YOU,1.0,1.0,0.19999999996,1.0,0.0,0.999999999,0.19999999996,0.999999999924267,0.0,1.0,0.498046875,0.501953125,0.3828125,0.6171875,4,1.0,0.4264014327112209,0.5735985672887791,0.098058067569092,0.901941932430908,0.5567010309278351,0.4432989690721649,0.2325581395348837,0.7674418604651163,2.14075,2.27125,0.1305,1.278760026999953
433,433,audio__original,WOMAN SIREN THAT YOU ARE,5,4,5,ARE,1.0,1.0,0.19999999996,1.0,0.0,0.999999999,0.19999999996,0.999999999924267,0.0,1.0,0.333984375,0.666015625,0.1201171875,0.8798828125,5,1.0,0.4082482904638631,0.5917517095361369,0.0,1.0,0.5411764705882353,0.4588235294117647,0.0842105263157894,0.9157894736842104,2.713625,2.763625,0.05,1.278760026999953
447,447,audio__original,YOUR FRIEND AS EVER,4,0,1,YOUR,1.0,1.0,0.2499999999375,1.0,0.0,0.999999999,0.2499999999375,0.9999999999303368,0.0,1.0,0.384765625,0.615234375,0.61328125,0.38671875,1,1.0,0.4545454545454546,0.5454545454545454,0.2417468892076141,0.7582531107923858,0.5660377358490566,0.4339622641509434,0.5098039215686274,0.4901960784313726,0.4213125,0.6416875,0.220375,1.137294768749598
447,447,audio__original,YOUR FRIEND AS EVER,4,1,2,FRIEND,1.0,1.0,0.2499999999375,1.0,0.0,0.999999999,0.2499999999375,0.9999999999303368,0.0,1.0,0.419921875,0.580078125,0.2275390625,0.7724609375,2,1.0,0.9090909090909092,0.0909090909090907,0.0,1.0,0.9504950495049505,0.0495049504950495,0.2068965517241379,0.7931034482758621,0.68175,1.0628125,0.3810625,1.137294768749598
447,447,audio__original,YOUR FRIEND AS EVER,4,2,3,AS,1.0,1.0,0.2499999999375,1.0,0.0,0.999999999,0.2499999999375,0.9999999999303368,0.0,1.0,0.474609375,0.525390625,0.259765625,0.740234375,3,1.0,0.3636363636363636,0.6363636363636364,0.0909090909090909,0.9090909090909092,0.543859649122807,0.4561403508771929,0.32,0.6799999999999999,1.1229375,1.3034375,0.1805,1.137294768749598
447,447,audio__original,YOUR FRIEND AS EVER,4,3,4,EVER,1.0,1.0,0.2499999999375,1.0,0.0,0.999999999,0.2499999999375,0.9999999999303368,0.0,1.0,0.2275390625,0.7724609375,-0.0093994140625,1.0093994140625,4,1.0,0.0,1.0,0.0870388279778489,0.9129611720221512,0.1,0.9,0.320754716981132,0.679245283018868,1.3435625,1.824625,0.4810625,1.137294768749598
