dataset_config,audio_column,label,n_words,raw_mean_flux,refined_mean_flux,percent_reduction
single_sentence_1k,audio__male,Male TTS,6,17.51299299299717,10.40144514098453,40.60726715791126
single_sentence_1k,audio__male,Male TTS,6,22.725869172545647,6.568627200737865,71.09625532530478
single_sentence_1k,audio__male,Male TTS,10,28.34162942096591,16.837662735953927,40.59035037873244
single_sentence_1k,audio__male,Male TTS,6,15.38354199383563,8.607040420614188,44.05033363536738
single_sentence_1k,audio__male,Male TTS,5,19.135267731174828,1.8394114318303765,90.38732325216625
single_sentence_1k,audio__male,Male TTS,9,19.771438092304603,10.142390188307722,48.70180843215789
single_sentence_1k,audio__male,Male TTS,8,45.2174725374789,20.89135007089726,53.798058806623295
single_sentence_1k,audio__male,Male TTS,8,12.760217999544693,8.855244310890775,30.602719238756375
single_sentence_1k,audio__male,Male TTS,7,22.695226085239224,7.245968944455332,68.07271750789896
single_sentence_1k,audio__male,Male TTS,5,40.378007512539625,26.416222854083536,34.57769592548661
single_sentence_1k,audio__male,Male TTS,9,43.23512426680989,17.992429399190243,58.38469368526273
single_sentence_1k,audio__male,Male TTS,6,27.36240525683873,29.80273762272584,-8.918559399222378
single_sentence_1k,audio__male,Male TTS,6,24.97069400300582,12.394976752441252,50.361905235996964
single_sentence_1k,audio__male,Male TTS,4,17.912529703229666,12.32424263030666,31.19764302144005
single_sentence_1k,audio__male,Male TTS,10,30.182242907513864,25.299305251426084,16.17818023349144
single_sentence_1k,audio__male,Male TTS,6,39.783970214814566,14.119487923715573,64.50960563393488
single_sentence_1k,audio__male,Male TTS,8,30.921272801235318,6.7724301257580795,78.09782873657285
single_sentence_1k,audio__male,Male TTS,7,52.863342707045376,18.254010224968688,65.46943630460984
single_sentence_1k,audio__male,Male TTS,8,11.446014857850969,7.462487725798988,34.80274297669313
single_sentence_1k,audio__male,Male TTS,6,43.14396532648243,21.432239041175336,50.32390073793264
single_sentence_1k,audio__male,Male TTS,10,20.209949513245373,12.205415267753125,39.60689877154896
single_sentence_1k,audio__male,Male TTS,9,49.016133127579856,52.543342034302164,-7.196016253549909
single_sentence_1k,audio__male,Male TTS,3,35.223947962125145,10.526976663054887,70.11414883313445
single_sentence_1k,audio__male,Male TTS,8,33.05949238874018,27.302142926816444,17.415117552998634
single_sentence_1k,audio__male,Male TTS,6,25.50652966896693,4.213992468789684,83.47876985430626
single_sentence_1k,audio__male,Male TTS,1,17.624292492866516,1.7607398105851644,90.00958585260754
single_sentence_1k,audio__male,Male TTS,8,44.075372718973085,30.314686187986275,31.22080581989783
single_sentence_1k,audio__male,Male TTS,7,27.937159331781523,12.646790941876898,54.731292499413804
single_sentence_1k,audio__male,Male TTS,8,11.381764178862795,3.9085973609053326,65.6591254265834
single_sentence_1k,audio__male,Male TTS,8,15.035450150049884,9.850475462968461,34.48499802358243
single_sentence_1k,audio__male,Male TTS,7,16.798528564827784,11.730702436810263,30.16827401554902
single_sentence_1k,audio__male,Male TTS,7,19.68676061289651,16.170073591480364,17.86320812532467
single_sentence_1k,audio__male,Male TTS,10,25.598302943632007,23.091200341453078,9.794018797650846
single_sentence_1k,audio__male,Male TTS,6,17.14043780664603,16.19187078033671,5.534088668035787
single_sentence_1k,audio__male,Male TTS,9,25.65973030465021,25.304201536345417,1.3855514617016944
single_sentence_1k,audio__male,Male TTS,9,19.495715454886877,16.582554368778403,14.942570806644845
single_sentence_1k,audio__male,Male TTS,9,15.048750765828622,11.898927743406805,20.930794000350897
single_sentence_1k,audio__male,Male TTS,10,25.57993141580373,9.811198105817311,61.644939752435064
single_sentence_1k,audio__male,Male TTS,10,18.895170474052428,11.420526899697142,39.55848709922862
single_sentence_1k,audio__male,Male TTS,8,20.960250583360903,5.838793309661014,72.14349472378882
single_sentence_1k,audio__male,Male TTS,5,13.417262357473373,3.5253108145236096,73.72555801176516
single_sentence_1k,audio__male,Male TTS,5,6.264672976732254,7.4659322217226505,-19.175130919874302
single_sentence_1k,audio__male,Male TTS,8,19.048265582532622,7.4964255550036984,60.645101662809836
single_sentence_1k,audio__male,Male TTS,8,50.88699085544795,16.587276723277306,67.40369897210876
single_sentence_1k,audio__male,Male TTS,8,30.45679904706776,12.09545835247242,60.28650833010991
single_sentence_1k,audio__male,Male TTS,6,40.29322554667791,30.067849463048898,25.37740760362649
single_sentence_1k,audio__male,Male TTS,10,11.531664094654843,9.595749216882757,16.787818842810566
single_sentence_1k,audio__male,Male TTS,10,17.498977599805222,3.292778309441489,81.1830246043738
single_sentence_1k,audio__male,Male TTS,9,38.789553236630226,12.357528507348945,68.14212210188764
single_sentence_1k,audio__male,Male TTS,10,13.86068147830665,4.13432841228651,70.17225726774585
single_sentence_1k,audio__male,Male TTS,10,17.62166861877777,12.129512212503574,31.16706212725914
single_sentence_1k,audio__male,Male TTS,6,14.112588731882473,9.992898285325747,29.19159995961423
single_sentence_1k,audio__male,Male TTS,5,34.83604901785729,19.62309895465039,43.67013622988243
single_sentence_1k,audio__male,Male TTS,9,43.26896804446975,41.929938336999335,3.094665225420275
single_sentence_1k,audio__male,Male TTS,5,8.22983893752098,3.1812905442666857,61.34443737698511
single_sentence_1k,audio__male,Male TTS,5,30.23699916601181,13.366184732962026,55.7952670515452
single_sentence_1k,audio__male,Male TTS,8,25.99081769399345,8.855998144666287,65.92643506282246
single_sentence_1k,audio__male,Male TTS,6,21.03697840834502,23.274024625255013,-10.633876089460605
single_sentence_1k,audio__male,Male TTS,8,21.1873601321131,7.254179218719393,65.76175996685669
single_sentence_1k,audio__male,Male TTS,10,18.700188910961153,21.007346929338947,-12.337618776810588
single_sentence_1k,audio__male,Male TTS,8,57.18372407314382,43.31426151050255,24.254213567659246
single_sentence_1k,audio__male,Male TTS,7,18.64607941572155,8.803887517591264,52.78424315747463
single_sentence_1k,audio__male,Male TTS,8,17.314864810556173,21.27854572093935,-22.891780870080368
single_sentence_1k,audio__male,Male TTS,7,32.36143861048394,12.1809587288018,62.359650090291076
single_sentence_1k,audio__male,Male TTS,6,72.09675559781802,39.503415195348985,45.207776871800675
single_sentence_1k,audio__male,Male TTS,7,38.02129166619852,11.930429872589558,68.62171338803863
single_sentence_1k,audio__male,Male TTS,9,25.826388821351486,16.689048778502713,35.37985936034018
single_sentence_1k,audio__male,Male TTS,8,28.421322096139193,23.83728250645958,16.128875265455427
single_sentence_1k,audio__male,Male TTS,7,35.84618938068992,20.328976284009862,43.28831980405445
single_sentence_1k,audio__male,Male TTS,5,44.986641264148055,5.794090939293018,87.12041891442426
single_sentence_1k,audio__male,Male TTS,6,20.006604737291735,3.534514276204787,82.33326282686758
single_sentence_1k,audio__male,Male TTS,8,19.66332942212466,7.937140936485656,59.63480666933752
single_sentence_1k,audio__male,Male TTS,6,27.679780165354412,32.514402838485516,-17.46626109112815
single_sentence_1k,audio__male,Male TTS,7,35.734850249542475,16.846656407075077,52.85650761250701
single_sentence_1k,audio__male,Male TTS,9,24.511214425166447,13.637542168216005,44.36202983800793
single_sentence_1k,audio__male,Male TTS,7,45.04137269713517,31.691172679550995,29.639860461964346
single_sentence_1k,audio__male,Male TTS,5,35.05158399939537,34.7356054583647,0.9014672233817375
single_sentence_1k,audio__male,Male TTS,5,21.76653870344162,16.949660823962223,22.12973750722146
single_sentence_1k,audio__male,Male TTS,7,14.284489428890604,11.527586262867704,19.299976941752078
single_sentence_1k,audio__male,Male TTS,9,30.01546968271335,15.811694200584592,47.32151664549518
single_sentence_1k,audio__male,Male TTS,8,27.66615590173751,22.151531967485617,19.93274365198513
single_sentence_1k,audio__male,Male TTS,7,33.89834954908916,13.448469250718647,60.327067749291054
single_sentence_1k,audio__male,Male TTS,9,14.333484128841924,11.192989456155273,21.91019744018364
single_sentence_1k,audio__male,Male TTS,1,0.44266892969608307,0.33765924144857506,23.721946855317587
single_sentence_1k,audio__male,Male TTS,10,25.58466544598341,24.490427054726766,4.276930623020643
single_sentence_1k,audio__male,Male TTS,6,6.914376286168893,5.880453017266116,14.95323983120467
single_sentence_1k,audio__male,Male TTS,10,25.951113253831863,18.8118004132265,27.510622649497297
single_sentence_1k,audio__male,Male TTS,8,24.701373665360734,12.35294899159119,49.99084197121396
single_sentence_1k,audio__male,Male TTS,9,30.89298751220728,14.785569200082124,52.13939993909735
single_sentence_1k,audio__male,Male TTS,4,38.873243633657694,10.072061793472358,74.08998876350095
single_sentence_1k,audio__male,Male TTS,9,16.74165673810368,3.6243083123390454,78.35155523114871
single_sentence_1k,audio__male,Male TTS,2,14.99498588591814,1.681255795813154,88.78788010469533
single_sentence_1k,audio__male,Male TTS,8,22.70086392434314,1.5026678407503011,93.38056980668951
single_sentence_1k,audio__male,Male TTS,8,42.90799135885069,28.830024507638342,32.80966180279717
single_sentence_1k,audio__male,Male TTS,7,36.755261912027244,26.471933588838414,27.97783987446942
single_sentence_1k,audio__male,Male TTS,8,24.05953412526287,24.638820078878414,-2.4077189134235297
single_sentence_1k,audio__male,Male TTS,6,23.31295839790255,11.71797573550342,49.73621307299343
single_sentence_1k,audio__male,Male TTS,8,45.395189849077724,39.40843652216754,13.188078619813975
single_sentence_1k,audio__male,Male TTS,10,20.2839939638332,5.437657858714686,73.19237094819616
single_sentence_1k,audio__male,Male TTS,7,19.761504458983836,21.289094873905732,-7.730132177398232
single_sentence_1k,audio__male,Male TTS,8,9.297342751407996,4.550819339326537,51.05247315274724
single_sentence_1k,audio__male,Male TTS,8,19.78459871187806,19.564219213833834,1.113894202523898
single_sentence_1k,audio__male,Male TTS,9,22.29863249593311,18.35591052621506,17.681451857808483
single_sentence_1k,audio__male,Male TTS,5,40.93212057459168,4.7281240815576435,88.44886603678043
single_sentence_1k,audio__male,Male TTS,8,31.09112570574507,24.203030554814525,22.15453765206627
single_sentence_1k,audio__male,Male TTS,7,32.0468608087727,10.684638732476344,66.65932805015503
single_sentence_1k,audio__male,Male TTS,8,20.63832463134895,19.867512833138857,3.734856447791578
single_sentence_1k,audio__male,Male TTS,8,12.09974616067484,3.9774906338026312,67.12748696555471
single_sentence_1k,audio__male,Male TTS,8,13.550903374925838,5.598484976415364,58.68552212707366
single_sentence_1k,audio__male,Male TTS,7,40.27105313579419,6.0404831293271855,85.00043416059012
single_sentence_1k,audio__male,Male TTS,6,25.334852491815884,12.189204499746362,51.88760422550738
single_sentence_1k,audio__male,Male TTS,7,17.064273136002676,13.391813024492876,21.521339246273207
single_sentence_1k,audio__male,Male TTS,6,24.610788158493353,6.6557571874194155,72.95593645942434
single_sentence_1k,audio__male,Male TTS,7,20.90347413654984,13.509878703280524,35.37017523963432
single_sentence_1k,audio__male,Male TTS,7,22.248899885054147,8.447772617202386,62.03060528454607
single_sentence_1k,audio__male,Male TTS,8,28.63452868256718,16.45777959897407,42.524705814370066
single_sentence_1k,audio__male,Male TTS,7,43.70873232252364,30.75652798686958,29.632990131309832
single_sentence_1k,audio__male,Male TTS,7,46.61038571409881,39.219882904473444,15.85591429120028
single_sentence_1k,audio__male,Male TTS,8,37.6620829065796,19.075795591233828,49.35013116892356
single_sentence_1k,audio__male,Male TTS,10,38.00403291396797,28.488891134501092,25.037189608289413
single_sentence_1k,audio__male,Male TTS,6,27.31350025593188,16.941302088597997,37.974620865669806
single_sentence_1k,audio__male,Male TTS,9,19.634443345169228,17.417971138594012,11.28869389169898
single_sentence_1k,audio__male,Male TTS,7,28.33070680698646,25.90962690828415,8.545780079532863
single_sentence_1k,audio__male,Male TTS,7,28.814604922064714,17.300688554569856,39.958612650205396
single_sentence_1k,audio__male,Male TTS,8,24.41992049617693,21.886544490788992,10.374218891435579
single_sentence_1k,audio__male,Male TTS,7,38.52982815035752,10.83425635227286,71.88085991457419
single_sentence_1k,audio__male,Male TTS,6,22.169762500872213,21.117419926760096,4.746747170028166
single_sentence_1k,audio__male,Male TTS,5,28.30517969286875,11.02957152734438,61.03338100297174
single_sentence_1k,audio__male,Male TTS,8,27.521175637841225,7.946495518088341,71.12588639868268
single_sentence_1k,audio__male,Male TTS,7,22.214843548302138,17.479784366134222,21.314843707417477
single_sentence_1k,audio__male,Male TTS,7,30.70248384986605,18.04118907677392,41.23866601479335
single_sentence_1k,audio__male,Male TTS,6,63.45467491944631,48.20474245006941,24.032795832200236
single_sentence_1k,audio__male,Male TTS,6,30.618371920567103,31.27033933538325,-2.1293340367918328
single_sentence_1k,audio__male,Male TTS,8,30.553048076108098,20.62451761910779,32.496039126008604
single_sentence_1k,audio__male,Male TTS,7,24.27078136395809,18.576090805534427,23.463152969933763
single_sentence_1k,audio__male,Male TTS,7,49.04889058215277,50.01016573988454,-1.9598305819409194
single_sentence_1k,audio__male,Male TTS,6,23.177245693902176,14.358778536541044,38.047951313219365
single_sentence_1k,audio__male,Male TTS,5,34.8765172903948,30.051301351067867,13.83514270977919
single_sentence_1k,audio__male,Male TTS,9,39.779270922752204,29.122068171572916,26.79084483945074
single_sentence_1k,audio__male,Male TTS,7,23.940915352797933,17.6612443789141,26.22987000014576
single_sentence_1k,audio__male,Male TTS,7,25.591811708440737,14.755254156821008,42.34384683303056
single_sentence_1k,audio__male,Male TTS,8,28.047216475009918,22.322541787449154,20.410847873839643
single_sentence_1k,audio__male,Male TTS,9,30.422448068857193,23.95172882429324,21.269554737732918
single_sentence_1k,audio__male,Male TTS,4,18.83306774031371,6.235597730301379,66.89016459621405
single_sentence_1k,audio__male,Male TTS,9,14.383177957601017,2.561175497594781,82.19325725410157
single_sentence_1k,audio__male,Male TTS,6,48.99476157377163,32.33134605823822,34.01060640012144
single_sentence_1k,audio__male,Male TTS,9,33.13199229041735,46.2965907565538,-39.73379672053104
single_sentence_1k,audio__male,Male TTS,7,32.66407150881631,9.122924687690102,72.07046070411722
single_sentence_1k,audio__male,Male TTS,6,38.83067589998245,32.55791455903949,16.154138952151996
single_sentence_1k,audio__male,Male TTS,6,18.450447739054425,17.468530977695856,5.321912916401083
single_sentence_1k,audio__male,Male TTS,8,41.39924751780927,33.72306779629267,18.54183392636409
single_sentence_1k,audio__male,Male TTS,6,27.818644059239887,19.757024697518016,28.979195911039476
single_sentence_1k,audio__male,Male TTS,4,12.844404574600048,5.271184826211538,58.961236423248735
single_sentence_1k,audio__male,Male TTS,10,27.514051892565202,23.57454638851012,14.318158297577416
single_sentence_1k,audio__male,Male TTS,6,64.9143471882544,31.956637782229034,50.77107116312298
single_sentence_1k,audio__male,Male TTS,6,51.74653432196283,27.639604207203192,46.586559719667854
single_sentence_1k,audio__male,Male TTS,4,45.23852428031205,17.141973648096286,62.10757552151954
single_sentence_1k,audio__male,Male TTS,4,24.697394646333123,11.392004965357977,53.873657005155515
single_sentence_1k,audio__male,Male TTS,6,37.482213271024385,15.851654433232568,57.708862284590104
single_sentence_1k,audio__male,Male TTS,6,57.029259383841925,34.67888817413283,39.19105990712132
single_sentence_1k,audio__male,Male TTS,4,34.4221202983999,29.817595149390428,13.376645915747133
single_sentence_1k,audio__male,Male TTS,8,64.48997362502269,21.48257149750134,66.68850940704074
single_sentence_1k,audio__male,Male TTS,9,16.467092723585665,13.275872932527111,19.379375853563996
single_sentence_1k,audio__male,Male TTS,7,34.379596206698416,37.02883782429957,-7.705854372672898
single_sentence_1k,audio__male,Male TTS,7,59.98679485384907,39.65825538051182,33.888357467448294
single_sentence_1k,audio__male,Male TTS,6,42.60883298664735,16.0889666351784,62.24030205140723
single_sentence_1k,audio__male,Male TTS,7,35.21905864588916,14.562276172667875,58.65228449435683
single_sentence_1k,audio__male,Male TTS,9,53.59861155351003,29.583326571000118,44.805796804147285
single_sentence_1k,audio__male,Male TTS,7,36.09545120380686,15.408629800585913,57.31143596575732
single_sentence_1k,audio__male,Male TTS,3,61.08292237917582,49.270683313409485,19.338038531360972
single_sentence_1k,audio__male,Male TTS,6,44.363125122591704,29.00602859076268,34.61680503659671
single_sentence_1k,audio__male,Male TTS,6,68.20880505939324,15.864176114710668,76.74174749008307
single_sentence_1k,audio__male,Male TTS,8,31.31935660308227,18.10597012922517,42.18920152579608
single_sentence_1k,audio__male,Male TTS,6,52.291230936845146,45.10082521958005,13.750691250602463
single_sentence_1k,audio__male,Male TTS,7,37.08691919488566,11.52057041113481,68.93629705234854
single_sentence_1k,audio__male,Male TTS,10,52.15222846269607,28.86343722497113,44.65540960418051
single_sentence_1k,audio__male,Male TTS,10,25.863639581529423,15.89017341111321,38.56172731984243
single_sentence_1k,audio__male,Male TTS,10,43.59535372853279,38.51559431661153,11.652066051700825
single_sentence_1k,audio__male,Male TTS,6,37.236531793642676,40.311273846136224,-8.257326620892478
single_sentence_1k,audio__male,Male TTS,5,28.545512948530682,21.62179336489776,24.255018980099663
single_sentence_1k,audio__male,Male TTS,9,24.206329461358767,17.174303336450976,29.05036113027053
single_sentence_1k,audio__male,Male TTS,6,52.122642503326766,12.78141530950476,75.47819010003383
single_sentence_1k,audio__male,Male TTS,8,50.397203291999176,23.391847234337547,53.58502911598841
single_sentence_1k,audio__male,Male TTS,8,53.16478234552051,34.14571512337821,35.77380811706602
single_sentence_1k,audio__male,Male TTS,7,29.75594163792474,10.594776337375931,64.39441753752936
single_sentence_1k,audio__male,Male TTS,7,44.32881755115731,17.79511341567351,59.856557429854284
single_sentence_1k,audio__male,Male TTS,7,26.110127583146095,15.436604927144279,40.87886059542467
single_sentence_1k,audio__male,Male TTS,7,17.91540963303799,4.843717745247496,72.96339941725282
single_sentence_1k,audio__male,Male TTS,6,36.693225126713514,13.184677628586845,64.06781474494021
single_sentence_1k,audio__male,Male TTS,7,30.922288163964236,19.904760797516378,35.62972865406287
single_sentence_1k,audio__male,Male TTS,10,35.41755824536085,23.286265586531954,34.252199360518894
single_sentence_1k,audio__male,Male TTS,7,58.952528544834685,41.95249770711858,28.836813716628303
single_sentence_1k,audio__male,Male TTS,9,22.58970820760899,9.318880828039255,58.74722797481582
single_sentence_1k,audio__male,Male TTS,7,35.844466073172434,4.9855088412961255,86.09127324949193
single_sentence_1k,audio__male,Male TTS,7,36.185737625296625,23.692077800467814,34.52647546997847
single_sentence_1k,audio__male,Male TTS,9,17.55907928612497,12.173286283110631,30.672411208201243
single_sentence_1k,audio__male,Male TTS,6,46.55245167477787,34.28776254185747,26.34595749887307
single_sentence_1k,audio__male,Male TTS,6,42.128672330536425,9.516875034853001,77.40998111645969
single_sentence_1k,audio__male,Male TTS,6,49.24911420587307,46.8131499432493,4.946209291076499
single_sentence_1k,audio__male,Male TTS,9,35.28714263689531,18.23124834934611,48.33458595119007
single_sentence_1k,audio__male,Male TTS,9,17.17452578039633,3.0697822506675343,82.12595625684465
single_sentence_1k,audio__male,Male TTS,7,39.36894077022061,3.5969106878778736,90.86358276979948
single_sentence_1k,audio__male,Male TTS,7,26.221987786092118,22.111227467961942,15.676768487820294
single_sentence_1k,audio__male,Male TTS,7,24.657060401780264,19.25033112618673,21.927712336719438
single_sentence_1k,audio__male,Male TTS,9,60.10822726159737,39.7509839032201,33.867648882374105
single_sentence_1k,audio__male,Male TTS,7,38.68753887606518,18.506578453051457,52.16398098535826
single_sentence_1k,audio__male,Male TTS,7,35.833105992459295,25.385040920115507,29.15757588678602
single_sentence_1k,audio__male,Male TTS,8,36.753161653876305,27.741660032179425,24.51898344573153
single_sentence_1k,audio__male,Male TTS,8,72.94828369561583,30.891051235341365,57.65349139091821
single_sentence_1k,audio__male,Male TTS,9,26.666534235080082,28.026031233991187,-5.098139064215828
single_sentence_1k,audio__male,Male TTS,5,67.98411305935588,53.59620380607303,21.163634569625096
single_sentence_1k,audio__male,Male TTS,6,37.16785033543905,22.039418912977755,40.70300349879675
single_sentence_1k,audio__male,Male TTS,4,49.18968630954623,7.596440023102332,84.55684393818122
single_sentence_1k,audio__male,Male TTS,7,35.233190691472764,15.830521883323204,55.069292412524675
single_sentence_1k,audio__male,Male TTS,10,26.72482878263993,20.53627533931285,23.156569097823645
single_sentence_1k,audio__male,Male TTS,9,47.58854030377956,21.323319315039246,55.19232323806807
single_sentence_1k,audio__male,Male TTS,4,23.00764345459902,5.248763183320038,77.18687185987812
single_sentence_1k,audio__male,Male TTS,5,24.480735349655152,7.320489933076897,70.09693610702746
single_sentence_1k,audio__male,Male TTS,4,18.33182444024169,2.9218588548380175,84.06127625560276
single_sentence_1k,audio__male,Male TTS,5,20.067668782174586,11.419754797685892,43.093764793299435
single_sentence_1k,audio__male,Male TTS,9,42.59581409934819,21.812558502653992,48.79177927723238
single_sentence_1k,audio__male,Male TTS,6,16.279732992251713,7.907401866648191,51.427938834060164
single_sentence_1k,audio__male,Male TTS,6,35.114824398731194,18.689904614514187,46.77488800089369
single_sentence_1k,audio__male,Male TTS,7,39.15682255679504,26.52327732242831,32.26396936585546
single_sentence_1k,audio__male,Male TTS,6,30.58183670818653,30.719183595465353,-0.44911261736629765
single_sentence_1k,audio__male,Male TTS,4,22.956909913336858,5.715687190959443,75.10254118460907
single_sentence_1k,audio__male,Male TTS,5,20.39223381280899,13.449188435332326,34.0474978916509
single_sentence_1k,audio__male,Male TTS,9,26.88832451051308,18.414919260960637,31.513325593193514
single_sentence_1k,audio__male,Male TTS,9,47.40832433425304,30.24855922226632,36.19567945705391
single_sentence_1k,audio__male,Male TTS,6,18.92819279368632,19.064762826744616,-0.7215164941887577
single_sentence_1k,audio__male,Male TTS,6,34.190940878566835,25.92440486328702,24.17756225147297
single_sentence_1k,audio__male,Male TTS,9,84.23218112799805,40.33261069608597,52.11733786781907
single_sentence_1k,audio__male,Male TTS,7,65.4708251442228,30.417389349736936,53.54054377238746
single_sentence_1k,audio__male,Male TTS,8,24.06854635924566,17.205315306711515,28.515353399802272
single_sentence_1k,audio__male,Male TTS,8,33.516495470074005,6.197220010311614,81.50994033417082
single_sentence_1k,audio__male,Male TTS,8,16.738975832887434,5.375541129120835,67.88608106740084
single_sentence_1k,audio__male,Male TTS,9,25.97892174186806,13.21431643792697,49.13446920843309
single_sentence_1k,audio__male,Male TTS,6,28.997768352235045,4.458822293758751,84.62356744285434
single_sentence_1k,audio__male,Male TTS,5,13.155112691386602,6.07477450946194,53.82195005110493
single_sentence_1k,audio__male,Male TTS,4,73.92073670669924,1.7612131829638988,97.61743015366311
single_sentence_1k,audio__male,Male TTS,7,39.68382735843105,13.285953519103568,66.5204835231678
single_sentence_1k,audio__male,Male TTS,6,35.948862411084214,22.93157867595552,36.21055817086172
single_sentence_1k,audio__male,Male TTS,10,32.65815794169903,30.613394714567608,6.2611101054190215
single_sentence_1k,audio__male,Male TTS,8,66.84987182915211,53.38339252942839,20.144360686494554
single_sentence_1k,audio__male,Male TTS,5,69.66485543247427,14.832508460763515,78.70876445707897
single_sentence_1k,audio__male,Male TTS,6,41.12085125346979,29.077493804611674,29.287714338943537
single_sentence_1k,audio__male,Male TTS,9,44.13379574318727,23.40775623506005,46.96183312382916
single_sentence_1k,audio__male,Male TTS,5,84.4697317712009,65.09203206331644,22.94040634623051
single_sentence_1k,audio__male,Male TTS,10,31.072676629468333,13.293173840264737,57.219089945866095
single_sentence_1k,audio__male,Male TTS,6,30.7352413435777,31.659078620288994,-3.005791515947649
single_sentence_1k,audio__male,Male TTS,8,38.390987309627235,12.071494665367656,68.55643599887178
single_sentence_1k,audio__male,Male TTS,4,9.195744827622548,0.5182651072924143,94.36407689635287
single_sentence_1k,audio__male,Male TTS,9,19.023603475508203,13.93526829794722,26.747483378277533
single_sentence_1k,audio__male,Male TTS,4,18.07886600517668,6.642164117351058,63.2600622436764
single_sentence_1k,audio__male,Male TTS,10,30.94766295151785,24.67234669121758,20.27718949289026
single_sentence_1k,audio__male,Male TTS,4,27.50934810785111,3.76893602909513,86.29943532533407
single_sentence_1k,audio__male,Male TTS,6,30.375293793208716,23.34949722286667,23.12997075245694
single_sentence_1k,audio__male,Male TTS,9,18.480022965723442,8.063629093079232,56.36569766154745
single_sentence_1k,audio__male,Male TTS,7,32.31816333259589,20.037053970838226,38.000641420643525
single_sentence_1k,audio__male,Male TTS,5,38.8923610572936,24.322100385873387,37.463039721235454
single_sentence_1k,audio__male,Male TTS,5,38.65223626255841,23.276158689626026,39.78056397173288
single_sentence_1k,audio__male,Male TTS,7,25.817989079497888,18.48159103179655,28.41583837188615
single_sentence_1k,audio__male,Male TTS,2,4.411795925494516,0.0012373281679174397,99.97195409332586
single_sentence_1k,audio__male,Male TTS,8,20.3696388056851,13.52957159765566,33.57971770280187
single_sentence_1k,audio__male,Male TTS,10,30.936693401262165,13.667649394205842,55.820587491589436
single_sentence_1k,audio__male,Male TTS,6,10.828659330805143,8.194180534588838,24.328762367856516
single_sentence_1k,audio__male,Male TTS,8,42.82380729727447,25.445353944566875,40.58128982336807
single_sentence_1k,audio__male,Male TTS,5,40.34475221633911,12.929111716989429,67.95342391084682
single_sentence_1k,audio__male,Male TTS,4,32.22724090516567,25.702640090971727,20.24560784894286
single_sentence_1k,audio__male,Male TTS,8,45.8464081697166,31.295085340711466,31.739286478317545
single_sentence_1k,audio__male,Male TTS,9,11.109165969181857,8.853531557442984,20.304264226461914
single_sentence_1k,audio__male,Male TTS,9,21.056799167560207,15.271851812171636,27.47306135825608
single_sentence_1k,audio__male,Male TTS,7,12.032661412443433,8.986381840685551,25.316756346252777
single_sentence_1k,audio__male,Male TTS,9,22.991159656188554,9.376818134243962,59.215549478731944
single_sentence_1k,audio__male,Male TTS,8,29.24489952158183,11.763782701076567,59.774925222788816
single_sentence_1k,audio__male,Male TTS,8,9.670216545433505,8.694158189162172,10.093448804228167
single_sentence_1k,audio__male,Male TTS,9,19.166632002762828,8.658023735040876,54.827620555385835
single_sentence_1k,audio__male,Male TTS,8,26.641419031191617,6.823333271589136,74.38825137805003
single_sentence_1k,audio__male,Male TTS,10,14.203723319247365,6.207414555321156,56.297272089850324
single_sentence_1k,audio__male,Male TTS,6,36.05195368329684,32.48335483530536,9.898489494745009
single_sentence_1k,audio__male,Male TTS,7,44.083807710292085,24.398882742942078,44.65341355427934
single_sentence_1k,audio__male,Male TTS,6,16.744079190114576,7.121552068429689,57.468237055196596
single_sentence_1k,audio__male,Male TTS,8,21.60413403995335,20.134360892957886,6.803203240071354
single_sentence_1k,audio__male,Male TTS,4,4.704293368610706,7.3726183330999255,-56.72105788073419
single_sentence_1k,audio__male,Male TTS,8,18.82428966090083,12.152343644967914,35.443281718039785
single_sentence_1k,audio__male,Male TTS,7,19.870840781833977,5.731184304072356,71.15781678794471
single_sentence_1k,audio__male,Male TTS,6,30.946216111381847,16.22982917616567,47.55472165724188
single_sentence_1k,audio__male,Male TTS,8,17.609282237943262,7.144134722541821,59.42972219987403
single_sentence_1k,audio__male,Male TTS,7,20.783741122477554,6.021276479092194,71.02890935944058
single_sentence_1k,audio__male,Male TTS,8,26.16181408893317,9.201521053060787,64.82842886283957
single_sentence_1k,audio__male,Male TTS,6,45.780636652333975,11.253199818209396,75.41930248006787
single_sentence_1k,audio__male,Male TTS,9,30.036803053485023,17.025134638591226,43.31908556221704
single_sentence_1k,audio__male,Male TTS,4,19.233390783086733,10.39418948520074,45.95758177834624
single_sentence_1k,audio__male,Male TTS,9,30.38192881995605,26.23255143850272,13.657386290523647
single_sentence_1k,audio__male,Male TTS,9,38.678915192394086,20.19337957662607,47.792280429320456
single_sentence_1k,audio__male,Male TTS,7,39.699548717056004,36.76547444930644,7.3906992965111655
single_sentence_1k,audio__male,Male TTS,7,46.68785935214588,25.959433514044445,44.39789299774077
single_sentence_1k,audio__male,Male TTS,8,16.60582999905455,10.30889767263966,37.920009579607914
single_sentence_1k,audio__male,Male TTS,6,25.212243830164272,11.478738981322666,54.471569215948385
single_sentence_1k,audio__male,Male TTS,7,73.47450858673879,28.793155562028655,60.81204744903125
single_sentence_1k,audio__male,Male TTS,7,18.484159800623143,16.675192428447367,9.786581547054094
single_sentence_1k,audio__male,Male TTS,6,11.359106633191308,6.690782225048625,41.09763697879057
single_sentence_1k,audio__male,Male TTS,8,28.932088904082775,14.575229313030322,49.62261673759226
single_sentence_1k,audio__male,Male TTS,9,33.50446381502681,21.504198727772543,35.816914287916845
single_sentence_1k,audio__male,Male TTS,10,15.103578874468804,8.248116012780743,45.3896584290799
single_sentence_1k,audio__male,Male TTS,4,10.75875261425972,14.26904323558038,-32.62730120467775
single_sentence_1k,audio__male,Male TTS,4,19.21170103084296,24.343827975383075,-26.713547833691905
single_sentence_1k,audio__male,Male TTS,7,46.81608467429344,31.420048009900853,32.88621159053589
single_sentence_1k,audio__male,Male TTS,9,8.540816182477606,7.612449093655524,10.869770159984544
single_sentence_1k,audio__male,Male TTS,8,34.34577859053388,8.389777769475181,75.5726085889708
single_sentence_1k,audio__male,Male TTS,8,23.125604672997724,11.765174215488102,49.124901243228734
single_sentence_1k,audio__male,Male TTS,8,34.87522635833011,35.24157586331686,-1.05045771236764
single_sentence_1k,audio__male,Male TTS,6,21.417219045882423,1.639634162110885,92.34431809938408
single_sentence_1k,audio__male,Male TTS,8,21.756383726664353,15.462478514623829,28.92900442975177
single_sentence_1k,audio__male,Male TTS,7,50.073856306927546,12.783690388084645,74.47032976704041
single_sentence_1k,audio__male,Male TTS,8,23.23127607612821,20.277608197403673,12.714186982434605
single_sentence_1k,audio__male,Male TTS,8,29.856686770915985,15.712751445552204,47.372755838205336
single_sentence_1k,audio__male,Male TTS,8,30.618959381808054,25.30383953299176,17.358917337909986
single_sentence_1k,audio__male,Male TTS,10,40.54979253411293,25.318952112145375,37.560834396759134
single_sentence_1k,audio__male,Male TTS,10,25.98055235897191,18.006143985748057,30.693759944137742
single_sentence_1k,audio__male,Male TTS,7,59.75405486089894,47.22271724907,20.971526770861917
single_sentence_1k,audio__male,Male TTS,7,56.89938735216856,38.92417452338571,31.591223851899304
single_sentence_1k,audio__male,Male TTS,7,17.159347012639046,7.595422458146921,55.73594698823699
single_sentence_1k,audio__male,Male TTS,6,25.08678628038615,6.217254535978135,75.21701478025093
single_sentence_1k,audio__male,Male TTS,9,25.55241845134232,3.58189299924943,85.98217618394838
single_sentence_1k,audio__male,Male TTS,9,26.40419697099262,13.070533426843426,50.49827328131743
single_sentence_1k,audio__male,Male TTS,8,28.06640855583828,22.261276370872203,20.683559043248206
single_sentence_1k,audio__male,Male TTS,7,29.296583166079863,15.338559163035942,47.64386319017838
single_sentence_1k,audio__male,Male TTS,8,37.111269790679216,30.361554151493905,18.187778745529624
single_sentence_1k,audio__male,Male TTS,9,18.044083560506504,8.87626824132464,50.807874439506975
single_sentence_1k,audio__male,Male TTS,8,29.703981370432302,13.039245173652853,56.10270215617536
single_sentence_1k,audio__male,Male TTS,7,66.3013043318476,51.73185755130713,21.974600541217544
single_sentence_1k,audio__male,Male TTS,6,16.169488253692787,9.526210196403882,41.08527093163701
single_sentence_1k,audio__male,Male TTS,6,22.32052875123918,13.80681033972825,38.14299610191031
single_sentence_1k,audio__male,Male TTS,6,24.46267585197082,13.512659697387365,44.76213567495427
single_sentence_1k,audio__male,Male TTS,5,24.909359133243562,27.043272095477143,-8.566711615577859
single_sentence_1k,audio__male,Male TTS,7,34.18207068528448,25.078417594865073,26.63283091956909
single_sentence_1k,audio__male,Male TTS,7,33.20223606484277,23.835744492437918,28.210424003107605
single_sentence_1k,audio__male,Male TTS,8,35.48952163383365,18.833517283601736,46.93217486017914
single_sentence_1k,audio__male,Male TTS,7,27.39720708085224,13.417139331322716,51.02734635787061
single_sentence_1k,audio__male,Male TTS,6,39.192975315420576,29.07316438371157,25.820471271359025
single_sentence_1k,audio__male,Male TTS,10,33.000485096499325,22.85656227711069,30.73870820300365
single_sentence_1k,audio__male,Male TTS,6,42.92792024897062,20.0181634989349,53.367963360827105
single_sentence_1k,audio__male,Male TTS,7,20.30636550624331,10.687838309000174,47.36705440609677
single_sentence_1k,audio__male,Male TTS,7,24.485798866155424,27.799023293578053,-13.531208213926027
single_sentence_1k,audio__male,Male TTS,7,49.17562418590699,31.93466802882975,35.059964042140706
single_sentence_1k,audio__male,Male TTS,4,26.16406317736255,4.275344612424135,83.65947756874701
single_sentence_1k,audio__male,Male TTS,5,46.39347453673982,26.610187367339403,42.64239177372602
single_sentence_1k,audio__male,Male TTS,5,23.22099931453995,11.991973852205314,48.35720164421831
single_sentence_1k,audio__male,Male TTS,5,46.14076782278717,31.249162764866952,32.274289658798914
single_sentence_1k,audio__male,Male TTS,10,27.14550897514564,20.49855607856068,24.486381532469675
single_sentence_1k,audio__male,Male TTS,7,41.26325406293784,22.089605001768742,46.46664325582271
single_sentence_1k,audio__male,Male TTS,5,35.15805728198029,33.61117952163708,4.3997816714862745
single_sentence_1k,audio__male,Male TTS,7,16.96059171903679,3.420626374191943,79.83191606250041
single_sentence_1k,audio__male,Male TTS,6,26.579970619631542,11.014219313771497,58.5619582828411
single_sentence_1k,audio__male,Male TTS,6,51.987305120858686,47.48306241422446,8.664120396629293
single_sentence_1k,audio__male,Male TTS,6,34.46324757923139,27.179927617485816,21.13358569879737
single_sentence_1k,audio__male,Male TTS,4,16.451904229121283,4.364019527318893,73.4740765169651
single_sentence_1k,audio__male,Male TTS,6,42.98535847462093,23.11694620333384,46.22134832961237
single_sentence_1k,audio__male,Male TTS,8,19.03251928467307,8.232310419486115,56.74608129195165
single_sentence_1k,audio__male,Male TTS,7,11.471988787876658,8.180781261196163,28.689075517216068
single_sentence_1k,audio__male,Male TTS,9,24.27200016555273,27.34210248615866,-12.648740522682903
single_sentence_1k,audio__male,Male TTS,9,26.279075562126106,19.858388337324055,24.432698211255445
single_sentence_1k,audio__male,Male TTS,8,97.06671725271735,75.48412435216964,22.2348025269635
single_sentence_1k,audio__male,Male TTS,6,6.680215569213033,1.2056986193011892,81.95120192141903
single_sentence_1k,audio__male,Male TTS,9,25.970104288723732,22.962459669565547,11.581180366934877
single_sentence_1k,audio__male,Male TTS,9,14.0462026687132,8.23767792835547,41.35298968236986
single_sentence_1k,audio__male,Male TTS,6,32.985414488861956,16.220744744479024,50.82449320151422
single_sentence_1k,audio__male,Male TTS,7,34.69378046478544,23.25035309643738,32.98408883391438
single_sentence_1k,audio__male,Male TTS,5,13.90534708285412,0.2222107196931688,98.40197646006862
single_sentence_1k,audio__male,Male TTS,4,83.38070797279481,5.191414275638326,93.77384241288506
single_sentence_1k,audio__male,Male TTS,5,9.198683551073918,0.6744668146602422,92.6677897884475
single_sentence_1k,audio__male,Male TTS,5,11.528757514059544,5.09885931701462,55.77269006832296
single_sentence_1k,audio__male,Male TTS,7,58.93409739295021,33.4295824531437,43.27633079667289
single_sentence_1k,audio__male,Male TTS,5,19.29022636152804,11.685127231459077,39.424623576405445
single_sentence_1k,audio__male,Male TTS,5,18.310474257653222,8.793199627450322,51.97721531557255
single_sentence_1k,audio__male,Male TTS,8,36.96336832796669,26.273805132392006,28.9193427956264
single_sentence_1k,audio__male,Male TTS,8,77.99870836423065,55.8405252054081,28.408397553649813
single_sentence_1k,audio__male,Male TTS,5,22.710910421950143,11.576433233577296,49.02699619479521
single_sentence_1k,audio__male,Male TTS,5,20.450543025037767,1.6208417405892273,92.07433397438486
single_sentence_1k,audio__male,Male TTS,4,47.14038557931781,9.360277286122603,80.14382536100999
single_sentence_1k,audio__male,Male TTS,7,32.500540690762655,11.7578561881048,63.822582830301556
single_sentence_1k,audio__male,Male TTS,5,27.51350285504369,8.756237201594,68.17476405048573
single_sentence_1k,audio__male,Male TTS,9,58.673590323836024,39.95404110467334,31.90455725624465
single_sentence_1k,audio__male,Male TTS,7,26.417688668306386,5.622043326861641,78.71864038731567
single_sentence_1k,audio__male,Male TTS,6,7.602516487240791,1.0708716133592542,85.9142480630396
single_sentence_1k,audio__male,Male TTS,8,18.921927564428188,11.194731679805184,40.83725539225483
single_sentence_1k,audio__male,Male TTS,7,37.97045268095606,21.92347691499611,42.26174468024778
single_sentence_1k,audio__male,Male TTS,8,24.49659104105308,24.02556706922644,1.922814366444967
single_sentence_1k,audio__male,Male TTS,8,10.695455459412187,3.856205857759127,63.945379676509255
single_sentence_1k,audio__male,Male TTS,8,49.931361441733316,40.570133354480234,18.748193153469355
single_sentence_1k,audio__male,Male TTS,9,13.07539363991883,9.422722974885978,27.93545468399013
single_sentence_1k,audio__male,Male TTS,7,28.33706996370373,17.181329203849224,39.3680107863785
single_sentence_1k,audio__male,Male TTS,9,24.341071629172397,12.156033185109013,50.05958089971604
single_sentence_1k,audio__male,Male TTS,9,23.072449542375075,12.748337755054134,44.74649199409704
single_sentence_1k,audio__male,Male TTS,6,48.39677633345127,9.785845610286012,79.77996397350509
single_sentence_1k,audio__male,Male TTS,6,21.88328275774059,28.18223001774962,-28.784288581113156
single_sentence_1k,audio__male,Male TTS,6,22.483465865254402,10.6043616940334,52.83484424693963
single_sentence_1k,audio__male,Male TTS,4,39.683616942156576,2.1449660177320444,94.59483236908929
single_sentence_1k,audio__male,Male TTS,7,21.37730142420956,7.3228934851865,65.74453744244161
single_sentence_1k,audio__male,Male TTS,5,24.98501418087497,8.728664323759851,65.06440116235237
single_sentence_1k,audio__male,Male TTS,5,37.60423097610474,15.075472501537885,59.910169387275985
single_sentence_1k,audio__male,Male TTS,4,17.15762703679502,3.7228099644554837,78.30230278072945
single_sentence_1k,audio__male,Male TTS,4,14.597866079217056,7.349113250351911,49.65624968422731
single_sentence_1k,audio__male,Male TTS,4,47.918213464319706,17.767439084799754,62.92132406390832
single_sentence_1k,audio__male,Male TTS,5,25.62293934673071,11.471963202161728,55.22776272104215
single_sentence_1k,audio__male,Male TTS,4,7.181232493370771,6.0545739433098085,15.6889301537169
single_sentence_1k,audio__male,Male TTS,5,60.00469322360586,29.514935570955032,50.81228819724413
single_sentence_1k,audio__male,Male TTS,4,9.056202244488304,3.6749141311082134,59.42102404631254
single_sentence_1k,audio__male,Male TTS,7,25.501971342733928,6.75359839329517,73.51734772763196
single_sentence_1k,audio__male,Male TTS,5,63.72877008914948,38.31944928309542,39.871035908129464
single_sentence_1k,audio__male,Male TTS,4,5.625188283622265,2.879531176970114,48.81004809467678
single_sentence_1k,audio__male,Male TTS,8,27.1523329228907,24.86809154552358,8.41268919268958
single_sentence_1k,audio__male,Male TTS,10,13.8497876688838,9.744154756232772,29.644013401556464
single_sentence_1k,audio__male,Male TTS,4,90.66114451334579,46.524767366098814,48.68279281511814
single_sentence_1k,audio__male,Male TTS,4,80.29250933229923,59.319630702959074,26.120591825747567
single_sentence_1k,audio__male,Male TTS,4,26.20060017425567,19.8698236821983,24.162715548317465
single_sentence_1k,audio__male,Male TTS,6,85.01615586293711,22.114226221367435,73.98820730377417
single_sentence_1k,audio__male,Male TTS,8,15.81679807065575,6.752248249008064,57.30963865856497
single_sentence_1k,audio__male,Male TTS,9,48.94494056039386,35.69331732081565,27.074551706170407
single_sentence_1k,audio__male,Male TTS,7,15.717633207727756,11.354141347636341,27.761761598725013
single_sentence_1k,audio__male,Male TTS,6,25.305280147430796,13.965219433125128,44.81302182089063
single_sentence_1k,audio__male,Male TTS,6,33.745177080233894,2.584848770294957,92.34009421805932
single_sentence_1k,audio__male,Male TTS,5,30.633315500617027,11.919186528232222,61.09077214318463
single_sentence_1k,audio__male,Male TTS,4,13.695847771317858,3.4942742079893807,74.48661618956392
single_sentence_1k,audio__male,Male TTS,6,21.667995522419613,15.284458216750844,29.46067299609602
single_sentence_1k,audio__male,Male TTS,7,37.65326430116381,16.222922638835342,56.91496357638794
single_sentence_1k,audio__male,Male TTS,4,3.898119280183465,3.796664214395094,2.6026670426461727
single_sentence_1k,audio__male,Male TTS,5,64.08518889546394,39.2957327137746,38.68203653441051
single_sentence_1k,audio__male,Male TTS,5,70.95037005349513,33.99442664551748,52.08703404945405
single_sentence_1k,audio__male,Male TTS,4,55.10078774392605,39.07194101609446,29.090050041251
single_sentence_1k,audio__male,Male TTS,4,77.19340896606445,47.787821556766175,38.09339139592278
single_sentence_1k,audio__male,Male TTS,5,36.01209604740143,12.649950093554418,64.8730524407584
single_sentence_1k,audio__male,Male TTS,6,24.793432421407488,8.038752777272421,67.57708799395
single_sentence_1k,audio__male,Male TTS,6,58.575437481204666,30.5070758973372,47.91831318865331
single_sentence_1k,audio__male,Male TTS,6,42.27125265751965,21.110911977172155,50.05846609701375
single_sentence_1k,audio__male,Male TTS,5,13.036753495410085,5.508800830461476,57.744074608751426
single_sentence_1k,audio__male,Male TTS,10,18.7194146187976,3.5231883246359788,81.17896100715632
single_sentence_1k,audio__male,Male TTS,6,28.0644500272853,2.284937249653853,91.85825039353219
single_sentence_1k,audio__male,Male TTS,5,23.88419280848466,2.5663139459909727,89.2551782403996
single_sentence_1k,audio__male,Male TTS,10,20.302479180159573,15.483547470435393,23.73568108092651
single_sentence_1k,audio__male,Male TTS,6,33.42192607296957,21.42535526768246,35.89431314968259
single_sentence_1k,audio__male,Male TTS,6,21.588755543119646,11.902451901342573,44.867355241623024
single_sentence_1k,audio__male,Male TTS,6,24.608759209359885,17.760870930745938,27.827035976723963
single_sentence_1k,audio__male,Male TTS,7,57.191180002111004,34.56092132242541,39.56949074813683
single_sentence_1k,audio__male,Male TTS,10,16.159687858301915,13.10043209080726,18.931403838490514
single_sentence_1k,audio__male,Male TTS,6,45.37668817987045,31.898559148353105,29.702760541031235
single_sentence_1k,audio__male,Male TTS,8,13.355481006205082,8.339672867119518,37.55617739829193
single_sentence_1k,audio__male,Male TTS,9,24.43262137047264,9.348039923178568,61.73951300012416
single_sentence_1k,audio__male,Male TTS,8,27.848577119467336,11.236576778643037,59.6511637544735
single_sentence_1k,audio__male,Male TTS,9,45.0770775647602,32.960193283136554,26.880367885908015
single_sentence_1k,audio__male,Male TTS,8,27.353652684018016,11.056055885418772,59.58106212309071
single_sentence_1k,audio__male,Male TTS,8,34.14717734605074,12.227679406699428,64.19124402938795
single_sentence_1k,audio__male,Male TTS,7,20.289151084741935,9.458611177196047,53.380941678189714
single_sentence_1k,audio__male,Male TTS,6,39.99825160820948,24.71194728596735,38.217431281683005
single_sentence_1k,audio__male,Male TTS,6,50.115803356592856,29.242197961555032,41.6507448688675
single_sentence_1k,audio__male,Male TTS,7,40.66863444384607,18.379692512177467,54.80622164101539
single_sentence_1k,audio__male,Male TTS,8,41.86191165585478,16.84312386201956,59.765038920137584
single_sentence_1k,audio__male,Male TTS,9,42.18735640289055,23.329144276667265,44.70109941501615
single_sentence_1k,audio__male,Male TTS,7,25.496093900605224,17.12890559167662,32.81753017363175
single_sentence_1k,audio__male,Male TTS,9,45.52604463634392,28.755274692894595,36.83774875988467
single_sentence_1k,audio__male,Male TTS,8,45.851864874362946,34.79105043379073,24.12293255875101
single_sentence_1k,audio__male,Male TTS,8,25.43031936866464,11.386695855198836,55.22393686793578
single_sentence_1k,audio__male,Male TTS,7,26.97707661613822,14.362645448207095,46.75981518466283
single_sentence_1k,audio__male,Male TTS,8,39.39273513131775,22.495625867434967,42.89397323530692
single_sentence_1k,audio__male,Male TTS,9,35.01902027821375,22.967532560739414,34.41412016021443
single_sentence_1k,audio__male,Male TTS,7,46.62419278274423,12.882329042183228,72.36986149613078
single_sentence_1k,audio__male,Male TTS,9,20.760418114653376,11.87619742955949,42.79403543815486
single_sentence_1k,audio__male,Male TTS,6,34.6096619121187,24.333047496750215,29.69290610657509
single_sentence_1k,audio__male,Male TTS,7,62.626682128225056,40.17330392878166,35.852734707342805
single_sentence_1k,audio__male,Male TTS,10,26.059828014066444,16.22445522330157,37.74151074771477
single_sentence_1k,audio__male,Male TTS,6,51.10362231294736,38.644204738673075,24.380693599321685
single_sentence_1k,audio__male,Male TTS,9,44.19862399995327,8.667458944773266,80.38975388740059
single_sentence_1k,audio__male,Male TTS,9,31.16427822076043,24.89985978090006,20.101278763732957
single_sentence_1k,audio__male,Male TTS,10,29.738137949537485,29.75198010339094,-0.046546807594158184
single_sentence_1k,audio__male,Male TTS,9,40.15933517801265,28.64756141614798,28.665249837520708
single_sentence_1k,audio__male,Male TTS,8,32.023708676570095,23.738943345973944,25.870724138386997
single_sentence_1k,audio__male,Male TTS,8,57.07450686125384,39.09452670909249,31.502646524603463
single_sentence_1k,audio__male,Male TTS,7,22.46239887630301,7.821161217506558,65.18109548060073
single_sentence_1k,audio__male,Male TTS,7,40.78252596386509,8.259419636033153,79.74765064000371
single_sentence_1k,audio__male,Male TTS,9,29.16852424459325,10.248243983902572,64.86540114965806
single_sentence_1k,audio__male,Male TTS,7,22.6617167953934,8.602879204387387,62.03783110494015
single_sentence_1k,audio__male,Male TTS,9,33.332815223476956,20.95023498110722,37.148318134402416
single_sentence_1k,audio__male,Male TTS,8,23.17646249011159,7.3056015527313045,68.47835792089369
single_sentence_1k,audio__male,Male TTS,7,33.14409949524062,20.451344352456847,38.29567052985226
single_sentence_1k,audio__male,Male TTS,6,50.76686831563711,18.769090694432787,63.028858550544925
single_sentence_1k,audio__male,Male TTS,10,51.44925631284714,18.40041326555405,64.23580322781191
single_sentence_1k,audio__male,Male TTS,8,36.3294765970204,30.33012221347861,16.513737453717777
single_sentence_1k,audio__male,Male TTS,7,78.25992533990315,76.2664977056285,2.547188264768564
single_sentence_1k,audio__male,Male TTS,5,29.40700161010027,2.6524962864790664,90.98005188815976
single_sentence_1k,audio__male,Male TTS,7,30.196877705199377,17.6449332696314,41.567027419549234
single_sentence_1k,audio__male,Male TTS,9,42.22529722001733,30.10803511980541,28.6966887102635
single_sentence_1k,audio__male,Male TTS,6,7.342109452933073,2.7642980310208465,62.35008414487002
single_sentence_1k,audio__male,Male TTS,9,37.53716425432099,19.473725860194094,48.12147841468225
single_sentence_1k,audio__male,Male TTS,8,41.54756743321195,16.071905182835128,61.316856375115485
single_sentence_1k,audio__male,Male TTS,7,23.072451762855053,21.044445790817797,8.78972894983877
single_sentence_1k,audio__male,Male TTS,10,31.156343549652956,21.927384488950867,29.621444653780266
single_sentence_1k,audio__male,Male TTS,7,19.868705358681577,6.773023108788503,65.91109996087867
single_sentence_1k,audio__male,Male TTS,6,26.340384166687727,14.640817881786239,44.41683997797476
single_sentence_1k,audio__male,Male TTS,6,37.49446730306469,6.370255027419973,83.0101466012846
single_sentence_1k,audio__male,Male TTS,8,50.98049175739288,40.977923404436325,19.620384206093984
single_sentence_1k,audio__male,Male TTS,10,28.788889243233445,11.469555135028003,60.15978581832985
single_sentence_1k,audio__male,Male TTS,9,51.20907429455676,36.66024475950261,28.410647400827177
single_sentence_1k,audio__male,Male TTS,5,21.09424719978124,3.383042084086628,83.96225258931396
single_sentence_1k,audio__male,Male TTS,8,26.855223875842057,24.106845061612365,10.234056610125787
single_sentence_1k,audio__male,Male TTS,8,29.751238537137397,19.472622486392332,34.54853161126264
single_sentence_1k,audio__male,Male TTS,5,30.751964049227535,15.220516966148528,50.505545135967154
single_sentence_1k,audio__male,Male TTS,6,31.35755165624296,18.46250718619966,41.122612541327136
single_sentence_1k,audio__male,Male TTS,7,25.18877182315503,13.771524238608972,45.32673393011817
single_sentence_1k,audio__male,Male TTS,6,27.92174923703351,21.5053418765597,22.97996198591857
single_sentence_1k,audio__male,Male TTS,6,32.120248697698116,23.24328943673981,27.636645483365974
single_sentence_1k,audio__male,Male TTS,6,26.321671648856334,21.42169313589309,18.615757305733833
single_sentence_1k,audio__male,Male TTS,6,22.0812305191529,17.703344153551004,19.826278982978724
single_sentence_1k,audio__male,Male TTS,6,23.901899592019618,19.785327439745576,17.222782383574593
single_sentence_1k,audio__male,Male TTS,7,19.745635910823108,16.216243574801233,17.87429056203412
single_sentence_1k,audio__male,Male TTS,8,38.346929198043654,34.41108025109826,10.263791727933684
single_sentence_1k,audio__male,Male TTS,7,51.49459020074989,52.58951688688685,-2.1262945910792257
single_sentence_1k,audio__male,Male TTS,4,22.333174047991633,12.663452659612414,43.29756875399802
single_sentence_1k,audio__male,Male TTS,5,30.824943881481886,19.193978892763482,37.732315210168856
single_sentence_1k,audio__male,Male TTS,10,18.61375779649243,11.239664401323148,39.61636052102737
single_sentence_1k,audio__male,Male TTS,7,31.749820805819972,21.853344962627837,31.17017857744268
single_sentence_1k,audio__male,Male TTS,8,21.16000228144503,20.07007384038009,5.150889997874374
single_sentence_1k,audio__male,Male TTS,5,30.17389153895333,30.627130574354613,-1.5020900927418253
single_sentence_1k,audio__male,Male TTS,9,26.549744086977764,22.874383365533063,13.84329999341654
single_sentence_1k,audio__male,Male TTS,6,27.165108911537875,12.715838969686763,53.19054670056579
single_sentence_1k,audio__male,Male TTS,9,52.61061594200631,26.61460241418084,49.41210640164596
single_sentence_1k,audio__male,Male TTS,7,12.12340683490038,3.375303307318997,72.15878875233066
single_sentence_1k,audio__male,Male TTS,6,16.43884533077168,6.28209446352363,61.78506253255968
single_sentence_1k,audio__male,Male TTS,9,34.62049725367716,19.218634753007404,44.487698682704135
single_sentence_1k,audio__male,Male TTS,8,12.850971714273328,7.366579148079921,42.676870575491165
single_sentence_1k,audio__male,Male TTS,7,18.317724442134413,7.026572763986609,61.64058048703859
single_sentence_1k,audio__male,Male TTS,6,41.99976651386047,11.440469022016844,72.76063661391704
single_sentence_1k,audio__male,Male TTS,8,33.73718093032949,19.731485623257324,41.51412453813277
single_sentence_1k,audio__male,Male TTS,7,9.720886142392244,4.296293944721131,55.80347427396324
single_sentence_1k,audio__male,Male TTS,6,32.89908962678199,13.423334476629817,59.1984622404191
single_sentence_1k,audio__male,Male TTS,8,25.908026824938133,11.414052932894467,55.943951231717456
single_sentence_1k,audio__male,Male TTS,9,29.946994802397157,23.700415791020816,20.858784170478177
single_sentence_1k,audio__male,Male TTS,9,28.536992958022488,31.25772989045408,-9.534070167917683
single_sentence_1k,audio__male,Male TTS,9,23.25968570707159,16.69356637824916,28.22961329536
single_sentence_1k,audio__male,Male TTS,8,31.351235151058063,31.236584455041623,0.3656975409869007
single_sentence_1k,audio__male,Male TTS,9,37.79343529252542,31.279852041604848,17.234694863022405
single_sentence_1k,audio__male,Male TTS,9,43.81363837586509,26.749256436047652,38.94764866005152
single_sentence_1k,audio__male,Male TTS,10,20.83128814995289,11.933553334846616,42.7133202279975
single_sentence_1k,audio__male,Male TTS,9,40.12409451869785,44.82301669611425,-11.710973752259253
single_sentence_1k,audio__male,Male TTS,6,32.12670875713229,9.631201878553018,70.02119964618272
single_sentence_1k,audio__male,Male TTS,9,135.8346175327897,87.08940377486553,35.88570766664643
single_sentence_1k,audio__male,Male TTS,8,36.9349280174938,11.883252144555033,67.82651873877575
single_sentence_1k,audio__male,Male TTS,7,58.65132054260799,36.954993059613976,36.99205283405758
single_sentence_1k,audio__male,Male TTS,10,35.57674091004956,16.430295002056702,53.81731271113834
single_sentence_1k,audio__male,Male TTS,7,26.291523787259525,10.473123188388836,60.16540055596187
single_sentence_1k,audio__male,Male TTS,5,18.17412528656423,7.5802047864134465,58.29122630723064
single_sentence_1k,audio__male,Male TTS,6,27.82979620277784,15.357042597560808,44.81798398499253
single_sentence_1k,audio__male,Male TTS,8,20.195249552838504,15.541049421043667,23.046014458091584
single_sentence_1k,audio__male,Male TTS,5,45.90410654693842,36.4467147741898,20.602496125435174
single_sentence_1k,audio__male,Male TTS,4,28.483344572588976,2.1129175170126926,92.58191919271283
single_sentence_1k,audio__male,Male TTS,7,18.233086451888084,14.753652879283075,19.08307505581264
single_sentence_1k,audio__male,Male TTS,5,47.51233430281282,16.24579516472731,65.80720479615432
single_sentence_1k,audio__male,Male TTS,7,33.19501020972218,19.408254991676078,41.532613278149334
single_sentence_1k,audio__male,Male TTS,5,27.754268834739925,21.22705704453626,23.51786613104207
single_sentence_1k,audio__male,Male TTS,7,49.6109610684216,17.529210717804567,64.66665764924625
single_sentence_1k,audio__male,Male TTS,8,23.526253825053573,32.293349520287926,-37.26515815237061
single_sentence_1k,audio__male,Male TTS,6,42.76532657444477,19.75354384935556,53.80943995606089
single_sentence_1k,audio__male,Male TTS,5,32.01668186002502,19.532488526205846,38.99277691673142
single_sentence_1k,audio__male,Male TTS,8,33.459696585312486,24.16254887296173,27.78610884484782
single_sentence_1k,audio__male,Male TTS,6,58.75620982609689,34.27142649287516,41.67182227323772
single_sentence_1k,audio__male,Male TTS,8,12.064991840627044,8.541888726329017,29.201040173392478
single_sentence_1k,audio__male,Male TTS,6,38.93116891384125,24.84633424350371,36.17881266680883
single_sentence_1k,audio__male,Male TTS,4,44.75225369656451,26.351062424055787,41.117909719754124
single_sentence_1k,audio__male,Male TTS,7,65.61902166157961,48.329830325075555,26.34783466548846
single_sentence_1k,audio__male,Male TTS,6,52.562524855680145,13.315593188861385,74.66713552017956
single_sentence_1k,audio__male,Male TTS,9,33.03331829845958,31.527353572012444,4.558926574801173
single_sentence_1k,audio__male,Male TTS,10,22.13173203385668,8.032302079111105,63.7068528264148
single_sentence_1k,audio__male,Male TTS,6,27.55463012556235,32.37014102855368,-17.47623133044343
single_sentence_1k,audio__male,Male TTS,7,69.87696553128106,41.938450682841776,39.982438613383046
single_sentence_1k,audio__male,Male TTS,7,40.175172841509,28.746760203735903,28.44645543370322
single_sentence_1k,audio__male,Male TTS,7,24.768684815223676,1.2051963921305757,95.1341930299431
single_sentence_1k,audio__male,Male TTS,5,32.416570256836714,17.276648432624487,46.70426792303603
single_sentence_1k,audio__male,Male TTS,6,55.215416797153615,6.075963693715468,88.9958927304001
single_sentence_1k,audio__male,Male TTS,6,38.955680235499436,40.490625847350756,-3.9402356795519613
single_sentence_1k,audio__male,Male TTS,7,44.45076031344278,29.741669252948498,33.09075245681673
single_sentence_1k,audio__male,Male TTS,6,36.66713570428527,16.339731026069526,55.43766724009504
single_sentence_1k,audio__male,Male TTS,6,35.01194170117378,20.301151080677908,42.016494675023104
single_sentence_1k,audio__male,Male TTS,7,34.80202883774681,20.730540817930397,40.43295316321979
single_sentence_1k,audio__male,Male TTS,6,20.579468495522935,5.269461163153028,74.39457115085649
single_sentence_1k,audio__male,Male TTS,8,12.883225073346694,3.751218383958985,70.88292440283723
single_sentence_1k,audio__male,Male TTS,8,10.800194930285215,4.7245539750147145,56.254919420329884
single_sentence_1k,audio__male,Male TTS,5,36.190226283461925,13.836839580535894,61.766363459133714
single_sentence_1k,audio__male,Male TTS,4,32.56518452448654,19.396718630871973,40.437252501096324
single_sentence_1k,audio__male,Male TTS,6,28.773919517795246,1.4738929113888541,94.87767764667123
single_sentence_1k,audio__male,Male TTS,6,27.620874978601933,10.406041046522054,62.32544749366672
single_sentence_1k,audio__male,Male TTS,5,56.64406270906329,23.217812406814176,59.01103964582112
single_sentence_1k,audio__male,Male TTS,6,27.98801526101306,25.653718573759154,8.34034377030497
single_sentence_1k,audio__male,Male TTS,7,42.05960891661899,13.360263680446291,68.23493126878016
single_sentence_1k,audio__male,Male TTS,7,15.43398480117321,8.845416853043128,42.68870309908077
single_sentence_1k,audio__male,Male TTS,7,18.517360020428896,4.766641065198172,74.25852788983163
single_sentence_1k,audio__male,Male TTS,6,35.52823593040497,44.28561058696065,-24.64905567985475
single_sentence_1k,audio__male,Male TTS,6,15.636953430999691,3.425060888635926,78.09636702091937
single_sentence_1k,audio__male,Male TTS,6,40.157246033350624,8.713629546104661,78.3012272831957
single_sentence_1k,audio__male,Male TTS,7,20.512870984285673,23.26711550737465,-13.426909013364957
single_sentence_1k,audio__male,Male TTS,6,37.50888070107127,35.314994854154065,5.848977111317924
single_sentence_1k,audio__male,Male TTS,8,40.77052945550531,20.52399590368441,49.659726822819025
single_sentence_1k,audio__male,Male TTS,6,44.0298755976061,32.395002757619096,26.424950518414796
single_sentence_1k,audio__male,Male TTS,9,28.588961087995106,19.693054514528637,31.11657868953476
single_sentence_1k,audio__male,Male TTS,6,54.75573303302129,41.970008178305086,23.35047701216159
single_sentence_1k,audio__male,Male TTS,6,30.16939228773117,28.972179877585138,3.9683013788544135
single_sentence_1k,audio__male,Male TTS,8,32.89336377324835,20.095344368482948,38.90760304415515
single_sentence_1k,audio__male,Male TTS,7,25.195511400466785,23.21299386254811,7.8685346227262745
single_sentence_1k,audio__male,Male TTS,6,26.212634074967355,4.675607990056314,82.16276938561681
single_sentence_1k,audio__male,Male TTS,7,14.740928826454494,5.386569386747267,63.45841262675134
single_sentence_1k,audio__male,Male TTS,7,38.3405441660434,13.613415362446435,64.49342162831569
single_sentence_1k,audio__male,Male TTS,8,10.057136291638017,9.131267380870248,9.206088929485622
single_sentence_1k,audio__male,Male TTS,9,32.332294614364706,26.647000747860695,17.583947982393212
single_sentence_1k,audio__male,Male TTS,6,19.45907315177222,10.993417225200227,43.50492883470655
single_sentence_1k,audio__male,Male TTS,7,15.861665271222591,12.074860272503416,23.873943460334377
single_sentence_1k,audio__male,Male TTS,7,40.8680379379075,18.934364708528214,53.66950393533456
single_sentence_1k,audio__male,Male TTS,4,47.39217744767666,19.162171880387177,59.566804244132534
single_sentence_1k,audio__male,Male TTS,5,32.99015441164374,15.533342454998557,52.91521748829364
single_sentence_1k,audio__male,Male TTS,4,33.80294751890557,4.050932430830175,88.01603786603361
single_sentence_1k,audio__male,Male TTS,4,43.701203268775686,2.4316323605431793,94.43577709842931
single_sentence_1k,audio__male,Male TTS,7,35.93585767277649,20.595590646080336,42.68791124002393
single_sentence_1k,audio__male,Male TTS,4,9.214092817157507,4.418938379361862,52.04152522608213
single_sentence_1k,audio__male,Male TTS,4,5.375753026455641,3.929197867648327,26.90888423795506
single_sentence_1k,audio__male,Male TTS,4,26.161067780674784,2.464379240049262,90.57997456101657
single_sentence_1k,audio__male,Male TTS,6,21.447623433988003,4.6424259366467595,78.35459042380464
single_sentence_1k,audio__male,Male TTS,4,14.285909423604608,3.2557786735071264,77.20986059083081
single_sentence_1k,audio__male,Male TTS,6,12.130219049596539,3.9285366785673737,67.61363778753822
single_sentence_1k,audio__male,Male TTS,4,36.790205586294434,2.62210538621515,92.87281670643348
single_sentence_1k,audio__male,Male TTS,4,26.261795356869698,4.023005756587574,84.68114726385143
single_sentence_1k,audio__male,Male TTS,7,14.980228093286444,7.7666505696642,48.15398990389932
single_sentence_1k,audio__male,Male TTS,5,40.66191263076998,16.70431316271425,58.91901762123792
single_sentence_1k,audio__male,Male TTS,5,39.02403131084195,1.9669350344094543,94.95968261520181
single_sentence_1k,audio__male,Male TTS,5,43.36540561454895,5.643714545667185,86.98567564239791
single_sentence_1k,audio__male,Male TTS,5,35.28111250963666,15.480966893601646,56.121092016661365
single_sentence_1k,audio__male,Male TTS,5,14.836522698402405,4.43707740264087,70.09354892087582
single_sentence_1k,audio__male,Male TTS,6,26.0540442393182,3.1521115149322427,87.90164211752052
single_sentence_1k,audio__male,Male TTS,5,43.50478016727793,2.655914497654295,93.89512028921378
single_sentence_1k,audio__male,Male TTS,6,28.907880667035595,7.702459936480604,73.35515520768038
single_sentence_1k,audio__male,Male TTS,4,13.153361029922962,3.778923460578426,71.27028253857213
single_sentence_1k,audio__male,Male TTS,5,26.9121261395514,3.1389211301033795,88.33640599844594
single_sentence_1k,audio__male,Male TTS,6,27.904370426821213,1.8862916465081072,93.24015694439379
single_sentence_1k,audio__male,Male TTS,4,12.292624032124877,4.462537591031061,63.697436939672876
single_sentence_1k,audio__male,Male TTS,5,42.55172238349915,8.432753287372071,80.18234559021715
single_sentence_1k,audio__male,Male TTS,7,31.204925626516342,15.331986564617722,50.86677421339729
single_sentence_1k,audio__male,Male TTS,7,13.81991065240332,18.624645839129307,-34.76676013017805
single_sentence_1k,audio__male,Male TTS,6,9.238448695088058,5.907429370344388,36.05604614673806
single_sentence_1k,audio__male,Male TTS,7,16.863543880837305,5.926813255927632,64.85428390492406
single_sentence_1k,audio__male,Male TTS,5,67.28187816441059,6.32810724854623,90.59463347161206
single_sentence_1k,audio__male,Male TTS,7,17.55599177309445,14.123500040232845,19.55168228161336
single_sentence_1k,audio__male,Male TTS,4,30.30763427441707,26.495554747183533,12.57795145842625
single_sentence_1k,audio__male,Male TTS,7,42.223457095479326,12.872413419467184,69.5135966949391
single_sentence_1k,audio__male,Male TTS,5,36.590070825815204,11.016665445978287,69.89165312518129
single_sentence_1k,audio__male,Male TTS,6,24.93091220461065,7.552417911589146,69.70661221857569
single_sentence_1k,audio__male,Male TTS,5,52.095129585266115,5.766840569337046,88.93017329019551
single_sentence_1k,audio__male,Male TTS,7,14.314419819407963,5.998854029317694,58.092230736559436
single_sentence_1k,audio__male,Male TTS,4,41.37047609367886,36.35210839283776,12.130311697350447
single_sentence_1k,audio__male,Male TTS,5,18.58410228192806,16.452333109864743,11.470928967800278
single_sentence_1k,audio__male,Male TTS,6,28.22183386484782,1.9767250016631188,92.9957599101125
single_sentence_1k,audio__male,Male TTS,6,10.362832167884335,5.6497220288499035,45.48090775455119
single_sentence_1k,audio__male,Male TTS,5,49.028632652759555,27.550722297777384,43.80687201109064
single_sentence_1k,audio__male,Male TTS,4,40.891952606414634,37.11858862480893,9.227644416798492
single_sentence_1k,audio__male,Male TTS,7,30.550254455634526,14.257612723659628,53.330625300143666
single_sentence_1k,audio__male,Male TTS,7,28.124090364735043,12.901869854780525,54.12520125110161
single_sentence_1k,audio__male,Male TTS,8,58.021469289436936,25.058128035248536,56.81231733335219
single_sentence_1k,audio__male,Male TTS,7,18.694704879008764,1.246529882070575,93.33217673058732
single_sentence_1k,audio__male,Male TTS,8,24.867516277357936,18.008405151693545,27.58261440009457
single_sentence_1k,audio__male,Male TTS,7,29.89548028420125,27.41674135999526,8.291350065768697
single_sentence_1k,audio__male,Male TTS,6,24.090510830671217,17.30379089016545,28.171756042072584
single_sentence_1k,audio__male,Male TTS,6,23.33792810452481,3.510351354862602,84.9585989847059
single_sentence_1k,audio__male,Male TTS,7,26.39310048520565,12.83626037545613,51.365091105338884
single_sentence_1k,audio__male,Male TTS,5,30.75735069900984,49.308680892034786,-60.31511092931083
single_sentence_1k,audio__male,Male TTS,9,30.24884432906078,17.690692868278475,41.51613636596818
single_sentence_1k,audio__male,Male TTS,5,41.282854807376864,26.820909321863343,35.03135999918616
single_sentence_1k,audio__male,Male TTS,9,19.568914865350557,2.7526961202840567,85.93332262302351
single_sentence_1k,audio__male,Male TTS,7,36.12499952739537,15.40310009444076,57.361660080410985
single_sentence_1k,audio__male,Male TTS,7,33.05159192632085,19.721095749117563,40.33238764087324
single_sentence_1k,audio__male,Male TTS,5,20.549173963069915,23.935335342142473,-16.47833331479903
single_sentence_1k,audio__male,Male TTS,8,16.617362635210156,13.720628186970139,17.431974687139533
single_sentence_1k,audio__male,Male TTS,6,28.77145003154874,7.764488340418051,73.01321854858179
single_sentence_1k,audio__male,Male TTS,5,29.75557863370252,19.430216318284383,34.70059326530173
single_sentence_1k,audio__male,Male TTS,8,17.498520780121908,6.880531508450986,60.67935344416552
single_sentence_1k,audio__male,Male TTS,7,34.55444694358773,13.192513173051646,61.82108428883484
single_sentence_1k,audio__male,Male TTS,9,20.897464636713266,11.747016270942469,43.78736140888128
single_sentence_1k,audio__male,Male TTS,6,40.170946315551795,34.24768167899153,14.745145882378994
single_sentence_1k,audio__male,Male TTS,8,16.320615135547996,17.945679109904596,-9.957124537647124
single_sentence_1k,audio__male,Male TTS,8,15.590212336305797,14.758002269994012,5.338029068236424
single_sentence_1k,audio__male,Male TTS,6,20.50226084732761,3.6699376499038148,82.09983924586454
single_sentence_1k,audio__male,Male TTS,7,51.33011111994064,10.12133875076749,80.28186861486148
single_sentence_1k,audio__male,Male TTS,6,15.504010004922748,9.372005791838697,39.55108524270205
single_sentence_1k,audio__male,Male TTS,7,11.91317617893219,8.365138903501377,29.782462897722656
single_sentence_1k,audio__male,Male TTS,7,12.462425882262844,4.33808589111237,65.19067850757249
single_sentence_1k,audio__male,Male TTS,8,52.50202977564186,26.319089475887097,49.87033913096871
single_sentence_1k,audio__male,Male TTS,8,20.44574219279457,15.248173851549552,25.42127496392246
single_sentence_1k,audio__male,Male TTS,7,14.387761259717601,1.8132297762536578,87.39741545941354
single_sentence_1k,audio__male,Male TTS,7,23.815027756437694,10.129367325628847,57.46648952407511
single_sentence_1k,audio__male,Male TTS,7,20.10740644444325,9.783644440308489,51.34308113112105
single_sentence_1k,audio__male,Male TTS,6,36.22566442557824,31.98246142584809,11.713250997638305
single_sentence_1k,audio__male,Male TTS,9,33.19902273629688,22.612412430352478,31.888319093109747
single_sentence_1k,audio__male,Male TTS,7,18.898664768723197,10.406760527604202,44.933884721702015
single_sentence_1k,audio__male,Male TTS,6,34.473171684890985,11.249628453500494,67.36700482238768
single_sentence_1k,audio__male,Male TTS,7,17.668501408773697,16.790460584483462,4.969526299803919
single_sentence_1k,audio__male,Male TTS,6,28.5160294638481,4.669050073291575,83.62657718806581
single_sentence_1k,audio__male,Male TTS,3,9.086162567138672,5.696374138196309,37.30715143928844
single_sentence_1k,audio__male,Male TTS,5,21.405250047147273,4.228467150421255,80.24565402829857
single_sentence_1k,audio__male,Male TTS,7,46.53429064154625,36.70771159898982,21.116855779000897
single_sentence_1k,audio__male,Male TTS,8,11.697041529347189,8.878898138601471,24.092787767532172
single_sentence_1k,audio__male,Male TTS,5,20.320810973644257,16.339742267040418,19.591091673295995
single_sentence_1k,audio__male,Male TTS,4,15.63068745972123,9.460825933195574,39.47274579205036
single_sentence_1k,audio__male,Male TTS,7,21.885911354529007,13.837242962862033,36.77556881816304
single_sentence_1k,audio__male,Male TTS,6,46.32102797552943,10.652612905886368,77.0026414104757
single_sentence_1k,audio__male,Male TTS,9,21.389374867081642,7.591396929110449,64.50856102020238
single_sentence_1k,audio__male,Male TTS,7,71.98476637261254,30.93977992835508,57.01898958982177
single_sentence_1k,audio__male,Male TTS,4,52.68373257525085,4.237803710568631,91.9561437593368
single_sentence_1k,audio__male,Male TTS,4,29.29840275272727,10.59198704363118,63.84790279174788
single_sentence_1k,audio__male,Male TTS,5,38.69462741453181,3.7510003437469983,90.30614688813802
single_sentence_1k,audio__male,Male TTS,4,45.44089248776436,19.406074515697725,57.29380860879196
single_sentence_1k,audio__male,Male TTS,4,7.599672415293753,5.102677212957038,32.856616257717974
single_sentence_1k,audio__male,Male TTS,8,21.313530679195537,8.814392109480343,58.64414844188999
single_sentence_1k,audio__male,Male TTS,5,16.900903545320034,9.295194377557653,45.00179027332801
single_sentence_1k,audio__male,Male TTS,6,58.810511688391365,21.26563110904141,63.840424953760355
single_sentence_1k,audio__male,Male TTS,8,32.70575230580289,29.236435893859706,10.607664301694205
single_sentence_1k,audio__male,Male TTS,4,55.46221738947248,25.489677237262562,54.04136647067979
single_sentence_1k,audio__male,Male TTS,5,35.07995159029961,8.580648841130309,75.5397357974033
single_sentence_1k,audio__male,Male TTS,4,18.022712409496307,13.903283612598079,22.856874721740937
single_sentence_1k,audio__male,Male TTS,7,28.131511926651,26.11729579783099,7.159999555202714
single_sentence_1k,audio__male,Male TTS,6,72.22755645712216,30.041775070121304,58.406768076176604
single_sentence_1k,audio__male,Male TTS,4,29.30022370815277,32.16240377045377,-9.768458052777941
single_sentence_1k,audio__male,Male TTS,7,33.18667171656021,10.34048899687716,68.8414400660816
single_sentence_1k,audio__male,Male TTS,5,48.52448925971985,5.671904775499941,88.31125301465423
single_sentence_1k,audio__male,Male TTS,5,27.43972203731537,7.142167881363653,73.97142772929334
single_sentence_1k,audio__male,Male TTS,6,41.32459918324533,31.8978454740864,22.81148249583246
single_sentence_1k,audio__male,Male TTS,5,42.51385071010445,7.811562720270035,81.62584054421251
single_sentence_1k,audio__male,Male TTS,5,35.484997447342906,18.969110271839384,46.54329537436735
single_sentence_1k,audio__male,Male TTS,8,7.370521386852488,6.344663689143053,13.918387097273158
single_sentence_1k,audio__male,Male TTS,5,44.12861984372139,37.21276718161859,15.672034807784241
single_sentence_1k,audio__male,Male TTS,5,45.37846633796537,32.928498480557735,27.435849781003974
single_sentence_1k,audio__male,Male TTS,7,25.510473866281764,9.735934071115892,61.83554205167363
single_sentence_1k,audio__male,Male TTS,8,32.23536356538534,8.74671754083857,72.86608068465874
single_sentence_1k,audio__male,Male TTS,6,39.311327062081546,10.754347319122367,72.64313335914913
single_sentence_1k,audio__male,Male TTS,5,15.329693023860454,13.531812254639231,11.728093748667025
single_sentence_1k,audio__male,Male TTS,5,14.470962623227388,8.25113835453213,42.98141340446694
single_sentence_1k,audio__male,Male TTS,6,48.709200640908506,40.195881804180175,17.47784550908521
single_sentence_1k,audio__male,Male TTS,8,36.807286656461656,13.15470938031983,64.2605837721796
single_sentence_1k,audio__male,Male TTS,6,28.173441509405773,22.325765384222716,20.755987951386043
single_sentence_1k,audio__male,Male TTS,4,33.98208100744523,33.54016610962674,1.3004350667096336
single_sentence_1k,audio__male,Male TTS,4,9.305877574633428,7.57328785660718,18.618230297259167
single_sentence_1k,audio__male,Male TTS,7,26.001952485314437,7.1168618450018375,72.62950984538045
single_sentence_1k,audio__male,Male TTS,6,5.233362791375839,1.2692595795541213,75.74676875744676
single_sentence_1k,audio__male,Male TTS,6,29.55059697230657,4.642747534012112,84.28881982193768
single_sentence_1k,audio__male,Male TTS,6,29.144785650074482,3.8821165747825925,86.67989320150421
single_sentence_1k,audio__male,Male TTS,7,22.942493381244795,5.313555155960929,76.83967881056603
single_sentence_1k,audio__male,Male TTS,4,31.140746192412507,24.371254254589303,21.738374205922536
single_sentence_1k,audio__male,Male TTS,5,5.102462197165005,0.8364509018767421,83.60691623856644
single_sentence_1k,audio__male,Male TTS,6,14.088691589837254,3.1713164459749046,77.49034091808424
single_sentence_1k,audio__male,Male TTS,4,55.290747507009655,35.53088131620689,35.738106431456096
single_sentence_1k,audio__male,Male TTS,7,37.93527420250965,24.386008015769665,35.716800449128215
single_sentence_1k,audio__male,Male TTS,5,24.916752796806396,6.392138319248767,74.34602184571958
single_sentence_1k,audio__male,Male TTS,7,43.92605664474623,28.759533856070057,34.5273943239113
single_sentence_1k,audio__male,Male TTS,6,26.595249584876,2.259228861604394,91.50514134340307
single_sentence_1k,audio__male,Male TTS,4,25.36175386607647,7.853613659164694,69.03363347568175
single_sentence_1k,audio__male,Male TTS,4,11.812743693590164,3.0132563549195766,74.49147773726241
single_sentence_1k,audio__male,Male TTS,5,27.779032509844548,32.939552511075455,-18.57703287327261
single_sentence_1k,audio__male,Male TTS,7,24.284349513539514,27.51146610203289,-13.288873917310934
single_sentence_1k,audio__male,Male TTS,4,47.24912916216999,19.202974724676686,59.358034602568836
single_sentence_1k,audio__male,Male TTS,6,40.80392724275589,20.816783917763434,48.98338144287537
single_sentence_1k,audio__male,Male TTS,4,27.538911908864975,9.004546341035166,67.30246143771375
single_sentence_1k,audio__male,Male TTS,4,18.780197113752365,2.7850624624143165,85.17021708800452
single_sentence_1k,audio__male,Male TTS,4,21.69335012487136,13.778078124469175,36.48708915331316
single_sentence_1k,audio__male,Male TTS,4,7.162558264419204,3.255738835330144,54.545028254731484
single_sentence_1k,audio__male,Male TTS,6,35.73607337474823,5.211992355153522,85.41531885583038
single_sentence_1k,audio__male,Male TTS,4,7.706893749535084,5.59053347920252,27.460613044785163
single_sentence_1k,audio__male,Male TTS,4,25.718279972672462,8.733954488404379,66.03989653396401
single_sentence_1k,audio__male,Male TTS,5,36.39299545288086,28.980192905532384,20.36876177710093
single_sentence_1k,audio__male,Male TTS,9,38.358933448791504,17.25199272988084,55.024837296605384
single_sentence_1k,audio__male,Male TTS,6,12.626596880455812,23.653365245311534,-87.3296935766089
single_sentence_1k,audio__male,Male TTS,8,50.70604155771434,17.329068960815647,65.82444925997338
single_sentence_1k,audio__male,Male TTS,6,94.2349795140326,55.88399412789537,40.69718652660858
single_sentence_1k,audio__male,Male TTS,7,19.632082589502847,17.206432227785303,12.355542773717366
single_sentence_1k,audio__male,Male TTS,6,18.51974964638551,10.472222427742508,43.45375813551364
single_sentence_1k,audio__male,Male TTS,6,16.499107798251014,2.8226241465004023,82.89226192703818
single_sentence_1k,audio__male,Male TTS,8,24.900285431183875,29.87066764983706,-19.96114555549844
single_sentence_1k,audio__male,Male TTS,8,17.986183925997466,18.26334946937766,-1.5409913771624106
single_sentence_1k,audio__male,Male TTS,7,56.28663770415421,39.66989349649235,29.52165004952049
single_sentence_1k,audio__male,Male TTS,7,19.89102781670434,12.02325648978766,39.55437295356545
single_sentence_1k,audio__male,Male TTS,7,33.20163415159498,13.770535296052856,58.52452553034553
single_sentence_1k,audio__male,Male TTS,8,46.37027751095593,37.8422195545254,18.391216128511633
single_sentence_1k,audio__male,Male TTS,6,15.349119220860302,11.748680040009882,23.45697579804595
single_sentence_1k,audio__male,Male TTS,5,28.531837858608924,5.021965277518546,82.39873189240325
single_sentence_1k,audio__male,Male TTS,6,38.9079995409896,18.42555726570178,52.64326749492622
single_sentence_1k,audio__male,Male TTS,4,47.2540383413434,52.4084579255846,-10.907892246177619
single_sentence_1k,audio__male,Male TTS,5,13.026692168647424,3.3387922150934175,74.36960840197631
single_sentence_1k,audio__male,Male TTS,4,45.03175020993257,36.95123197088651,17.944046592405712
single_sentence_1k,audio__male,Male TTS,6,45.58555266944071,7.11804774612943,84.38529900526758
single_sentence_1k,audio__male,Male TTS,3,7.051257163286209,3.213666720737971,54.42420200655035
single_sentence_1k,audio__male,Male TTS,9,33.94145823746092,17.454861034934613,48.573626646159184
single_sentence_1k,audio__male,Male TTS,8,35.79048025677912,24.42595680859,31.752922471713827
single_sentence_1k,audio__male,Male TTS,9,35.516104483200856,13.842316795174156,61.02523912294046
single_sentence_1k,audio__male,Male TTS,10,29.541130285710096,20.83840380760057,29.459693633724257
single_sentence_1k,audio__male,Male TTS,9,17.23749751382921,13.343365829643366,22.59105001211273
single_sentence_1k,audio__male,Male TTS,7,20.584959921746847,19.05557635927471,7.429616420367329
single_sentence_1k,audio__male,Male TTS,7,19.0589610965448,8.254822953951978,56.68796996784628
single_sentence_1k,audio__male,Male TTS,4,50.938503220677376,12.782097919332045,74.90680504694643
single_sentence_1k,audio__male,Male TTS,6,41.36984368165334,11.01283194568714,73.37956596976193
single_sentence_1k,audio__male,Male TTS,9,67.83838451767548,51.9060766933059,23.48568282934033
single_sentence_1k,audio__male,Male TTS,3,31.753976543744404,17.08260057236085,46.20327142703594
single_sentence_1k,audio__male,Male TTS,3,23.75882472594579,22.204724412777296,6.5411497878989815
single_sentence_1k,audio__male,Male TTS,5,26.847876960039137,27.49990212645712,-2.4285911596975347
single_sentence_1k,audio__male,Male TTS,5,12.90561293619685,3.699734368045756,71.33236223388526
single_sentence_1k,audio__male,Male TTS,6,17.86931079486385,4.491628827987976,74.8640063427684
single_sentence_1k,audio__male,Male TTS,4,48.75729097798467,12.988638968206942,73.36062215993155
single_sentence_1k,audio__male,Male TTS,4,34.194127924973145,14.182689671260896,58.52302564235659
single_sentence_1k,audio__male,Male TTS,9,30.068439974553055,21.00136436370158,30.154792262335356
single_sentence_1k,audio__male,Male TTS,10,34.50602821111679,10.632335052326496,69.18702150454662
single_sentence_1k,audio__male,Male TTS,5,26.558053565368755,17.300729353560143,34.856937798634476
single_sentence_1k,audio__male,Male TTS,5,29.10033972263336,13.72516543038655,52.83503367587309
single_sentence_1k,audio__male,Male TTS,8,30.410526236519217,10.242312557249534,66.31984439338703
single_sentence_1k,audio__male,Male TTS,8,33.19344070972875,5.866946910275146,82.32498112629949
single_sentence_1k,audio__male,Male TTS,10,23.818793070316314,18.252452814074008,23.369531108523063
single_sentence_1k,audio__male,Male TTS,7,14.105956751321044,10.992446631856918,22.07230728374763
single_sentence_1k,audio__male,Male TTS,7,39.89457803563918,32.63417181335997,18.19897986085538
single_sentence_1k,audio__male,Male TTS,9,53.855174267289435,12.450419667092824,76.88166487903287
single_sentence_1k,audio__male,Male TTS,5,28.218842022120953,17.355776475160383,38.49578780888647
single_sentence_1k,audio__male,Male TTS,7,32.89738562516868,5.818253476842074,82.31393356561829
single_sentence_1k,audio__male,Male TTS,7,30.127562551626138,3.157848329862016,89.51840752317491
single_sentence_1k,audio__male,Male TTS,7,34.31938191396849,11.445439157413356,66.65021769300894
single_sentence_1k,audio__male,Male TTS,5,24.24885441288352,17.008077204303287,29.860285707902047
single_sentence_1k,audio__male,Male TTS,5,45.74061189222539,19.72060960547532,56.885995202816105
single_sentence_1k,audio__male,Male TTS,6,35.54636163264513,9.968062811434114,71.95757215759706
single_sentence_1k,audio__male,Male TTS,7,35.32258239707777,9.813776691053395,72.21670663619065
single_sentence_1k,audio__male,Male TTS,9,51.813039051350444,21.397653342724247,58.7021843642145
single_sentence_1k,audio__male,Male TTS,8,34.2431785467047,24.444827299783356,28.614023764053474
single_sentence_1k,audio__male,Male TTS,5,28.053246878822904,21.634734779788324,22.879747669706802
single_sentence_1k,audio__male,Male TTS,9,16.575111859322835,10.753235449602071,35.124205852319434
single_sentence_1k,audio__male,Male TTS,9,18.793247444762123,10.137130009308496,46.059721508462225
single_sentence_1k,audio__male,Male TTS,10,24.787324957549572,17.623432061895482,28.901436149011133
single_sentence_1k,audio__male,Male TTS,8,32.663024907931685,17.370048611524332,46.820453217404555
single_sentence_1k,audio__male,Male TTS,7,26.397232050342218,8.676476429161841,67.1311127901027
single_sentence_1k,audio__male,Male TTS,8,15.510506408754736,18.126629834183404,-16.86678278893606
single_sentence_1k,audio__male,Male TTS,7,15.044280636839435,6.912272053169963,54.0538213821693
single_sentence_1k,audio__male,Male TTS,10,17.82330273676198,14.916320059490385,16.310011226346468
single_sentence_1k,audio__male,Male TTS,10,8.352760098408908,6.646089039091021,20.43242041206218
single_sentence_1k,audio__male,Male TTS,9,8.11428774950198,3.181457742221626,60.79190385604836
single_sentence_1k,audio__male,Male TTS,9,11.746363972577253,7.801930608159607,33.58003696825856
single_sentence_1k,audio__male,Male TTS,8,20.9644482202454,7.007981947197549,66.57206584416598
single_sentence_1k,audio__male,Male TTS,9,21.985404721564716,18.568083361933027,15.543590863623074
single_sentence_1k,audio__male,Male TTS,8,18.22516115680628,13.066555293884434,28.3048573262977
single_sentence_1k,audio__male,Male TTS,8,23.917069260030985,6.577442479578737,72.49896127294062
single_sentence_1k,audio__male,Male TTS,10,24.08850733940458,15.100120097182733,37.31400669861522
single_sentence_1k,audio__male,Male TTS,9,35.86806230412589,10.592853541907173,70.46717089958695
single_sentence_1k,audio__male,Male TTS,9,17.765154273661363,17.663840503791718,0.5702949060220243
single_sentence_1k,audio__male,Male TTS,5,34.319514543800686,36.780271486203844,-7.170139132541015
single_sentence_1k,audio__male,Male TTS,6,12.890882331877947,11.236144182352476,12.83650030249255
single_sentence_1k,audio__male,Male TTS,3,14.161815285682678,6.389157213270664,54.88461694787123
single_sentence_1k,audio__male,Male TTS,5,47.76600965410471,46.81838507599277,1.9838889305891638
single_sentence_1k,audio__male,Male TTS,8,26.23686533444561,24.78354314088881,5.5392371574540835
single_sentence_1k,audio__female,Female TTS,6,11.369632776788421,7.680264483169734,32.44931798633538
single_sentence_1k,audio__female,Female TTS,6,22.61161748042893,12.660617601388177,44.00835052005306
single_sentence_1k,audio__female,Female TTS,10,24.51835175352171,15.166170590789989,38.143596505782305
single_sentence_1k,audio__female,Female TTS,6,12.611982428779205,3.846727434345302,69.49942282216095
single_sentence_1k,audio__female,Female TTS,5,19.340916192438453,1.0798743228066647,94.41663304849617
single_sentence_1k,audio__female,Female TTS,9,17.46041870875989,9.653223862959432,44.713674832342875
single_sentence_1k,audio__female,Female TTS,8,34.676980811782414,16.219614845860633,53.226565675090164
single_sentence_1k,audio__female,Female TTS,8,11.452404330368154,12.75805842533397,-11.400698554657518
single_sentence_1k,audio__female,Female TTS,7,17.039167229352252,6.634793347507598,61.06151633937675
single_sentence_1k,audio__female,Female TTS,5,13.230880668014288,2.999749869672814,77.32766287489297
single_sentence_1k,audio__female,Female TTS,9,25.774246194529244,18.96632111826976,26.413672876704776
single_sentence_1k,audio__female,Female TTS,6,19.778285866370425,4.568118929770814,76.90336280588342
single_sentence_1k,audio__female,Female TTS,6,9.281811083356539,4.7065166228306525,49.29312199350801
single_sentence_1k,audio__female,Female TTS,4,18.214156538248062,17.2255764138863,5.427537214176417
single_sentence_1k,audio__female,Female TTS,10,23.179405322321692,12.32660043251235,46.820894405596015
single_sentence_1k,audio__female,Female TTS,6,11.907198346840838,7.891516616582275,33.724824373350465
single_sentence_1k,audio__female,Female TTS,8,22.490009595640004,21.671802060654954,3.6380933120796444
single_sentence_1k,audio__female,Female TTS,7,15.656805742265922,1.536520532794729,90.18624515058742
single_sentence_1k,audio__female,Female TTS,8,17.74339982517995,12.89160062177368,27.34424772709569
single_sentence_1k,audio__female,Female TTS,6,17.10175335407257,17.55088074026259,-2.62620666367559
single_sentence_1k,audio__female,Female TTS,10,13.015954982861876,10.28536695081857,20.97877593798284
single_sentence_1k,audio__female,Female TTS,9,16.43249787640727,6.173559215330148,62.430792556536716
single_sentence_1k,audio__female,Female TTS,3,11.425031840801239,8.46113281600507,25.942151112537378
single_sentence_1k,audio__female,Female TTS,8,14.93201612550638,11.230141477025377,24.791525922327274
single_sentence_1k,audio__female,Female TTS,6,21.31289129704237,7.37476604913051,65.39762744365932
single_sentence_1k,audio__female,Female TTS,1,9.939278841018677,2.244316519158019,77.41972476015172
single_sentence_1k,audio__female,Female TTS,8,12.843604602492178,6.40744428305395,50.11179118819457
single_sentence_1k,audio__female,Female TTS,7,9.897837442788711,4.910339156955922,50.38977771317655
single_sentence_1k,audio__female,Female TTS,8,20.52295482601039,3.6641548591433093,82.14606575803874
single_sentence_1k,audio__female,Female TTS,8,13.768116777588148,11.855393441834977,13.892410753420666
single_sentence_1k,audio__female,Female TTS,7,16.733396837753908,8.926069549101937,46.65715732646147
single_sentence_1k,audio__female,Female TTS,7,13.833409262554985,8.140821800600472,41.15100879263013
single_sentence_1k,audio__female,Female TTS,10,28.172846492938696,17.225015322491526,38.85951379883165
single_sentence_1k,audio__female,Female TTS,6,6.150606527924538,6.868235084713281,-11.667606333304176
single_sentence_1k,audio__female,Female TTS,9,19.198957021296437,10.51044511278936,45.255124530303114
single_sentence_1k,audio__female,Female TTS,9,19.134790857632954,12.7485013326938,33.37527738063379
single_sentence_1k,audio__female,Female TTS,9,25.16637826628155,15.48549177227283,38.4675394749962
single_sentence_1k,audio__female,Female TTS,10,22.306310656759887,6.6963871512649344,69.97985344010438
single_sentence_1k,audio__female,Female TTS,10,15.018986205197871,14.028526864433662,6.5947150309081755
single_sentence_1k,audio__female,Female TTS,8,20.99620875529945,11.945035588163591,43.108607237729714
single_sentence_1k,audio__female,Female TTS,5,6.227838339842856,1.6337142414774006,73.76755541283649
single_sentence_1k,audio__female,Female TTS,5,7.070727173192426,7.1693739477740674,-1.3951432740276717
single_sentence_1k,audio__female,Female TTS,8,9.764399409788894,2.501762660078171,74.37873488081476
single_sentence_1k,audio__female,Female TTS,8,20.319438182224985,6.725068046525635,66.90327760927671
single_sentence_1k,audio__female,Female TTS,8,11.56224317336455,1.9254455154914467,83.34712835025807
single_sentence_1k,audio__female,Female TTS,6,17.211021689077217,8.12169534685494,52.811079472351814
single_sentence_1k,audio__female,Female TTS,10,19.18058851119131,13.508810667414219,29.57040572799826
single_sentence_1k,audio__female,Female TTS,10,11.639806605968625,7.730126436072169,33.58887567678025
single_sentence_1k,audio__female,Female TTS,9,31.416696215701652,8.634240617820373,72.51703184020639
single_sentence_1k,audio__female,Female TTS,10,19.68883611052297,8.225555159445502,58.22223765147174
single_sentence_1k,audio__female,Female TTS,10,12.28400466204621,11.171751560980919,9.054482895971294
single_sentence_1k,audio__female,Female TTS,6,25.017770148871932,12.8712123213041,48.551720458250074
single_sentence_1k,audio__female,Female TTS,5,25.732945354189724,2.703484612075033,89.4940723851696
single_sentence_1k,audio__female,Female TTS,9,24.85670266010695,20.97086847990027,15.632943087190483
single_sentence_1k,audio__female,Female TTS,5,8.15974792689085,3.061424101423472,62.481388777533205
single_sentence_1k,audio__female,Female TTS,5,21.66305356025696,10.512598059885203,51.47222421509581
single_sentence_1k,audio__female,Female TTS,8,23.488487200811505,11.542243170086294,50.859997617524215
single_sentence_1k,audio__female,Female TTS,6,9.856441410768943,9.518021353794751,3.433491286261196
single_sentence_1k,audio__female,Female TTS,8,23.377112503629178,11.310266227228567,51.61820680174805
single_sentence_1k,audio__female,Female TTS,10,16.716555175557733,12.183415546733887,27.117666177132108
single_sentence_1k,audio__female,Female TTS,8,26.634100329130888,16.86023421874505,36.69681344443886
single_sentence_1k,audio__female,Female TTS,7,15.684289532048362,9.566876124864377,39.003446057814855
single_sentence_1k,audio__female,Female TTS,8,22.136730963364244,21.40554895795904,3.303026118062738
single_sentence_1k,audio__female,Female TTS,7,10.62283672738288,5.183376011356541,51.20534990437008
single_sentence_1k,audio__female,Female TTS,6,17.291314219435055,14.02022679173541,18.91751769812276
single_sentence_1k,audio__female,Female TTS,7,25.795561384808803,4.441136354913136,82.78333125353669
single_sentence_1k,audio__female,Female TTS,9,14.126472067294849,13.28810058104644,5.9347548507130785
single_sentence_1k,audio__female,Female TTS,8,40.193129709456116,20.30222593752329,49.48831781878671
single_sentence_1k,audio__female,Female TTS,7,12.464719253010117,2.1250519465658937,82.95146562524694
single_sentence_1k,audio__female,Female TTS,5,14.052171170711517,15.203192424145527,-8.191056310451483
single_sentence_1k,audio__female,Female TTS,6,8.881716823826233,4.949115538623725,44.27749007548687
single_sentence_1k,audio__female,Female TTS,8,39.47906846029218,12.21753860748052,69.0531233791171
single_sentence_1k,audio__female,Female TTS,6,26.72506140607099,13.372029024261414,49.964459122912395
single_sentence_1k,audio__female,Female TTS,7,13.661344765552453,9.350265011923122,31.55677444361016
single_sentence_1k,audio__female,Female TTS,9,27.047578231069362,6.431424265695101,76.22181102222538
single_sentence_1k,audio__female,Female TTS,7,10.69082063915474,5.858716156932393,45.19863016432004
single_sentence_1k,audio__female,Female TTS,5,35.41469359844923,14.667649141806397,58.583153907482405
single_sentence_1k,audio__female,Female TTS,5,13.560707638412714,2.0611468981721375,84.80059482785666
single_sentence_1k,audio__female,Female TTS,7,18.820138742881163,7.636925081557907,59.421526132762324
single_sentence_1k,audio__female,Female TTS,9,32.44222334917221,12.653311077403487,60.99739854073119
single_sentence_1k,audio__female,Female TTS,8,27.185328129911795,22.917602482568327,15.698635774963202
single_sentence_1k,audio__female,Female TTS,7,30.410849894796097,22.2295348749363,26.902618796128365
single_sentence_1k,audio__female,Female TTS,9,15.44912735786703,8.991145041771233,41.80159931691709
single_sentence_1k,audio__female,Female TTS,1,2.9234717339277267,0.06530585115280019,97.76615417912521
single_sentence_1k,audio__female,Female TTS,10,16.06922004209264,11.699581249103733,27.192600397174363
single_sentence_1k,audio__female,Female TTS,6,8.547559031653995,3.6562808762925365,57.22426879121503
single_sentence_1k,audio__female,Female TTS,10,9.754295325279235,9.977774448953278,-2.2910842477249402
single_sentence_1k,audio__female,Female TTS,8,12.906103369547054,10.724143885414378,16.90641568299521
single_sentence_1k,audio__female,Female TTS,9,15.276081958087161,12.157512857837396,20.41471830804622
single_sentence_1k,audio__female,Female TTS,4,3.2034284793771803,2.6589365988025264,16.997160513491956
single_sentence_1k,audio__female,Female TTS,9,7.354560682115941,4.0600421791643395,44.795585288498195
single_sentence_1k,audio__female,Female TTS,2,11.22712121810764,1.2897579466267999,88.5121223725044
single_sentence_1k,audio__female,Female TTS,8,5.561555145075545,1.1537311787215003,79.25524158934095
single_sentence_1k,audio__female,Female TTS,8,6.365650575142354,4.764957575196604,25.14578802355883
single_sentence_1k,audio__female,Female TTS,7,12.620910438043731,6.441373249586571,48.96268948894468
single_sentence_1k,audio__female,Female TTS,8,7.219448202406056,7.704705290726274,-6.721526004695122
single_sentence_1k,audio__female,Female TTS,6,5.676146416924894,7.989413669197968,-40.75418571613078
single_sentence_1k,audio__female,Female TTS,8,10.383683057298185,4.771421391858732,54.04885371086964
single_sentence_1k,audio__female,Female TTS,10,9.634557852236322,2.498242241419169,74.06998556929844
single_sentence_1k,audio__female,Female TTS,7,8.179437350877508,5.110290424126155,37.522714522926066
single_sentence_1k,audio__female,Female TTS,8,6.261299735560897,4.585465576979459,26.764956628151488
single_sentence_1k,audio__female,Female TTS,8,4.445582826883765,2.3975648162173817,46.06860540942815
single_sentence_1k,audio__female,Female TTS,9,14.677566754321257,10.065766972075734,31.420737915484203
single_sentence_1k,audio__female,Female TTS,5,16.521173299849032,0.5020601905898445,96.96111056110989
single_sentence_1k,audio__female,Female TTS,8,11.475474394487719,4.88324557019614,57.44624228744894
single_sentence_1k,audio__female,Female TTS,7,11.551055669784546,8.059175081505234,30.229969347420205
single_sentence_1k,audio__female,Female TTS,8,15.219299179225345,16.515223230849188,-8.515004773628508
single_sentence_1k,audio__female,Female TTS,8,18.75765838753432,11.359641755190523,39.439979551286946
single_sentence_1k,audio__female,Female TTS,8,11.709607404656708,5.482545584789477,53.17908282211781
single_sentence_1k,audio__female,Female TTS,7,19.027826343396946,6.708981553724568,64.74120883464587
single_sentence_1k,audio__female,Female TTS,6,13.613858542521484,8.389464496440874,38.37555700878449
single_sentence_1k,audio__female,Female TTS,7,19.304170749060436,9.25860480184275,52.03831896123597
single_sentence_1k,audio__female,Female TTS,6,13.324812402327856,2.3928126746019793,82.04242879859267
single_sentence_1k,audio__female,Female TTS,7,24.688097271735646,11.458942219714768,53.58515444268917
single_sentence_1k,audio__female,Female TTS,7,12.494781369137595,7.232471130047965,42.11606496843283
single_sentence_1k,audio__female,Female TTS,8,14.121152160689235,8.129612283688402,42.429539805400644
single_sentence_1k,audio__female,Female TTS,7,13.260226663851686,10.754407572728335,18.897256846705275
single_sentence_1k,audio__female,Female TTS,7,12.671807591404233,8.254545994692307,34.858969920821096
single_sentence_1k,audio__female,Female TTS,8,9.962963927071542,12.031231353651492,-20.759559521840863
single_sentence_1k,audio__female,Female TTS,10,15.018843450769783,11.30706043623868,24.71417340954344
single_sentence_1k,audio__female,Female TTS,6,17.347413291533787,9.488165729774968,45.305011356329636
single_sentence_1k,audio__female,Female TTS,9,13.452655172415284,14.955761976619316,-11.173309543280034
single_sentence_1k,audio__female,Female TTS,7,12.800206431320735,10.889106214343233,14.930229658650225
single_sentence_1k,audio__female,Female TTS,7,12.830314023154122,2.781843273146868,78.31819807273122
single_sentence_1k,audio__female,Female TTS,8,12.379632214317098,13.832209276686626,-11.733604336723479
single_sentence_1k,audio__female,Female TTS,7,14.613864692726306,2.4152781002090444,83.4726942462305
single_sentence_1k,audio__female,Female TTS,6,23.99712712317705,15.719667758283927,34.49354300789838
single_sentence_1k,audio__female,Female TTS,5,9.062613006621131,6.790137702225907,25.075276884657402
single_sentence_1k,audio__female,Female TTS,8,16.220571617159294,11.696980920882197,27.88798571988496
single_sentence_1k,audio__female,Female TTS,7,20.02684441634587,9.195081564897139,54.086218608698374
single_sentence_1k,audio__female,Female TTS,7,28.571486009018763,19.984046643898182,30.055977355920177
single_sentence_1k,audio__female,Female TTS,6,14.937767539173365,10.254145199525132,31.354232333350517
single_sentence_1k,audio__female,Female TTS,6,11.092526975587438,8.384026746245388,24.41734183115307
single_sentence_1k,audio__female,Female TTS,8,7.7692825987469405,4.260447174401634,45.16292694657838
single_sentence_1k,audio__female,Female TTS,7,11.061424833164242,8.332950624901757,24.66657098353192
single_sentence_1k,audio__female,Female TTS,7,16.1177476950522,11.966532132889759,25.755556177596535
single_sentence_1k,audio__female,Female TTS,6,15.347631946206093,15.689869718825017,-2.2299060455611515
single_sentence_1k,audio__female,Female TTS,5,8.423495446172092,9.174530416442774,-8.915953894318026
single_sentence_1k,audio__female,Female TTS,9,21.142305312574738,25.721532382024936,-21.65907171308621
single_sentence_1k,audio__female,Female TTS,7,10.118363652692747,10.660747215665381,-5.3603881179768935
single_sentence_1k,audio__female,Female TTS,7,12.597380056445088,8.722190442936803,30.761869500997197
single_sentence_1k,audio__female,Female TTS,8,13.048288431949914,3.875621253500867,70.29785727290441
single_sentence_1k,audio__female,Female TTS,9,19.549258962480557,14.146288217207863,27.63772660458494
single_sentence_1k,audio__female,Female TTS,4,17.878020051372005,1.4864662731997669,91.68550953109771
single_sentence_1k,audio__female,Female TTS,9,6.92783246603277,2.413439517840743,65.1631368155356
single_sentence_1k,audio__female,Female TTS,6,16.482744922240574,9.380620457620049,43.08823862849114
single_sentence_1k,audio__female,Female TTS,9,12.11566331030594,13.2474462759888,-9.341485783284613
single_sentence_1k,audio__female,Female TTS,7,14.238260405270792,18.073146290864234,-26.93366869574758
single_sentence_1k,audio__female,Female TTS,6,13.641775637865067,10.447215196773564,23.41748263491782
single_sentence_1k,audio__female,Female TTS,6,6.595095019621415,5.34874581995669,18.898123468375296
single_sentence_1k,audio__female,Female TTS,8,13.60073143884074,9.218781721167034,32.218485729082246
single_sentence_1k,audio__female,Female TTS,6,10.851051045193648,11.509680944727734,-6.069733676405646
single_sentence_1k,audio__female,Female TTS,4,13.79980326355144,9.209899451394449,33.26064672443568
single_sentence_1k,audio__female,Female TTS,10,13.580039486289024,10.137116254682406,25.352821949323033
single_sentence_1k,audio__female,Female TTS,6,27.128306471107255,6.145410476045683,77.34687020514608
single_sentence_1k,audio__female,Female TTS,6,18.855497532643312,8.076600618947722,57.16580480061466
single_sentence_1k,audio__female,Female TTS,4,30.221490540570812,3.2753419427181143,89.16220912955589
single_sentence_1k,audio__female,Female TTS,4,16.778866685115645,7.091036494874382,57.738286929922594
single_sentence_1k,audio__female,Female TTS,6,9.183019658207437,5.230786061115832,43.0384965315766
single_sentence_1k,audio__female,Female TTS,6,31.162389834721882,7.016167021606331,77.48514456426975
single_sentence_1k,audio__female,Female TTS,4,21.777953880389987,11.298995072512442,48.11727890246544
single_sentence_1k,audio__female,Female TTS,8,17.892318815138424,14.065786019724328,21.386455467004776
single_sentence_1k,audio__female,Female TTS,9,20.853220905394362,16.44722081657541,21.12863096213208
single_sentence_1k,audio__female,Female TTS,7,24.18225081407997,14.658106604283343,39.384854135460586
single_sentence_1k,audio__female,Female TTS,7,40.12583103988852,21.009142630866595,47.64185043299987
single_sentence_1k,audio__female,Female TTS,6,11.849829106536466,3.715629452262751,68.6440249993717
single_sentence_1k,audio__female,Female TTS,7,19.892313808112835,5.104331661717367,74.34018128330739
single_sentence_1k,audio__female,Female TTS,9,28.129333725412533,11.5704034839925,58.86712569541029
single_sentence_1k,audio__female,Female TTS,7,17.601153928520425,11.857780701414283,32.63066302601751
single_sentence_1k,audio__female,Female TTS,3,44.10242756207784,23.574801239805918,46.54534332237739
single_sentence_1k,audio__female,Female TTS,6,18.920141210158665,10.193710405670572,46.12244014226844
single_sentence_1k,audio__female,Female TTS,6,16.53095884124438,7.604630329490949,53.99764525142025
single_sentence_1k,audio__female,Female TTS,8,20.65655103046447,12.191073085065,40.98204938914781
single_sentence_1k,audio__female,Female TTS,6,23.085552712281544,8.953228704320887,61.217178484283124
single_sentence_1k,audio__female,Female TTS,7,14.049141202654157,3.6491085689714446,74.0261093803936
single_sentence_1k,audio__female,Female TTS,10,32.02130414992571,37.387507972400634,-16.75823007504637
single_sentence_1k,audio__female,Female TTS,10,24.34766185018234,26.209383239818273,-7.6464072858067444
single_sentence_1k,audio__female,Female TTS,10,15.486958424001932,14.845070167526137,4.144701876909456
single_sentence_1k,audio__female,Female TTS,6,11.919452691662324,12.894826661085887,-8.183043254207794
single_sentence_1k,audio__female,Female TTS,5,12.891517360978469,13.256714493314485,-2.832848314981423
single_sentence_1k,audio__female,Female TTS,9,13.114138304923674,12.947192709572436,1.2730199382490825
single_sentence_1k,audio__female,Female TTS,6,17.698127893110115,6.682100828872838,62.24402451360869
single_sentence_1k,audio__female,Female TTS,8,16.325891144340858,15.038051646162785,7.8883258916281855
single_sentence_1k,audio__female,Female TTS,8,25.192371093074144,19.09963399083881,24.18484976950161
single_sentence_1k,audio__female,Female TTS,7,29.143336858068192,16.103003186572874,44.745506442873804
single_sentence_1k,audio__female,Female TTS,7,20.508932909795217,15.679377554400292,23.548545293101498
single_sentence_1k,audio__female,Female TTS,7,15.056570616417698,20.676041212465083,-37.322380635069116
single_sentence_1k,audio__female,Female TTS,7,17.009075282428448,15.474551276928578,9.021795600405977
single_sentence_1k,audio__female,Female TTS,6,11.460035842222473,16.344643745571375,-42.62297230653005
single_sentence_1k,audio__female,Female TTS,7,11.801222553742784,11.206647053136424,5.038253434325664
single_sentence_1k,audio__female,Female TTS,10,22.244549864530562,18.741322743031198,15.748698637796844
single_sentence_1k,audio__female,Female TTS,7,22.42243616921561,17.67450716299936,21.174902541298408
single_sentence_1k,audio__female,Female TTS,9,12.75431226628522,4.844717840767569,62.01506016459933
single_sentence_1k,audio__female,Female TTS,7,18.98305951378175,6.245868963588562,67.09766958769715
single_sentence_1k,audio__female,Female TTS,7,21.14831557211333,12.799584291426331,39.47705079498545
single_sentence_1k,audio__female,Female TTS,9,12.432118015156853,15.731654865770704,-26.540424138438503
single_sentence_1k,audio__female,Female TTS,6,10.527319067557377,12.932542932306859,-22.84744909235053
single_sentence_1k,audio__female,Female TTS,6,14.597189841429099,7.769573726825153,46.773496739941734
single_sentence_1k,audio__female,Female TTS,6,13.711567713568607,9.734089466141691,29.00819461724211
single_sentence_1k,audio__female,Female TTS,9,13.216825384129253,10.400786560078915,21.30646915735025
single_sentence_1k,audio__female,Female TTS,9,20.549450738148558,7.493196770012016,63.53578075884314
single_sentence_1k,audio__female,Female TTS,7,14.707005499250954,5.902853138156664,59.86366403101362
single_sentence_1k,audio__female,Female TTS,7,17.345871319196053,16.92047540717093,2.45243322861708
single_sentence_1k,audio__female,Female TTS,7,26.918712347745895,15.433209659797805,42.66735547961623
single_sentence_1k,audio__female,Female TTS,9,32.576145538853275,27.01288789098261,17.077703810094466
single_sentence_1k,audio__female,Female TTS,7,6.739953424049808,5.814983371212812,13.723686124246427
single_sentence_1k,audio__female,Female TTS,7,19.006711837436473,12.459391598955595,34.4474114958958
single_sentence_1k,audio__female,Female TTS,8,28.737798757385463,16.279305510157428,43.35228787843838
single_sentence_1k,audio__female,Female TTS,8,13.845878996653482,11.595220341692766,16.255079619753253
single_sentence_1k,audio__female,Female TTS,9,14.095389997793568,10.679720214658623,24.232531229498573
single_sentence_1k,audio__female,Female TTS,5,20.947030350752176,14.53321311955806,30.61921964019022
single_sentence_1k,audio__female,Female TTS,6,13.729142131132145,7.112677222041718,48.19285025891719
single_sentence_1k,audio__female,Female TTS,4,13.49229870736599,10.077710740733892,25.3076813720996
single_sentence_1k,audio__female,Female TTS,7,11.187167387189609,3.90400678032477,65.10281248857297
single_sentence_1k,audio__female,Female TTS,10,18.940682828612626,10.809124168194831,42.931708080417806
single_sentence_1k,audio__female,Female TTS,9,7.362730961448203,4.970350611397104,32.49311108307199
single_sentence_1k,audio__female,Female TTS,4,14.053073548693646,9.002708169476008,35.93779938401527
single_sentence_1k,audio__female,Female TTS,5,9.516687421232927,5.774896907051175,39.31820336804744
single_sentence_1k,audio__female,Female TTS,4,19.92381875962019,1.6381342762615532,91.77801055096135
single_sentence_1k,audio__female,Female TTS,5,15.0057476704882,14.33444936996592,4.4736078152408325
single_sentence_1k,audio__female,Female TTS,9,13.426456772178629,5.661237303828585,57.835209989582594
single_sentence_1k,audio__female,Female TTS,6,7.836171422153711,7.863282033960179,-0.34596756944116186
single_sentence_1k,audio__female,Female TTS,6,24.671509701343894,14.168299748432199,42.57222229225628
single_sentence_1k,audio__female,Female TTS,7,8.727766745494591,7.042921604115053,19.304424493806295
single_sentence_1k,audio__female,Female TTS,6,8.504684063461658,1.9739587211242053,76.78974661028448
single_sentence_1k,audio__female,Female TTS,4,5.993998542428017,0.5175006400968414,91.36635358794707
single_sentence_1k,audio__female,Female TTS,5,8.160156065225602,5.818075874767965,28.701414185426927
single_sentence_1k,audio__female,Female TTS,9,15.100244830155539,12.46165170140254,17.473843361027285
single_sentence_1k,audio__female,Female TTS,9,16.116157403422726,16.911233480166022,-4.933409725661025
single_sentence_1k,audio__female,Female TTS,6,9.966698647942394,3.6493644287196125,63.3844208837094
single_sentence_1k,audio__female,Female TTS,6,12.004487015551907,7.674446312612569,36.070185234318934
single_sentence_1k,audio__female,Female TTS,9,25.804188414580292,12.470338461057205,51.673200254533036
single_sentence_1k,audio__female,Female TTS,7,34.86858200175421,19.382573069796553,44.41249985783354
single_sentence_1k,audio__female,Female TTS,8,15.004258625209332,5.040271995652802,66.40772382325899
single_sentence_1k,audio__female,Female TTS,8,29.48514709516894,7.7666833935669075,73.6589972961693
single_sentence_1k,audio__female,Female TTS,8,23.198683466180228,6.888585683430549,70.30613528792293
single_sentence_1k,audio__female,Female TTS,9,20.40690609076733,13.68513625529306,32.93870126895616
single_sentence_1k,audio__female,Female TTS,6,23.52493248771255,4.632575585419545,80.30780497313133
single_sentence_1k,audio__female,Female TTS,5,19.308189337560908,3.6170017761411146,81.2670069010312
single_sentence_1k,audio__female,Female TTS,4,20.769492626772262,0.30213958216058145,98.54527220481486
single_sentence_1k,audio__female,Female TTS,7,15.51208310308201,8.29155737113641,46.5477504469467
single_sentence_1k,audio__female,Female TTS,6,57.12680679242476,36.45119231811623,36.192491117935546
single_sentence_1k,audio__female,Female TTS,10,15.688043526001275,14.073116861602102,10.293996582318261
single_sentence_1k,audio__female,Female TTS,8,48.92164049076382,22.280431347910053,54.45690061821109
single_sentence_1k,audio__female,Female TTS,5,22.73709791600704,2.708501440484542,88.08774342930658
single_sentence_1k,audio__female,Female TTS,6,14.61683058552444,5.480842102618529,62.503211140406876
single_sentence_1k,audio__female,Female TTS,9,38.12629384547472,17.833902308465138,53.224138751210205
single_sentence_1k,audio__female,Female TTS,5,21.38771667124238,8.420368496887761,60.629885712813525
single_sentence_1k,audio__female,Female TTS,10,19.818325615487993,9.165872900137765,53.75051819223997
single_sentence_1k,audio__female,Female TTS,6,24.364901200877892,10.088710898043113,58.59326161486916
single_sentence_1k,audio__female,Female TTS,8,26.99461031903047,12.22793695799919,54.702302372637604
single_sentence_1k,audio__female,Female TTS,4,10.43254005163908,1.9435991589343757,81.36983755332899
single_sentence_1k,audio__female,Female TTS,9,12.874174532661629,11.63917409036205,9.59285148081841
single_sentence_1k,audio__female,Female TTS,4,14.331960976589471,8.532563250686508,40.464788701113434
single_sentence_1k,audio__female,Female TTS,10,29.383500637486577,21.066825861809775,28.30389366563983
single_sentence_1k,audio__female,Female TTS,4,15.738712660036981,7.506376357283443,52.30628756351026
single_sentence_1k,audio__female,Female TTS,6,16.97254420684779,19.687601348747364,-15.996759877662598
single_sentence_1k,audio__female,Female TTS,9,33.133226634727585,14.5819884284089,55.9898328370916
single_sentence_1k,audio__female,Female TTS,7,15.1115153445197,13.914312033323638,7.9224570395598155
single_sentence_1k,audio__female,Female TTS,5,14.000724428379907,9.436033316515386,32.60324946194748
single_sentence_1k,audio__female,Female TTS,5,17.33995659952052,18.161536752688697,-4.738075026040699
single_sentence_1k,audio__female,Female TTS,7,39.36573996065584,12.65552755315522,67.85141708042624
single_sentence_1k,audio__female,Female TTS,2,15.11265541438479,3.2888476320076734,78.23779116357522
single_sentence_1k,audio__female,Female TTS,8,27.702003865735605,12.168026428669691,56.07528434533132
single_sentence_1k,audio__female,Female TTS,10,14.747608651337213,8.355639671790414,43.34240981480898
single_sentence_1k,audio__female,Female TTS,6,10.801203317008913,7.533598930608908,30.252225520599453
single_sentence_1k,audio__female,Female TTS,8,21.83514375053346,9.448179595448892,56.72948296840015
single_sentence_1k,audio__female,Female TTS,5,20.29019633072312,2.513826957954177,87.61063265736972
single_sentence_1k,audio__female,Female TTS,4,18.243031069636345,0.6923195857089013,96.20501887506404
single_sentence_1k,audio__female,Female TTS,8,25.810502607375383,10.925755060146912,57.669344040495886
single_sentence_1k,audio__female,Female TTS,9,11.270783432203139,10.736948429838826,4.736449826895152
single_sentence_1k,audio__female,Female TTS,9,14.430042748365345,16.6413149010488,-15.324085945164315
single_sentence_1k,audio__female,Female TTS,7,8.679325998893805,5.068015379701682,41.60819192241876
single_sentence_1k,audio__female,Female TTS,9,10.67613493733936,4.8389546183453795,54.675033176835115
single_sentence_1k,audio__female,Female TTS,8,15.847724862396717,7.0267744613227805,55.66067355197576
single_sentence_1k,audio__female,Female TTS,8,14.681332983309403,7.817172655790859,46.754339918058676
single_sentence_1k,audio__female,Female TTS,9,9.293941370728943,7.9442168987694055,14.522627356037171
single_sentence_1k,audio__female,Female TTS,8,13.177942296955734,8.561010266484836,35.03530313330835
single_sentence_1k,audio__female,Female TTS,10,9.004333873838187,5.65613946056219,37.18425438448114
single_sentence_1k,audio__female,Female TTS,6,19.389820968111355,16.87016999762515,12.99470982548029
single_sentence_1k,audio__female,Female TTS,7,23.78482704449977,11.406458358080792,52.043130955965765
single_sentence_1k,audio__female,Female TTS,6,15.39265889343369,5.497702132438225,64.2836096706887
single_sentence_1k,audio__female,Female TTS,8,8.247826745238854,3.1233298962433764,62.13148029514136
single_sentence_1k,audio__female,Female TTS,4,7.327947300982487,7.167142607038841,2.194402979973485
single_sentence_1k,audio__female,Female TTS,8,19.028160750865936,8.102656601931812,57.41755228989709
single_sentence_1k,audio__female,Female TTS,7,11.120529532166463,4.192306254248251,62.30119939772759
single_sentence_1k,audio__female,Female TTS,6,19.304736271500587,8.710433041618671,54.879295323615445
single_sentence_1k,audio__female,Female TTS,8,13.10657440428622,5.7728427699366875,55.95460269123559
single_sentence_1k,audio__female,Female TTS,7,21.432978837601176,7.493952732614291,65.03541206569385
single_sentence_1k,audio__female,Female TTS,8,23.07549223769456,13.688145767237074,40.681023718848145
single_sentence_1k,audio__female,Female TTS,6,14.489428406115621,14.497732094411427,-0.05730859812455458
single_sentence_1k,audio__female,Female TTS,9,10.674987494945526,6.135263100304453,42.52674203871973
single_sentence_1k,audio__female,Female TTS,4,6.541786495231463,4.646713304560691,28.968741062585224
single_sentence_1k,audio__female,Female TTS,9,16.233524925592874,13.203281645782731,18.66657607450881
single_sentence_1k,audio__female,Female TTS,9,9.925828464431106,5.195800581214952,47.653733894012575
single_sentence_1k,audio__female,Female TTS,7,11.585775873490743,5.152621421526419,55.52631539061564
single_sentence_1k,audio__female,Female TTS,7,17.672721342582786,15.128877211509721,14.394184584032457
single_sentence_1k,audio__female,Female TTS,8,8.30929440172622,4.9986910023435485,39.842172383432555
single_sentence_1k,audio__female,Female TTS,6,37.76237545162439,23.20214588402693,38.55750437694231
single_sentence_1k,audio__female,Female TTS,7,23.20626633651721,15.90294427648353,31.471336035393282
single_sentence_1k,audio__female,Female TTS,7,16.206548403948545,6.172497709547835,61.91355768237503
single_sentence_1k,audio__female,Female TTS,6,6.752304957907957,5.054985254014354,25.13689346784891
single_sentence_1k,audio__female,Female TTS,8,18.8835754924512,8.19647032562716,56.594712008307226
single_sentence_1k,audio__female,Female TTS,9,18.258583191368317,10.587800050884349,42.01192973236995
single_sentence_1k,audio__female,Female TTS,10,17.19800319476053,10.748754522192758,37.49998531534506
single_sentence_1k,audio__female,Female TTS,4,8.898893599165604,7.8702922947195475,11.558754950643548
single_sentence_1k,audio__female,Female TTS,4,12.190220681270148,9.881752882352032,18.9370468285697
single_sentence_1k,audio__female,Female TTS,7,9.674274384975433,7.340782880165664,24.120584262461925
single_sentence_1k,audio__female,Female TTS,9,12.586119478620175,9.260382336564362,26.423848492024767
single_sentence_1k,audio__female,Female TTS,8,11.729368527885526,5.6840177673448125,51.54029175712599
single_sentence_1k,audio__female,Female TTS,8,20.656921593821608,14.568713629446393,29.472968354569204
single_sentence_1k,audio__female,Female TTS,8,7.071079425280914,4.958946973530146,29.870014529880045
single_sentence_1k,audio__female,Female TTS,6,11.79429154493846,5.177337571236421,56.103021944897705
single_sentence_1k,audio__female,Female TTS,8,12.800639199576835,11.000087506578893,14.066107675759387
single_sentence_1k,audio__female,Female TTS,7,9.764213409141771,6.470376774140667,33.7337632534459
single_sentence_1k,audio__female,Female TTS,8,18.30089624271568,11.134826681238717,39.15693235149224
single_sentence_1k,audio__female,Female TTS,8,12.521827267250046,7.877843659625796,37.087108043490275
single_sentence_1k,audio__female,Female TTS,8,11.363418986846227,10.178257664800185,10.429619143832772
single_sentence_1k,audio__female,Female TTS,10,15.821409810776823,12.89467203882523,18.4985902454662
single_sentence_1k,audio__female,Female TTS,10,14.290381238469854,10.322086779057646,27.768989456555005
single_sentence_1k,audio__female,Female TTS,7,12.635285748361119,9.386490470770818,25.712083939310126
single_sentence_1k,audio__female,Female TTS,7,14.422618212244872,19.321160978046205,-33.96431004214232
single_sentence_1k,audio__female,Female TTS,7,11.389752677375716,13.55087554646681,-18.97427389607754
single_sentence_1k,audio__female,Female TTS,6,20.97577016381547,12.28808686822837,41.41770827835395
single_sentence_1k,audio__female,Female TTS,9,11.88017106671921,6.047991597452589,49.09171287612794
single_sentence_1k,audio__female,Female TTS,9,15.59777175138394,10.729934967847335,31.2085396627547
single_sentence_1k,audio__female,Female TTS,8,20.39130519796163,10.762893572062694,47.2182213567252
single_sentence_1k,audio__female,Female TTS,7,12.088244446420244,14.700614174646034,-21.61082810498099
single_sentence_1k,audio__female,Female TTS,8,19.209938182495534,15.29657379566379,20.371561582627464
single_sentence_1k,audio__female,Female TTS,9,5.895700903402434,2.631944032931238,55.358250425961536
single_sentence_1k,audio__female,Female TTS,8,11.055249580647796,3.876081754992356,64.93899367249534
single_sentence_1k,audio__female,Female TTS,7,11.241562446446292,11.255249937122633,-0.12175790279640586
single_sentence_1k,audio__female,Female TTS,6,10.845481339065978,7.123527816517405,34.318011402056506
single_sentence_1k,audio__female,Female TTS,6,11.07272763736546,10.95954207071433,1.022201307193548
single_sentence_1k,audio__female,Female TTS,6,17.82699556043273,17.23958933034501,3.29503773138015
single_sentence_1k,audio__female,Female TTS,5,12.402198269963264,11.631077554664808,6.217613188510498
single_sentence_1k,audio__female,Female TTS,7,12.313796680154544,9.979792277151448,18.95438477366351
single_sentence_1k,audio__female,Female TTS,7,16.64374449722735,6.662636074115393,59.96912788930814
single_sentence_1k,audio__female,Female TTS,8,25.817933071870357,13.016039586587453,49.58527644194362
single_sentence_1k,audio__female,Female TTS,7,22.16752052812704,15.544686080089637,29.876297800803133
single_sentence_1k,audio__female,Female TTS,6,18.512186682627846,7.361946903706837,60.23188924182893
single_sentence_1k,audio__female,Female TTS,10,17.339554824726655,11.38903043053116,34.317630725501054
single_sentence_1k,audio__female,Female TTS,6,18.08236805939426,7.131487917510337,60.56109523882109
single_sentence_1k,audio__female,Female TTS,7,17.945118463539984,12.761319792107315,28.8869570962424
single_sentence_1k,audio__female,Female TTS,7,10.08098208129273,15.368266881651705,-52.44811227440415
single_sentence_1k,audio__female,Female TTS,7,17.678931844819868,8.365446997326217,52.68126450876392
single_sentence_1k,audio__female,Female TTS,4,9.020131821045652,1.2716726989165181,85.90183908455231
single_sentence_1k,audio__female,Female TTS,5,21.818397609470413,15.87224037462729,27.25295111618167
single_sentence_1k,audio__female,Female TTS,5,8.004226323030888,1.6585703228342539,79.2788177657848
single_sentence_1k,audio__female,Female TTS,5,9.792649903893471,8.387283560447395,14.351236460391734
single_sentence_1k,audio__female,Female TTS,10,16.767498460086063,13.324698965455173,20.532576775398248
single_sentence_1k,audio__female,Female TTS,7,27.50770624248045,24.823073525114783,9.75956589655505
single_sentence_1k,audio__female,Female TTS,5,8.489844051050023,8.00409735115245,5.721503209914632
single_sentence_1k,audio__female,Female TTS,7,13.655724112144005,3.3201631680931314,75.68665608043064
single_sentence_1k,audio__female,Female TTS,6,12.966603625565767,10.50759824179113,18.96414400241486
single_sentence_1k,audio__female,Female TTS,6,11.726926640694728,9.100926366607363,22.39291124218882
single_sentence_1k,audio__female,Female TTS,6,22.783591782984633,8.91931758967985,60.85201282292539
single_sentence_1k,audio__female,Female TTS,4,4.912782268598676,8.209342177495273,-67.10168960605921
single_sentence_1k,audio__female,Female TTS,6,8.989133016206324,1.2360394684462033,86.24962533964317
single_sentence_1k,audio__female,Female TTS,8,12.545478882762836,9.98934346776332,20.374952912411985
single_sentence_1k,audio__female,Female TTS,7,24.68344215619228,12.872556740065884,47.84942611078831
single_sentence_1k,audio__female,Female TTS,9,9.857439657117034,7.252175219744661,26.429423136172908
single_sentence_1k,audio__female,Female TTS,9,14.785760619160202,9.128186439749697,38.263666815213476
single_sentence_1k,audio__female,Female TTS,8,18.17206227616407,11.027299628851097,39.31729122833029
single_sentence_1k,audio__female,Female TTS,6,16.48401516551773,1.2476619309018133,92.43107993790403
single_sentence_1k,audio__female,Female TTS,9,16.474603769265943,9.17309833977682,44.31976350842735
single_sentence_1k,audio__female,Female TTS,9,7.3568599577993155,7.448260071539456,-1.24237941546302
single_sentence_1k,audio__female,Female TTS,6,9.24064775928855,0.9285104675703527,89.95188982680322
single_sentence_1k,audio__female,Female TTS,7,11.265418616522636,7.970039169448033,29.252170374222693
single_sentence_1k,audio__female,Female TTS,5,10.998695581181527,0.8395652182106914,92.36668373977761
single_sentence_1k,audio__female,Female TTS,4,16.42371669984277,2.632127765696282,83.97361685055442
single_sentence_1k,audio__female,Female TTS,5,8.544089187681674,3.865010176443633,54.76392987545169
single_sentence_1k,audio__female,Female TTS,5,10.69601728208363,3.343320871097967,68.74237594306996
single_sentence_1k,audio__female,Female TTS,7,10.985310379265554,10.528870117034264,4.1550056072408035
single_sentence_1k,audio__female,Female TTS,5,13.779200945049524,3.2602074616763277,76.3396478890336
single_sentence_1k,audio__female,Female TTS,5,6.903332148019399,2.9873743746935815,56.72561727236789
single_sentence_1k,audio__female,Female TTS,8,19.858512138249353,9.867287099637906,50.31205242898038
single_sentence_1k,audio__female,Female TTS,8,14.08382292278111,9.222295666218088,34.51852017181585
single_sentence_1k,audio__female,Female TTS,5,22.015747738780192,9.550800940812488,56.61832133010414
single_sentence_1k,audio__female,Female TTS,5,15.385563386719877,11.029821042132767,28.31058073795848
single_sentence_1k,audio__female,Female TTS,4,21.690474859904498,3.066935912705958,85.86044827273338
single_sentence_1k,audio__female,Female TTS,7,30.181402905711106,11.366459941204605,62.33952418741351
single_sentence_1k,audio__female,Female TTS,5,20.935226563364267,10.331826906952482,50.64860236558066
single_sentence_1k,audio__female,Female TTS,9,24.88558175621761,12.021620165926127,51.692428637226655
single_sentence_1k,audio__female,Female TTS,7,14.178122667861837,4.089455222477617,71.15658174020909
single_sentence_1k,audio__female,Female TTS,6,4.162259361241013,2.0915587874175494,49.7494364023982
single_sentence_1k,audio__female,Female TTS,8,12.851366147398949,9.497200092708226,26.099684782302997
single_sentence_1k,audio__female,Female TTS,7,12.843585407312535,5.431670386717741,57.709080334956916
single_sentence_1k,audio__female,Female TTS,8,11.518685144954361,11.418740333520873,0.8676755217783515
single_sentence_1k,audio__female,Female TTS,8,9.769979116739705,6.033801263602982,38.24141084124964
single_sentence_1k,audio__female,Female TTS,8,19.665822697454132,9.621889413819645,51.07303893741877
single_sentence_1k,audio__female,Female TTS,9,11.457799838648903,7.977198116901491,30.377574846497254
single_sentence_1k,audio__female,Female TTS,7,17.496866097407683,14.218241828721261,18.738351487825465
single_sentence_1k,audio__female,Female TTS,9,22.786889927254784,16.319972887383,28.37998981219846
single_sentence_1k,audio__female,Female TTS,9,24.57992081452782,5.339736139403698,78.27602383386167
single_sentence_1k,audio__female,Female TTS,6,11.467946829895178,4.2336073470069095,63.083127173466266
single_sentence_1k,audio__female,Female TTS,6,18.659084645142837,12.990574844325565,30.379356268651943
single_sentence_1k,audio__female,Female TTS,6,16.227372518430155,5.298651210078485,67.34744824486792
single_sentence_1k,audio__female,Female TTS,4,16.090573753142962,4.819874529672752,70.0453532383748
single_sentence_1k,audio__female,Female TTS,7,19.635642912571452,12.736577466342299,35.13541918106547
single_sentence_1k,audio__female,Female TTS,5,23.33405568614835,6.075755729723165,73.96185296099263
single_sentence_1k,audio__female,Female TTS,5,16.700726005714387,10.09705288349175,39.54123383596077
single_sentence_1k,audio__female,Female TTS,4,15.273719472810626,8.640789750039403,43.42707573344379
single_sentence_1k,audio__female,Female TTS,4,13.630719928303733,7.913577785773668,41.943068103531424
single_sentence_1k,audio__female,Female TTS,4,19.803073227405548,14.451375126838684,27.024583705324225
single_sentence_1k,audio__female,Female TTS,5,32.37826390685514,13.863636246614623,57.18227423651516
single_sentence_1k,audio__female,Female TTS,4,10.68260347226169,7.899847540866176,26.04941706037467
single_sentence_1k,audio__female,Female TTS,5,10.776634047903645,4.802879240364345,55.432473451219785
single_sentence_1k,audio__female,Female TTS,4,8.074397048272658,6.084604060612037,24.643239312665386
single_sentence_1k,audio__female,Female TTS,7,25.613266531544337,21.818304735774998,14.81639130680816
single_sentence_1k,audio__female,Female TTS,5,26.991866485774516,22.198616305802716,17.75812792530661
single_sentence_1k,audio__female,Female TTS,4,10.32844918214414,6.415024266295944,37.889762991851086
single_sentence_1k,audio__female,Female TTS,8,18.90106265770737,16.24275627437146,14.064322368943222
single_sentence_1k,audio__female,Female TTS,10,17.943783400347456,12.716467293386813,29.13162731812413
single_sentence_1k,audio__female,Female TTS,4,11.295792436925694,6.04748740537616,46.46247760708618
single_sentence_1k,audio__female,Female TTS,4,16.604978147661313,15.01572596708138,9.570938103304686
single_sentence_1k,audio__female,Female TTS,4,14.292719156015664,7.7193441165345575,45.99107397079469
single_sentence_1k,audio__female,Female TTS,6,23.251212303715874,13.376233688812553,42.47081178354369
single_sentence_1k,audio__female,Female TTS,8,17.075559288125078,10.050969629142891,41.13826985372786
single_sentence_1k,audio__female,Female TTS,9,26.636723660967416,24.356367721768848,8.560947540782305
single_sentence_1k,audio__female,Female TTS,7,20.407021523756807,8.92637858523189,56.25829778813994
single_sentence_1k,audio__female,Female TTS,6,13.836398357137417,2.542483233561749,81.6246745147358
single_sentence_1k,audio__female,Female TTS,6,27.96143874215583,6.33331481203398,77.34982498420008
single_sentence_1k,audio__female,Female TTS,5,13.204955440759658,5.648506384440407,57.224343468776915
single_sentence_1k,audio__female,Female TTS,4,12.847425105166622,6.696176827186719,47.8792304888095
single_sentence_1k,audio__female,Female TTS,6,27.976344550028443,7.139114769720133,74.48160263770816
single_sentence_1k,audio__female,Female TTS,7,18.73810306796804,17.208061417119875,8.165403110967533
single_sentence_1k,audio__female,Female TTS,4,14.638207644224167,6.205442841586773,57.607905336448276
single_sentence_1k,audio__female,Female TTS,5,24.505674057640135,9.19545946924336,62.47620266386228
single_sentence_1k,audio__female,Female TTS,5,27.454786444827914,17.916156392841366,34.7430495267374
single_sentence_1k,audio__female,Female TTS,4,9.535375405102968,10.091065401618835,-5.827667741518413
single_sentence_1k,audio__female,Female TTS,4,14.665708251297474,14.297752890597621,2.5089505013663387
single_sentence_1k,audio__female,Female TTS,5,52.64854326024651,21.123771194828443,59.87776700598964
single_sentence_1k,audio__female,Female TTS,6,10.8851627187881,2.1756204633469074,80.01297252459327
single_sentence_1k,audio__female,Female TTS,6,33.75581963608662,10.356318886910836,69.31990098726732
single_sentence_1k,audio__female,Female TTS,6,27.266623251761,24.025453618785832,11.88694912108649
single_sentence_1k,audio__female,Female TTS,5,18.521268913149832,11.502440070081501,37.89604738196454
single_sentence_1k,audio__female,Female TTS,10,21.579002912621945,13.827407213739935,35.92193638542938
single_sentence_1k,audio__female,Female TTS,6,12.701994133647531,6.584919156586693,48.1583829491523
single_sentence_1k,audio__female,Female TTS,5,29.417489266349,2.8379164631915046,90.35296167699182
single_sentence_1k,audio__female,Female TTS,10,22.42079840730876,15.654102290078663,30.180442258578445
single_sentence_1k,audio__female,Female TTS,6,12.45906661675023,11.994822583749226,3.726154191814531
single_sentence_1k,audio__female,Female TTS,6,14.203110807084158,10.64847347150832,25.027174566594763
single_sentence_1k,audio__female,Female TTS,6,19.688979427262286,11.023315145709992,44.01276517945571
single_sentence_1k,audio__female,Female TTS,7,22.398555404291983,16.094092594240177,28.146738467087715
single_sentence_1k,audio__female,Female TTS,10,14.448990623094142,3.485056377240835,75.88027795055392
single_sentence_1k,audio__female,Female TTS,6,18.30049264555176,12.888875094820799,29.570884541440716
single_sentence_1k,audio__female,Female TTS,8,10.341464298311621,4.392360180178002,57.526709434222845
single_sentence_1k,audio__female,Female TTS,9,10.97423888122042,8.89232405091914,18.9709268481839
single_sentence_1k,audio__female,Female TTS,8,21.647130444878712,12.154020497458987,43.85389542319504
single_sentence_1k,audio__female,Female TTS,9,22.834056958200463,16.15113867841859,29.267327711477115
single_sentence_1k,audio__female,Female TTS,8,22.79409799323912,8.628884532780603,62.14421586087773
single_sentence_1k,audio__female,Female TTS,8,19.81574302149238,9.80210003868342,50.53377494827244
single_sentence_1k,audio__female,Female TTS,7,21.027915554719844,13.693559415517873,34.879140160688586
single_sentence_1k,audio__female,Female TTS,6,18.755349490018187,7.579117541636843,59.58956912175623
single_sentence_1k,audio__female,Female TTS,6,13.672622508058945,6.495487589158681,52.492745372512864
single_sentence_1k,audio__female,Female TTS,7,13.714183797794833,4.699039971700894,65.73591224250274
single_sentence_1k,audio__female,Female TTS,8,15.208172298967838,11.25493155411823,25.99418698799139
single_sentence_1k,audio__female,Female TTS,9,19.328477588795877,10.198188514070766,47.23749727716609
single_sentence_1k,audio__female,Female TTS,7,18.951582700177305,19.436035899387093,-2.556267763352852
single_sentence_1k,audio__female,Female TTS,9,35.262230588226686,16.288199420139588,53.80836904407893
single_sentence_1k,audio__female,Female TTS,8,25.605039097135887,17.28658914459993,32.487550286406076
single_sentence_1k,audio__female,Female TTS,8,21.380630303523503,14.412257635824062,32.59198895811346
single_sentence_1k,audio__female,Female TTS,7,18.719787554216705,13.482594979884848,27.976773556664423
single_sentence_1k,audio__female,Female TTS,8,36.75011988263577,16.99667586106807,53.75069274508978
single_sentence_1k,audio__female,Female TTS,9,24.62548435664631,19.469362515055582,20.938154015229
single_sentence_1k,audio__female,Female TTS,7,19.675131199615343,14.906916764165674,24.2347275201036
single_sentence_1k,audio__female,Female TTS,9,19.742000140094508,14.18416732923894,28.152328899887046
single_sentence_1k,audio__female,Female TTS,6,17.906948806717992,6.896704467756838,61.48587600155833
single_sentence_1k,audio__female,Female TTS,7,21.360864093489777,25.903715340461094,-21.26716984429416
single_sentence_1k,audio__female,Female TTS,10,11.694162832316943,12.840866188436484,-9.805775518625536
single_sentence_1k,audio__female,Female TTS,6,17.09927234472707,9.281456729973192,45.72016549677724
single_sentence_1k,audio__female,Female TTS,9,26.46921706613567,12.620037838540156,52.3218317829051
single_sentence_1k,audio__female,Female TTS,9,16.425484898034483,5.540591639604019,66.26832222002152
single_sentence_1k,audio__female,Female TTS,10,18.477559720352293,16.03685782979228,13.209005558627304
single_sentence_1k,audio__female,Female TTS,9,35.287085832717516,14.251437531758306,59.61288047610709
single_sentence_1k,audio__female,Female TTS,8,24.705442637205124,26.848072391667756,-8.672703363087866
single_sentence_1k,audio__female,Female TTS,8,27.938577939939023,22.833934235648215,18.27095035139054
single_sentence_1k,audio__female,Female TTS,7,33.549302632521304,15.501465329118739,53.7949700507567
single_sentence_1k,audio__female,Female TTS,7,23.665890779429382,17.404793988792726,26.456205891387203
single_sentence_1k,audio__female,Female TTS,9,17.363585579707028,9.928768555478907,42.81844317291963
single_sentence_1k,audio__female,Female TTS,7,24.73212348362514,15.669437214423956,36.643381128197454
single_sentence_1k,audio__female,Female TTS,9,19.05125907050549,18.557597184496345,2.5912297144361283
single_sentence_1k,audio__female,Female TTS,8,13.854879852209706,7.688637413579272,44.50592501996316
single_sentence_1k,audio__female,Female TTS,7,16.721427481549785,4.335419043774989,74.0726738278856
single_sentence_1k,audio__female,Female TTS,6,14.769745477785667,3.9606296406406423,73.18417134135724
single_sentence_1k,audio__female,Female TTS,10,22.7726932246238,12.74490042536097,44.03428571382113
single_sentence_1k,audio__female,Female TTS,8,19.415470968931913,17.496455848139703,9.88394834131484
single_sentence_1k,audio__female,Female TTS,7,21.685139149427414,9.314211752265692,57.047950266384944
single_sentence_1k,audio__female,Female TTS,5,12.226555033773185,3.0576523296535014,74.9917100834421
single_sentence_1k,audio__female,Female TTS,7,13.52065742528066,7.97414862130207,41.02247863782006
single_sentence_1k,audio__female,Female TTS,9,21.830375899127425,13.279776904983558,39.16835437765247
single_sentence_1k,audio__female,Female TTS,6,11.957063111996527,5.152875250912146,56.90517644134316
single_sentence_1k,audio__female,Female TTS,9,25.81027257587347,20.452283623403574,20.7591335454487
single_sentence_1k,audio__female,Female TTS,8,21.38826719019562,7.628014129134499,64.3355206791545
single_sentence_1k,audio__female,Female TTS,7,17.455983920821122,4.719650070914732,72.96256634789154
single_sentence_1k,audio__female,Female TTS,10,24.05928639397025,25.550176165382435,-6.19673313247492
single_sentence_1k,audio__female,Female TTS,7,23.871511208767124,7.668655633420242,67.8752821036155
single_sentence_1k,audio__female,Female TTS,6,26.54319862121095,15.340631308965385,42.20503893337661
single_sentence_1k,audio__female,Female TTS,6,17.64239287896392,1.4269326370340423,91.91190987059665
single_sentence_1k,audio__female,Female TTS,8,25.221292285015807,12.428018489576061,50.72410109231533
single_sentence_1k,audio__female,Female TTS,10,10.18513813122554,4.682661065697848,54.02456986477413
single_sentence_1k,audio__female,Female TTS,9,18.115082045357365,10.346068837337953,42.88698880064139
single_sentence_1k,audio__female,Female TTS,5,14.587411791598424,10.02992485096911,31.242601537129328
single_sentence_1k,audio__female,Female TTS,8,14.102680866024457,7.878536576608894,44.1344759095449
single_sentence_1k,audio__female,Female TTS,8,16.430306757203653,9.232829786764341,43.806102203683274
single_sentence_1k,audio__female,Female TTS,5,22.5439607873559,11.809705893695355,47.614769183243986
single_sentence_1k,audio__female,Female TTS,6,21.676829755461466,21.325010447452467,1.6230201186147064
single_sentence_1k,audio__female,Female TTS,7,26.261806006967422,12.29008650895308,53.20167049557657
single_sentence_1k,audio__female,Female TTS,6,28.428159344693466,23.76862523681815,16.390558570388368
single_sentence_1k,audio__female,Female TTS,6,20.463220237831894,14.577677928318735,28.76156460766676
single_sentence_1k,audio__female,Female TTS,6,31.404124018270522,17.410748824787635,44.55903684924221
single_sentence_1k,audio__female,Female TTS,6,24.935440784793172,22.304995321338083,10.549023320491134
single_sentence_1k,audio__female,Female TTS,6,12.685170160373673,8.350965578885129,34.16749264450442
single_sentence_1k,audio__female,Female TTS,7,17.775885053186876,13.27845739559921,25.30072423472025
single_sentence_1k,audio__female,Female TTS,8,26.063517199654598,21.7471609387012,16.560912435143635
single_sentence_1k,audio__female,Female TTS,7,14.877190121582576,10.184664255872901,31.541748323173962
single_sentence_1k,audio__female,Female TTS,4,14.159204277442768,9.008535541768651,36.37682340581611
single_sentence_1k,audio__female,Female TTS,5,15.012948140130902,5.807902839913209,61.314041814424286
single_sentence_1k,audio__female,Female TTS,10,10.32326593049802,7.703993790235836,25.372514453241667
single_sentence_1k,audio__female,Female TTS,7,9.009018766826816,5.215238061065388,42.11092022286557
single_sentence_1k,audio__female,Female TTS,8,20.025139837426593,16.191721149845485,19.143030803792563
single_sentence_1k,audio__female,Female TTS,5,16.26786404669401,14.765404132818981,9.235754058200182
single_sentence_1k,audio__female,Female TTS,9,14.06819999312817,15.44286438043317,-9.77143051688543
single_sentence_1k,audio__female,Female TTS,6,29.65536868556713,2.5830451421813145,91.28978914553691
single_sentence_1k,audio__female,Female TTS,9,29.905506350695052,23.24342533198069,22.27710489362614
single_sentence_1k,audio__female,Female TTS,7,8.724393633859497,2.843854171912036,67.40341746072762
single_sentence_1k,audio__female,Female TTS,6,11.445296681175629,6.77610416871418,40.795731578902526
single_sentence_1k,audio__female,Female TTS,9,15.92576532655706,7.470765775438243,53.09006743317796
single_sentence_1k,audio__female,Female TTS,8,11.940085238893516,13.531469449444558,-13.328080819450784
single_sentence_1k,audio__female,Female TTS,7,18.569059824803844,8.312900196722953,55.2325197120702
single_sentence_1k,audio__female,Female TTS,6,17.547694652249145,8.172258135040147,53.42830897736939
single_sentence_1k,audio__female,Female TTS,8,9.878221635590307,8.15240410903516,17.47093343539882
single_sentence_1k,audio__female,Female TTS,7,9.88524580174791,6.391810817542137,35.33988991541378
single_sentence_1k,audio__female,Female TTS,6,12.037660983383716,6.094653038954115,49.3701222574143
single_sentence_1k,audio__female,Female TTS,8,13.38903660705546,10.620193378208569,20.679928736529305
single_sentence_1k,audio__female,Female TTS,9,16.842237677114706,11.05962614791416,34.33398601812857
single_sentence_1k,audio__female,Female TTS,9,13.606832437527677,7.543252768442875,44.56275695996251
single_sentence_1k,audio__female,Female TTS,9,10.47228387312498,8.374697736404617,20.029882326847517
single_sentence_1k,audio__female,Female TTS,8,32.99215757835191,19.96253612880082,39.49308686043797
single_sentence_1k,audio__female,Female TTS,9,17.449692715269823,12.599585444774776,27.79480045657669
single_sentence_1k,audio__female,Female TTS,9,17.107637848601573,5.894378604006811,65.54533912764214
single_sentence_1k,audio__female,Female TTS,10,12.757787604257464,13.688715819336357,-7.296940848648621
single_sentence_1k,audio__female,Female TTS,9,15.068917066224255,10.720512361919772,28.856783040176637
single_sentence_1k,audio__female,Female TTS,6,27.263070901545387,5.727619866025634,78.99128866770117
single_sentence_1k,audio__female,Female TTS,9,21.283481892612244,16.617815613312512,21.9215366303351
single_sentence_1k,audio__female,Female TTS,8,27.3228814805625,10.980824746540748,59.810883217597286
single_sentence_1k,audio__female,Female TTS,7,16.679826072949385,9.452482792548835,43.32984797798066
single_sentence_1k,audio__female,Female TTS,10,18.31416735239327,12.294658715409605,32.86804429138868
single_sentence_1k,audio__female,Female TTS,7,19.22490134070228,4.114165333349125,78.59981042067166
single_sentence_1k,audio__female,Female TTS,5,7.766079444251955,2.70582104253117,65.15846815687834
single_sentence_1k,audio__female,Female TTS,6,11.76682301669401,5.029083932970938,57.26047782110772
single_sentence_1k,audio__female,Female TTS,8,23.948552289733925,11.899852444515854,50.31076492412033
single_sentence_1k,audio__female,Female TTS,5,11.461740992823616,4.055139731563395,64.62021141376005
single_sentence_1k,audio__female,Female TTS,4,21.091486043478653,1.137759417106281,94.60559860618228
single_sentence_1k,audio__female,Female TTS,7,14.495034400905881,6.513802206509614,55.06183685840354
single_sentence_1k,audio__female,Female TTS,5,17.29437244273722,16.14344565466745,6.654920795076919
single_sentence_1k,audio__female,Female TTS,7,19.503746894853457,10.452113296002997,46.40971628502294
single_sentence_1k,audio__female,Female TTS,5,12.60874749161303,6.106350365839899,51.57052379785015
single_sentence_1k,audio__female,Female TTS,7,14.86786369660071,15.833306199053498,-6.493485023497495
single_sentence_1k,audio__female,Female TTS,8,23.131934646109585,23.068737971863357,0.2732009890787793
single_sentence_1k,audio__female,Female TTS,6,22.25932911535104,11.59754191419294,47.898061733609254
single_sentence_1k,audio__female,Female TTS,5,14.41760812997818,6.958646096865413,51.735086471129215
single_sentence_1k,audio__female,Female TTS,8,14.97974830120802,5.493120285225359,63.32968902566691
single_sentence_1k,audio__female,Female TTS,6,14.959907883157333,4.9582533744930215,66.8563910070911
single_sentence_1k,audio__female,Female TTS,8,13.108200486225542,1.3403775922388377,89.77451105018311
single_sentence_1k,audio__female,Female TTS,6,14.67418587487191,5.711119292575499,61.080503264203394
single_sentence_1k,audio__female,Female TTS,4,32.09104988300214,5.141439187124733,83.97858840433878
single_sentence_1k,audio__female,Female TTS,7,20.849970881161944,17.764756246363188,14.797213158634499
single_sentence_1k,audio__female,Female TTS,6,22.983370863188004,6.149398367502887,73.24414071326564
single_sentence_1k,audio__female,Female TTS,9,16.496505926397123,11.792583852807034,28.514656949645563
single_sentence_1k,audio__female,Female TTS,10,15.843118995067197,8.68959692995874,45.15223339126424
single_sentence_1k,audio__female,Female TTS,6,29.034233471378684,11.006485794981321,62.09135052306004
single_sentence_1k,audio__female,Female TTS,7,12.32723409043891,12.048447115685642,2.2615533436612325
single_sentence_1k,audio__female,Female TTS,7,11.786905455802168,13.08175254570211,-10.98547107852254
single_sentence_1k,audio__female,Female TTS,7,8.505212492176465,1.2907276311447171,84.82427532137504
single_sentence_1k,audio__female,Female TTS,5,16.884523985115813,3.648122540694989,78.39369031717499
single_sentence_1k,audio__female,Female TTS,6,12.182266809222105,1.9444882678931965,84.03837070436515
single_sentence_1k,audio__female,Female TTS,6,25.19405454651739,13.39194576007183,46.844817155787986
single_sentence_1k,audio__female,Female TTS,7,31.185536244085856,17.378707963272713,44.273178991531765
single_sentence_1k,audio__female,Female TTS,6,13.431721454117602,6.600946281128409,50.85554518326587
single_sentence_1k,audio__female,Female TTS,6,18.243618180354435,13.632721121044597,25.274027409075376
single_sentence_1k,audio__female,Female TTS,7,16.42151870764792,6.428669039012415,60.85216505573007
single_sentence_1k,audio__female,Female TTS,6,16.85298025573138,9.748503820447619,42.155608844718515
single_sentence_1k,audio__female,Female TTS,8,18.906057460117154,2.9220831601924147,84.54419613207762
single_sentence_1k,audio__female,Female TTS,8,16.72602193802595,6.5668808015503615,60.738537675711065
single_sentence_1k,audio__female,Female TTS,5,14.648501771166229,3.973333244967182,72.87549739190257
single_sentence_1k,audio__female,Female TTS,4,11.565270405786578,4.921564579883125,57.445313363182024
single_sentence_1k,audio__female,Female TTS,6,23.05475821563353,5.13117099991526,77.74354885042433
single_sentence_1k,audio__female,Female TTS,6,53.56083278466637,12.531094634907282,76.60399589885627
single_sentence_1k,audio__female,Female TTS,5,29.36758508393541,10.968293012154755,62.65170261427249
single_sentence_1k,audio__female,Female TTS,6,10.230652966536582,3.0228647273033857,70.4528661348316
single_sentence_1k,audio__female,Female TTS,7,20.811394882255367,14.785496354178965,28.954803664863068
single_sentence_1k,audio__female,Female TTS,7,16.23679637676105,7.087379086130698,56.34989241920577
single_sentence_1k,audio__female,Female TTS,7,10.5751588309982,3.1992505098293935,69.74749447306965
single_sentence_1k,audio__female,Female TTS,6,15.550858811785778,11.212193302605547,27.899845029086222
single_sentence_1k,audio__female,Female TTS,6,9.45397044857964,6.384363823457107,32.468967846030324
single_sentence_1k,audio__female,Female TTS,6,11.538238485654196,10.564046553046259,8.443159966048336
single_sentence_1k,audio__female,Female TTS,7,29.573850695575988,9.63369088073627,67.4249695114022
single_sentence_1k,audio__female,Female TTS,6,14.531110689199219,5.07978149853552,65.04202873968022
single_sentence_1k,audio__female,Female TTS,8,23.762679229169407,3.72475070229504,84.32520732879819
single_sentence_1k,audio__female,Female TTS,6,15.024759076690922,6.0653706900641495,59.63082895968807
single_sentence_1k,audio__female,Female TTS,9,18.583099860594505,13.161892032933086,29.17278531746525
single_sentence_1k,audio__female,Female TTS,6,21.443652578319114,24.79976532255144,-15.650844612291325
single_sentence_1k,audio__female,Female TTS,6,13.178735806955956,4.156308992894007,68.4620053563845
single_sentence_1k,audio__female,Female TTS,8,18.297712945178432,11.409725626046068,37.64397954962669
single_sentence_1k,audio__female,Female TTS,7,19.937173883771916,10.202329788596327,48.82760290865183
single_sentence_1k,audio__female,Female TTS,6,17.372776640889544,6.209891872136116,64.25504108813462
single_sentence_1k,audio__female,Female TTS,7,15.495974197779235,10.723170116845251,30.800284125524588
single_sentence_1k,audio__female,Female TTS,7,10.133165964658215,3.6226203487340576,64.249866612579
single_sentence_1k,audio__female,Female TTS,8,22.081208197865635,8.366512140477425,62.110261062226975
single_sentence_1k,audio__female,Female TTS,9,21.396344983743298,10.183788783900026,52.40407279076145
single_sentence_1k,audio__female,Female TTS,6,15.064041775185615,8.17973586904571,45.700257665775624
single_sentence_1k,audio__female,Female TTS,7,22.357031645120255,8.464288483856112,62.14037436537974
single_sentence_1k,audio__female,Female TTS,7,17.525012998442566,11.395839033611992,34.97386258929034
single_sentence_1k,audio__female,Female TTS,4,14.908762206996471,2.236495420589563,84.99878534825643
single_sentence_1k,audio__female,Female TTS,5,16.97416121205315,4.379704453391332,74.19781514575602
single_sentence_1k,audio__female,Female TTS,4,26.41120969160147,2.107136276563665,92.02181080999968
single_sentence_1k,audio__female,Female TTS,4,22.265184825216238,0.3283877598791278,98.52510651738577
single_sentence_1k,audio__female,Female TTS,7,14.311378285460055,3.6834336544827226,74.26220185776945
single_sentence_1k,audio__female,Female TTS,4,15.733871316537261,0.7079672478084831,95.50036203064425
single_sentence_1k,audio__female,Female TTS,4,18.507557143224403,10.87411479124603,41.24500220588523
single_sentence_1k,audio__female,Female TTS,4,8.44223749959201,7.843378487673931,7.093605361694942
single_sentence_1k,audio__female,Female TTS,6,14.108700447482988,2.049225755419078,85.47544642366644
single_sentence_1k,audio__female,Female TTS,4,25.11023685336113,0.8389402427583263,96.65897120900303
single_sentence_1k,audio__female,Female TTS,6,21.597284330676,12.096783666517391,43.98932994860119
single_sentence_1k,audio__female,Female TTS,4,33.956440374284284,0.6764649545919319,98.00784491208263
single_sentence_1k,audio__female,Female TTS,4,16.081430154844384,1.5670167346037935,90.25573770793174
single_sentence_1k,audio__female,Female TTS,7,18.81449293611305,5.093378502291411,72.92843065403564
single_sentence_1k,audio__female,Female TTS,5,16.591089206669132,7.591290071892172,54.24477575082476
single_sentence_1k,audio__female,Female TTS,5,23.228491097688675,5.409623093809932,76.7112591555798
single_sentence_1k,audio__female,Female TTS,5,16.817564535140992,10.76044403075357,36.01663303702994
single_sentence_1k,audio__female,Female TTS,5,15.620267348736524,7.495694894680975,52.01301791235168
single_sentence_1k,audio__female,Female TTS,5,10.66876392364502,1.6052338437875733,84.95389104795994
single_sentence_1k,audio__female,Female TTS,6,20.279857441705342,2.3472875633488,88.4255223682114
single_sentence_1k,audio__female,Female TTS,5,25.379931628878694,1.186691583506257,95.32429164562456
single_sentence_1k,audio__female,Female TTS,6,21.885362577248696,2.888959910958581,86.79957939576543
single_sentence_1k,audio__female,Female TTS,4,13.374976519262418,0.2885853192128707,97.84234896564301
single_sentence_1k,audio__female,Female TTS,5,13.914940359792672,4.382637188234367,68.50408931037872
single_sentence_1k,audio__female,Female TTS,6,11.882188606454292,2.2348309351599434,81.19175676149423
single_sentence_1k,audio__female,Female TTS,4,12.295567464256237,2.331108602861221,81.04106532994221
single_sentence_1k,audio__female,Female TTS,5,19.626128613948822,3.2469282374018804,83.45609416268574
single_sentence_1k,audio__female,Female TTS,7,39.955538604940685,30.070907887337462,24.739075138836803
single_sentence_1k,audio__female,Female TTS,7,13.425655362861496,4.89796256369196,63.51788846568436
single_sentence_1k,audio__female,Female TTS,6,18.655033856630325,11.180100057347696,40.06925882166602
single_sentence_1k,audio__female,Female TTS,7,23.245208733848163,13.651987040400854,41.269673261648464
single_sentence_1k,audio__female,Female TTS,5,33.132569164037704,9.809911840343556,70.39193733581247
single_sentence_1k,audio__female,Female TTS,7,19.201114814196313,11.087239695561168,42.25731264643115
single_sentence_1k,audio__female,Female TTS,4,8.286669388355222,5.914088680998248,28.631294385788152
single_sentence_1k,audio__female,Female TTS,7,14.73941866574543,1.4360408996206908,90.2571401750188
single_sentence_1k,audio__female,Female TTS,5,24.450540578365327,6.0188430366222745,75.38359932234809
single_sentence_1k,audio__female,Female TTS,6,17.400995921406622,3.5750696330736296,79.45479874128586
single_sentence_1k,audio__female,Female TTS,5,14.216746808987228,3.0324566392239602,78.66982735243643
single_sentence_1k,audio__female,Female TTS,7,12.38809530752977,7.710752819600933,37.756752525836966
single_sentence_1k,audio__female,Female TTS,4,22.09893042827025,15.723994768089021,28.847258833966176
single_sentence_1k,audio__female,Female TTS,5,9.336434328462929,4.810140108561939,48.47990207677239
single_sentence_1k,audio__female,Female TTS,6,12.050171429912249,6.510990270251277,45.967654417853446
single_sentence_1k,audio__female,Female TTS,6,16.92724998295307,4.136614191993431,75.56239674986018
single_sentence_1k,audio__female,Female TTS,5,17.76310727596283,9.999491273802414,43.70640722677051
single_sentence_1k,audio__female,Female TTS,4,22.940768532454967,13.789253087350517,39.89193052603071
single_sentence_1k,audio__female,Female TTS,7,16.70123335639281,7.983117978531352,52.200428506223965
single_sentence_1k,audio__female,Female TTS,7,17.79272493666836,7.0250823115576555,60.51710833184451
single_sentence_1k,audio__female,Female TTS,8,36.5403990149498,12.15870527772313,66.72530786336343
single_sentence_1k,audio__female,Female TTS,7,19.71519993564912,8.612661578715363,56.3146120413321
single_sentence_1k,audio__female,Female TTS,8,12.58850291930139,7.673028501384579,39.04733111973255
single_sentence_1k,audio__female,Female TTS,7,19.38263049615281,14.392635494169165,25.74467383554617
single_sentence_1k,audio__female,Female TTS,6,17.207718800132472,8.872792066831607,48.43713934491247
single_sentence_1k,audio__female,Female TTS,6,17.74027041392401,2.8665250781812595,83.84170584045113
single_sentence_1k,audio__female,Female TTS,7,17.13363245192782,5.915963018874338,65.47163576974773
single_sentence_1k,audio__female,Female TTS,5,25.00922444164753,9.11211838898016,63.56497015634811
single_sentence_1k,audio__female,Female TTS,9,28.056431827238864,11.911198918526578,57.545567476750655
single_sentence_1k,audio__female,Female TTS,5,23.197076001763342,16.7821532335307,27.654014530732272
single_sentence_1k,audio__female,Female TTS,9,12.904661995151805,6.615522736424787,48.73540477921704
single_sentence_1k,audio__female,Female TTS,7,17.139232657317603,10.728214566749687,37.40551411343803
single_sentence_1k,audio__female,Female TTS,7,35.3399953810232,19.04066939812869,46.1214717409015
single_sentence_1k,audio__female,Female TTS,5,9.623220564424992,11.597991870432816,-20.520898308287094
single_sentence_1k,audio__female,Female TTS,8,33.12927307467908,23.704839508012558,28.447450523355055
single_sentence_1k,audio__female,Female TTS,6,28.069452298184235,15.533139811046567,44.66176380630206
single_sentence_1k,audio__female,Female TTS,5,16.387588778845384,10.322375400459247,37.011017668539964
single_sentence_1k,audio__female,Female TTS,8,20.895137131330557,6.648650268132769,68.18087277271964
single_sentence_1k,audio__female,Female TTS,7,22.091589913370886,15.271573667117211,30.871550092127478
single_sentence_1k,audio__female,Female TTS,9,22.34197600434224,19.17291122640524,14.18435315354864
single_sentence_1k,audio__female,Female TTS,6,33.49511540836344,14.833420963957906,55.714674264850785
single_sentence_1k,audio__female,Female TTS,8,22.76682500806055,13.399975123371405,41.14253911721477
single_sentence_1k,audio__female,Female TTS,8,25.784347011242062,20.70713911114217,19.691047044496464
single_sentence_1k,audio__female,Female TTS,6,11.483131416141987,7.06843337763227,38.44507110929619
single_sentence_1k,audio__female,Female TTS,7,15.674603773544991,12.973567375417721,17.23192775492021
single_sentence_1k,audio__female,Female TTS,6,10.540681279536026,4.056930754535216,61.51168366686644
single_sentence_1k,audio__female,Female TTS,7,15.982528037192035,6.9331122850916085,56.620678099497425
single_sentence_1k,audio__female,Female TTS,7,10.493680338109177,5.330760289021002,49.20027943235848
single_sentence_1k,audio__female,Female TTS,8,38.84533527761232,15.797527434420772,59.33224074004752
single_sentence_1k,audio__female,Female TTS,8,18.756405033520423,9.725684673396245,48.14739468456225
single_sentence_1k,audio__female,Female TTS,7,12.528437554173122,6.532426289355077,47.85921020790675
single_sentence_1k,audio__female,Female TTS,7,13.406850702735808,5.950008943917234,55.619637483521224
single_sentence_1k,audio__female,Female TTS,7,11.049360913889748,6.238258195622612,43.54190939875331
single_sentence_1k,audio__female,Female TTS,6,18.246374198133708,7.9831898295203985,56.24780165729068
single_sentence_1k,audio__female,Female TTS,9,26.19988089799881,18.305894423421705,30.129856335263188
single_sentence_1k,audio__female,Female TTS,7,9.585324777261121,3.515364493354582,63.325556775145074
single_sentence_1k,audio__female,Female TTS,6,5.022288255393505,3.821680688420505,23.905588566798237
single_sentence_1k,audio__female,Female TTS,7,22.479828218796424,14.202180385141608,36.822558220144636
single_sentence_1k,audio__female,Female TTS,6,12.44235330523649,9.23576267622756,25.771576729455216
single_sentence_1k,audio__female,Female TTS,3,19.652913639942806,18.156546176663444,7.613972618483034
single_sentence_1k,audio__female,Female TTS,5,19.976812675595284,7.108423507632688,64.41662830268861
single_sentence_1k,audio__female,Female TTS,7,18.69754544539111,13.073080463234623,30.08130130547644
single_sentence_1k,audio__female,Female TTS,8,24.24102040650905,24.380650286176213,-0.5760066091511107
single_sentence_1k,audio__female,Female TTS,5,9.361738964915276,8.97923846727499,4.08578469314057
single_sentence_1k,audio__female,Female TTS,4,10.771265846677125,5.066033772134688,52.96714569813045
single_sentence_1k,audio__female,Female TTS,7,11.728628448077611,6.085051331951815,48.11796316261353
single_sentence_1k,audio__female,Female TTS,6,8.138545389442394,0.3012463538399608,96.29852339177529
single_sentence_1k,audio__female,Female TTS,9,22.34622105749117,5.998542915142025,73.15634308051776
single_sentence_1k,audio__female,Female TTS,7,16.107442617416382,4.697794840039153,70.83463246387977
single_sentence_1k,audio__female,Female TTS,4,21.135315703559172,1.7287231509786523,91.82068924247231
single_sentence_1k,audio__female,Female TTS,4,35.38003317359835,9.505263189377729,73.133820585361
single_sentence_1k,audio__female,Female TTS,5,26.71856838366075,0.7690586050117393,97.12163243940104
single_sentence_1k,audio__female,Female TTS,4,15.37922029197216,6.976995431803516,54.63362056498107
single_sentence_1k,audio__female,Female TTS,4,29.718531349388286,3.0270711763800335,89.8141966007942
single_sentence_1k,audio__female,Female TTS,8,13.321950629353523,6.5597478396084625,50.75985475314144
single_sentence_1k,audio__female,Female TTS,5,17.99071471095085,5.681825378659414,68.41801190254593
single_sentence_1k,audio__female,Female TTS,6,18.66021078824997,8.788042938359089,52.90491067821819
single_sentence_1k,audio__female,Female TTS,8,11.262836799491197,8.332297649776592,26.0195473119791
single_sentence_1k,audio__female,Female TTS,4,19.75357398026972,6.7869396663125485,65.64196599009635
single_sentence_1k,audio__female,Female TTS,5,11.932356771826743,0.7731682539219037,93.52040616362213
single_sentence_1k,audio__female,Female TTS,4,11.395469106733799,6.7967530148683934,40.35565406559645
single_sentence_1k,audio__female,Female TTS,7,19.835673770202057,15.19862844234125,23.377301832956956
single_sentence_1k,audio__female,Female TTS,6,28.975170532862347,17.62724845710909,39.16429780070819
single_sentence_1k,audio__female,Female TTS,4,35.83450049906969,29.87239994923584,16.63787820898643
single_sentence_1k,audio__female,Female TTS,7,19.87041095584365,8.461364089584523,57.417266767217335
single_sentence_1k,audio__female,Female TTS,5,14.304808133840561,1.9487304560374468,86.37709476558878
single_sentence_1k,audio__female,Female TTS,5,25.40433759660227,3.608002295638215,85.79769190234359
single_sentence_1k,audio__female,Female TTS,6,15.184378041575352,7.529656455784182,50.411821708023055
single_sentence_1k,audio__female,Female TTS,5,16.033339112997055,5.384908615448512,66.41430348664328
single_sentence_1k,audio__female,Female TTS,5,6.048282614771597,3.2745315045708936,45.860143893184286
single_sentence_1k,audio__female,Female TTS,8,11.398227432975546,5.436153286800618,52.30702915197497
single_sentence_1k,audio__female,Female TTS,5,17.35897964835167,8.04718120880425,53.6425448279826
single_sentence_1k,audio__female,Female TTS,5,23.06248295554833,18.953657522984123,17.816058403094505
single_sentence_1k,audio__female,Female TTS,7,11.360562091161098,1.9624515709167878,82.72575287059395
single_sentence_1k,audio__female,Female TTS,8,16.33949756040238,6.341207274090266,61.190928603228684
single_sentence_1k,audio__female,Female TTS,6,16.1168586423931,0.41146949922343384,97.44696216332677
single_sentence_1k,audio__female,Female TTS,5,18.6741024017334,8.19009392831606,56.14196735069942
single_sentence_1k,audio__female,Female TTS,5,21.04895465373993,14.515461897599744,31.039511764919546
single_sentence_1k,audio__female,Female TTS,6,22.411248424400885,12.754644305049325,43.088202569017334
single_sentence_1k,audio__female,Female TTS,8,9.04987476579845,5.277098164810468,41.688716127279115
single_sentence_1k,audio__female,Female TTS,6,16.857536906643265,10.463384990258362,37.930523016473884
single_sentence_1k,audio__female,Female TTS,4,11.248770254896954,7.229799516964704,35.72808979881745
single_sentence_1k,audio__female,Female TTS,4,7.93815973638084,0.965451263497016,87.83784535007122
single_sentence_1k,audio__female,Female TTS,7,17.647981256741332,9.876957358461299,44.033500405671546
single_sentence_1k,audio__female,Female TTS,6,14.719654276967049,1.6434404336905573,88.83506091401772
single_sentence_1k,audio__female,Female TTS,6,4.17876438703388,3.033900211011011,27.397193763190426
single_sentence_1k,audio__female,Female TTS,6,12.25819163924704,8.436535504016016,31.176345155146958
single_sentence_1k,audio__female,Female TTS,7,24.373841136960046,12.05202116527133,50.55345976225361
single_sentence_1k,audio__female,Female TTS,4,26.700042193529953,17.012175890198705,36.284086119080534
single_sentence_1k,audio__female,Female TTS,5,8.440655263699592,2.5149891552122425,70.20386360252904
single_sentence_1k,audio__female,Female TTS,6,10.961676765737744,2.5803584802003265,76.46018455620222
single_sentence_1k,audio__female,Female TTS,4,16.04875277262181,13.337223669761443,16.895575259194413
single_sentence_1k,audio__female,Female TTS,7,21.06750161267285,8.919360059132616,57.66294350836881
single_sentence_1k,audio__female,Female TTS,5,12.449155610799789,12.054142926295754,3.1730078477078156
single_sentence_1k,audio__female,Female TTS,7,25.10135827067175,10.847748553879294,56.78421686624932
single_sentence_1k,audio__female,Female TTS,6,21.25487770293451,1.370767341053579,93.550810500009
single_sentence_1k,audio__female,Female TTS,4,11.569385387003422,1.82892021004227,84.19172541268438
single_sentence_1k,audio__female,Female TTS,4,11.095193356275558,2.3542911021213513,78.78098175918909
single_sentence_1k,audio__female,Female TTS,5,13.43817184154177,7.34013445180608,45.3784745547357
single_sentence_1k,audio__female,Female TTS,7,23.672800723995483,4.59285972708936,80.59857901632276
single_sentence_1k,audio__female,Female TTS,4,22.129034677054733,12.465422323904932,43.6693804957062
single_sentence_1k,audio__female,Female TTS,6,15.633350268860037,9.345205675834828,40.222629729921174
single_sentence_1k,audio__female,Female TTS,4,22.301400597305474,36.876647280123095,-65.35574579373571
single_sentence_1k,audio__female,Female TTS,4,13.829129785299301,2.7832345499191433,79.87411649807648
single_sentence_1k,audio__female,Female TTS,4,8.599610090255737,7.544183452846482,12.272959196198492
single_sentence_1k,audio__female,Female TTS,4,12.757555471733212,1.1370661697413027,91.08711561348342
single_sentence_1k,audio__female,Female TTS,6,12.573647990822792,2.8180057142550745,77.58800217477163
single_sentence_1k,audio__female,Female TTS,4,12.877969697117805,9.05180588294752,29.710924191929205
single_sentence_1k,audio__female,Female TTS,4,8.018623686628416,5.797831721021794,27.695425703913994
single_sentence_1k,audio__female,Female TTS,5,20.475556087493896,10.804494303278625,47.23223019140458
single_sentence_1k,audio__female,Female TTS,9,16.80947669264343,15.48165552808334,7.899241534040152
single_sentence_1k,audio__female,Female TTS,6,15.552709112564722,6.620989070817207,57.428708896328274
single_sentence_1k,audio__female,Female TTS,8,15.395221543119987,4.357116990450329,71.69825079654348
single_sentence_1k,audio__female,Female TTS,6,32.51562070008367,19.88459469085016,38.84602457919866
single_sentence_1k,audio__female,Female TTS,7,28.689546555280685,30.72464819398842,-7.0935301636307875
single_sentence_1k,audio__female,Female TTS,6,20.49395428225398,11.231820408953354,45.194469284636035
single_sentence_1k,audio__female,Female TTS,6,20.54738451043765,6.663094634578253,67.57205457855943
single_sentence_1k,audio__female,Female TTS,8,26.21261640675948,23.50358236498147,10.334847921092797
single_sentence_1k,audio__female,Female TTS,8,35.70333979144925,19.22150826579309,46.16327666243556
single_sentence_1k,audio__female,Female TTS,7,32.7473232245871,11.818521740846336,63.90996094614279
single_sentence_1k,audio__female,Female TTS,7,8.443065736974988,7.014494479101684,16.920053714814948
single_sentence_1k,audio__female,Female TTS,7,12.935478372233254,8.178354393956917,36.77578703612366
single_sentence_1k,audio__female,Female TTS,8,21.741035575512797,8.19984694645973,62.28400934270435
single_sentence_1k,audio__female,Female TTS,6,11.702263440936804,11.904674672870897,-1.7296759123198244
single_sentence_1k,audio__female,Female TTS,5,18.75167491203174,2.0634705516451506,88.99580671419835
single_sentence_1k,audio__female,Female TTS,6,14.974206575929808,9.805249812469507,34.51906942281074
single_sentence_1k,audio__female,Female TTS,4,23.318871388012667,11.00400609334747,52.81072608426407
single_sentence_1k,audio__female,Female TTS,5,21.28597856108099,1.1273170105181634,94.70394557016357
single_sentence_1k,audio__female,Female TTS,4,23.928677171468735,12.329193992423825,48.47523787430886
single_sentence_1k,audio__female,Female TTS,6,23.527974360312026,6.646747503934118,71.74959730002881
single_sentence_1k,audio__female,Female TTS,3,8.62116797765096,0.7369777012499981,91.45153298067619
single_sentence_1k,audio__female,Female TTS,9,16.07108341323005,2.7834990535759263,82.68007836183283
single_sentence_1k,audio__female,Female TTS,8,15.66579669341445,6.601642055204138,57.85951915245191
single_sentence_1k,audio__female,Female TTS,9,12.291176341060135,7.358065384854045,40.13538508699486
single_sentence_1k,audio__female,Female TTS,10,15.285064611583948,12.300466053490528,19.526241032906796
single_sentence_1k,audio__female,Female TTS,9,17.564385011481743,10.28956470817017,41.41801889765035
single_sentence_1k,audio__female,Female TTS,7,27.5357093697946,8.556830747053027,68.92460393107041
single_sentence_1k,audio__female,Female TTS,7,19.66373396162401,10.6582996314833,45.79717335332053
single_sentence_1k,audio__female,Female TTS,4,16.46927198132471,9.251614440780273,43.8249945032718
single_sentence_1k,audio__female,Female TTS,6,20.089151569331687,10.710745521801678,46.68393294342596
single_sentence_1k,audio__female,Female TTS,9,20.470165350370937,18.87626935275168,7.786434405085905
single_sentence_1k,audio__female,Female TTS,3,14.818577090899149,6.359254862181842,57.08592786491364
single_sentence_1k,audio__female,Female TTS,3,12.0755588610967,7.576886981104811,37.254357597353646
single_sentence_1k,audio__female,Female TTS,5,13.252456855773925,10.597485722787678,20.03380325535269
single_sentence_1k,audio__female,Female TTS,5,10.20810672044754,3.259412703779526,68.07035042795253
single_sentence_1k,audio__female,Female TTS,6,17.814179921212297,15.811115308381886,11.24421456216042
single_sentence_1k,audio__female,Female TTS,4,19.68860151991248,2.851909965276718,85.51491855634146
single_sentence_1k,audio__female,Female TTS,4,18.786347329616547,3.2387887927980046,82.7598801620575
single_sentence_1k,audio__female,Female TTS,9,21.917773336172104,10.748418009566699,50.96026478279162
single_sentence_1k,audio__female,Female TTS,10,24.37304023159668,12.199378554243594,49.94724319033214
single_sentence_1k,audio__female,Female TTS,5,11.039647507667542,5.286081966385245,52.11729393792856
single_sentence_1k,audio__female,Female TTS,5,26.7472263276577,10.365484210476279,61.24650801732681
single_sentence_1k,audio__female,Female TTS,8,19.551846863760147,12.525300297536887,35.93801964175132
single_sentence_1k,audio__female,Female TTS,8,14.875033592630643,3.4677274816203862,76.68759898909835
single_sentence_1k,audio__female,Female TTS,10,21.009191970198117,12.943010666183193,38.3935817972292
single_sentence_1k,audio__female,Female TTS,7,16.66140606733305,8.335749448085803,49.969711953487696
single_sentence_1k,audio__female,Female TTS,7,28.218961908881152,8.360185298336935,70.3738736905634
single_sentence_1k,audio__female,Female TTS,9,28.957063363347615,12.778065549630103,55.8723707950167
single_sentence_1k,audio__female,Female TTS,5,27.727539409618476,16.482335772793135,40.55608206231406
single_sentence_1k,audio__female,Female TTS,7,16.026554008147546,1.7948437255399767,88.80081317151823
single_sentence_1k,audio__female,Female TTS,7,15.413968079856463,3.5978972591775737,76.65820221932705
single_sentence_1k,audio__female,Female TTS,7,14.074998025383268,5.9272378741630485,57.88817971076306
single_sentence_1k,audio__female,Female TTS,5,20.147661644220353,17.353748073335737,13.86718528542537
single_sentence_1k,audio__female,Female TTS,5,26.6826428676286,16.388785823801445,38.57885103396437
single_sentence_1k,audio__female,Female TTS,6,20.62539027647775,8.61702876908627,58.22125713221741
single_sentence_1k,audio__female,Female TTS,7,18.802887108176947,8.828748396664325,53.045783097719585
single_sentence_1k,audio__female,Female TTS,9,16.613008366917914,14.008771872005067,15.675887457558604
single_sentence_1k,audio__female,Female TTS,8,8.251411150150489,5.16851430457738,37.36205588927516
single_sentence_1k,audio__female,Female TTS,5,11.308259123429888,4.634046898387803,59.020687023465925
single_sentence_1k,audio__female,Female TTS,9,12.204945046040747,3.8240924058025283,68.6676802609361
single_sentence_1k,audio__female,Female TTS,9,10.755529041298562,9.590378022079474,10.833042379832714
single_sentence_1k,audio__female,Female TTS,10,17.960612972360103,9.541287057619058,46.876606760012535
single_sentence_1k,audio__female,Female TTS,8,9.44198840111494,7.583125879129511,19.68719344927313
single_sentence_1k,audio__female,Female TTS,7,10.793103211412017,5.219777776676758,51.63784062439373
single_sentence_1k,audio__female,Female TTS,8,14.272109510726295,8.647557294272701,39.40939643313713
single_sentence_1k,audio__female,Female TTS,7,8.624138867349497,1.7827314327337913,79.32858619098643
single_sentence_1k,audio__female,Female TTS,10,11.097929906845092,8.784590928245962,20.844779143651703
single_sentence_1k,audio__female,Female TTS,10,13.50176238156855,7.701232153003002,42.961282124798274
single_sentence_1k,audio__female,Female TTS,9,8.893450543025715,6.1521248427064466,30.82409563146476
single_sentence_1k,audio__female,Female TTS,9,14.936605762172904,8.712409805616415,41.670752081569454
single_sentence_1k,audio__female,Female TTS,8,12.722544516367634,7.8724693001947585,38.1218962129252
single_sentence_1k,audio__female,Female TTS,9,13.91361775290635,7.428337928114666,46.61102482448898
single_sentence_1k,audio__female,Female TTS,8,24.53880909923464,18.87176909318373,23.094193296559222
single_sentence_1k,audio__female,Female TTS,8,18.850971166975796,5.872895264426006,68.84566204888966
single_sentence_1k,audio__female,Female TTS,10,14.797964355766817,8.462702760954565,42.81171006026501
single_sentence_1k,audio__female,Female TTS,9,12.182970470852322,7.790252305437914,36.05621614140786
single_sentence_1k,audio__female,Female TTS,9,8.614543931041327,6.146795386374025,28.646305183668616
single_sentence_1k,audio__female,Female TTS,5,14.56814750977792,10.923171199602075,25.020177120868603
single_sentence_1k,audio__female,Female TTS,6,14.906131634488702,7.803330940247889,47.65019435228171
single_sentence_1k,audio__female,Female TTS,3,12.888800819714865,1.509810287738219,88.28587462203005
single_sentence_1k,audio__female,Female TTS,5,13.179222428798676,3.105880768224597,76.43350520105224
single_sentence_1k,audio__female,Female TTS,8,26.99225382669829,19.483073555938063,27.819760139232336
single_sentence_1k,audio__original,Original TTS,6,40.65810265888771,19.438876978014985,52.18941439274044
single_sentence_1k,audio__original,Original TTS,6,15.370885768202092,9.99398160559978,34.981095063015616
single_sentence_1k,audio__original,Original TTS,10,14.734697846975177,8.171497776426259,44.542481554151784
single_sentence_1k,audio__original,Original TTS,6,13.516273350357855,2.3767788834763146,82.4154275230503
single_sentence_1k,audio__original,Original TTS,5,5.224944661557674,1.401865291595459,73.169758104624
single_sentence_1k,audio__original,Original TTS,9,16.066142637354005,11.264384236550844,29.88743788218963
single_sentence_1k,audio__original,Original TTS,8,39.934692143287975,20.192990364372235,49.4349667404005
single_sentence_1k,audio__original,Original TTS,8,50.4240599211293,38.783481214928315,23.08536584402084
single_sentence_1k,audio__original,Original TTS,7,14.900305242666425,2.528577154235141,83.03003117684689
single_sentence_1k,audio__original,Original TTS,5,9.293529189378024,11.884231342747807,-27.87640841899769
single_sentence_1k,audio__original,Original TTS,9,18.721454081435997,10.180481842114318,45.62130805742712
single_sentence_1k,audio__original,Original TTS,6,28.17151991526286,10.169487289410219,63.901531333776
single_sentence_1k,audio__original,Original TTS,6,15.553766350572308,7.496190859315296,51.804658175031214
single_sentence_1k,audio__original,Original TTS,4,33.537118896842,28.17970983684063,15.974565604399158
single_sentence_1k,audio__original,Original TTS,10,54.99245400626678,11.328097188293555,79.40063342690138
single_sentence_1k,audio__original,Original TTS,6,11.874855460987115,5.279090673605576,55.54395848480716
single_sentence_1k,audio__original,Original TTS,8,19.967278987169266,12.061636527514665,39.59298843239818
single_sentence_1k,audio__original,Original TTS,7,27.389400193733827,17.341116505475448,36.68676063434655
single_sentence_1k,audio__original,Original TTS,8,12.292293801379856,10.155358358781086,17.384350529914038
single_sentence_1k,audio__original,Original TTS,6,14.018168459335962,38.47114149596018,-174.43771707807363
single_sentence_1k,audio__original,Original TTS,10,5.265912658162415,3.9369334991025253,25.237394642311607
single_sentence_1k,audio__original,Original TTS,9,7.830229652657484,6.760747248390948,13.65837851133225
single_sentence_1k,audio__original,Original TTS,3,100.11625448862712,3.774009885479851,96.23037247572164
single_sentence_1k,audio__original,Original TTS,8,15.707196053415828,9.389485371360806,40.22175988999078
single_sentence_1k,audio__original,Original TTS,6,4.4584284008378745,1.3761724423384294,69.13323892159389
single_sentence_1k,audio__original,Original TTS,1,1.6520952582359314,0.049318559819653274,97.01478715747211
single_sentence_1k,audio__original,Original TTS,8,8.080233184155077,1.031898762360477,87.22934426714346
single_sentence_1k,audio__original,Original TTS,7,38.570231605035325,24.719903186913143,35.90937321805977
single_sentence_1k,audio__original,Original TTS,8,7.231245232519541,4.811214026749468,33.46631358713962
single_sentence_1k,audio__original,Original TTS,8,12.259884912077723,7.925807775792904,35.3516951208501
single_sentence_1k,audio__original,Original TTS,7,17.546233251025633,14.821091384583367,15.531207339233184
single_sentence_1k,audio__original,Original TTS,7,31.047813065616147,21.71988110177751,30.043764899399118
single_sentence_1k,audio__original,Original TTS,10,13.373984342813491,12.298055239240785,8.044940654883124
single_sentence_1k,audio__original,Original TTS,6,9.88539350250115,8.299479359464991,16.043004688026837
single_sentence_1k,audio__original,Original TTS,9,23.373017329311956,13.775577558341967,41.06204875368787
single_sentence_1k,audio__original,Original TTS,9,18.986399988540345,25.272670636900962,-33.10933432433127
single_sentence_1k,audio__original,Original TTS,9,10.823481279632283,6.863055253158058,36.591055355978554
single_sentence_1k,audio__original,Original TTS,10,33.67725791512057,31.465935947896288,6.566217394532686
single_sentence_1k,audio__original,Original TTS,10,20.814337409287692,14.844503759191138,28.68135330328948
single_sentence_1k,audio__original,Original TTS,8,13.274504796689143,3.0312331255518075,77.16500033727931
single_sentence_1k,audio__original,Original TTS,5,11.382568101584912,3.9738439123146234,65.08833615709882
single_sentence_1k,audio__original,Original TTS,5,14.706941486895085,0.13540823361836374,99.07929032192708
single_sentence_1k,audio__original,Original TTS,8,9.849988089063764,5.533772184699984,43.81950379367448
single_sentence_1k,audio__original,Original TTS,8,14.424333384435158,9.713673688675044,32.65772892384225
single_sentence_1k,audio__original,Original TTS,8,14.288459479808807,6.426485857101753,55.02324189543949
single_sentence_1k,audio__original,Original TTS,6,15.646181990702948,6.326288895024628,59.56656455367997
single_sentence_1k,audio__original,Original TTS,10,11.652118020993658,8.081135559546079,30.646638276523884
single_sentence_1k,audio__original,Original TTS,10,15.525216520670801,8.920735097458708,42.54034985224626
single_sentence_1k,audio__original,Original TTS,9,21.59028889122419,7.007076200256468,67.54524112410263
single_sentence_1k,audio__original,Original TTS,10,12.646495915204287,4.26505286084182,66.27482514176795
single_sentence_1k,audio__original,Original TTS,10,13.748285081610083,12.027332145441624,12.51758256359138
single_sentence_1k,audio__original,Original TTS,6,14.605909315248331,2.1715734989920747,85.13222660690501
single_sentence_1k,audio__original,Original TTS,5,32.436950968086606,23.496593400707773,27.562262483224412
single_sentence_1k,audio__original,Original TTS,9,33.96917472960841,20.295723971574464,40.25252561145036
single_sentence_1k,audio__original,Original TTS,5,7.22573370244354,2.7014631796162574,62.61330280269396
single_sentence_1k,audio__original,Original TTS,5,11.046068122034171,4.389431781880558,60.262495818537204
single_sentence_1k,audio__original,Original TTS,8,9.17456599912839,4.735255185581991,48.38714783858055
single_sentence_1k,audio__original,Original TTS,6,11.41832519004432,8.93064699237099,21.78671702083196
single_sentence_1k,audio__original,Original TTS,8,6.647832952439785,5.657654433161952,14.894756326788166
single_sentence_1k,audio__original,Original TTS,10,10.724124911427499,5.3037398619577285,50.54384478209381
single_sentence_1k,audio__original,Original TTS,8,27.336095929145813,16.22681261759135,40.639611963424954
single_sentence_1k,audio__original,Original TTS,7,10.10081648081541,4.398295442953278,56.45604044675985
single_sentence_1k,audio__original,Original TTS,8,32.18891972702113,29.367884144120126,8.763995830940774
single_sentence_1k,audio__original,Original TTS,7,12.088861465038333,2.8908046999152117,76.08703922800686
single_sentence_1k,audio__original,Original TTS,6,54.774593537673354,35.26197217684239,35.62348910432425
single_sentence_1k,audio__original,Original TTS,7,42.434630090370774,9.736136067275043,77.0561542623548
single_sentence_1k,audio__original,Original TTS,9,14.864480481793484,3.7912802222288318,74.49436442213693
single_sentence_1k,audio__original,Original TTS,8,37.87848492059857,11.812724735355005,68.81415727129263
single_sentence_1k,audio__original,Original TTS,7,10.075655631787543,2.867260442751802,71.54269114055543
single_sentence_1k,audio__original,Original TTS,5,12.602304372377693,1.267800961510511,89.93992746049418
single_sentence_1k,audio__original,Original TTS,6,14.280191186195225,8.11030565753856,43.205902835678714
single_sentence_1k,audio__original,Original TTS,8,11.570814506849274,8.736098484506783,24.498845959932186
single_sentence_1k,audio__original,Original TTS,6,24.266087253888447,12.563388536761826,48.2265583020656
single_sentence_1k,audio__original,Original TTS,7,16.12933854545866,7.509828595237715,53.4399468764814
single_sentence_1k,audio__original,Original TTS,9,9.632044772307077,3.8747516087694547,59.77228407503166
single_sentence_1k,audio__original,Original TTS,7,11.311110384762287,5.498352450489782,51.38980821991744
single_sentence_1k,audio__original,Original TTS,5,35.38245139345527,17.240589195489882,51.27361582787649
single_sentence_1k,audio__original,Original TTS,5,100.6031880037859,9.619685557703269,90.43799133150605
single_sentence_1k,audio__original,Original TTS,7,54.16330105917795,35.767976738113376,33.96270899546196
single_sentence_1k,audio__original,Original TTS,9,21.91297679452398,10.980143310233315,49.892050663891375
single_sentence_1k,audio__original,Original TTS,8,12.73482238361612,7.2070948563581965,43.40639673443405
single_sentence_1k,audio__original,Original TTS,7,16.64818954042026,12.169004229096961,26.904939425685004
single_sentence_1k,audio__original,Original TTS,9,10.947127436805102,12.469466787355486,-13.906290571096847
single_sentence_1k,audio__original,Original TTS,1,7.119639337062836,0.02009150139929261,99.7178016968542
single_sentence_1k,audio__original,Original TTS,10,44.47491821050644,25.549700090801345,42.55256418939144
single_sentence_1k,audio__original,Original TTS,6,61.245459308226906,58.62557949636084,4.277671914714735
single_sentence_1k,audio__original,Original TTS,10,12.336720477230847,7.413408466198598,39.90778602886329
single_sentence_1k,audio__original,Original TTS,8,9.66485857218504,3.7999204960360657,60.683123631296176
single_sentence_1k,audio__original,Original TTS,9,13.130159315530262,8.407419067820431,35.968643900031026
single_sentence_1k,audio__original,Original TTS,4,16.93223267327994,1.2980774806346744,92.33368979931916
single_sentence_1k,audio__original,Original TTS,9,7.055553413654315,11.883439619061543,-68.42675439270324
single_sentence_1k,audio__original,Original TTS,2,3.1419305503368378,0.5500997370108962,82.49166465656214
single_sentence_1k,audio__original,Original TTS,8,23.2963407645002,2.8442177814795286,87.79113934573944
single_sentence_1k,audio__original,Original TTS,8,34.421450197696686,23.025500936721073,33.1071154629568
single_sentence_1k,audio__original,Original TTS,7,31.41716468334198,30.51961824162442,2.8568664638074615
single_sentence_1k,audio__original,Original TTS,8,23.28765093162656,23.300721048144624,-0.056124666916554614
single_sentence_1k,audio__original,Original TTS,6,16.73761446432521,5.04115318475912,69.88129225043446
single_sentence_1k,audio__original,Original TTS,8,9.183107122546062,7.349489803018514,19.967286617246476
single_sentence_1k,audio__original,Original TTS,10,11.50493730007438,9.168171802282462,20.310979858854253
single_sentence_1k,audio__original,Original TTS,7,7.172971096421991,5.502901003230363,23.282822009762302
single_sentence_1k,audio__original,Original TTS,8,5.8489893878891195,6.7481349990543364,-15.372666140016978
single_sentence_1k,audio__original,Original TTS,8,17.02056689643541,5.096132042479439,70.05897586438961
single_sentence_1k,audio__original,Original TTS,9,12.051605769484821,6.311940634370937,47.625729258809315
single_sentence_1k,audio__original,Original TTS,5,11.356177244346373,8.328760890138915,26.65876279550538
single_sentence_1k,audio__original,Original TTS,8,12.814718909561634,6.647177716286876,48.1285718149688
single_sentence_1k,audio__original,Original TTS,7,26.392652695599413,3.5843580679169724,86.41910644883903
single_sentence_1k,audio__original,Original TTS,8,25.708577304753405,19.28021560141977,25.004735295659703
single_sentence_1k,audio__original,Original TTS,8,55.596497645718046,23.002021941938438,58.626850762226
single_sentence_1k,audio__original,Original TTS,8,21.592568364583713,13.435538215086126,37.777025927479784
single_sentence_1k,audio__original,Original TTS,7,9.39161813046251,5.852345461633637,37.685440566934275
single_sentence_1k,audio__original,Original TTS,6,31.503987370679777,24.202051986008883,23.177813331231462
single_sentence_1k,audio__original,Original TTS,7,18.529365011623927,20.663890370300837,-11.51968973215148
single_sentence_1k,audio__original,Original TTS,6,7.2072373274713755,13.839161303204795,-92.01756060474004
single_sentence_1k,audio__original,Original TTS,7,42.18585019637664,15.910137789470484,62.28560591902683
single_sentence_1k,audio__original,Original TTS,7,25.565421569805878,25.34555190228499,0.8600275450985212
single_sentence_1k,audio__original,Original TTS,8,20.604769038269296,14.607512592893102,29.106157095172836
single_sentence_1k,audio__original,Original TTS,7,16.788687826945793,19.86554235071984,-18.326950596077577
single_sentence_1k,audio__original,Original TTS,7,10.109258485568619,3.1397485239372713,68.94185138880967
single_sentence_1k,audio__original,Original TTS,8,21.026693131774664,8.664444485752597,58.79311867323898
single_sentence_1k,audio__original,Original TTS,10,8.192131788935512,11.285013522125723,-37.75429659673603
single_sentence_1k,audio__original,Original TTS,6,13.879576709158718,7.139280997478238,48.56268928743886
single_sentence_1k,audio__original,Original TTS,9,12.604019834883022,11.372124005796927,9.77383283447942
single_sentence_1k,audio__original,Original TTS,7,20.423218367887394,14.034709582610178,31.280617335621486
single_sentence_1k,audio__original,Original TTS,7,28.306883978609715,6.353553464811433,77.55474085521904
single_sentence_1k,audio__original,Original TTS,8,13.18735783919692,4.846317782023419,63.25027468642234
single_sentence_1k,audio__original,Original TTS,7,17.78972700131791,8.536592120304704,52.01392286867421
single_sentence_1k,audio__original,Original TTS,6,16.710756123667426,2.794760946265645,83.27567630343532
single_sentence_1k,audio__original,Original TTS,5,6.916090282052755,25.349628638569264,-266.5311990555056
single_sentence_1k,audio__original,Original TTS,8,11.972402286715806,5.567708188804318,53.4954802263697
single_sentence_1k,audio__original,Original TTS,7,11.896390531744276,1.8400466954044532,84.53273124739407
single_sentence_1k,audio__original,Original TTS,7,16.697283728846482,12.980418414042576,22.26029919095519
single_sentence_1k,audio__original,Original TTS,6,21.76182231431206,24.261082964778343,-11.484611051265677
single_sentence_1k,audio__original,Original TTS,6,28.410835365454357,16.63843504910301,41.43630472290084
single_sentence_1k,audio__original,Original TTS,8,16.026653099805117,8.854048355681925,44.754227220469446
single_sentence_1k,audio__original,Original TTS,7,12.084913339091665,11.35814020361951,6.013887854050447
single_sentence_1k,audio__original,Original TTS,7,36.05296489481615,41.38107773867004,-14.778570526442296
single_sentence_1k,audio__original,Original TTS,6,18.295257553458214,12.84942047045782,29.76638654628291
single_sentence_1k,audio__original,Original TTS,5,17.02213485836601,31.492786099480508,-85.01078954854178
single_sentence_1k,audio__original,Original TTS,9,28.67570751843353,26.03429694569437,9.211317876084454
single_sentence_1k,audio__original,Original TTS,7,12.817412027490459,7.800793527924855,39.139090549684205
single_sentence_1k,audio__original,Original TTS,7,11.109544166995745,7.646555361672101,31.171295178892194
single_sentence_1k,audio__original,Original TTS,8,6.930870212614536,5.156376878236188,25.60274943756241
single_sentence_1k,audio__original,Original TTS,9,10.965586027337444,4.103639283367026,62.57710921115785
single_sentence_1k,audio__original,Original TTS,4,17.757492253556848,21.58834306243807,-21.573152076774235
single_sentence_1k,audio__original,Original TTS,9,8.686807294686636,2.8977860095296313,66.64152995195268
single_sentence_1k,audio__original,Original TTS,6,29.365129585067432,24.922088046082838,15.130331797493385
single_sentence_1k,audio__original,Original TTS,9,28.41348648071289,7.158239976768527,74.80689326307228
single_sentence_1k,audio__original,Original TTS,7,46.325665269579204,47.51267544286592,-2.5623165180235254
single_sentence_1k,audio__original,Original TTS,6,17.980555042624474,8.62588394841138,52.02659802234709
single_sentence_1k,audio__original,Original TTS,6,19.84172246356805,14.276419108112654,28.048489064767477
single_sentence_1k,audio__original,Original TTS,8,13.720346287009306,12.598448678609302,8.176889889887397
single_sentence_1k,audio__original,Original TTS,6,7.941464849291758,1.0884749913796743,86.29377561903145
single_sentence_1k,audio__original,Original TTS,4,23.521552150457865,8.279188621488629,64.80169094058927
single_sentence_1k,audio__original,Original TTS,10,22.00746421124786,11.534914511349053,47.586353427062996
single_sentence_1k,audio__original,Original TTS,6,31.283935522105594,2.93303700515987,90.62446282345981
single_sentence_1k,audio__original,Original TTS,6,20.887867418515572,9.656901555553,53.76789136935606
single_sentence_1k,audio__original,Original TTS,4,27.064566612243652,1.8423633876955137,93.19271054995555
single_sentence_1k,audio__original,Original TTS,4,22.2226146645844,13.108975706622005,41.01065106657572
single_sentence_1k,audio__original,Original TTS,6,1.8440099623888575,2.5239204833615076,-36.87130410574611
single_sentence_1k,audio__original,Original TTS,6,16.64296544591586,9.106873072256954,45.28094706528543
single_sentence_1k,audio__original,Original TTS,4,14.079326526261866,10.498232899000868,25.435120213891345
single_sentence_1k,audio__original,Original TTS,8,16.6320794102503,9.589694172696909,42.342181418477296
single_sentence_1k,audio__original,Original TTS,9,72.87572113610804,9.473087601570619,87.00103758304088
single_sentence_1k,audio__original,Original TTS,7,45.75722986885479,50.15033698720591,-9.600902700933254
single_sentence_1k,audio__original,Original TTS,7,6.049466238490173,12.423142751944917,-105.35932034634328
single_sentence_1k,audio__original,Original TTS,6,45.767205675443016,33.91604899366697,25.89442922475588
single_sentence_1k,audio__original,Original TTS,7,51.14086642861366,8.67292333394289,83.04110989975264
single_sentence_1k,audio__original,Original TTS,9,13.969816961222225,5.6181733186563685,59.783486539219254
single_sentence_1k,audio__original,Original TTS,7,13.971635544938701,12.248716335211482,12.331549904702149
single_sentence_1k,audio__original,Original TTS,3,12.170060813426971,6.811545968055725,44.03030459354246
single_sentence_1k,audio__original,Original TTS,6,52.71649415791035,27.41582384550323,47.993840858650195
single_sentence_1k,audio__original,Original TTS,6,24.594390501578648,23.64741336305936,3.850378558714448
single_sentence_1k,audio__original,Original TTS,8,6.898868069052696,9.378150522708893,-35.93752524095788
single_sentence_1k,audio__original,Original TTS,6,85.31764367719491,12.558336955495179,85.28049250514876
single_sentence_1k,audio__original,Original TTS,7,38.471721776894164,21.09376428808485,45.17072978846086
single_sentence_1k,audio__original,Original TTS,10,17.785301034525038,11.974367696359048,32.67267350091931
single_sentence_1k,audio__original,Original TTS,10,71.76982889976352,47.026173050315585,34.47640356507729
single_sentence_1k,audio__original,Original TTS,10,7.393400539457798,7.628487682342529,-3.1796889892559657
single_sentence_1k,audio__original,Original TTS,6,10.406579554080963,8.380011433114609,19.473911773168844
single_sentence_1k,audio__original,Original TTS,5,31.20959836244583,22.084572982788085,29.23788148019806
single_sentence_1k,audio__original,Original TTS,9,27.492141008377075,23.934096611208385,12.942041858742558
single_sentence_1k,audio__original,Original TTS,6,24.741474484403927,8.269453010056168,66.57655543015873
single_sentence_1k,audio__original,Original TTS,8,30.951114270836115,25.241391492076218,18.447551609280573
single_sentence_1k,audio__original,Original TTS,8,27.707136660814285,20.011976089328527,27.773207551861134
single_sentence_1k,audio__original,Original TTS,7,14.950448504516057,4.803982423797395,67.86730229299634
single_sentence_1k,audio__original,Original TTS,7,12.96346127986908,4.90094359431948,62.19417415987396
single_sentence_1k,audio__original,Original TTS,7,33.70264344981739,22.64428699016571,32.811540365127044
single_sentence_1k,audio__original,Original TTS,7,21.186273431671516,15.692327280811567,25.931630537001418
single_sentence_1k,audio__original,Original TTS,6,5.6192828218142195,11.125673604508242,-97.99098848198302
single_sentence_1k,audio__original,Original TTS,7,40.04420727863908,28.53809741166021,28.733518900539234
single_sentence_1k,audio__original,Original TTS,10,19.66924778968096,10.223268427327275,48.024100684263644
single_sentence_1k,audio__original,Original TTS,7,23.2817886450461,17.642432216982343,24.222178605094843
single_sentence_1k,audio__original,Original TTS,9,34.33669776386685,18.651353349288303,45.680992745564865
single_sentence_1k,audio__original,Original TTS,7,28.827298436846053,9.517794904432126,66.98339622325896
single_sentence_1k,audio__original,Original TTS,7,38.25604081175489,5.75896778016186,84.94625251865502
single_sentence_1k,audio__original,Original TTS,9,34.205515849093594,14.204885117295715,58.47194592835783
single_sentence_1k,audio__original,Original TTS,6,35.34631737383703,14.954882322500149,57.69040897717511
single_sentence_1k,audio__original,Original TTS,6,10.057539201031128,4.286062203968565,57.38458366108933
single_sentence_1k,audio__original,Original TTS,6,4.13475926220417,6.836550449331601,-65.34337347822161
single_sentence_1k,audio__original,Original TTS,9,28.91640514218145,15.786107182709706,45.40778113638366
single_sentence_1k,audio__original,Original TTS,9,17.767257884843275,14.295713262115088,19.53900058877211
single_sentence_1k,audio__original,Original TTS,7,9.709262409380504,3.9862470662753497,58.94387340459478
single_sentence_1k,audio__original,Original TTS,7,21.92008795309812,24.231330468718493,-10.543947271405502
single_sentence_1k,audio__original,Original TTS,7,26.852410942316055,12.25975523303662,54.3439311301587
single_sentence_1k,audio__original,Original TTS,9,5.055273874145415,3.5958348606816597,28.869632977312648
single_sentence_1k,audio__original,Original TTS,7,15.436034347329821,15.029551985008377,2.6333341399422263
single_sentence_1k,audio__original,Original TTS,7,7.0270390915933865,1.12693822523579,83.96282971324334
single_sentence_1k,audio__original,Original TTS,8,38.39057159168027,8.851039187302604,76.94475799568264
single_sentence_1k,audio__original,Original TTS,8,7.142613777890801,7.75632740277797,-8.592283496930122
single_sentence_1k,audio__original,Original TTS,9,11.53450349635548,10.510231071462234,8.880073816934399
single_sentence_1k,audio__original,Original TTS,5,72.21883599311113,54.568296906352046,24.440353882805237
single_sentence_1k,audio__original,Original TTS,6,5.383939770050347,2.1413757988872626,60.22660188735288
single_sentence_1k,audio__original,Original TTS,4,37.686726072395686,1.8853794646493043,94.9972320200287
single_sentence_1k,audio__original,Original TTS,7,102.20383893288714,3.2373014676623404,96.83250501990622
single_sentence_1k,audio__original,Original TTS,10,25.0795252058655,18.413140072493114,26.580986197510942
single_sentence_1k,audio__original,Original TTS,9,8.328619322015179,2.2599618116186724,72.86510855833117
single_sentence_1k,audio__original,Original TTS,4,14.285455805249512,7.237703472921567,49.335158978533194
single_sentence_1k,audio__original,Original TTS,5,45.56150555610657,21.489899372681975,52.83321060095719
single_sentence_1k,audio__original,Original TTS,4,28.888672953646164,1.8300778659136938,93.66506772792859
single_sentence_1k,audio__original,Original TTS,5,32.933868432873716,6.801518176028912,79.3479524280852
single_sentence_1k,audio__original,Original TTS,9,7.435549818742503,3.717878349701803,49.99860884086486
single_sentence_1k,audio__original,Original TTS,6,5.588164000461499,2.891193284187466,48.26219695863084
single_sentence_1k,audio__original,Original TTS,6,42.777267039908715,21.630644395792235,49.43425353561718
single_sentence_1k,audio__original,Original TTS,7,79.73372113278934,10.955260886444844,86.26019113268293
single_sentence_1k,audio__original,Original TTS,6,11.788412330672145,9.717393077987007,17.5682627532172
single_sentence_1k,audio__original,Original TTS,4,76.33258628845215,42.05862953700125,44.90081945073041
single_sentence_1k,audio__original,Original TTS,5,25.427603099495173,22.072186055220662,13.19596279344602
single_sentence_1k,audio__original,Original TTS,9,39.78744669425297,4.324114192262666,89.13196359270962
single_sentence_1k,audio__original,Original TTS,9,25.168573301699425,17.086045659426468,32.11357094177131
single_sentence_1k,audio__original,Original TTS,6,36.36378179987272,24.225907168661553,33.37902173655011
single_sentence_1k,audio__original,Original TTS,6,18.4855998842977,34.7155299023428,-87.7976918229814
single_sentence_1k,audio__original,Original TTS,9,30.319804221449886,15.83206139382652,47.783101506222614
single_sentence_1k,audio__original,Original TTS,7,146.40590041024345,124.88074553325507,14.702382087520258
single_sentence_1k,audio__original,Original TTS,8,9.655104744248092,4.229480354385458,56.194360740569714
single_sentence_1k,audio__original,Original TTS,8,15.531242957600625,9.785760553201051,36.99306243604843
single_sentence_1k,audio__original,Original TTS,8,9.883510975868745,12.238463941884945,-23.827089095828143
single_sentence_1k,audio__original,Original TTS,9,8.279674778475762,5.2465531727550445,36.63334233375646
single_sentence_1k,audio__original,Original TTS,6,18.20481828103463,3.214955559310814,82.34008431350242
single_sentence_1k,audio__original,Original TTS,5,14.286135496199131,2.3320615721831928,83.67605030203133
single_sentence_1k,audio__original,Original TTS,4,27.46552781155333,2.309668271278497,91.59066489773797
single_sentence_1k,audio__original,Original TTS,7,16.58515736496442,4.986642595429471,69.933100508509
single_sentence_1k,audio__original,Original TTS,6,17.199781947337517,1.720436770576877,89.99733382757682
single_sentence_1k,audio__original,Original TTS,10,10.350363764352005,8.224644219841071,20.53763126502073
single_sentence_1k,audio__original,Original TTS,8,35.25797483012606,18.839820343688118,46.565789911477005
single_sentence_1k,audio__original,Original TTS,5,27.31811912190169,7.826360964448258,71.3510255610034
single_sentence_1k,audio__original,Original TTS,6,28.568820476531982,16.32129822984612,42.87024120140577
single_sentence_1k,audio__original,Original TTS,9,19.300751420358818,9.77417300246955,49.35858822491462
single_sentence_1k,audio__original,Original TTS,5,103.55489844679832,28.449484254419804,72.52714774372956
single_sentence_1k,audio__original,Original TTS,10,18.717249087651727,8.128110447001792,56.57422514954869
single_sentence_1k,audio__original,Original TTS,6,12.389923222748621,3.274950171834765,73.56763142953326
single_sentence_1k,audio__original,Original TTS,8,14.235931169241667,7.255845729246886,49.03146381513871
single_sentence_1k,audio__original,Original TTS,4,38.6090372800827,17.785759573802352,53.93368799957746
single_sentence_1k,audio__original,Original TTS,9,18.987401260593387,11.518293969288708,39.3371751552232
single_sentence_1k,audio__original,Original TTS,4,7.009969401929993,1.2065266882855212,82.78841719404168
single_sentence_1k,audio__original,Original TTS,10,18.448482406511904,8.842493435228244,52.069263799676875
single_sentence_1k,audio__original,Original TTS,4,32.27249891683459,3.581152118575119,88.90339379109236
single_sentence_1k,audio__original,Original TTS,6,18.03409772037412,10.545013296393336,41.52735856321745
single_sentence_1k,audio__original,Original TTS,9,14.403761338597784,3.321402647790415,76.94072701072847
single_sentence_1k,audio__original,Original TTS,7,5.097910811326334,2.5838386484662936,49.31573454118451
single_sentence_1k,audio__original,Original TTS,5,55.64627290815115,29.999397530464922,46.089116192954286
single_sentence_1k,audio__original,Original TTS,5,44.50752610615454,9.044742204586509,79.6781735677378
single_sentence_1k,audio__original,Original TTS,7,10.737078618657376,9.747228732007638,9.218987042990603
single_sentence_1k,audio__original,Original TTS,2,52.48784875869751,14.288820829442727,72.77689757274536
single_sentence_1k,audio__original,Original TTS,8,24.24284610752875,11.949833715871478,50.70779370182781
single_sentence_1k,audio__original,Original TTS,10,14.182007691916079,4.325815562079333,69.49786196671504
single_sentence_1k,audio__original,Original TTS,6,9.068776636994698,3.0353549410823653,66.5296096421639
single_sentence_1k,audio__original,Original TTS,8,7.844082628842443,4.522686115370561,42.34270176169757
single_sentence_1k,audio__original,Original TTS,5,6.085088038444519,9.250669837929308,-52.02195563129404
single_sentence_1k,audio__original,Original TTS,4,17.94302016101574,4.1730108330448275,76.74298531909693
single_sentence_1k,audio__original,Original TTS,8,20.14577765366994,14.33410760206047,28.84807998737523
single_sentence_1k,audio__original,Original TTS,9,9.367841726936199,7.747695199324501,17.294768366475964
single_sentence_1k,audio__original,Original TTS,9,16.931155142684776,12.818238076621615,24.29200507231886
single_sentence_1k,audio__original,Original TTS,7,6.975347447076014,3.71693373936986,46.71328177454506
single_sentence_1k,audio__original,Original TTS,9,11.141238837606377,9.78078827651009,12.210945128509335
single_sentence_1k,audio__original,Original TTS,8,12.640912368660793,7.101059287192385,43.82478827400742
single_sentence_1k,audio__original,Original TTS,8,8.759933004475897,6.053154726895066,30.899531722420708
single_sentence_1k,audio__original,Original TTS,9,7.915395234194067,5.865506322811699,25.89749280651157
single_sentence_1k,audio__original,Original TTS,8,7.230168664362282,8.587063758710983,-18.767129196264502
single_sentence_1k,audio__original,Original TTS,10,7.267293353006243,3.5617291359581826,50.98960558011862
single_sentence_1k,audio__original,Original TTS,6,27.993544875333708,13.828798887630304,50.60004387005863
single_sentence_1k,audio__original,Original TTS,7,28.164236911306425,16.626941737013112,40.964344997615434
single_sentence_1k,audio__original,Original TTS,6,5.054973769001663,1.7819721472915262,64.74814254786017
single_sentence_1k,audio__original,Original TTS,8,63.93930442794226,57.361580216884136,10.287450371736574
single_sentence_1k,audio__original,Original TTS,4,7.029877704801038,2.077177883940749,70.4521476593804
single_sentence_1k,audio__original,Original TTS,8,8.248605165630579,11.013513895697557,-33.519712418622106
single_sentence_1k,audio__original,Original TTS,7,10.746344749213888,6.502718926805918,39.48901623241147
single_sentence_1k,audio__original,Original TTS,6,11.78229442058364,4.287299674981436,63.61235323154432
single_sentence_1k,audio__original,Original TTS,8,9.609851034358144,8.543993482099232,11.091301503510788
single_sentence_1k,audio__original,Original TTS,7,16.675263225782796,9.720500401844934,41.707064708787414
single_sentence_1k,audio__original,Original TTS,8,16.219323098892346,6.240704836203491,61.523025355912154
single_sentence_1k,audio__original,Original TTS,6,5.118532884245117,2.794459379695278,45.40507127937685
single_sentence_1k,audio__original,Original TTS,9,8.391706778639193,7.64771668423165,8.865778011945615
single_sentence_1k,audio__original,Original TTS,4,39.740185405593365,21.04017133358866,47.055678983754085
single_sentence_1k,audio__original,Original TTS,9,78.08828894522351,7.309029732512035,90.64004368486151
single_sentence_1k,audio__original,Original TTS,9,31.975513772887,0.6617491543889223,97.93045028427333
single_sentence_1k,audio__original,Original TTS,7,8.837167390755244,4.9887023080393975,43.548627207648124
single_sentence_1k,audio__original,Original TTS,7,14.102010367172104,17.405428722061888,-23.4251590296641
single_sentence_1k,audio__original,Original TTS,8,8.563781185890548,0.6969732688412478,91.86138396448567
single_sentence_1k,audio__original,Original TTS,6,19.441331495598813,2.6819841394899413,86.20473016420148
single_sentence_1k,audio__original,Original TTS,7,142.09912962892227,37.743538758185295,73.43858554464845
single_sentence_1k,audio__original,Original TTS,7,29.35932229246412,26.687100562666142,9.101782742729993
single_sentence_1k,audio__original,Original TTS,6,9.062732634445032,12.929994980727011,-42.67214428883784
single_sentence_1k,audio__original,Original TTS,8,15.280507654882967,5.763650117209181,62.281029875552754
single_sentence_1k,audio__original,Original TTS,9,42.56590908558832,17.863784553416835,58.03264880940829
single_sentence_1k,audio__original,Original TTS,10,8.76386612712522,4.92692672393743,43.78135571140232
single_sentence_1k,audio__original,Original TTS,4,17.255253616720438,17.802462098625256,-3.1712572533536663
single_sentence_1k,audio__original,Original TTS,4,35.00897014141083,26.217758763639722,25.11131102189237
single_sentence_1k,audio__original,Original TTS,7,12.451007969677448,7.182652137042688,42.312685410410516
single_sentence_1k,audio__original,Original TTS,9,10.26952838525176,5.870360789003687,42.83709466703253
single_sentence_1k,audio__original,Original TTS,8,8.166160811471045,3.6156359543260024,55.724164172139474
single_sentence_1k,audio__original,Original TTS,8,11.578322488407139,7.231399715034904,37.54363188384687
single_sentence_1k,audio__original,Original TTS,8,20.102321391925216,16.434456437635617,18.2459770828404
single_sentence_1k,audio__original,Original TTS,6,7.74557222922643,4.250462091355682,45.123975794617486
single_sentence_1k,audio__original,Original TTS,8,32.65061391890049,16.209156557535607,50.35573726792133
single_sentence_1k,audio__original,Original TTS,7,8.781230590173177,6.536744962589028,25.56003517429423
single_sentence_1k,audio__original,Original TTS,8,18.462726808212267,10.888061890292263,41.0267941274567
single_sentence_1k,audio__original,Original TTS,8,12.933188429102302,8.119980822965758,37.215939692843634
single_sentence_1k,audio__original,Original TTS,8,15.999291153566446,8.785818138225963,45.0862037955507
single_sentence_1k,audio__original,Original TTS,10,14.618068774952553,3.6334745812692404,75.14394933279391
single_sentence_1k,audio__original,Original TTS,10,8.379094820923388,6.776626954298723,19.12459401489469
single_sentence_1k,audio__original,Original TTS,7,6.3301121941102405,3.3176512901139046,47.58937616933924
single_sentence_1k,audio__original,Original TTS,7,16.939379391925677,7.872517007800208,53.52535163388145
single_sentence_1k,audio__original,Original TTS,7,35.53894618472883,11.372113231816845,68.00098356123044
single_sentence_1k,audio__original,Original TTS,6,9.126393263538679,17.35381053913928,-90.14971235647246
single_sentence_1k,audio__original,Original TTS,9,23.45111215280162,13.827071213991278,41.03873998001665
single_sentence_1k,audio__original,Original TTS,9,22.65533098980086,5.753612153670215,74.60371620145202
single_sentence_1k,audio__original,Original TTS,8,17.53311051428318,7.074244396528229,59.65208574505212
single_sentence_1k,audio__original,Original TTS,7,9.567365229129791,8.68300502215113,9.243508382914518
single_sentence_1k,audio__original,Original TTS,8,52.02156965434551,49.64423113036901,4.569909250667754
single_sentence_1k,audio__original,Original TTS,9,11.04132844093773,6.590710671360619,40.30871641382968
single_sentence_1k,audio__original,Original TTS,8,5.968174712732434,3.044217239599675,48.992491236806835
single_sentence_1k,audio__original,Original TTS,7,14.073870775489402,5.229026585251892,62.84585336424577
single_sentence_1k,audio__original,Original TTS,6,29.00911632925272,23.210941320682952,19.98742375590015
single_sentence_1k,audio__original,Original TTS,6,22.35371522170802,22.340423191470716,0.05946228671820161
single_sentence_1k,audio__original,Original TTS,6,27.205292608278494,6.851825341679311,74.81436630608296
single_sentence_1k,audio__original,Original TTS,5,43.6058089017868,25.29047998934984,42.00203911751415
single_sentence_1k,audio__original,Original TTS,7,3.547676984303897,1.1452006516098794,67.71970343758386
single_sentence_1k,audio__original,Original TTS,7,14.257227601749557,8.018737024374104,43.75668784729161
single_sentence_1k,audio__original,Original TTS,8,54.514594331383705,31.14505453594029,42.86840997730716
single_sentence_1k,audio__original,Original TTS,7,13.846810649548258,6.295268542798502,54.536328241017145
single_sentence_1k,audio__original,Original TTS,6,25.31453685214122,19.72385780575375,22.084856140334978
single_sentence_1k,audio__original,Original TTS,10,17.024044295959175,12.281611782300024,27.857261360538253
single_sentence_1k,audio__original,Original TTS,6,4.074874935050805,1.3075537226395682,67.91180727063798
single_sentence_1k,audio__original,Original TTS,7,14.062595659268222,9.484310105538627,32.55647580759523
single_sentence_1k,audio__original,Original TTS,7,121.48173223844995,34.14802818579795,71.89040067458815
single_sentence_1k,audio__original,Original TTS,7,13.323934208202575,12.953993845015898,2.7765099812556233
single_sentence_1k,audio__original,Original TTS,4,17.517402082681656,17.655319118872285,-0.7873144404613446
single_sentence_1k,audio__original,Original TTS,5,13.191722886605566,5.2993087650975665,59.82853179490067
single_sentence_1k,audio__original,Original TTS,5,9.90207916595973,4.240620708285133,57.17444147626017
single_sentence_1k,audio__original,Original TTS,5,16.17790069282055,9.765332484008287,39.637826505252576
single_sentence_1k,audio__original,Original TTS,10,8.020146748423576,3.499692903086543,56.36372983107279
single_sentence_1k,audio__original,Original TTS,7,34.74510845967701,25.174243631905743,27.545934527384233
single_sentence_1k,audio__original,Original TTS,5,53.44750505685806,34.40506301634014,35.62830859973793
single_sentence_1k,audio__original,Original TTS,7,31.029019306812966,6.060471062249105,80.46837703014862
single_sentence_1k,audio__original,Original TTS,6,21.58873464167118,13.575402148223171,37.1181202902946
single_sentence_1k,audio__original,Original TTS,6,24.72935615479946,16.274474086239934,34.189657084616854
single_sentence_1k,audio__original,Original TTS,6,8.022971838712692,23.163331396877766,-188.71261002200384
single_sentence_1k,audio__original,Original TTS,4,31.085522905224934,15.559231480991002,49.9470170457523
single_sentence_1k,audio__original,Original TTS,6,22.830390175183613,19.512268867343664,14.53379150500332
single_sentence_1k,audio__original,Original TTS,8,42.08431085757911,35.49246828851756,15.663420487909468
single_sentence_1k,audio__original,Original TTS,7,34.24802654342992,2.8124366814736277,91.78803287276371
single_sentence_1k,audio__original,Original TTS,9,16.84575734986457,4.111567147475499,75.5928625701797
single_sentence_1k,audio__original,Original TTS,9,10.33355411556032,10.56787776781453,-2.2675997980342872
single_sentence_1k,audio__original,Original TTS,8,19.343612536787987,18.520894078130368,4.253178960718737
single_sentence_1k,audio__original,Original TTS,6,9.432302997387401,0.6367530892684007,93.24922991294096
single_sentence_1k,audio__original,Original TTS,9,11.475702484600738,2.5465718318866695,77.80901138467193
single_sentence_1k,audio__original,Original TTS,9,16.70224878191948,4.130960606643283,75.26703942336717
single_sentence_1k,audio__original,Original TTS,6,29.775699743380148,1.2643939089030027,95.7536047186125
single_sentence_1k,audio__original,Original TTS,7,68.23840047631946,56.179137808935984,17.672252841812078
single_sentence_1k,audio__original,Original TTS,5,5.211069683358073,0.6676333680516109,87.18817040225453
single_sentence_1k,audio__original,Original TTS,4,20.364136565476656,14.777775327907875,27.432350100417935
single_sentence_1k,audio__original,Original TTS,5,96.93295189738274,104.29927663672716,-7.59940205591048
single_sentence_1k,audio__original,Original TTS,5,13.497164022922515,2.380095186457038,82.36596086100108
single_sentence_1k,audio__original,Original TTS,7,21.93457716836461,11.894269530811082,45.7738827627563
single_sentence_1k,audio__original,Original TTS,5,13.449316713563167,0.32474630122305825,97.58540669285033
single_sentence_1k,audio__original,Original TTS,5,8.170102093182503,3.1416901599615814,61.54650059289776
single_sentence_1k,audio__original,Original TTS,8,21.524583279388025,1.0074370973181317,95.31959767006101
single_sentence_1k,audio__original,Original TTS,8,20.36576610710472,10.025663300883025,50.7719805473681
single_sentence_1k,audio__original,Original TTS,5,13.114172025676817,10.86649382803589,17.13930695159479
single_sentence_1k,audio__original,Original TTS,5,21.330288380384445,13.684154170751572,35.846370537888916
single_sentence_1k,audio__original,Original TTS,4,42.59374980349094,5.9392993719666265,86.05593684667826
single_sentence_1k,audio__original,Original TTS,7,11.868920632771083,13.42815111364637,-13.137087432955964
single_sentence_1k,audio__original,Original TTS,5,29.575789340212943,26.025992565555498,12.002373745037927
single_sentence_1k,audio__original,Original TTS,9,32.92484524589963,2.450013082619181,92.55877115193337
single_sentence_1k,audio__original,Original TTS,7,15.261964001825877,7.884502920721259,48.338870935759054
single_sentence_1k,audio__original,Original TTS,6,7.402314533789952,5.769423307155705,22.05919809514247
single_sentence_1k,audio__original,Original TTS,8,6.61379100457998,0.2987092954290347,95.48353893822497
single_sentence_1k,audio__original,Original TTS,7,21.61990064382553,8.227852517871984,61.943152961612746
single_sentence_1k,audio__original,Original TTS,8,33.03795153182,27.203090465292917,17.66108610247014
single_sentence_1k,audio__original,Original TTS,8,6.439958242233843,2.0682099172117887,67.88473093430518
single_sentence_1k,audio__original,Original TTS,8,6.215460620180238,5.075801713543115,18.33587205004406
single_sentence_1k,audio__original,Original TTS,9,12.142288812746605,6.748211916540009,44.423888933889124
single_sentence_1k,audio__original,Original TTS,7,14.116866292247064,1.8420468945116113,86.95144618941913
single_sentence_1k,audio__original,Original TTS,9,16.64499165950272,5.2743542279216875,68.3126652399941
single_sentence_1k,audio__original,Original TTS,9,29.077607457158948,9.038320091520038,68.9165619804294
single_sentence_1k,audio__original,Original TTS,6,45.33373905221621,11.194308457042402,75.30689351666184
single_sentence_1k,audio__original,Original TTS,6,32.13931769344466,20.097281917278583,37.46823716367273
single_sentence_1k,audio__original,Original TTS,6,2.416726518732806,5.315700080168123,-119.95455584090557
single_sentence_1k,audio__original,Original TTS,4,14.655141270312015,0.5484641504390311,96.25753078511707
single_sentence_1k,audio__original,Original TTS,7,8.971512141903597,5.279759530626636,41.14972540731173
single_sentence_1k,audio__original,Original TTS,5,18.90543216765682,15.617907880921006,17.389310424545965
single_sentence_1k,audio__original,Original TTS,5,48.14051744937897,35.48663873076439,26.285298515788632
single_sentence_1k,audio__original,Original TTS,4,53.09554486349225,5.908854686509585,88.87127968702242
single_sentence_1k,audio__original,Original TTS,4,34.37947249878198,35.15603566338541,-2.258798952284516
single_sentence_1k,audio__original,Original TTS,4,30.869925197213888,10.193127914095385,66.9803932177479
single_sentence_1k,audio__original,Original TTS,5,29.377760161459445,19.44673701263964,33.80456200281827
single_sentence_1k,audio__original,Original TTS,4,28.12507713958621,27.096313989255577,3.657814502071686
single_sentence_1k,audio__original,Original TTS,5,15.671002587396652,5.470352515066042,65.09251731305594
single_sentence_1k,audio__original,Original TTS,4,39.46572115342133,4.650773632301934,88.21566286798043
single_sentence_1k,audio__original,Original TTS,7,13.29498740415917,8.409385316965622,36.74770000658405
single_sentence_1k,audio__original,Original TTS,5,12.169870710372924,6.63620433807373,45.47021495949504
single_sentence_1k,audio__original,Original TTS,4,35.87263374309987,15.134685885175713,57.809939483222685
single_sentence_1k,audio__original,Original TTS,8,40.5218159109354,30.567679662955925,24.564881963478857
single_sentence_1k,audio__original,Original TTS,10,24.162502380460502,22.875362369650976,5.327014522512363
single_sentence_1k,audio__original,Original TTS,4,10.253803419531323,3.696589667350054,63.94908780571282
single_sentence_1k,audio__original,Original TTS,4,28.97459770506248,27.32324124412844,5.699324897427349
single_sentence_1k,audio__original,Original TTS,4,12.790503912372515,12.575819514342584,1.6784670838672924
single_sentence_1k,audio__original,Original TTS,6,12.91806312991927,2.905232076688359,77.51031213061958
single_sentence_1k,audio__original,Original TTS,8,22.07485942170024,8.445902029794524,61.73972450537124
single_sentence_1k,audio__original,Original TTS,9,16.67512064199481,0.30078279528768487,98.19621817589619
single_sentence_1k,audio__original,Original TTS,7,18.301170786177472,3.3714725005307367,81.57783160475643
single_sentence_1k,audio__original,Original TTS,6,24.515247410473723,2.9859176164803407,87.82016119810947
single_sentence_1k,audio__original,Original TTS,6,24.963572591543198,5.84367538181444,76.59118958079712
single_sentence_1k,audio__original,Original TTS,5,17.700270560383796,2.02349962820299,88.56797345950223
single_sentence_1k,audio__original,Original TTS,4,8.300166640197858,6.744621734021621,18.741128625571264
single_sentence_1k,audio__original,Original TTS,6,14.01720997194449,8.77993631863501,37.363167590354344
single_sentence_1k,audio__original,Original TTS,7,9.318543645420245,7.558300867399859,18.889676810018347
single_sentence_1k,audio__original,Original TTS,4,24.08491887897253,7.443258836865425,69.09576953832382
single_sentence_1k,audio__original,Original TTS,5,13.595865695178508,7.59708512207726,44.122093492204705
single_sentence_1k,audio__original,Original TTS,5,24.036105171078816,7.991438216909591,66.75235792142728
single_sentence_1k,audio__original,Original TTS,4,22.20310002565384,18.08019909262657,18.56903282993635
single_sentence_1k,audio__original,Original TTS,4,18.817593941363157,7.142888028958623,62.04143818164891
single_sentence_1k,audio__original,Original TTS,5,23.004911613464355,11.112093671287107,51.696864313169534
single_sentence_1k,audio__original,Original TTS,6,14.100173922876516,4.432447553525587,68.56458950244394
single_sentence_1k,audio__original,Original TTS,6,41.110906203735794,18.077734983524994,56.0269119490189
single_sentence_1k,audio__original,Original TTS,6,38.91097025355945,42.10768906166777,-8.215469280969414
single_sentence_1k,audio__original,Original TTS,5,25.89261909276247,19.877883389312775,23.229537660525583
single_sentence_1k,audio__original,Original TTS,10,20.323687287877895,9.485888238910354,53.32594866007297
single_sentence_1k,audio__original,Original TTS,6,15.306923513611158,15.161025482229888,0.9531505873896544
single_sentence_1k,audio__original,Original TTS,5,55.63667778968811,21.774160040542483,60.86365882080367
single_sentence_1k,audio__original,Original TTS,10,9.860162999108434,3.4231118987314404,65.28341469567023
single_sentence_1k,audio__original,Original TTS,6,12.4082942235594,4.403173303852479,64.51427388389732
single_sentence_1k,audio__original,Original TTS,6,25.709560563166935,15.698179878277378,38.940302617355755
single_sentence_1k,audio__original,Original TTS,6,14.665093526244164,6.373850274210175,56.537268154452995
single_sentence_1k,audio__original,Original TTS,7,3.418924419691653,2.450607043325103,28.322280855038063
single_sentence_1k,audio__original,Original TTS,10,6.386359718022868,3.4532622875645758,45.9275324279156
single_sentence_1k,audio__original,Original TTS,6,14.909989663710197,10.171446717938144,31.78099417000478
single_sentence_1k,audio__original,Original TTS,8,6.633973345626146,3.303311911178753,50.206132296918796
single_sentence_1k,audio__original,Original TTS,9,15.085571287898347,10.79062238573614,28.47057509587069
single_sentence_1k,audio__original,Original TTS,8,8.650090035691392,5.517092296984629,36.21925003993726
single_sentence_1k,audio__original,Original TTS,9,29.30108083453443,19.136982173555428,34.68847691447455
single_sentence_1k,audio__original,Original TTS,8,17.135263044387102,11.234452960242152,34.43664721609187
single_sentence_1k,audio__original,Original TTS,8,20.865069437772036,16.754420947749168,19.701101413932324
single_sentence_1k,audio__original,Original TTS,7,16.8139753809997,8.00865239650011,52.36907266112611
single_sentence_1k,audio__original,Original TTS,6,39.47413717210293,38.04509885593628,3.620188859192022
single_sentence_1k,audio__original,Original TTS,6,5.257072005731364,2.1127333055483177,59.811596583707164
single_sentence_1k,audio__original,Original TTS,7,6.820770002502416,3.284554025856778,51.844820677845235
single_sentence_1k,audio__original,Original TTS,8,28.050218576565385,20.145140498352703,28.181876931315596
single_sentence_1k,audio__original,Original TTS,9,33.38741874860393,19.99412952611844,40.11477893314385
single_sentence_1k,audio__original,Original TTS,7,40.200460757528035,36.10889301236187,10.177912561362795
single_sentence_1k,audio__original,Original TTS,9,4.865333960288101,1.213580100874727,75.05659198771907
single_sentence_1k,audio__original,Original TTS,8,20.591524723451585,7.402090691437408,64.05273144728713
single_sentence_1k,audio__original,Original TTS,8,23.231904771877453,6.3089988544234075,72.84338535142182
single_sentence_1k,audio__original,Original TTS,7,59.73084790366037,57.59591481515339,3.574255453313505
single_sentence_1k,audio__original,Original TTS,8,26.419003270217218,10.987373136951462,58.41109891780893
single_sentence_1k,audio__original,Original TTS,9,24.03712442726828,31.06227244601016,-29.226241433323793
single_sentence_1k,audio__original,Original TTS,7,7.3894516485078,18.90945139969699,-155.8978974240328
single_sentence_1k,audio__original,Original TTS,9,22.56026679189462,22.86640069096029,-1.3569604556966393
single_sentence_1k,audio__original,Original TTS,6,6.775649248311917,6.49674726339678,4.116240004374825
single_sentence_1k,audio__original,Original TTS,7,9.077903458050319,7.511418492666313,17.256021421937913
single_sentence_1k,audio__original,Original TTS,10,25.84950664108619,16.643726967158727,35.612980169205414
single_sentence_1k,audio__original,Original TTS,6,14.833020867951669,17.09551890750195,-15.253117080409773
single_sentence_1k,audio__original,Original TTS,9,41.937318325042725,25.90766978594992,38.222874469111574
single_sentence_1k,audio__original,Original TTS,9,5.813249934464693,8.401611862031537,-44.525213206839176
single_sentence_1k,audio__original,Original TTS,10,14.518474996089935,14.141238051652909,2.598323477766242
single_sentence_1k,audio__original,Original TTS,9,10.71864865600623,9.810105351449035,8.476285898671472
single_sentence_1k,audio__original,Original TTS,8,7.114178377378266,4.07708454070962,42.69071810633856
single_sentence_1k,audio__original,Original TTS,8,3.666529005393386,5.658045216725441,-54.316117734308854
single_sentence_1k,audio__original,Original TTS,7,17.836024897439138,13.304961763322353,25.40399646317687
single_sentence_1k,audio__original,Original TTS,7,29.99184287233012,12.122130799506392,59.581907483617734
single_sentence_1k,audio__original,Original TTS,9,17.43103928367297,11.085306635511264,36.404786570044195
single_sentence_1k,audio__original,Original TTS,7,6.657949785302792,2.234252915883969,66.4423285255769
single_sentence_1k,audio__original,Original TTS,9,21.139275944895214,25.809356223377918,-22.0919594912164
single_sentence_1k,audio__original,Original TTS,8,56.97392646595836,49.92682547494769,12.368993025645292
single_sentence_1k,audio__original,Original TTS,7,12.139923606267464,2.5098958627453873,79.32527465453238
single_sentence_1k,audio__original,Original TTS,6,21.32133635878563,3.825140107423067,82.05956679705544
single_sentence_1k,audio__original,Original TTS,10,12.30201193386456,9.505434118001721,22.732686579213222
single_sentence_1k,audio__original,Original TTS,8,33.16105089074699,27.807774905813858,16.143263983310227
single_sentence_1k,audio__original,Original TTS,7,44.716240163360325,37.034082865242716,17.179792554232296
single_sentence_1k,audio__original,Original TTS,5,9.982945615053177,11.566565895825624,-15.863256616208776
single_sentence_1k,audio__original,Original TTS,7,8.377173358108848,6.757975441569995,19.328690565672957
single_sentence_1k,audio__original,Original TTS,9,13.189345371003988,9.565317664450655,27.476933878163113
single_sentence_1k,audio__original,Original TTS,6,18.18531855692466,16.74545877535517,7.917704477171307
single_sentence_1k,audio__original,Original TTS,9,21.13410500354237,23.101517930911136,-9.309184973950876
single_sentence_1k,audio__original,Original TTS,8,39.73505198583007,29.991159106604755,24.522159635528066
single_sentence_1k,audio__original,Original TTS,7,30.43054503415312,13.31990693363228,56.228496996412815
single_sentence_1k,audio__original,Original TTS,10,11.557704116369223,5.750267354990427,50.24732163850517
single_sentence_1k,audio__original,Original TTS,7,16.8808443446178,4.018903230938512,76.19252243019538
single_sentence_1k,audio__original,Original TTS,6,26.735588888327282,14.874469665189585,44.364533254460106
single_sentence_1k,audio__original,Original TTS,6,23.35358041524887,24.644794436792534,-5.528976707573955
single_sentence_1k,audio__original,Original TTS,8,14.831328140571713,8.795680212104344,40.69526256355022
single_sentence_1k,audio__original,Original TTS,10,31.256108092330397,13.948447664623382,55.373690085087574
single_sentence_1k,audio__original,Original TTS,9,13.601983697478191,6.333614698687989,53.43609550228882
single_sentence_1k,audio__original,Original TTS,5,23.300762745924295,18.101754210609943,22.312610930402904
single_sentence_1k,audio__original,Original TTS,8,20.254076562894625,10.164528703158766,49.81489937793493
single_sentence_1k,audio__original,Original TTS,8,5.300100980326533,7.628581931814551,-43.93276581203106
single_sentence_1k,audio__original,Original TTS,5,20.410817742347717,17.092080159718172,16.25969926596294
single_sentence_1k,audio__original,Original TTS,6,21.100763919763267,17.430124701621633,17.395764589848156
single_sentence_1k,audio__original,Original TTS,7,33.46036823306765,29.64002250134945,11.417524472855895
single_sentence_1k,audio__original,Original TTS,6,8.879243730256954,7.334020429446052,17.402645402619054
single_sentence_1k,audio__original,Original TTS,6,9.141224214234777,6.084542713981743,33.43842606434648
single_sentence_1k,audio__original,Original TTS,6,22.977716108163197,22.565738429625828,1.7929444188363315
single_sentence_1k,audio__original,Original TTS,6,2.3921726034992994,1.5821609134970156,33.86092160813934
single_sentence_1k,audio__original,Original TTS,6,15.723823383605728,14.227457522802675,9.516552204238202
single_sentence_1k,audio__original,Original TTS,7,11.675914370587893,9.690826980131012,17.00155831441688
single_sentence_1k,audio__original,Original TTS,8,6.083787030758685,5.441821991611505,10.552062981519647
single_sentence_1k,audio__original,Original TTS,7,8.67100275840078,22.43608636515481,-158.74846301274582
single_sentence_1k,audio__original,Original TTS,4,18.055735427187756,3.8845814911765046,78.48560914706789
single_sentence_1k,audio__original,Original TTS,5,25.979465037584305,12.228369733691215,52.93063303651356
single_sentence_1k,audio__original,Original TTS,10,23.597996251285075,11.199178650704017,52.54182375720081
single_sentence_1k,audio__original,Original TTS,7,13.75787901705397,6.150923450909821,55.291630030433694
single_sentence_1k,audio__original,Original TTS,8,21.134335425284206,17.831495342269612,15.627839799794312
single_sentence_1k,audio__original,Original TTS,5,16.50638758581772,13.924248110113604,15.64327423113879
single_sentence_1k,audio__original,Original TTS,9,8.55303117301729,5.753673413975371,32.72942308304925
single_sentence_1k,audio__original,Original TTS,6,24.406062761942547,10.144311446036832,58.435280835812215
single_sentence_1k,audio__original,Original TTS,9,68.66168167649045,35.0281988425209,48.984356358235765
single_sentence_1k,audio__original,Original TTS,7,24.405431747436523,13.36137623659202,45.25244882014652
single_sentence_1k,audio__original,Original TTS,6,20.307511418126523,19.978384030672412,1.620717480726523
single_sentence_1k,audio__original,Original TTS,9,8.96553292575194,5.599459438786125,37.544600135228464
single_sentence_1k,audio__original,Original TTS,8,12.37191868131049,8.122539593804575,34.34696910775202
single_sentence_1k,audio__original,Original TTS,7,15.156215991292681,6.603385666152462,56.431172068634154
single_sentence_1k,audio__original,Original TTS,6,19.54509737590949,3.6302848905324936,81.42610998189735
single_sentence_1k,audio__original,Original TTS,8,5.922051500179805,4.983238915112452,15.85282709950849
single_sentence_1k,audio__original,Original TTS,7,18.623668453257,7.608958533965051,59.143610438176815
single_sentence_1k,audio__original,Original TTS,6,5.9119555950164795,5.518659109870593,6.652561556406448
single_sentence_1k,audio__original,Original TTS,8,34.84705560829025,20.98728166084038,39.77315645615859
single_sentence_1k,audio__original,Original TTS,9,19.133081251962317,3.467506118765515,81.87690694926683
single_sentence_1k,audio__original,Original TTS,9,15.951525424503618,8.753037069303295,45.127272556281724
single_sentence_1k,audio__original,Original TTS,9,11.45831787675464,3.2186560132152713,71.90987326556088
single_sentence_1k,audio__original,Original TTS,8,22.175625577569008,16.5479449769482,25.377776067401197
single_sentence_1k,audio__original,Original TTS,9,16.169349032971596,11.662372685684305,27.873579437842096
single_sentence_1k,audio__original,Original TTS,9,16.20948645332828,1.5418277273420244,90.48811489628999
single_sentence_1k,audio__original,Original TTS,10,11.09447900634259,6.073156659069355,45.259649816837744
single_sentence_1k,audio__original,Original TTS,9,34.93289459581784,14.255108167292848,59.192880142834014
single_sentence_1k,audio__original,Original TTS,6,9.685360853249827,1.3855892491022435,85.6939842500827
single_sentence_1k,audio__original,Original TTS,9,65.39267059167226,24.327544146113926,62.797750992582905
single_sentence_1k,audio__original,Original TTS,8,47.5659549087286,26.877074224990793,43.49514421278083
single_sentence_1k,audio__original,Original TTS,7,37.96566770757948,33.16873300082183,12.634927808210218
single_sentence_1k,audio__original,Original TTS,10,14.59395637512207,7.092739526741207,51.39947424516075
single_sentence_1k,audio__original,Original TTS,7,10.372050234781844,4.956216756030967,52.21565029244951
single_sentence_1k,audio__original,Original TTS,5,19.492049162089824,17.18272158021573,11.847536206534484
single_sentence_1k,audio__original,Original TTS,6,12.695667615781227,5.507682660905023,56.61762084840066
single_sentence_1k,audio__original,Original TTS,8,19.76667581545189,9.993834536289796,49.44099539247022
single_sentence_1k,audio__original,Original TTS,5,56.88337946534157,0.40848736762395677,99.28188625313156
single_sentence_1k,audio__original,Original TTS,4,5.26951945835026,0.9947569002397358,81.12243615186941
single_sentence_1k,audio__original,Original TTS,7,12.013200238347054,29.886721195381792,-148.78234444125133
single_sentence_1k,audio__original,Original TTS,5,13.507785052061081,10.87243259968236,19.509878505037406
single_sentence_1k,audio__original,Original TTS,7,6.930111660942722,3.198533334753319,53.845861491960235
single_sentence_1k,audio__original,Original TTS,5,15.012975047528744,31.33968100398779,-108.75063673103585
single_sentence_1k,audio__original,Original TTS,7,17.002740064469567,0.4874096145421,97.13334666827829
single_sentence_1k,audio__original,Original TTS,8,24.720375097414944,12.965065249212785,47.553120864381356
single_sentence_1k,audio__original,Original TTS,6,23.2897107899189,15.93847192505685,31.564320103296776
single_sentence_1k,audio__original,Original TTS,5,11.286402530170744,6.4907297795711205,42.4907116131988
single_sentence_1k,audio__original,Original TTS,8,18.45799879241713,6.0368298903608775,67.29423401609002
single_sentence_1k,audio__original,Original TTS,6,27.44247603591066,9.049559375106279,67.02353182976562
single_sentence_1k,audio__original,Original TTS,8,8.954273957759142,6.005225830905793,32.93453093757436
single_sentence_1k,audio__original,Original TTS,6,38.58977019786835,4.578365844984849,88.13580432972427
single_sentence_1k,audio__original,Original TTS,4,21.40480674104765,2.5580294225364923,88.04927578425176
single_sentence_1k,audio__original,Original TTS,7,24.394044433321273,14.800914281180926,39.32570582283814
single_sentence_1k,audio__original,Original TTS,6,20.55623418527345,1.727182317020682,91.59776882548827
single_sentence_1k,audio__original,Original TTS,9,27.647983993403614,11.29689065925777,59.140273439274864
single_sentence_1k,audio__original,Original TTS,10,17.26873986274004,13.759612486883999,20.320691629778523
single_sentence_1k,audio__original,Original TTS,6,6.439103675385316,3.330512033775449,48.27677574897641
single_sentence_1k,audio__original,Original TTS,7,25.787539111716406,23.609976662056788,8.444242935419364
single_sentence_1k,audio__original,Original TTS,7,40.92918841700469,4.6908996898148745,88.53898679342987
single_sentence_1k,audio__original,Original TTS,7,14.66893404442817,1.4970497877470084,89.79442007706317
single_sentence_1k,audio__original,Original TTS,5,17.149837058782577,17.240908294916153,-0.5310326612516578
single_sentence_1k,audio__original,Original TTS,6,36.4367573261261,23.31615758066376,36.00924096517922
single_sentence_1k,audio__original,Original TTS,6,45.35904037952423,14.587389294678966,67.84017216276044
single_sentence_1k,audio__original,Original TTS,7,26.30830807345254,23.47794486795153,10.758438731972674
single_sentence_1k,audio__original,Original TTS,6,4.72273659457763,4.070182230944435,13.817293227456718
single_sentence_1k,audio__original,Original TTS,6,41.20431740085284,27.93919176856677,32.19353327283007
single_sentence_1k,audio__original,Original TTS,7,27.713382529360906,9.161661561046328,66.94138093269552
single_sentence_1k,audio__original,Original TTS,6,18.26647726477434,23.5505819125392,-28.92788013348855
single_sentence_1k,audio__original,Original TTS,8,18.565863664494827,3.5059448948595673,81.11617666586498
single_sentence_1k,audio__original,Original TTS,8,10.882784911824274,1.269185392287909,88.33767824530902
single_sentence_1k,audio__original,Original TTS,5,21.647542977333067,14.608636990189552,32.51595802125851
single_sentence_1k,audio__original,Original TTS,4,63.3573338042479,64.2405005407054,-1.3939455520432324
single_sentence_1k,audio__original,Original TTS,6,31.62418037435661,20.346369846723974,35.66198520919637
single_sentence_1k,audio__original,Original TTS,6,29.393455623028178,13.776611278299242,53.1303448802188
single_sentence_1k,audio__original,Original TTS,5,14.602213490009309,7.074637961760163,51.55092091619835
single_sentence_1k,audio__original,Original TTS,6,15.13323365295461,9.225871409735797,39.0356904458781
single_sentence_1k,audio__original,Original TTS,7,15.095188930630684,8.708235363609024,42.31118667260569
single_sentence_1k,audio__original,Original TTS,7,34.4045974069408,3.4390508734754155,90.00409499696218
single_sentence_1k,audio__original,Original TTS,7,16.5693122175123,2.7624467834830284,83.32793330695183
single_sentence_1k,audio__original,Original TTS,6,80.04536525004853,30.719132025105257,61.622847332704715
single_sentence_1k,audio__original,Original TTS,6,43.019334220948316,42.878517186269164,0.32733429568182665
single_sentence_1k,audio__original,Original TTS,6,23.23862289140622,8.491077069037905,63.46135866692017
single_sentence_1k,audio__original,Original TTS,7,15.768392375537328,6.8653587116194625,56.46126410279972
single_sentence_1k,audio__original,Original TTS,6,7.092298225189249,4.860048756624262,31.474275301013904
single_sentence_1k,audio__original,Original TTS,8,38.43527088029077,25.94985043950146,32.48427851510658
single_sentence_1k,audio__original,Original TTS,6,9.71923221445953,1.384593863263338,85.75408187898375
single_sentence_1k,audio__original,Original TTS,9,45.18133432335324,34.6586012908568,23.290000594465553
single_sentence_1k,audio__original,Original TTS,6,9.703670732056102,1.1132728990244989,88.52730137115226
single_sentence_1k,audio__original,Original TTS,6,65.9802092819785,42.442195946583524,35.67435385783784
single_sentence_1k,audio__original,Original TTS,8,23.058551246649586,9.017879451275803,60.89138751687141
single_sentence_1k,audio__original,Original TTS,7,11.539686620235443,9.076555990747043,21.344865857701652
single_sentence_1k,audio__original,Original TTS,6,20.49775008360545,23.910835509498913,-16.651024683061795
single_sentence_1k,audio__original,Original TTS,7,19.29670419863292,12.490312153373711,35.27230336951224
single_sentence_1k,audio__original,Original TTS,7,77.10767947084138,56.72468334117106,26.434456683887422
single_sentence_1k,audio__original,Original TTS,8,17.15349027933553,18.02780345827341,-5.0969987139652275
single_sentence_1k,audio__original,Original TTS,9,15.383670206518016,4.722322388552129,69.30301855696767
single_sentence_1k,audio__original,Original TTS,6,5.252031389061206,5.381431247864384,-2.4638058918057655
single_sentence_1k,audio__original,Original TTS,7,34.98516345513053,33.765206365313915,3.4870698585737547
single_sentence_1k,audio__original,Original TTS,7,10.541615443570274,13.267474200443498,-25.85807432897609
single_sentence_1k,audio__original,Original TTS,4,54.84515079297125,17.890946436673403,67.37916446942063
single_sentence_1k,audio__original,Original TTS,5,24.052916114777325,13.03861590269953,45.79195370540111
single_sentence_1k,audio__original,Original TTS,4,18.070198595523834,10.573870707303286,41.484479811292516
single_sentence_1k,audio__original,Original TTS,4,16.351787131279707,0.49032230232842267,97.0014145952862
single_sentence_1k,audio__original,Original TTS,7,50.74200844179307,7.714877496340445,84.79587676315514
single_sentence_1k,audio__original,Original TTS,4,4.927436815574765,4.650850071178866,5.613197180360737
single_sentence_1k,audio__original,Original TTS,4,16.984344232361764,9.135610114317387,46.211581740609645
single_sentence_1k,audio__original,Original TTS,4,24.664857364828094,13.484171702278417,45.33042902771152
single_sentence_1k,audio__original,Original TTS,6,7.754526575406392,5.530894649525483,28.675276359658035
single_sentence_1k,audio__original,Original TTS,4,6.691864131018519,2.114793006912805,68.39755013688648
single_sentence_1k,audio__original,Original TTS,6,17.321389457521338,11.959579933745166,30.954846531944657
single_sentence_1k,audio__original,Original TTS,4,19.531627442862373,9.049629932414973,53.66679013877021
single_sentence_1k,audio__original,Original TTS,4,47.76799169043079,9.75138600327773,79.58594100737295
single_sentence_1k,audio__original,Original TTS,7,8.035031609237194,8.447373328464371,-5.131799590597039
single_sentence_1k,audio__original,Original TTS,5,17.760587956756353,11.82141216620803,33.44019806669174
single_sentence_1k,audio__original,Original TTS,5,23.647761437296868,6.660575588047505,71.83422369297692
single_sentence_1k,audio__original,Original TTS,5,22.163654088974,5.516977623105049,75.10799617717531
single_sentence_1k,audio__original,Original TTS,5,31.898790752887727,2.671411498822272,91.62535182127418
single_sentence_1k,audio__original,Original TTS,5,22.092339140176772,7.981100369663909,63.87390072629471
single_sentence_1k,audio__original,Original TTS,6,18.28694031368165,13.104607492180852,28.338982534019415
single_sentence_1k,audio__original,Original TTS,5,34.801560127548875,2.8064578109886495,91.93582758731824
single_sentence_1k,audio__original,Original TTS,6,29.45961886535709,5.396419638302177,81.68197741129613
single_sentence_1k,audio__original,Original TTS,4,36.44314276240766,13.30751767102629,63.48416557324621
single_sentence_1k,audio__original,Original TTS,5,8.143464799225331,10.555320747196674,-29.617073413281993
single_sentence_1k,audio__original,Original TTS,6,53.7236547411109,19.853768760338426,63.044642334904765
single_sentence_1k,audio__original,Original TTS,4,12.25490054488182,9.866495898924768,19.489384162767067
single_sentence_1k,audio__original,Original TTS,5,10.968262863159179,3.46624985486269,68.39745821095038
single_sentence_1k,audio__original,Original TTS,7,14.907108124345541,13.229773956982951,11.251908508151569
single_sentence_1k,audio__original,Original TTS,7,24.837542303372175,7.949175004880609,67.99532374102347
single_sentence_1k,audio__original,Original TTS,6,4.5860186407032115,3.8510587934870273,16.02609812121232
single_sentence_1k,audio__original,Original TTS,7,39.76328731008938,14.171133645743664,64.36126234928282
single_sentence_1k,audio__original,Original TTS,5,7.954244035482406,7.951962205395103,0.028686950980192957
single_sentence_1k,audio__original,Original TTS,7,6.699224403926304,8.68480070573943,-29.63889820811814
single_sentence_1k,audio__original,Original TTS,4,21.514215719420463,6.431071580736898,70.10780376747968
single_sentence_1k,audio__original,Original TTS,7,19.82955749359514,14.642802672194582,26.156684651565502
single_sentence_1k,audio__original,Original TTS,5,34.02094809114933,14.322046264540404,57.90227178217195
single_sentence_1k,audio__original,Original TTS,6,12.78206230700016,6.779366937077914,46.961869108045576
single_sentence_1k,audio__original,Original TTS,5,26.990223836898803,9.80287436246872,63.67990713338569
single_sentence_1k,audio__original,Original TTS,7,16.96521266496607,8.746554389396417,48.44418067650607
single_sentence_1k,audio__original,Original TTS,4,26.151752681005746,20.10689330357127,23.114547813175495
single_sentence_1k,audio__original,Original TTS,5,5.166507753914925,2.546785685727582,50.7058576695689
single_sentence_1k,audio__original,Original TTS,6,7.8268014726151405,0.41569673840422183,94.6888043620541
single_sentence_1k,audio__original,Original TTS,6,26.272270401318867,9.727390686670939,62.974685712040234
single_sentence_1k,audio__original,Original TTS,5,45.19631811976433,44.32540457881987,1.926956834485168
single_sentence_1k,audio__original,Original TTS,4,31.182492665946484,16.868732475326397,45.903194282642254
single_sentence_1k,audio__original,Original TTS,7,28.630729344274318,16.398285870407044,42.72487552369519
single_sentence_1k,audio__original,Original TTS,7,13.060142675747297,1.764854750379787,86.486711560532
single_sentence_1k,audio__original,Original TTS,8,66.58331318199635,30.227974550798535,54.60127604618515
single_sentence_1k,audio__original,Original TTS,7,34.391948951142176,13.68950249613928,60.195618702543335
single_sentence_1k,audio__original,Original TTS,8,37.211020382354036,43.59689332917333,-17.161241162436806
single_sentence_1k,audio__original,Original TTS,7,16.63566720911435,14.320504692915295,13.916860003851381
single_sentence_1k,audio__original,Original TTS,6,23.851695309082668,8.921335912387198,62.596638114063225
single_sentence_1k,audio__original,Original TTS,6,5.8352173025875045,3.179079944762634,45.519082153925304
single_sentence_1k,audio__original,Original TTS,7,12.941418034689766,8.376135170459747,35.276527286211405
single_sentence_1k,audio__original,Original TTS,5,12.26630883384496,4.7881324286572635,60.9651730319561
single_sentence_1k,audio__original,Original TTS,9,18.155257135629654,18.366257495350307,-1.1621997867855356
single_sentence_1k,audio__original,Original TTS,5,29.809957218170165,22.308664678782225,25.163714541715784
single_sentence_1k,audio__original,Original TTS,9,6.727263803697294,5.169939957378018,23.149439233576263
single_sentence_1k,audio__original,Original TTS,7,4.7835247822638065,4.451978497340211,6.931003810263334
single_sentence_1k,audio__original,Original TTS,7,11.332330017217568,3.1700254657438824,72.02671065061145
single_sentence_1k,audio__original,Original TTS,5,10.755201263725757,13.249248477071523,-23.189219357126117
single_sentence_1k,audio__original,Original TTS,8,26.793898604810238,29.92854886734858,-11.699119671877792
single_sentence_1k,audio__original,Original TTS,6,19.48914111960524,13.033887636188107,33.12230869385735
single_sentence_1k,audio__original,Original TTS,5,17.760653706640007,13.727259879559279,22.709714933368705
single_sentence_1k,audio__original,Original TTS,8,14.79819324775599,9.126797810080461,38.32491806751843
single_sentence_1k,audio__original,Original TTS,7,6.158930427627638,4.487061428205509,27.145443824506998
single_sentence_1k,audio__original,Original TTS,9,9.875631336122751,7.470902887069517,24.350123725835125
single_sentence_1k,audio__original,Original TTS,6,9.917760975658894,5.776575970463455,41.75524108071496
single_sentence_1k,audio__original,Original TTS,8,18.77979043428786,17.450552223977866,7.078024725361642
single_sentence_1k,audio__original,Original TTS,8,28.166280321776867,24.72218509297818,12.227724745520877
single_sentence_1k,audio__original,Original TTS,6,16.81700731627643,11.685261056758463,30.51521690515755
single_sentence_1k,audio__original,Original TTS,7,39.75579382266317,28.314226296331203,28.779622857913086
single_sentence_1k,audio__original,Original TTS,6,26.76261877982567,9.443849434882091,64.71253612146094
single_sentence_1k,audio__original,Original TTS,7,29.84089254907199,4.489656635826187,84.95468381703681
single_sentence_1k,audio__original,Original TTS,7,12.729699471167155,2.8559149777782813,77.56494578487931
single_sentence_1k,audio__original,Original TTS,8,22.377712917572353,10.86179320854717,51.461557986036084
single_sentence_1k,audio__original,Original TTS,8,11.26640049868729,2.520929836871801,77.62435449400607
single_sentence_1k,audio__original,Original TTS,7,10.395783946583313,6.7190786532259414,35.36727304308551
single_sentence_1k,audio__original,Original TTS,7,52.318091119872406,23.600131770595908,54.89106871937903
single_sentence_1k,audio__original,Original TTS,7,48.27787490401949,11.853695276060275,75.44694065423049
single_sentence_1k,audio__original,Original TTS,6,13.434257013102373,4.520785712326567,66.34882220939005
single_sentence_1k,audio__original,Original TTS,9,16.36688271496031,14.651376072705412,10.481572283076384
single_sentence_1k,audio__original,Original TTS,7,29.690798292202608,13.83196322992444,53.41329965669199
single_sentence_1k,audio__original,Original TTS,6,31.5882906516393,24.41944699237744,22.69462358163349
single_sentence_1k,audio__original,Original TTS,7,26.31651103922299,16.915631614625454,35.72236232449719
single_sentence_1k,audio__original,Original TTS,6,5.315831392227362,0.9303186226240617,82.49909461040575
single_sentence_1k,audio__original,Original TTS,3,48.42188208053509,16.22981196641922,66.48248422185272
single_sentence_1k,audio__original,Original TTS,5,28.18148992937058,30.111625616624952,-6.84894834194978
single_sentence_1k,audio__original,Original TTS,7,50.65195764707668,21.326457952814444,57.89608350103863
single_sentence_1k,audio__original,Original TTS,8,40.11203636787832,24.528181571979076,38.85081937245843
single_sentence_1k,audio__original,Original TTS,5,102.09827800597995,103.36480710660108,-1.2404999627387903
single_sentence_1k,audio__original,Original TTS,4,5.127282163593918,5.114109969581477,0.25690402033984844
single_sentence_1k,audio__original,Original TTS,7,28.14367728440889,20.82246611978917,26.013697821483852
single_sentence_1k,audio__original,Original TTS,6,10.823540252322951,2.263298931201765,79.08910690551537
single_sentence_1k,audio__original,Original TTS,9,12.924942263246825,10.781631360787692,16.582750304067662
single_sentence_1k,audio__original,Original TTS,7,42.31985915132931,27.17505140150232,35.786526830515875
single_sentence_1k,audio__original,Original TTS,4,15.17015470348997,6.4884415422566235,57.22890327042001
single_sentence_1k,audio__original,Original TTS,4,5.265689077787101,6.065152496623341,-15.182503315828384
single_sentence_1k,audio__original,Original TTS,5,64.46741827754303,81.24233753317966,-26.020770962810694
single_sentence_1k,audio__original,Original TTS,4,21.038283492962364,2.260537910671701,89.25512192366888
single_sentence_1k,audio__original,Original TTS,4,14.72379657952115,6.390628466848284,56.59659903386059
single_sentence_1k,audio__original,Original TTS,8,10.905151650309563,6.424364962901564,41.0887150503845
single_sentence_1k,audio__original,Original TTS,5,9.954426099359988,1.5993332936969638,83.93344550722225
single_sentence_1k,audio__original,Original TTS,6,8.443296354264021,13.768836252080897,-63.07417949539791
single_sentence_1k,audio__original,Original TTS,8,24.161968018859625,25.985547568649054,-7.547313813038879
single_sentence_1k,audio__original,Original TTS,4,33.53472017496824,33.07852525822818,1.3603659561190653
single_sentence_1k,audio__original,Original TTS,5,16.776922683417798,5.8937056115828454,64.87016288506743
single_sentence_1k,audio__original,Original TTS,4,31.261419609189034,17.89156075962819,42.76791974485664
single_sentence_1k,audio__original,Original TTS,7,19.008593763623917,13.089457663042205,31.13926350464155
single_sentence_1k,audio__original,Original TTS,6,52.19010909398397,25.136116067568462,51.83739504682136
single_sentence_1k,audio__original,Original TTS,4,12.352175497449934,19.0719971684739,-54.401928408572644
single_sentence_1k,audio__original,Original TTS,7,18.183340344345197,12.554839774666886,30.954161683657357
single_sentence_1k,audio__original,Original TTS,5,7.11693894714117,5.941754260659218,16.512502006976135
single_sentence_1k,audio__original,Original TTS,5,11.377475747466088,18.36217377707362,-61.3905771775705
single_sentence_1k,audio__original,Original TTS,6,33.12620980044206,13.6368972575292,58.8335117730637
single_sentence_1k,audio__original,Original TTS,5,9.367113087698817,1.143834870867431,87.78882180498545
single_sentence_1k,audio__original,Original TTS,5,5.559275747649371,2.5659354493021964,53.84406951953857
single_sentence_1k,audio__original,Original TTS,8,13.370370209915563,12.353515420109034,7.6052852227863
single_sentence_1k,audio__original,Original TTS,5,19.449723863601683,18.333658123016356,5.7382086677021595
single_sentence_1k,audio__original,Original TTS,5,7.733369724452496,3.947866725339554,48.95023946861595
single_sentence_1k,audio__original,Original TTS,7,2.7452372881577634,0.275313993289501,89.97121325441944
single_sentence_1k,audio__original,Original TTS,8,20.03489324450493,13.898149978369474,30.630276843719194
single_sentence_1k,audio__original,Original TTS,6,9.605091306070486,3.0107220044980445,68.65493613168209
single_sentence_1k,audio__original,Original TTS,5,59.59814980328083,16.70217236028982,71.97535088686531
single_sentence_1k,audio__original,Original TTS,5,14.285723042488097,26.723885983834045,-87.06708721954638
single_sentence_1k,audio__original,Original TTS,6,5.844660631885442,0.3951364893904004,93.23935957487865
single_sentence_1k,audio__original,Original TTS,8,6.56328992350609,0.5552259090181906,91.54043299184946
single_sentence_1k,audio__original,Original TTS,6,23.30528680390368,7.073410115010726,69.64890338176006
single_sentence_1k,audio__original,Original TTS,4,31.85131247341633,17.411993719637394,45.33351260118479
single_sentence_1k,audio__original,Original TTS,4,6.401112342718989,18.810216293728445,-193.85855592933498
single_sentence_1k,audio__original,Original TTS,7,13.978178335486778,5.145387073180506,63.18985958193299
single_sentence_1k,audio__original,Original TTS,6,5.650802175824841,1.7323357659236838,69.34354252684811
single_sentence_1k,audio__original,Original TTS,6,15.113679930567741,13.39453223339016,11.374779041737995
single_sentence_1k,audio__original,Original TTS,6,23.557174682617188,26.188718497753143,-11.17088042428861
single_sentence_1k,audio__original,Original TTS,7,22.463617750576564,16.31310478278569,27.379886161181723
single_sentence_1k,audio__original,Original TTS,4,30.734326120000333,16.68995558063034,45.69604189314121
single_sentence_1k,audio__original,Original TTS,5,10.091415713727475,10.456841690442525,-3.6211567046827424
single_sentence_1k,audio__original,Original TTS,6,48.60438975505531,40.74287931638537,16.17448645747531
single_sentence_1k,audio__original,Original TTS,4,7.2250830084085464,28.34483547322452,-292.3115546248648
single_sentence_1k,audio__original,Original TTS,7,13.508229752204247,10.850810814249728,19.67259209165351
single_sentence_1k,audio__original,Original TTS,5,37.09412278085947,11.27108344323933,69.61490770431374
single_sentence_1k,audio__original,Original TTS,7,17.314836888441018,8.287775984166988,52.13483073756407
single_sentence_1k,audio__original,Original TTS,6,61.871525082426764,10.852635940071195,82.45940127447473
single_sentence_1k,audio__original,Original TTS,4,20.140938809141517,19.81801905820612,1.6033003922778022
single_sentence_1k,audio__original,Original TTS,4,28.245245546102524,18.61150136590004,34.107489575468804
single_sentence_1k,audio__original,Original TTS,5,61.69650945607573,58.116068768512925,5.8033115959532005
single_sentence_1k,audio__original,Original TTS,7,15.58766438640081,3.7659497435849447,75.84019228133701
single_sentence_1k,audio__original,Original TTS,4,9.10623936355114,7.85338056832552,13.758245804962518
single_sentence_1k,audio__original,Original TTS,6,12.807340470453104,3.0639067161052176,76.07694803481068
single_sentence_1k,audio__original,Original TTS,4,30.4489713460207,5.554758214391768,81.75715641994026
single_sentence_1k,audio__original,Original TTS,4,24.71606022119522,4.122062880953763,83.32233032261794
single_sentence_1k,audio__original,Original TTS,4,8.783242176286876,3.757671688508708,57.217715131962045
single_sentence_1k,audio__original,Original TTS,4,29.94175122305751,5.61369400320109,81.25128366280025
single_sentence_1k,audio__original,Original TTS,6,16.455716631064814,7.88807323994115,52.06484520370153
single_sentence_1k,audio__original,Original TTS,4,15.273628525435925,12.589067929598968,17.576442895453592
single_sentence_1k,audio__original,Original TTS,4,17.07864783331752,9.785698969382793,42.702144426840576
single_sentence_1k,audio__original,Original TTS,5,29.234115782380105,26.15292274830863,10.53971687397011
single_sentence_1k,audio__original,Original TTS,9,46.067558747198845,43.90331741608679,4.697972694816718
single_sentence_1k,audio__original,Original TTS,6,7.472043032447497,19.937230929654714,-166.82435905517255
single_sentence_1k,audio__original,Original TTS,8,56.613918169401586,67.80267580715008,-19.7632631683771
single_sentence_1k,audio__original,Original TTS,6,16.42433788875739,15.167526753929755,7.652126638772654
single_sentence_1k,audio__original,Original TTS,7,7.662338101438114,3.735531296314938,51.24815367239106
single_sentence_1k,audio__original,Original TTS,6,10.865174189209938,7.923240137336677,27.076731588848865
single_sentence_1k,audio__original,Original TTS,6,21.212889576951664,23.005938176764175,-8.452637219969803
single_sentence_1k,audio__original,Original TTS,8,4.487164168618619,5.218265715171583,-16.29317580279293
single_sentence_1k,audio__original,Original TTS,8,63.28681371547282,66.62132698204368,-5.268891054560423
single_sentence_1k,audio__original,Original TTS,7,47.618927833225044,38.10751626108374,19.974014546175756
single_sentence_1k,audio__original,Original TTS,7,14.288686292512077,29.578142415066914,-107.00393170901378
single_sentence_1k,audio__original,Original TTS,7,33.41608488293631,22.634552277358516,32.264499696322325
single_sentence_1k,audio__original,Original TTS,8,20.49832966271788,13.508960368693806,34.097262601529216
single_sentence_1k,audio__original,Original TTS,6,13.07867449025313,11.09424597149094,15.173009468513673
single_sentence_1k,audio__original,Original TTS,5,4.776890510320664,3.5411283049732445,25.869594512947398
single_sentence_1k,audio__original,Original TTS,6,41.37325515349706,35.39072911938032,14.45988721922228
single_sentence_1k,audio__original,Original TTS,4,14.58941903768573,2.5595354037359357,82.45622120302095
single_sentence_1k,audio__original,Original TTS,5,6.679344387352467,2.014546126127243,69.83916370681763
single_sentence_1k,audio__original,Original TTS,4,16.08625181071693,0.22683905759913614,98.58985759847417
single_sentence_1k,audio__original,Original TTS,6,5.563733081022899,3.3057575387259326,40.58382221819014
single_sentence_1k,audio__original,Original TTS,3,17.958170135815937,13.966322944596564,22.22858543509395
single_sentence_1k,audio__original,Original TTS,9,13.432439858300818,7.0845867282090085,47.25763299188746
single_sentence_1k,audio__original,Original TTS,8,18.70582604408264,8.725378929637372,53.35475210196591
single_sentence_1k,audio__original,Original TTS,9,12.482532160977522,8.400618348477614,32.701007775174425
single_sentence_1k,audio__original,Original TTS,10,19.01663286294788,14.32325808503665,24.68036698050699
single_sentence_1k,audio__original,Original TTS,9,9.605299378434816,5.6095945541229515,41.59896185310744
single_sentence_1k,audio__original,Original TTS,7,21.91847299438502,15.038842127126243,31.387363841546676
single_sentence_1k,audio__original,Original TTS,7,41.74835614926581,17.75306244859738,57.476020408747075
single_sentence_1k,audio__original,Original TTS,4,6.990626826882362,4.719406468577731,32.48950937519199
single_sentence_1k,audio__original,Original TTS,6,24.933181077241898,15.881190344691277,36.30499736278316
single_sentence_1k,audio__original,Original TTS,9,13.95264364985956,13.27773154961566,4.837162885978907
single_sentence_1k,audio__original,Original TTS,3,2.135680243372917,13.390750781943401,-527.0016695380932
single_sentence_1k,audio__original,Original TTS,3,46.16232753793398,36.77041659504175,20.34540163767611
single_sentence_1k,audio__original,Original TTS,5,5.556420037150383,3.557792109355796,35.96970557358342
single_sentence_1k,audio__original,Original TTS,5,9.143247041851282,2.4702768173534424,72.98249947697714
single_sentence_1k,audio__original,Original TTS,6,31.14084881047408,13.987861088632295,55.08195305219957
single_sentence_1k,audio__original,Original TTS,4,66.47767942165956,6.159661622179556,90.73424091248793
single_sentence_1k,audio__original,Original TTS,4,36.09833722302574,18.08828983156127,49.8916259776546
single_sentence_1k,audio__original,Original TTS,9,19.146149436632793,8.637565880905818,54.88614611782277
single_sentence_1k,audio__original,Original TTS,10,10.75107032507658,4.290886351065183,60.08875189796864
single_sentence_1k,audio__original,Original TTS,5,64.45881438188954,13.054146117328491,79.74808217850774
single_sentence_1k,audio__original,Original TTS,5,15.011084371142918,20.450007882383133,-36.23271561710705
single_sentence_1k,audio__original,Original TTS,8,19.535345381125808,10.484015808193362,46.33309212785888
single_sentence_1k,audio__original,Original TTS,8,10.41046355292201,6.352202782640234,38.98251744172048
single_sentence_1k,audio__original,Original TTS,10,34.17328416109085,9.389714293181896,72.5232311623333
single_sentence_1k,audio__original,Original TTS,7,6.765244402639967,3.2386679735999286,52.127849626007304
single_sentence_1k,audio__original,Original TTS,7,30.327432049172266,23.641240339593164,22.046679384981395
single_sentence_1k,audio__original,Original TTS,9,33.841945591900085,13.021570978867304,61.522392548305625
single_sentence_1k,audio__original,Original TTS,5,56.27326082095969,53.07534049464302,5.682841690107931
single_sentence_1k,audio__original,Original TTS,7,11.05275395406144,3.109902359765426,71.86309970627129
single_sentence_1k,audio__original,Original TTS,7,10.187646234712506,4.3637092009678,57.166659496878935
single_sentence_1k,audio__original,Original TTS,7,11.05466949726854,10.576256127229758,4.3277039639854555
single_sentence_1k,audio__original,Original TTS,5,19.057834140211344,8.022497587278485,57.90446318161986
single_sentence_1k,audio__original,Original TTS,5,9.53109107017517,6.840354586392641,28.231148605876
single_sentence_1k,audio__original,Original TTS,6,18.474881236751873,5.484194110244668,70.31540262713558
single_sentence_1k,audio__original,Original TTS,7,24.361987824950898,7.252595701229958,70.22986895263924
single_sentence_1k,audio__original,Original TTS,9,5.791982072686854,2.3202641090449307,59.940067494570485
single_sentence_1k,audio__original,Original TTS,8,53.839867574428354,42.96792164503131,20.193114172072658
single_sentence_1k,audio__original,Original TTS,5,11.689641334075713,4.716613131047052,59.65134432912017
single_sentence_1k,audio__original,Original TTS,9,5.630206951871514,4.015874742230102,28.67269753032432
single_sentence_1k,audio__original,Original TTS,9,16.36381490363015,8.277165456565891,49.41787410019112
single_sentence_1k,audio__original,Original TTS,10,18.712748226219265,14.495419252290741,22.537197224827917
single_sentence_1k,audio__original,Original TTS,8,11.718537637963891,5.87881935284463,49.833165754408235
single_sentence_1k,audio__original,Original TTS,7,11.348463830138956,4.385480433169294,61.35617561275167
single_sentence_1k,audio__original,Original TTS,8,9.12004669662565,5.217798754400285,42.78758730116117
single_sentence_1k,audio__original,Original TTS,7,9.790052711165377,7.3768404965508285,24.649634540397557
single_sentence_1k,audio__original,Original TTS,10,9.934363752198987,5.940683411767628,40.20066548849041
single_sentence_1k,audio__original,Original TTS,10,9.669512451478885,7.628287722134178,21.109903312989854
single_sentence_1k,audio__original,Original TTS,9,4.887709053698927,3.7169455321734026,23.953216295464898
single_sentence_1k,audio__original,Original TTS,9,4.961392611730844,3.1953357488014578,35.59599090694165
single_sentence_1k,audio__original,Original TTS,8,6.3450179176184704,4.065287694612316,35.92945288106964
single_sentence_1k,audio__original,Original TTS,9,7.835672237392929,6.5043439197908,16.990607535226435
single_sentence_1k,audio__original,Original TTS,8,8.613984969651824,4.724534884392803,45.152738238597514
single_sentence_1k,audio__original,Original TTS,8,6.952298636548221,2.5636287070859005,63.12545186697089
single_sentence_1k,audio__original,Original TTS,10,8.414884632160602,11.016518046620314,-30.917041981973295
single_sentence_1k,audio__original,Original TTS,9,7.266953216658698,5.560467151173636,23.482827185031663
single_sentence_1k,audio__original,Original TTS,9,7.845285633951789,7.58103964994392,3.368213680637718
single_sentence_1k,audio__original,Original TTS,5,7.485824860853609,5.812077497422069,22.358890229775987
single_sentence_1k,audio__original,Original TTS,6,6.6217496969426675,3.7530451867884644,43.32245465996268
single_sentence_1k,audio__original,Original TTS,3,20.488661223712068,19.554705689713348,4.558401956091834
single_sentence_1k,audio__original,Original TTS,5,49.44317791461945,16.293366279169277,67.0462802627587
single_sentence_1k,audio__original,Original TTS,8,26.42056710179895,19.155476701662337,27.497859421957454
single_sentence_500,audio__original,Natural (LibriSpeech),4,15.661563329398632,5.297566240653396,66.17472898947943
single_sentence_500,audio__original,Natural (LibriSpeech),4,40.06849384307861,30.0304396180436,25.052237462050183
single_sentence_500,audio__original,Natural (LibriSpeech),4,31.754590094089508,8.713209910318255,72.56078606431123
single_sentence_500,audio__original,Natural (LibriSpeech),4,26.26806151866913,12.273129500448704,53.27736882401469
single_sentence_500,audio__original,Natural (LibriSpeech),4,33.602037362754345,4.396226111366212,86.91678702720824
single_sentence_500,audio__original,Natural (LibriSpeech),6,14.803305623432001,14.783426636209091,0.13428748773141372
single_sentence_500,audio__original,Natural (LibriSpeech),4,9.797365128528327,5.444811309273064,44.425758988825855
single_sentence_500,audio__original,Natural (LibriSpeech),4,83.12427368760109,83.63655854482204,-0.6162879198755161
single_sentence_500,audio__original,Natural (LibriSpeech),5,15.053323494642973,9.601872006356643,36.214271819949516
single_sentence_500,audio__original,Natural (LibriSpeech),6,31.821251538271706,18.54207174984428,41.73053901558975
single_sentence_500,audio__original,Natural (LibriSpeech),5,30.49828839302063,8.565590112877544,71.91452188235674
single_sentence_500,audio__original,Natural (LibriSpeech),4,51.18947442620993,2.187985554086481,95.7257120167536
single_sentence_500,audio__original,Natural (LibriSpeech),6,25.623103651218116,7.78856906791528,69.60333465479692
single_sentence_500,audio__original,Natural (LibriSpeech),5,58.15918517112732,22.57202149629593,61.18924047873071
single_sentence_500,audio__original,Natural (LibriSpeech),4,28.295622600475326,17.955769217805937,36.54223668680008
single_sentence_500,audio__original,Natural (LibriSpeech),5,36.153839321434496,29.884896863251925,17.339631352695395
single_sentence_500,audio__original,Natural (LibriSpeech),5,20.934131264686584,9.186485177278518,56.117189382608686
single_sentence_500,audio__original,Natural (LibriSpeech),5,24.742708010692148,12.458487162936944,49.64784308349265
single_sentence_500,audio__original,Natural (LibriSpeech),6,42.11871778716644,31.997752129410703,24.029614835140094
single_sentence_500,audio__original,Natural (LibriSpeech),6,61.85190207953565,30.393973751711503,50.860082342127896
single_sentence_500,audio__original,Natural (LibriSpeech),4,42.15117803742396,14.562947336067062,65.45067536869945
single_sentence_500,audio__original,Natural (LibriSpeech),6,48.39350461959839,10.919055446982384,77.43694007530013
single_sentence_500,audio__original,Natural (LibriSpeech),8,34.37673504091799,10.227993085689377,70.24734002948452
single_sentence_500,audio__original,Natural (LibriSpeech),6,28.278490198155243,2.160298690199852,92.36062931556091
single_sentence_500,audio__original,Natural (LibriSpeech),5,10.13007768690586,12.380187978595496,-22.212172119845917
single_sentence_500,audio__original,Natural (LibriSpeech),7,37.41871434024402,22.381194063495577,40.18716447608013
single_sentence_500,audio__original,Natural (LibriSpeech),4,8.227453157305717,7.337029637303203,10.822589967733165
single_sentence_500,audio__original,Natural (LibriSpeech),4,80.0517870655749,30.46665523084812,61.94131780482155
single_sentence_500,audio__original,Natural (LibriSpeech),5,105.55522965490817,58.240113490074876,44.82498528923736
single_sentence_500,audio__original,Natural (LibriSpeech),7,78.92545049105372,27.90394660349193,64.64518551382248
single_sentence_500,audio__original,Natural (LibriSpeech),4,39.14336181432009,5.703372485470027,85.42952822365011
single_sentence_500,audio__original,Natural (LibriSpeech),5,16.513384199887515,16.349874812737106,0.9901627986801321
single_sentence_500,audio__original,Natural (LibriSpeech),4,30.139167809858918,18.1077222507447,39.91963426136329
single_sentence_500,audio__original,Natural (LibriSpeech),4,21.929787531495094,12.952613168396056,40.93598421875365
single_sentence_500,audio__original,Natural (LibriSpeech),5,13.562496483325958,7.321340446220711,46.017752297877216
single_sentence_500,audio__original,Natural (LibriSpeech),4,22.87473201751709,17.235646642686334,24.65202814403438
single_sentence_500,audio__original,Natural (LibriSpeech),4,49.10243788175285,3.006133216113085,93.87783306533095
single_sentence_500,audio__original,Natural (LibriSpeech),6,31.355678502392646,10.627920041481653,66.1052780577825
single_sentence_500,audio__original,Natural (LibriSpeech),5,6.212466077506543,0.8632613644935191,86.10436896196299
single_sentence_500,audio__original,Natural (LibriSpeech),5,29.81174480021,9.366423280443996,68.58143210598658
single_sentence_500,audio__original,Natural (LibriSpeech),5,30.57853967919946,23.55855623553507,22.957222670903455
single_sentence_500,audio__original,Natural (LibriSpeech),7,14.364055728273732,11.921967702520694,17.001382283320662
single_sentence_500,audio__original,Natural (LibriSpeech),5,12.949330538883805,2.1917180196382104,83.07466155831767
single_sentence_500,audio__original,Natural (LibriSpeech),5,23.131561189889908,14.0848556779325,39.109792191248395
single_sentence_500,audio__original,Natural (LibriSpeech),5,32.97033869670704,15.817749622301198,52.024303517752394
single_sentence_500,audio__original,Natural (LibriSpeech),7,5.910722278707128,3.5615242925497506,39.74468559654989
single_sentence_500,audio__original,Natural (LibriSpeech),6,40.35794953412066,6.044784212795396,85.02207301764717
single_sentence_500,audio__original,Natural (LibriSpeech),4,22.141672156751156,10.98312438314315,50.396138532860014
single_sentence_500,audio__original,Natural (LibriSpeech),5,15.713672238588334,6.59330810457468,58.04094673437709
single_sentence_500,audio__original,Natural (LibriSpeech),6,26.758853410681088,6.142232042737305,77.04598194672434
single_sentence_500,audio__original,Natural (LibriSpeech),4,42.25957417115569,49.17089093429968,-16.354440144504135
single_sentence_500,audio__original,Natural (LibriSpeech),4,61.41814210101438,10.387718208830847,83.0868895517123
single_sentence_500,audio__original,Natural (LibriSpeech),5,13.415722646191716,17.269126799423248,-28.72304574905167
single_sentence_500,audio__original,Natural (LibriSpeech),5,20.710129590332507,8.158766491524876,60.60494717844069
single_sentence_500,audio__original,Natural (LibriSpeech),4,11.178723532706499,2.1953608140029246,80.36125674295657
single_sentence_500,audio__original,Natural (LibriSpeech),6,43.57898290579518,2.2776730029533305,94.77345993164415
single_sentence_500,audio__original,Natural (LibriSpeech),7,3.818245923944882,1.2644898683398165,66.88296423208412
single_sentence_500,audio__original,Natural (LibriSpeech),6,47.546467979749046,48.1498195885797,-1.2689725114547648
single_sentence_500,audio__original,Natural (LibriSpeech),5,4.3647728958516385,1.1955166047642707,72.60987837647836
single_sentence_500,audio__original,Natural (LibriSpeech),6,83.32167398929596,35.84954707945386,56.974523718691344
single_sentence_500,audio__original,Natural (LibriSpeech),4,4.885846138349734,1.7172018144046888,64.85354295285487
single_sentence_500,audio__original,Natural (LibriSpeech),5,8.604065650794656,5.965308172785444,30.668727844556848
single_sentence_500,audio__original,Natural (LibriSpeech),4,6.146032867953181,4.756767067941837,22.604268962753086
single_sentence_500,audio__original,Natural (LibriSpeech),5,4.845859773829579,3.4489595174789427,28.826675173200396
single_sentence_500,audio__original,Natural (LibriSpeech),4,33.209897466003895,10.036809948273003,69.77765451234102
single_sentence_500,audio__original,Natural (LibriSpeech),6,7.315101240140696,3.8887932260210314,46.838832459600575
single_sentence_500,audio__original,Natural (LibriSpeech),5,65.07344401376322,4.404607328231213,93.23132900834382
single_sentence_500,audio__original,Natural (LibriSpeech),6,19.37083316842715,14.5257632623252,25.012191597411583
single_sentence_500,audio__original,Natural (LibriSpeech),6,12.940883576249083,10.123818886311104,21.768719835392456
single_sentence_500,audio__original,Natural (LibriSpeech),5,19.35639049001038,7.625234349328093,60.60611427908839
single_sentence_500,audio__original,Natural (LibriSpeech),4,54.09594011306763,6.418363034725189,88.13522230816218
single_sentence_500,audio__original,Natural (LibriSpeech),5,7.928758716583252,3.0786582604050636,61.170993210249264
single_sentence_500,audio__original,Natural (LibriSpeech),4,25.919251706451178,1.0569722871296108,95.92205709061217
single_sentence_500,audio__original,Natural (LibriSpeech),5,27.47643263498321,13.538325934874592,50.727497580462874
single_sentence_500,audio__original,Natural (LibriSpeech),5,43.75010993010365,10.484866086807596,76.03465201902692
single_sentence_500,audio__original,Natural (LibriSpeech),7,39.43970870958375,29.71541675647521,24.656094761535496
single_sentence_500,audio__original,Natural (LibriSpeech),6,67.16652118352552,42.991941546245165,35.992007939827396
single_sentence_500,audio__original,Natural (LibriSpeech),4,5.29422143924603,0.8407377933217504,84.11970857340106
single_sentence_500,audio__original,Natural (LibriSpeech),5,64.85347982048988,23.393744124099612,63.92831319329057
single_sentence_500,audio__original,Natural (LibriSpeech),4,79.951893449208,12.101264100537719,84.86431830632574
single_sentence_500,audio__original,Natural (LibriSpeech),7,20.26489013288353,18.149119396022538,10.440573440009736
single_sentence_500,audio__original,Natural (LibriSpeech),4,20.292198496870697,0.43800515960901976,97.84150958469796
single_sentence_500,audio__original,Natural (LibriSpeech),4,21.639227290594135,15.284300134640944,29.367625149514794
single_sentence_500,audio__original,Natural (LibriSpeech),5,23.75085393115878,15.013061875104905,36.78938063187174
single_sentence_500,audio__original,Natural (LibriSpeech),4,17.509238372556865,2.084841510572005,88.09290577801667
single_sentence_500,audio__original,Natural (LibriSpeech),6,54.70605834790816,4.651356065122248,91.49754852462313
single_sentence_500,audio__original,Natural (LibriSpeech),4,48.69810128444806,0.9719800671937264,98.0040698886465
single_sentence_500,audio__original,Natural (LibriSpeech),7,16.215694061347417,4.9649050278323035,69.38209977908431
single_sentence_500,audio__original,Natural (LibriSpeech),4,7.598685098695569,3.1825154532998567,58.11755044506076
single_sentence_500,audio__original,Natural (LibriSpeech),4,18.772130069322884,10.305956710511964,45.099694747194434
single_sentence_500,audio__original,Natural (LibriSpeech),4,94.2558569163084,25.25281471107155,73.20822754442304
single_sentence_500,audio__original,Natural (LibriSpeech),4,7.007952006533742,1.0880331748485332,84.47430613345918
single_sentence_500,audio__original,Natural (LibriSpeech),5,25.834310978651047,12.426459248363972,51.89939743841844
single_sentence_500,audio__original,Natural (LibriSpeech),5,31.051434703543784,25.10319068773824,19.156100426904562
single_sentence_500,audio__original,Natural (LibriSpeech),5,10.779349565505981,3.091324703709688,71.32178815684802
single_sentence_500,audio__original,Natural (LibriSpeech),5,9.454211175441742,5.272773756168317,44.22830569022116
single_sentence_500,audio__original,Natural (LibriSpeech),6,42.67078469016335,23.09034664522518,45.8872228085647
single_sentence_500,audio__original,Natural (LibriSpeech),4,7.4151988710675925,2.5629261430086836,65.43685223320665
single_sentence_500,audio__original,Natural (LibriSpeech),4,64.98752355575562,23.04756130487658,64.5354061151398
single_sentence_500,audio__original,Natural (LibriSpeech),5,28.558938966691493,16.751242734119295,41.345010213242176
single_sentence_500,audio__original,Natural (LibriSpeech),4,38.86197598092258,19.394494906258995,50.09390434552327
single_sentence_500,audio__original,Natural (LibriSpeech),4,10.693315163254738,1.9468195703811944,81.79405038887268
single_sentence_500,audio__original,Natural (LibriSpeech),4,15.080132492817938,5.685300360899419,62.2994004621173
single_sentence_500,audio__original,Natural (LibriSpeech),5,32.05102801640751,6.446289104409516,79.88741858417289
single_sentence_500,audio__original,Natural (LibriSpeech),4,45.13554248679429,14.114262131392024,68.72916253189699
single_sentence_500,audio__original,Natural (LibriSpeech),4,16.095868438482285,4.7471484488633,70.50703746115535
single_sentence_500,audio__original,Natural (LibriSpeech),5,30.434852838516235,13.635071677714587,55.19915358204399
single_sentence_500,audio__original,Natural (LibriSpeech),5,7.90167533941567,0.5590531962225214,92.92487767203222
single_sentence_500,audio__original,Natural (LibriSpeech),4,44.6228030504617,12.991034202545336,70.88700548942562
single_sentence_500,audio__original,Natural (LibriSpeech),4,48.1934794485569,7.470896369733964,84.49811788810847
single_sentence_500,audio__original,Natural (LibriSpeech),4,55.66073362529278,1.6389043366652913,97.05554664856132
single_sentence_500,audio__original,Natural (LibriSpeech),7,146.12636778290783,49.74611339531839,65.95678510997855
single_sentence_500,audio__original,Natural (LibriSpeech),4,27.07603281675256,0.42034712800523266,98.44753058599798
single_sentence_500,audio__original,Natural (LibriSpeech),4,17.60360222682357,1.4495475217700005,91.76561988226906
single_sentence_500,audio__original,Natural (LibriSpeech),4,29.941212946549058,0.9021482639946043,96.98693481254378
single_sentence_500,audio__original,Natural (LibriSpeech),5,8.001264399290084,7.675659570097923,4.069417193875643
single_sentence_500,audio__original,Natural (LibriSpeech),4,29.206902027130127,7.307910851202905,74.978822319414
single_sentence_500,audio__original,Natural (LibriSpeech),4,54.25445048045367,14.503354717977345,73.26789859718053
single_sentence_500,audio__original,Natural (LibriSpeech),6,9.27269914249579,5.439089343883097,41.34297618957213
single_sentence_500,audio__original,Natural (LibriSpeech),6,15.829806960498294,4.621657015290111,70.8040848077112
single_sentence_500,audio__original,Natural (LibriSpeech),6,4.599506226678689,1.5414572469890118,66.48646243703206
single_sentence_500,audio__original,Natural (LibriSpeech),4,8.505896319169551,6.384397653397173,24.941506293595463
single_sentence_500,audio__original,Natural (LibriSpeech),5,66.75334493153932,22.3180572076948,66.56638370618928
single_sentence_500,audio__original,Natural (LibriSpeech),4,42.124701583758,18.880367377307266,55.17981928069738
single_sentence_500,audio__original,Natural (LibriSpeech),6,58.99124757448832,43.83009338875612,25.70068409993905
single_sentence_500,audio__original,Natural (LibriSpeech),6,52.64308444658915,35.147481090699635,33.234381191398995
single_sentence_500,audio__original,Natural (LibriSpeech),4,10.3761505484581,6.411408452317119,38.21014428833767
single_sentence_500,audio__original,Natural (LibriSpeech),7,28.206633819001063,18.398241407038377,34.77335322925127
single_sentence_500,audio__original,Natural (LibriSpeech),4,34.314361430704594,12.63830257114023,63.16905795649912
single_sentence_500,audio__original,Natural (LibriSpeech),5,35.341107262670995,14.91839647218585,57.78741067362258
single_sentence_500,audio__original,Natural (LibriSpeech),5,34.06151727735996,11.719382775831036,65.59347993690027
single_sentence_500,audio__original,Natural (LibriSpeech),5,80.45644826889038,87.98414737582206,-9.356240884228006
single_sentence_500,audio__original,Natural (LibriSpeech),6,34.76200439738265,25.50304628617596,26.635282607305083
single_sentence_500,audio__original,Natural (LibriSpeech),5,38.81836043894291,3.6161656022071837,90.68439377316047
single_sentence_500,audio__original,Natural (LibriSpeech),5,12.248007184825838,4.886149599868804,60.10657467671723
single_sentence_500,audio__original,Natural (LibriSpeech),5,13.914708597958088,10.53516693096608,24.287548986027193
single_sentence_500,audio__original,Natural (LibriSpeech),6,13.705942040619751,3.8263900904372954,72.08225396622008
single_sentence_500,audio__original,Natural (LibriSpeech),5,8.676078075170517,8.410367114841938,3.0625699541478304
single_sentence_500,audio__original,Natural (LibriSpeech),4,25.884460561850574,10.45594276546035,59.6053286856181
single_sentence_500,audio__original,Natural (LibriSpeech),5,7.6478158086538315,8.393960901908576,-9.756316207438594
single_sentence_500,audio__original,Natural (LibriSpeech),6,10.175098160902659,20.34421302968015,-99.9411967134808
single_sentence_500,audio__original,Natural (LibriSpeech),4,21.460787176794838,9.097690683091429,57.607842582174264
single_sentence_500,audio__original,Natural (LibriSpeech),5,45.838637011358514,6.43828533841297,85.95445729152549
single_sentence_500,audio__original,Natural (LibriSpeech),5,32.31443956680596,9.846154619962908,69.53017056165481
single_sentence_500,audio__original,Natural (LibriSpeech),4,11.64795482007321,5.184569868608378,55.4894404322922
single_sentence_500,audio__original,Natural (LibriSpeech),6,14.60541677599152,12.770782560730973,12.561327371885275
single_sentence_500,audio__original,Natural (LibriSpeech),6,27.874855484178017,14.468995798453156,48.0930195076137
single_sentence_500,audio__original,Natural (LibriSpeech),5,45.7815126542002,5.856863302174406,87.2069248860062
single_sentence_500,audio__original,Natural (LibriSpeech),5,18.061257576942445,8.938579512410797,50.509650425327735
single_sentence_500,audio__original,Natural (LibriSpeech),6,10.40502373687923,6.2764129266142845,39.67901385588993
single_sentence_500,audio__original,Natural (LibriSpeech),6,21.235916386273555,1.2693538251308685,94.02260866900309
single_sentence_500,audio__original,Natural (LibriSpeech),5,22.657824560720474,10.911496230581543,51.84226004866471
single_sentence_500,audio__original,Natural (LibriSpeech),5,10.952382226660848,5.099484672024846,53.43949319435347
single_sentence_500,audio__original,Natural (LibriSpeech),4,24.426543618974392,5.182832823953504,78.7819639782048
single_sentence_500,audio__original,Natural (LibriSpeech),4,82.19891087326687,56.00862382771447,31.862085236058924
single_sentence_500,audio__original,Natural (LibriSpeech),5,32.38686550557613,41.52759179720888,-28.223559609555185
single_sentence_500,audio__original,Natural (LibriSpeech),6,52.66232657432556,37.740978141625725,28.334009154799546
single_sentence_500,audio__original,Natural (LibriSpeech),5,31.763728687167166,18.36679332219064,42.17683476936701
single_sentence_500,audio__original,Natural (LibriSpeech),4,8.832265454140725,4.084321954156621,53.756802539921196
single_sentence_500,audio__original,Natural (LibriSpeech),5,10.049745399213862,6.690456032764632,33.4266116504007
single_sentence_500,audio__original,Natural (LibriSpeech),6,14.75405043317005,6.185935800118993,58.07296560264038
single_sentence_500,audio__original,Natural (LibriSpeech),4,21.223029998596758,4.151918506322545,80.43673072790706
single_sentence_500,audio__original,Natural (LibriSpeech),5,42.908968889713286,8.591841663513332,79.97658325093643
single_sentence_500,audio__original,Natural (LibriSpeech),4,31.569773379414983,6.1253088660128014,80.5975519925436
single_sentence_500,audio__original,Natural (LibriSpeech),6,61.92339385162146,26.326531253022647,57.48532240318529
single_sentence_500,audio__original,Natural (LibriSpeech),6,25.068229029575985,11.302886664867401,54.91150710514079
single_sentence_500,audio__original,Natural (LibriSpeech),5,13.413751149177552,11.6131192445755,13.42377597867137
single_sentence_500,audio__original,Natural (LibriSpeech),6,19.831532508551998,9.627928577087005,51.45141419133831
single_sentence_500,audio__original,Natural (LibriSpeech),5,21.221614865958692,2.0932559486012905,90.13620800385435
single_sentence_500,audio__original,Natural (LibriSpeech),5,10.541862243413926,4.640863008983433,55.97681982722898
single_sentence_500,audio__original,Natural (LibriSpeech),4,53.44537855646922,9.191325568157481,82.80239411449556
single_sentence_500,audio__original,Natural (LibriSpeech),5,17.250005626678465,3.317859944701195,80.76603557989647
single_sentence_500,audio__original,Natural (LibriSpeech),7,16.594539296979615,15.36592421552632,7.403731188107864
single_sentence_500,audio__original,Natural (LibriSpeech),4,23.607461548119318,13.410386436837143,43.19428876542858
single_sentence_500,audio__original,Natural (LibriSpeech),4,47.55752232368104,38.67321760393679,18.68117657450029
single_sentence_500,audio__original,Natural (LibriSpeech),6,69.60014637311299,12.732007114837566,81.70692480072711
single_sentence_500,audio__original,Natural (LibriSpeech),5,9.91175722241751,1.7842012665525544,81.99914277039383
single_sentence_500,audio__original,Natural (LibriSpeech),5,26.7234246969223,7.146429213136434,73.25780922847258
single_sentence_500,audio__original,Natural (LibriSpeech),5,19.476573699712752,4.349370708037168,77.66870716022648
single_sentence_500,audio__original,Natural (LibriSpeech),5,11.007242864370346,1.9957822732627393,81.8684633576775
single_sentence_500,audio__original,Natural (LibriSpeech),6,40.761204625169434,47.58978411617378,-16.75264397556053
single_sentence_500,audio__original,Natural (LibriSpeech),5,20.138613593229092,8.718886449583806,56.70562718123144
single_sentence_500,audio__original,Natural (LibriSpeech),7,18.06507817442928,23.09861874048199,-27.863375499684096
single_sentence_500,audio__original,Natural (LibriSpeech),5,52.888392583280805,12.76286658719182,75.8683031118884
single_sentence_500,audio__original,Natural (LibriSpeech),6,49.195917834838234,27.357789198557537,44.39012340332019
single_sentence_500,audio__original,Natural (LibriSpeech),5,6.433533153819735,1.3574237774032212,78.90080388258686
single_sentence_500,audio__original,Natural (LibriSpeech),8,38.22190695814788,30.84191884752363,19.308267687180475
single_sentence_500,audio__original,Natural (LibriSpeech),4,56.1210302815507,23.00660832147696,59.00537070318151
single_sentence_500,audio__original,Natural (LibriSpeech),5,27.064335966110228,22.490570604801178,16.899603105120654
single_sentence_500,audio__original,Natural (LibriSpeech),6,26.3274847989281,28.65894498823521,-8.855613086906166
single_sentence_500,audio__original,Natural (LibriSpeech),4,31.163780553230026,11.562067727103567,62.89902084455156
single_sentence_500,audio__original,Natural (LibriSpeech),7,23.794765089239394,9.797907071454185,58.82326623226446
single_sentence_500,audio__original,Natural (LibriSpeech),5,11.513333514984698,4.338398544075903,62.318484577646934
single_sentence_500,audio__original,Natural (LibriSpeech),5,34.13705551661551,17.948878958914428,47.42112731375388
single_sentence_500,audio__original,Natural (LibriSpeech),6,79.78138856093089,19.378832327822845,75.7100839213612
single_sentence_500,audio__original,Natural (LibriSpeech),5,48.312603664398196,10.154297697823495,78.98209384789119
single_sentence_500,audio__original,Natural (LibriSpeech),4,51.56918536871672,37.090394816710614,28.076438377848284
single_sentence_500,audio__original,Natural (LibriSpeech),4,15.688883751630783,2.6707780808210373,82.97662138937436
single_sentence_500,audio__original,Natural (LibriSpeech),5,10.712477540969848,10.896377292275428,-1.7166873918965577
single_sentence_500,audio__original,Natural (LibriSpeech),4,13.940073339268565,1.2093996101175435,91.3242952122015
single_sentence_500,audio__original,Natural (LibriSpeech),4,70.43167009577155,23.019685636274517,67.31628597621948
single_sentence_500,audio__original,Natural (LibriSpeech),5,41.47777282595634,18.506497660279273,55.382132647445076
single_sentence_500,audio__original,Natural (LibriSpeech),5,18.02544938325882,6.231439887732267,65.42976679671725
single_sentence_500,audio__original,Natural (LibriSpeech),7,14.417663733874049,2.808980588734682,80.51708903339845
single_sentence_500,audio__original,Natural (LibriSpeech),6,8.19244994418841,5.985277348164421,26.94154509408656
single_sentence_500,audio__original,Natural (LibriSpeech),6,27.52852986326131,1.5996821350806083,94.18900267095086
single_sentence_500,audio__original,Natural (LibriSpeech),5,25.45846808888018,11.247436751041096,55.82044955818146
single_sentence_500,audio__original,Natural (LibriSpeech),6,33.62704014165016,28.530395045643672,15.156389246681956
single_sentence_500,audio__original,Natural (LibriSpeech),6,13.078931897568205,5.331519974628463,59.23581515383711
single_sentence_500,audio__original,Natural (LibriSpeech),5,46.90805205702782,46.87486944440752,0.07073969428522163
single_sentence_500,audio__original,Natural (LibriSpeech),4,30.777951955795288,9.758951134572271,68.29239597037345
single_sentence_500,audio__original,Natural (LibriSpeech),4,45.86677249148488,46.34568798728287,-1.0441447474572185
single_sentence_500,audio__original,Natural (LibriSpeech),4,12.548565734359727,1.0827160780363556,91.37179418782716
single_sentence_500,audio__original,Natural (LibriSpeech),4,15.648513245396316,0.6926421696553007,95.57375094493996
single_sentence_500,audio__original,Natural (LibriSpeech),4,6.277091555297375,5.347867084667087,14.803423885797798
single_sentence_500,audio__original,Natural (LibriSpeech),7,14.053255279149328,2.6865638786195114,80.8829781765543
single_sentence_500,audio__original,Natural (LibriSpeech),7,22.973497118268693,16.66993613275034,27.438404144860097
single_sentence_500,audio__original,Natural (LibriSpeech),5,16.58754773437977,4.012759965844452,75.80860034224646
single_sentence_500,audio__original,Natural (LibriSpeech),6,14.820371484636174,4.791836333626027,67.66723196787896
single_sentence_500,audio__original,Natural (LibriSpeech),5,7.997541981935501,3.4387074653059244,57.002945741665044
single_sentence_500,audio__original,Natural (LibriSpeech),6,11.249208212985346,1.1045531891286373,90.18105836236889
single_sentence_500,audio__original,Natural (LibriSpeech),4,97.79708051681519,27.978132682386786,71.39164836564191
single_sentence_500,audio__original,Natural (LibriSpeech),5,126.35087566375732,82.9878668481484,34.31951586232436
single_sentence_500,audio__original,Natural (LibriSpeech),4,19.92597559094429,16.24314217083156,18.482575185861702
single_sentence_500,audio__original,Natural (LibriSpeech),4,20.97748658486775,15.112692266702652,27.95756438426569
single_sentence_500,audio__original,Natural (LibriSpeech),6,20.437575737635296,8.08425661692551,60.44415090759249
single_sentence_500,audio__original,Natural (LibriSpeech),8,3.253957251474882,0.7678362095982568,76.40300255173207
single_sentence_500,audio__original,Natural (LibriSpeech),4,27.691897278418764,13.826576871739235,50.06995464151618
single_sentence_500,audio__original,Natural (LibriSpeech),4,62.12389186397195,8.524616191862151,86.27803903443804
single_sentence_500,audio__original,Natural (LibriSpeech),4,11.512720866128802,4.3917810909915715,61.85279620639039
single_sentence_500,audio__original,Natural (LibriSpeech),4,35.17820069938898,12.877508860896342,63.393497663682346
single_sentence_500,audio__original,Natural (LibriSpeech),4,21.747246160870418,7.0566499072592705,67.55152420191838
single_sentence_500,audio__original,Natural (LibriSpeech),6,6.874693252146244,2.7360207845146456,60.20155832174078
single_sentence_500,audio__original,Natural (LibriSpeech),5,30.178441429603843,23.723548361484426,21.389086918807628
single_sentence_500,audio__original,Natural (LibriSpeech),4,61.76058312691748,6.739269534125924,89.08807334238283
single_sentence_500,audio__original,Natural (LibriSpeech),4,0.2882398588117212,0.19975832710042596,30.69718812521746
single_sentence_500,audio__original,Natural (LibriSpeech),4,22.332837513647974,1.1597560411319137,94.80694721204519
single_sentence_500,audio__original,Natural (LibriSpeech),4,16.66987143876031,3.596803944907151,78.42332523006768
single_sentence_500,audio__original,Natural (LibriSpeech),4,15.306708063930273,3.323434002872091,78.28772856324576
single_sentence_500,audio__original,Natural (LibriSpeech),5,81.84535446166993,41.66502595897764,49.09298611628552
single_sentence_500,audio__original,Natural (LibriSpeech),4,20.546749023720622,18.78563112881966,8.571272724788741
single_sentence_500,audio__original,Natural (LibriSpeech),4,16.599575461819768,0.9958831919357181,94.00055022957471
single_sentence_500,audio__original,Natural (LibriSpeech),4,8.067896693944931,2.113565241917968,73.80277261725193
single_sentence_500,audio__original,Natural (LibriSpeech),5,23.927219381090254,16.73598844758235,30.054603583361434
single_sentence_500,audio__original,Natural (LibriSpeech),4,4.402678586309776,0.3389366496121511,92.30158089064048
single_sentence_500,audio__original,Natural (LibriSpeech),7,42.810266230255365,26.74523205083928,37.52612537611929
single_sentence_500,audio__original,Natural (LibriSpeech),4,34.196462988853455,14.073364565032534,58.84555496391591
single_sentence_500,audio__original,Natural (LibriSpeech),4,30.885234892368317,4.632544558029622,85.00077925852422
single_sentence_500,audio__original,Natural (LibriSpeech),4,15.344936974346638,7.109393226914108,53.66945306585846
single_sentence_500,audio__original,Natural (LibriSpeech),6,59.46417139470577,41.99832663560907,29.372047653978957
single_sentence_500,audio__original,Natural (LibriSpeech),4,37.64263386465609,4.969428760930896,86.7984031648836
single_sentence_500,audio__original,Natural (LibriSpeech),4,34.165370751172304,9.536940007237718,72.08594609818341
single_sentence_500,audio__original,Natural (LibriSpeech),5,17.322117801196875,54.53926479467191,-214.85333041034687
single_sentence_500,audio__original,Natural (LibriSpeech),6,19.820171667224106,13.150614984333515,33.65034771076071
single_sentence_500,audio__original,Natural (LibriSpeech),5,30.083974755369127,6.562532484903931,78.18595269319354
single_sentence_500,audio__original,Natural (LibriSpeech),4,26.912608683109283,2.5368007596116513,90.57393213165626
single_sentence_500,audio__original,Natural (LibriSpeech),5,20.540486208163202,12.167867278121411,40.76154208420998
single_sentence_500,audio__original,Natural (LibriSpeech),6,5.733998816460371,8.317189794654647,-45.05042747443213
single_sentence_500,audio__original,Natural (LibriSpeech),5,54.710246509313585,31.891083031892776,41.709122026229934
single_sentence_500,audio__original,Natural (LibriSpeech),4,44.99839140700351,29.490442194808566,34.46334130464339
single_sentence_500,audio__original,Natural (LibriSpeech),4,48.58623480889946,11.452311848290265,76.42889618153214
single_sentence_500,audio__original,Natural (LibriSpeech),4,58.10302158072591,26.13250537426211,55.02384443474304
single_sentence_500,audio__original,Natural (LibriSpeech),4,43.604076023213565,0.5679425267444458,98.69750129221386
single_sentence_500,audio__original,Natural (LibriSpeech),5,14.49907695800066,9.511134907975793,34.40179029653676
single_sentence_500,audio__original,Natural (LibriSpeech),6,13.220954729864994,2.4531380342086777,81.44507651427584
single_sentence_500,audio__original,Natural (LibriSpeech),5,41.9035601605312,15.255528802669142,63.59371675288282
single_sentence_500,audio__original,Natural (LibriSpeech),4,29.13726942241192,20.29083143826574,30.361245784210787
single_sentence_500,audio__original,Natural (LibriSpeech),5,47.295848813652995,4.895875553041696,89.64840324077576
single_sentence_500,audio__original,Natural (LibriSpeech),4,67.30533961951733,25.625392343848944,61.92665769356278
single_sentence_500,audio__original,Natural (LibriSpeech),5,68.55639230012893,18.570267328619956,72.91242040957714
single_sentence_500,audio__original,Natural (LibriSpeech),4,39.622145970817655,5.778209163341671,85.41671829789983
single_sentence_500,audio__original,Natural (LibriSpeech),6,16.815420909319073,12.573407986977449,25.226920843775662
single_sentence_500,audio__original,Natural (LibriSpeech),4,75.36405862122774,16.137284578755498,78.5875590115709
single_sentence_500,audio__original,Natural (LibriSpeech),4,51.58059191261418,6.833520860353019,86.75175951464438
single_sentence_500,audio__original,Natural (LibriSpeech),4,46.74093505204655,15.465882265008986,66.91148294789663
single_sentence_500,audio__original,Natural (LibriSpeech),4,24.364783311262727,7.223817854654044,70.35139708665169
single_sentence_500,audio__original,Natural (LibriSpeech),4,51.80380292981863,14.749959372449666,71.52726530051815
single_sentence_500,audio__original,Natural (LibriSpeech),4,17.31583884358406,10.621639413759112,38.65940016128824
single_sentence_500,audio__original,Natural (LibriSpeech),4,16.128734342753887,10.822960287798196,32.89640676200611
single_sentence_500,audio__original,Natural (LibriSpeech),4,14.583981429692358,5.708314286312088,60.85901292571447
single_sentence_500,audio__original,Natural (LibriSpeech),7,34.20016930358751,18.28738192256008,46.52838773917478
single_sentence_500,audio__original,Natural (LibriSpeech),5,23.80823231160175,3.684056619141484,84.52612285143806
single_sentence_500,audio__original,Natural (LibriSpeech),5,29.501502454280853,23.144202211126686,21.549072807414536
single_sentence_500,audio__original,Natural (LibriSpeech),5,22.94180116057396,15.194749580696225,33.76827968150657
single_sentence_500,audio__original,Natural (LibriSpeech),6,14.62803219181175,12.836733168379093,12.245659566126484
single_sentence_500,audio__original,Natural (LibriSpeech),6,7.320366092918751,10.459875559996968,-42.8873286831266
single_sentence_500,audio__original,Natural (LibriSpeech),4,18.03486418351531,6.288331739837304,65.1323587699367
single_sentence_500,audio__original,Natural (LibriSpeech),6,55.81574738398194,33.806854431755106,39.431332524883416
single_sentence_500,audio__original,Natural (LibriSpeech),5,39.56949074268341,8.423847731132991,78.71125563401243
single_sentence_500,audio__original,Natural (LibriSpeech),6,9.736368656497993,14.19136295155234,-45.75622033458144
single_sentence_500,audio__original,Natural (LibriSpeech),4,23.39916601870209,18.614533969172044,20.44787427768095
single_sentence_500,audio__original,Natural (LibriSpeech),4,13.524421024369076,7.832411296782084,42.08690129751805
single_sentence_500,audio__original,Natural (LibriSpeech),4,7.255875800328795,8.82135195902083,-21.575288797268243
single_sentence_500,audio__original,Natural (LibriSpeech),7,53.12683084181377,21.032012368951523,60.411693986462744
single_sentence_500,audio__original,Natural (LibriSpeech),4,50.989019450731575,0.2862971904978622,99.43851206871217
single_sentence_500,audio__original,Natural (LibriSpeech),6,32.353568793584905,21.86690841242671,32.41268512930635
single_sentence_500,audio__original,Natural (LibriSpeech),7,38.32614623489125,17.603424565467453,54.06941136846758
single_sentence_500,audio__original,Natural (LibriSpeech),5,31.22407183665782,24.753602429141758,20.722695750141003
single_sentence_500,audio__original,Natural (LibriSpeech),8,29.932653333671624,12.917758322095324,56.84392500024723
single_sentence_500,audio__original,Natural (LibriSpeech),5,52.61477909088135,6.456865020410623,87.72803928482205
single_sentence_500,audio__original,Natural (LibriSpeech),4,6.127441121265292,2.997318832320161,51.08367794970788
single_sentence_500,audio__original,Natural (LibriSpeech),4,23.508313346770592,17.917854080376856,23.78077569381095
single_sentence_500,audio__original,Natural (LibriSpeech),5,19.93815143024549,0.4775098311190959,97.60504461614866
single_sentence_500,audio__original,Natural (LibriSpeech),7,6.520936548044639,8.435959496668406,-29.36729922940293
single_sentence_500,audio__original,Natural (LibriSpeech),5,8.519184195995331,3.630491429567337,57.384517742039826
single_sentence_500,audio__original,Natural (LibriSpeech),4,19.284343524836004,11.2916049247724,41.446775669443355
single_sentence_500,audio__original,Natural (LibriSpeech),4,1.8448288277140819,0.9255343029508367,49.83088463022005
single_sentence_500,audio__original,Natural (LibriSpeech),4,6.683059968287125,6.106364510400454,8.629212675379886
single_sentence_500,audio__original,Natural (LibriSpeech),5,3.116912240535021,2.4510491306195035,21.36290849822648
single_sentence_500,audio__original,Natural (LibriSpeech),4,8.052456840639934,1.287700102888266,84.00860596495998
single_sentence_500,audio__original,Natural (LibriSpeech),4,12.755810134112835,1.5930285097565502,87.51134978486142
single_sentence_500,audio__original,Natural (LibriSpeech),4,13.880431364290416,6.572259312495589,52.650900105282346
single_sentence_500,audio__original,Natural (LibriSpeech),5,4.569208396039903,2.0374428918759806,55.40928066135446
single_sentence_500,audio__original,Natural (LibriSpeech),5,18.382504396885633,3.9005634151399136,78.7811098481187
single_sentence_500,audio__original,Natural (LibriSpeech),4,15.845685850828886,13.359278659726442,15.691382591510738
single_sentence_500,audio__original,Natural (LibriSpeech),4,24.921990428119898,6.3128717020154,74.6694722469178
single_sentence_500,audio__original,Natural (LibriSpeech),6,31.99101175616185,24.28349934394161,24.092743521110055
single_sentence_500,audio__original,Natural (LibriSpeech),5,49.213874007575214,2.189523345811176,95.55100387855231
single_sentence_500,audio__original,Natural (LibriSpeech),5,16.363964903727172,8.585868958290666,47.531854237018756
single_sentence_500,audio__original,Natural (LibriSpeech),5,15.563489318486244,5.1487213103333485,66.91795004981486
single_sentence_500,audio__original,Natural (LibriSpeech),4,76.7284848690033,63.71370428800583,16.96212378390801
single_sentence_500,audio__original,Natural (LibriSpeech),4,8.853046044707298,1.8475305289030075,79.13113159501148
single_sentence_500,audio__original,Natural (LibriSpeech),5,32.313900562759954,4.696425010584062,85.46623920729508
single_sentence_500,audio__original,Natural (LibriSpeech),5,9.194282512180507,3.812013375014067,58.5393055960164
single_sentence_500,audio__original,Natural (LibriSpeech),5,20.080681555904448,16.35909884161483,18.533149404958007
single_sentence_500,audio__original,Natural (LibriSpeech),7,20.395703632517584,5.722831678543506,71.94099413457157
single_sentence_500,audio__original,Natural (LibriSpeech),7,20.152918006692612,20.780517680836574,-3.114187602686328
single_sentence_500,audio__original,Natural (LibriSpeech),5,42.56560747511685,38.19845215678215,10.25982143186295
single_sentence_500,audio__original,Natural (LibriSpeech),5,45.00739107131958,11.354284270107746,74.77240071055101
single_sentence_500,audio__original,Natural (LibriSpeech),6,15.936547138223736,2.846750973224213,82.13696512467061
single_sentence_500,audio__original,Natural (LibriSpeech),7,8.555070000833698,9.096085138951562,-6.323912464364889
single_sentence_500,audio__original,Natural (LibriSpeech),5,22.92197312861681,2.2042873439844697,90.3835183314453
single_sentence_500,audio__original,Natural (LibriSpeech),5,3.543538253328555,2.963658443595402,16.3644292308247
single_sentence_500,audio__original,Natural (LibriSpeech),4,28.01190087199211,4.3437558912846725,84.49317698525842
single_sentence_500,audio__original,Natural (LibriSpeech),4,10.979662301167991,5.545998342742678,49.48844335446722
single_sentence_500,audio__original,Natural (LibriSpeech),5,55.98319168493617,23.535471780982334,57.95975350345164
single_sentence_500,audio__original,Natural (LibriSpeech),5,3.8973245347882766,3.1131357362303076,20.12120857675945
single_sentence_500,audio__original,Natural (LibriSpeech),5,5.315695200208575,1.9069817008450627,64.12545059449161
single_sentence_500,audio__original,Natural (LibriSpeech),4,7.008891365956515,3.947053158772178,43.68505726963116
single_sentence_500,audio__original,Natural (LibriSpeech),6,23.109016900261242,12.88874833782514,44.226323458703966
single_sentence_500,audio__original,Natural (LibriSpeech),4,21.99959124624729,2.3680640272796154,89.23587260884422
single_sentence_500,audio__original,Natural (LibriSpeech),5,79.76707619111986,4.75333426152356,94.04098220908249
single_sentence_500,audio__original,Natural (LibriSpeech),4,21.25104157626629,11.551930676067059,45.64063773246506
single_sentence_500,audio__original,Natural (LibriSpeech),4,10.741543762153015,1.42661475087516,86.71871769585182
single_sentence_500,audio__original,Natural (LibriSpeech),4,118.2045664191246,25.645693698897958,78.30397380083899
single_sentence_500,audio__original,Natural (LibriSpeech),4,9.341217745211907,3.13425585362711,66.44703143512892
single_sentence_500,audio__original,Natural (LibriSpeech),4,14.346846853848547,3.101673994504381,78.38079665796143
single_sentence_500,audio__original,Natural (LibriSpeech),4,8.261304592713714,0.424957437091507,94.85604927984001
single_sentence_500,audio__original,Natural (LibriSpeech),6,110.99309959014256,70.47972448326375,36.500805236073305
single_sentence_500,audio__original,Natural (LibriSpeech),5,6.006031783297658,1.1195932485163211,81.35885241849986
single_sentence_500,audio__original,Natural (LibriSpeech),7,76.63476014988763,48.32614208545004,36.93965768153983
single_sentence_500,audio__original,Natural (LibriSpeech),5,27.488618241064252,1.5987407839857042,94.18399000646237
single_sentence_500,audio__original,Natural (LibriSpeech),4,25.6243532220833,5.141643782146275,79.93454220060018
single_sentence_500,audio__original,Natural (LibriSpeech),5,24.024890553951263,4.185655998624862,82.57783531115206
single_sentence_500,audio__original,Natural (LibriSpeech),5,10.401528437435626,3.4850192783400415,66.49512329556028
single_sentence_500,audio__original,Natural (LibriSpeech),6,18.66539032043268,6.328129255368064,66.09698941874915
single_sentence_500,audio__original,Natural (LibriSpeech),4,29.646349416696467,21.89439679235511,26.148084930738726
single_sentence_500,audio__original,Natural (LibriSpeech),4,35.26858423260228,4.9513135517089495,85.96112188951447
single_sentence_500,audio__original,Natural (LibriSpeech),4,9.13023216696456,2.0355149584356695,77.70577000439631
single_sentence_500,audio__original,Natural (LibriSpeech),5,56.353814504295585,48.391478434018794,14.12918742114584
single_sentence_500,audio__original,Natural (LibriSpeech),5,47.113326001167295,21.810057500004767,53.70724304315855
single_sentence_500,audio__original,Natural (LibriSpeech),5,50.800852817296985,22.272931584902107,56.15638252175467
single_sentence_500,audio__original,Natural (LibriSpeech),5,12.634390872716903,7.212743541225791,42.911822074452246
single_sentence_500,audio__original,Natural (LibriSpeech),5,34.35766951330006,13.200172822270542,61.58012749624746
single_sentence_500,audio__original,Natural (LibriSpeech),5,80.62073080539703,23.237901072204114,71.17627086723395
single_sentence_500,audio__original,Natural (LibriSpeech),6,11.484315012892088,8.342652442942684,27.356116289239967
single_sentence_500,audio__original,Natural (LibriSpeech),5,27.57827819660306,5.809921204904095,78.9329806469944
single_sentence_500,audio__original,Natural (LibriSpeech),4,27.854333889728878,1.4067560020484962,94.94959740334258
single_sentence_500,audio__original,Natural (LibriSpeech),4,29.925503830658272,5.788308422488626,80.65760745335027
single_sentence_500,audio__original,Natural (LibriSpeech),4,21.459161829203367,3.503792025061557,83.67227922064825
single_sentence_500,audio__original,Natural (LibriSpeech),4,19.861192954238504,13.251997946528718,33.27692864642022
single_sentence_500,audio__original,Natural (LibriSpeech),4,10.388224635040388,13.120428077876568,-26.300966130634293
single_sentence_500,audio__original,Natural (LibriSpeech),5,5.518865424394607,5.47537926248624,0.7879547436715675
single_sentence_500,audio__original,Natural (LibriSpeech),6,40.220604330301285,29.336687152584393,27.060551075601808
single_sentence_500,audio__original,Natural (LibriSpeech),5,45.85224025249481,24.222695973847294,47.17227371997523
single_sentence_500,audio__original,Natural (LibriSpeech),5,18.518639101833106,3.265655167773366,82.36557692055185
single_sentence_500,audio__original,Natural (LibriSpeech),6,14.30740975557516,6.23773876670748,56.402040108784725
single_sentence_500,audio__original,Natural (LibriSpeech),5,9.90467883022502,16.317165562300943,-64.74199559613828
single_sentence_500,audio__original,Natural (LibriSpeech),6,23.652997662623722,15.869654289446771,32.90637188653736
single_sentence_500,audio__original,Natural (LibriSpeech),4,4.1097849532961845,6.837847728282213,-66.37969640718138
single_sentence_500,audio__original,Natural (LibriSpeech),5,113.61296436488628,104.96052030175925,7.615718955574755
single_sentence_500,audio__original,Natural (LibriSpeech),6,20.715954209367435,5.517554231608908,73.36567663818278
single_sentence_500,audio__original,Natural (LibriSpeech),6,71.2328195705389,62.896380252864525,11.703087660904874
single_sentence_500,audio__original,Natural (LibriSpeech),4,31.243786484003067,3.4498680506367236,88.9582267744562
single_sentence_500,audio__original,Natural (LibriSpeech),5,26.671674178214744,12.535206606803694,53.00180062546515
single_sentence_500,audio__original,Natural (LibriSpeech),5,20.4550878405571,23.63843129873276,-15.562599794188715
single_sentence_500,audio__original,Natural (LibriSpeech),5,87.51904507502914,2.260293057654053,97.41737006417708
single_sentence_500,audio__original,Natural (LibriSpeech),5,7.511658386979252,5.9714692465378905,20.50398275713834
single_sentence_500,audio__original,Natural (LibriSpeech),5,44.7127395875752,30.107934438064696,32.663632969537154
single_sentence_500,audio__original,Natural (LibriSpeech),5,25.892619585990907,10.600515402550808,59.05970283406098
single_sentence_500,audio__original,Natural (LibriSpeech),5,9.681741707166656,7.460661899435218,22.940911613943825
single_sentence_500,audio__original,Natural (LibriSpeech),4,32.956449724850245,21.639095486025326,34.340331963279596
single_sentence_500,audio__original,Natural (LibriSpeech),6,27.29151078220457,7.284491684763149,73.30858030214654
single_sentence_500,audio__original,Natural (LibriSpeech),4,4.679338840287528,3.5192329994820284,24.792088805738533
single_sentence_500,audio__original,Natural (LibriSpeech),4,42.67016139626503,16.303613408410456,61.7915356424278
single_sentence_500,audio__original,Natural (LibriSpeech),5,29.828058310225607,15.486216943297768,48.08171292199464
single_sentence_500,audio__original,Natural (LibriSpeech),4,26.05934240343049,5.602902410784736,78.49944820538848
single_sentence_500,audio__original,Natural (LibriSpeech),7,11.926542270928621,4.38858898818892,63.20317415982112
single_sentence_500,audio__original,Natural (LibriSpeech),5,50.3966261010617,43.82044719760306,13.048847536482409
single_sentence_500,audio__original,Natural (LibriSpeech),5,60.05653424561024,3.679280288051814,93.87363867351246
single_sentence_500,audio__original,Natural (LibriSpeech),5,23.43482149615884,16.052994542918533,31.499394840495153
single_sentence_500,audio__original,Natural (LibriSpeech),5,28.890747594926506,10.553438174328766,63.4712181135041
single_sentence_500,audio__original,Natural (LibriSpeech),5,17.99421556442976,13.28560137450695,26.167376805414115
single_sentence_500,audio__original,Natural (LibriSpeech),4,103.67961487174034,5.35476048104465,94.83528127716437
single_sentence_500,audio__original,Natural (LibriSpeech),4,14.58299742609961,2.4636278719990514,83.10616260831381
single_sentence_500,audio__original,Natural (LibriSpeech),4,32.250271551311016,25.968349739909172,19.47866330801942
single_sentence_500,audio__original,Natural (LibriSpeech),5,75.52304239273072,15.626772169955075,79.30860347403166
single_sentence_500,audio__original,Natural (LibriSpeech),4,39.20961403846741,5.751029919832945,85.33260257499404
single_sentence_500,audio__original,Natural (LibriSpeech),4,5.402125048451126,1.0632566725835204,80.3178071028109
single_sentence_500,audio__original,Natural (LibriSpeech),6,46.85882047812144,29.335705781976383,37.39555225110001
single_sentence_500,audio__original,Natural (LibriSpeech),7,39.14553823854242,15.031560893569674,61.60083225329188
single_sentence_500,audio__original,Natural (LibriSpeech),6,38.10438350836436,11.356998257339,70.19503476589247
single_sentence_500,audio__original,Natural (LibriSpeech),4,33.073323130607605,12.583262920379639,61.95343639740121
single_sentence_500,audio__original,Natural (LibriSpeech),6,23.330532334953507,9.394052863237903,59.73493991320613
single_sentence_500,audio__original,Natural (LibriSpeech),6,7.415708737797104,7.5075137852776,-1.2379807611991962
single_sentence_500,audio__original,Natural (LibriSpeech),6,51.49001879215939,7.044568042775306,86.31857550642805
single_sentence_500,audio__original,Natural (LibriSpeech),4,32.52243657410145,15.008215237408876,53.85273424021265
single_sentence_500,audio__original,Natural (LibriSpeech),7,18.136941584414412,18.0391577069157,0.5391420435667162
single_sentence_500,audio__original,Natural (LibriSpeech),4,38.22018124163151,23.129923060536385,39.48243490969632
single_sentence_500,audio__original,Natural (LibriSpeech),4,9.866111040115356,6.027976602199487,38.90220191431165
single_sentence_500,audio__original,Natural (LibriSpeech),4,76.42998141050339,51.84818255901337,32.16250795543419
single_sentence_500,audio__original,Natural (LibriSpeech),6,44.23142439353978,31.16483823482916,29.541409389065624
single_sentence_500,audio__original,Natural (LibriSpeech),6,6.952772703332205,2.968208270225053,57.308998914886125
single_sentence_500,audio__original,Natural (LibriSpeech),4,6.754203804768622,3.510674803517759,48.02237384309987
single_sentence_500,audio__original,Natural (LibriSpeech),5,14.509932749718427,7.812535571679473,46.157327491189925
single_sentence_500,audio__original,Natural (LibriSpeech),6,9.867847928757934,1.2889955106462974,86.9374201958487
single_sentence_500,audio__original,Natural (LibriSpeech),5,32.02812309265137,16.170758080482482,49.510753303577914
single_sentence_500,audio__original,Natural (LibriSpeech),4,10.861126125149895,9.312394738667422,14.259399703463979
single_sentence_500,audio__original,Natural (LibriSpeech),6,27.331153612855513,12.792597804684192,53.19408033085347
single_sentence_500,audio__original,Natural (LibriSpeech),4,55.85689660906792,15.980128183262423,71.39094873976909
single_sentence_500,audio__original,Natural (LibriSpeech),6,32.27084279153496,35.943811917328276,-11.381695698250498
single_sentence_500,audio__original,Natural (LibriSpeech),5,16.428260326385498,6.431390632782131,60.85166350540082
single_sentence_500,audio__original,Natural (LibriSpeech),4,3.0589859092142433,0.40150864236056805,86.87445270175492
single_sentence_500,audio__original,Natural (LibriSpeech),5,5.536362250847742,12.442217583954335,-124.73633444143128
single_sentence_500,audio__original,Natural (LibriSpeech),4,43.07673192024231,39.14336023549549,9.131081930796322
single_sentence_500,audio__original,Natural (LibriSpeech),6,27.39091521501541,7.154064749677976,73.88161478534244
single_sentence_500,audio__original,Natural (LibriSpeech),6,12.72815648217996,5.793146970060964,54.48557708909651
single_sentence_500,audio__original,Natural (LibriSpeech),4,20.06441325508058,16.205869400779193,19.230783403667946
single_sentence_500,audio__original,Natural (LibriSpeech),4,36.58697062730789,13.394827331590932,63.389077854963865
single_sentence_500,audio__original,Natural (LibriSpeech),4,23.41143292747438,14.656451967763132,37.39617727301467
single_sentence_500,audio__original,Natural (LibriSpeech),6,2.345722840167582,1.3656529580863814,41.78114589237588
single_sentence_500,audio__original,Natural (LibriSpeech),4,34.83289305213839,25.47528062388301,26.864298679552018
single_sentence_500,audio__original,Natural (LibriSpeech),6,24.726263416193735,3.2716568740822063,86.76849462042239
single_sentence_500,audio__original,Natural (LibriSpeech),6,95.6966517996043,11.117557707494901,88.38250085198815
single_sentence_500,audio__original,Natural (LibriSpeech),5,60.48526892142909,35.356889540822884,41.54462702852194
single_sentence_500,audio__original,Natural (LibriSpeech),5,23.228816970437766,7.733172319503501,66.70871215979209
single_sentence_500,audio__original,Natural (LibriSpeech),5,47.523633813858034,21.29134364540223,55.198409850566584
single_sentence_500,audio__original,Natural (LibriSpeech),4,13.355417072540149,8.606237273052102,35.55995124444864
