sample_id,n_segments,present_mask,coalition_size,util_emb,util_tfidf
1,6,63,6,1.0,1.0000000000000002
1,6,0,0,0.7699972987174988,0.2357022603955159
1,6,1,1,0.8048152923583984,0.7302967433402217
1,6,2,1,0.7521111965179443,0.2886751345948129
1,6,4,1,0.7146698236465454,0.2357022603955159
1,6,8,1,0.770099937915802,0.4082482904638631
1,6,16,1,0.8333978652954102,0.6123724356957946
1,6,32,1,0.7816053628921509,0.4082482904638631
1,6,3,2,0.8048152923583984,0.7302967433402217
1,6,5,2,0.8135355710983276,0.6666666666666669
1,6,9,2,0.8359249830245972,0.7302967433402217
1,6,17,2,0.867570698261261,0.8333333333333336
1,6,33,2,0.828535795211792,0.6804138174397717
1,6,6,2,0.7142155170440674,0.4082482904638631
1,6,10,2,0.8792703747749329,0.5477225575051663
1,6,18,2,0.8554139733314514,0.7071067811865477
1,6,34,2,0.7490307092666626,0.4714045207910318
1,6,12,2,0.8040620684623718,0.2357022603955159
1,6,20,2,0.8338850140571594,0.6123724356957946
1,6,36,2,0.7593546509742737,0.4082482904638631
1,6,24,2,0.951483428478241,0.7302967433402217
1,6,40,2,0.7621850967407227,0.20412414523193154
1,6,48,2,0.8333978652954102,0.6123724356957946
1,6,7,3,0.8135355710983276,0.6666666666666669
1,6,11,3,0.8359249830245972,0.7302967433402217
1,6,19,3,0.882300853729248,0.912870929175277
1,6,35,3,0.828535795211792,0.6804138174397717
1,6,13,3,0.8359249830245972,0.7302967433402217
1,6,21,3,0.8728398084640503,0.8333333333333336
1,6,37,3,0.828535795211792,0.6804138174397717
1,6,25,3,1.0,1.0000000000000002
1,6,41,3,0.8407503366470337,0.7302967433402217
1,6,49,3,0.867570698261261,0.8333333333333336
1,6,14,3,0.8792703747749329,0.5477225575051663
1,6,22,3,0.8425954580307007,0.7302967433402217
1,6,38,3,0.7355356812477112,0.4082482904638631
1,6,26,3,0.9535566568374634,0.8333333333333336
1,6,42,3,0.7165469527244568,0.4082482904638631
1,6,50,3,0.8401520848274231,0.7302967433402217
1,6,28,3,0.951483428478241,0.7302967433402217
1,6,44,3,0.8102117776870728,0.2357022603955159
1,6,52,3,0.8338850140571594,0.6123724356957946
1,6,56,3,0.8394229412078857,0.5000000000000001
1,6,15,4,0.796406626701355,0.6123724356957946
1,6,23,4,0.8728398084640503,0.8333333333333336
1,6,39,4,0.828535795211792,0.6804138174397717
1,6,27,4,1.0,1.0000000000000002
1,6,43,4,0.8374264240264893,0.7302967433402217
1,6,51,4,0.867570698261261,0.8333333333333336
1,6,29,4,1.0,1.0000000000000002
1,6,45,4,0.9219603538513184,0.7302967433402217
1,6,53,4,0.8728398084640503,0.8333333333333336
1,6,57,4,1.0,1.0000000000000002
1,6,30,4,0.9535566568374634,0.8333333333333336
1,6,46,4,0.8792703747749329,0.5477225575051663
1,6,54,4,0.8425954580307007,0.7302967433402217
1,6,58,4,0.9535566568374634,0.8333333333333336
1,6,60,4,0.951483428478241,0.7302967433402217
1,6,31,5,1.0,1.0000000000000002
1,6,47,5,0.9219603538513184,0.7302967433402217
1,6,55,5,0.8728398084640503,0.8333333333333336
1,6,59,5,1.0,1.0000000000000002
1,6,61,5,1.0,1.0000000000000002
1,6,62,5,0.9522380828857422,0.7302967433402217
2,6,63,6,1.0,1.0000000000000002
2,6,0,0,0.7428809404373169,0.0
2,6,1,1,0.7897094488143921,0.4714045207910318
2,6,2,1,0.7586065530776978,0.2357022603955159
2,6,4,1,0.7974141836166382,0.0
2,6,8,1,0.7134053707122803,0.0
2,6,16,1,0.9240844249725342,0.4082482904638631
2,6,32,1,0.7119301557540894,0.0
2,6,3,2,0.7858516573905945,0.3333333333333334
2,6,5,2,0.8826863169670105,0.8164965809277261
2,6,9,2,0.7887318134307861,0.5000000000000001
2,6,17,2,0.8070031404495239,0.5000000000000001
2,6,33,2,0.7942682504653931,0.6666666666666669
2,6,6,2,0.8801320195198059,0.8333333333333336
2,6,10,2,0.7466440796852112,0.3651483716701108
2,6,18,2,0.8941186666488647,0.6666666666666669
2,6,34,2,0.7831485271453857,0.3651483716701108
2,6,12,2,0.8790650367736816,0.6666666666666669
2,6,20,2,0.8822898864746094,0.5000000000000001
2,6,36,2,0.8437331914901733,0.6123724356957946
2,6,24,2,0.9605650901794434,0.8333333333333336
2,6,40,2,0.7674208283424377,0.4082482904638631
2,6,48,2,0.7922168970108032,0.2357022603955159
2,6,7,3,0.87852942943573,0.7071067811865477
2,6,11,3,0.7842944860458374,0.5477225575051663
2,6,19,3,0.8138599991798401,0.5000000000000001
2,6,35,3,0.7873478531837463,0.5000000000000001
2,6,13,3,0.8826863169670105,0.8164965809277261
2,6,21,3,0.8870440721511841,0.6666666666666669
2,6,37,3,0.8801320195198059,0.8333333333333336
2,6,25,3,0.9297803640365601,0.8333333333333336
2,6,41,3,0.7915757298469543,0.6666666666666669
2,6,49,3,0.8138599991798401,0.5000000000000001
2,6,14,3,0.8224231600761414,0.6666666666666669
2,6,22,3,0.9981122016906738,0.7302967433402217
2,6,38,3,0.8801320195198059,0.8333333333333336
2,6,26,3,1.0,1.0000000000000002
2,6,42,3,0.7915757298469543,0.6666666666666669
2,6,50,3,0.8138599991798401,0.5000000000000001
2,6,28,3,1.0,1.0000000000000002
2,6,44,3,0.8802517056465149,0.912870929175277
2,6,52,3,0.9044846296310425,0.6666666666666669
2,6,56,3,0.7627146244049072,0.15430334996209197
2,6,15,4,0.8183790445327759,0.5443310539518174
2,6,23,4,0.9044846296310425,0.6666666666666669
2,6,39,4,0.8727988004684448,0.6666666666666669
2,6,27,4,0.9297803640365601,0.8333333333333336
2,6,43,4,0.7915757298469543,0.6666666666666669
2,6,51,4,0.8138599991798401,0.5000000000000001
2,6,29,4,1.0,1.0000000000000002
2,6,45,4,0.8563653826713562,0.8333333333333336
2,6,53,4,0.9044846296310425,0.6666666666666669
2,6,57,4,0.9297803640365601,0.8333333333333336
2,6,30,4,1.0,1.0000000000000002
2,6,46,4,0.8802517056465149,0.912870929175277
2,6,54,4,0.9044846296310425,0.6666666666666669
2,6,58,4,0.9475951194763184,0.8333333333333336
2,6,60,4,1.0,1.0000000000000002
2,6,31,5,1.0,1.0000000000000002
2,6,47,5,0.8583781123161316,0.8333333333333336
2,6,55,5,0.9044846296310425,0.6666666666666669
2,6,59,5,0.9297803640365601,0.8333333333333336
2,6,61,5,1.0,1.0000000000000002
2,6,62,5,1.0,1.0000000000000002
3,4,15,4,1.0,1.0
3,4,0,0,0.7730812430381775,0.0
3,4,1,1,0.7816009521484375,0.3535533905932738
3,4,2,1,0.8524093627929688,0.5
3,4,4,1,0.7465002536773682,0.0
3,4,8,1,0.7424098253250122,0.0
3,4,3,2,0.8727213144302368,0.75
3,4,5,2,0.7781075239181519,0.18898223650461365
3,4,9,2,0.813602089881897,0.5
3,4,6,2,0.8209402561187744,0.0
3,4,10,2,0.951692521572113,0.3535533905932738
3,4,12,2,0.8578817844390869,0.0
3,4,7,3,0.8727213144302368,0.75
3,4,11,3,1.0,1.0
3,4,13,3,0.8416073322296143,0.25
3,4,14,3,0.8657951951026917,0.0
4,3,7,3,1.0,1.0000000000000004
4,3,0,0,0.9242749810218811,0.6761234037828134
4,3,1,1,0.9242749810218811,0.6761234037828134
4,3,2,1,0.9242749810218811,0.6761234037828134
4,3,4,1,0.9698075652122498,0.8451542547285168
4,3,3,2,0.9242749810218811,0.6761234037828134
4,3,5,2,1.0,1.0000000000000004
4,3,6,2,1.0,1.0000000000000004
6,7,127,7,1.0000001192092896,1.0000000000000002
6,7,0,0,0.7360533475875854,0.0
6,7,1,1,0.7974388599395752,0.5962847939999439
6,7,2,1,0.7298064231872559,0.0
6,7,4,1,0.870724618434906,0.816496580927726
6,7,8,1,0.7294837832450867,0.16666666666666666
6,7,16,1,0.7458869218826294,0.0
6,7,32,1,0.8716259002685547,0.3333333333333333
6,7,64,1,0.7181450724601746,0.0
6,7,3,2,0.7974388599395752,0.5962847939999439
6,7,5,2,0.8987233638763428,0.8819171036881968
6,7,9,2,0.8076340556144714,0.7559289460184544
6,7,17,2,0.8008721470832825,0.5
6,7,33,2,0.9633170366287231,0.8888888888888891
6,7,65,2,0.9476112127304077,0.9428090415820635
6,7,6,2,0.8596168756484985,0.6666666666666666
6,7,10,2,0.7360533475875854,0.0
6,7,18,2,0.7382507920265198,0.0
6,7,34,2,0.8716259002685547,0.3333333333333333
6,7,66,2,0.8847637176513672,0.3333333333333333
6,7,12,2,0.870724618434906,0.816496580927726
6,7,20,2,0.8596168756484985,0.6666666666666666
6,7,36,2,0.9223831295967102,0.7378647873726218
6,7,68,2,0.9210482835769653,0.8819171036881968
6,7,24,2,0.7422529458999634,0.13608276348795434
6,7,40,2,0.8458075523376465,0.24253562503633294
6,7,72,2,0.8847637176513672,0.3333333333333333
6,7,48,2,0.8716259002685547,0.3333333333333333
6,7,80,2,0.8847637176513672,0.3333333333333333
6,7,96,2,0.9576742649078369,0.4714045207910317
6,7,7,3,0.8987233638763428,0.8819171036881968
6,7,11,3,0.8076340556144714,0.7559289460184544
6,7,19,3,0.7974388599395752,0.5962847939999439
6,7,35,3,0.9633170366287231,0.8888888888888891
6,7,67,3,0.9476112127304077,0.9428090415820635
6,7,13,3,0.8987233638763428,0.8819171036881968
6,7,21,3,0.8129787445068359,0.34815531191139576
6,7,37,3,0.8606178164482117,0.4216370213557839
6,7,69,3,0.9476112127304077,0.9428090415820635
6,7,25,3,0.7984753251075745,0.5962847939999439
6,7,41,3,0.9633170366287231,0.8888888888888891
6,7,73,3,0.9476112127304077,0.9428090415820635
6,7,49,3,0.9633170366287231,0.8888888888888891
6,7,81,3,0.9476112127304077,0.9428090415820635
6,7,97,3,1.0000001192092896,1.0000000000000002
6,7,14,3,0.8596168756484985,0.6666666666666666
6,7,22,3,0.8596168756484985,0.6666666666666666
6,7,38,3,0.9420871734619141,0.8249579113843055
6,7,70,3,0.9150192737579346,0.7453559924999299
6,7,26,3,0.7311881184577942,0.19245008972987526
6,7,42,3,0.9010524749755859,0.6666666666666666
6,7,74,3,0.8847637176513672,0.3333333333333333
6,7,50,3,0.8716259002685547,0.3333333333333333
6,7,82,3,0.8847637176513672,0.3333333333333333
6,7,98,3,0.9576742649078369,0.4714045207910317
6,7,28,3,0.870724618434906,0.816496580927726
6,7,44,3,0.8606178164482117,0.4216370213557839
6,7,76,3,0.9210482835769653,0.8819171036881968
6,7,52,3,0.8524475693702698,0.4444444444444445
6,7,84,3,0.9150192737579346,0.7453559924999299
6,7,100,3,0.9694586396217346,0.9428090415820635
6,7,56,3,0.9582231044769287,0.23570226039551584
6,7,88,3,0.8847637176513672,0.3333333333333333
6,7,104,3,0.8889716863632202,0.7453559924999299
6,7,112,3,0.9528157711029053,0.8333333333333333
6,7,15,4,0.8987233638763428,0.8819171036881968
6,7,23,4,0.8129787445068359,0.34815531191139576
6,7,39,4,0.9633170366287231,0.8888888888888891
6,7,71,4,0.9476112127304077,0.9428090415820635
6,7,27,4,0.8113881945610046,0.7559289460184544
6,7,43,4,0.9633170366287231,0.8888888888888891
6,7,75,4,0.9476112127304077,0.9428090415820635
6,7,51,4,0.9633170366287231,0.8888888888888891
6,7,83,4,0.9476112127304077,0.9428090415820635
6,7,99,4,1.0000001192092896,1.0000000000000002
6,7,29,4,0.8987233638763428,0.8819171036881968
6,7,45,4,0.9596189856529236,0.9428090415820635
6,7,77,4,0.9476112127304077,0.9428090415820635
6,7,53,4,0.8559967279434204,0.4444444444444445
6,7,85,4,0.9476112127304077,0.9428090415820635
6,7,101,4,1.0000001192092896,1.0000000000000002
6,7,57,4,0.9633170366287231,0.8888888888888891
6,7,89,4,0.9476112127304077,0.9428090415820635
6,7,105,4,1.0000001192092896,1.0000000000000002
6,7,113,4,1.0000001192092896,1.0000000000000002
6,7,30,4,0.8596168756484985,0.6666666666666666
6,7,46,4,0.8524475693702698,0.4444444444444445
6,7,78,4,0.9150192737579346,0.7453559924999299
6,7,54,4,0.9420871734619141,0.8249579113843055
6,7,86,4,0.9150192737579346,0.7453559924999299
6,7,102,4,0.9657087326049805,0.816496580927726
6,7,58,4,0.8716259002685547,0.3333333333333333
6,7,90,4,0.8847637176513672,0.3333333333333333
6,7,106,4,0.9473973512649536,0.7453559924999299
6,7,114,4,0.9576742649078369,0.4714045207910317
6,7,60,4,0.8606178164482117,0.4216370213557839
6,7,92,4,0.9210482835769653,0.8819171036881968
6,7,108,4,0.9694586396217346,0.9428090415820635
6,7,116,4,0.9694586396217346,0.9428090415820635
6,7,120,4,0.9107900261878967,0.7453559924999299
6,7,31,5,0.8987233638763428,0.8819171036881968
6,7,47,5,0.9596189856529236,0.9428090415820635
6,7,79,5,0.9476112127304077,0.9428090415820635
6,7,55,5,0.86308354139328,0.4444444444444445
6,7,87,5,0.9476112127304077,0.9428090415820635
6,7,103,5,1.0000001192092896,1.0000000000000002
6,7,59,5,0.9633170366287231,0.8888888888888891
6,7,91,5,0.9476112127304077,0.9428090415820635
6,7,107,5,1.0000001192092896,1.0000000000000002
6,7,115,5,1.0000001192092896,1.0000000000000002
6,7,61,5,0.9596189856529236,0.9428090415820635
6,7,93,5,0.9476112127304077,0.9428090415820635
6,7,109,5,1.0000001192092896,1.0000000000000002
6,7,117,5,1.0000001192092896,1.0000000000000002
6,7,121,5,1.0000001192092896,1.0000000000000002
6,7,62,5,0.8524475693702698,0.4444444444444445
6,7,94,5,0.9150192737579346,0.7453559924999299
6,7,110,5,0.9657087326049805,0.816496580927726
6,7,118,5,0.9657087326049805,0.816496580927726
6,7,122,5,0.9473973512649536,0.7453559924999299
6,7,124,5,0.9694586396217346,0.9428090415820635
6,7,63,6,0.9633170366287231,0.8888888888888891
6,7,95,6,0.9476112127304077,0.9428090415820635
6,7,111,6,1.0000001192092896,1.0000000000000002
6,7,119,6,1.0000001192092896,1.0000000000000002
6,7,123,6,1.0000001192092896,1.0000000000000002
6,7,125,6,1.0000001192092896,1.0000000000000002
6,7,126,6,0.9657087326049805,0.816496580927726
7,7,127,7,1.0,1.0000000000000004
7,7,0,0,0.8052235841751099,0.18898223650461365
7,7,1,1,0.8726502060890198,0.6546536707079773
7,7,2,1,0.7730212211608887,0.18898223650461365
7,7,4,1,0.8991646766662598,0.3779644730092273
7,7,8,1,0.7692652344703674,0.0
7,7,16,1,0.9074638485908508,0.7559289460184546
7,7,32,1,0.7634335160255432,0.18898223650461365
7,7,64,1,0.8058062195777893,0.0
7,7,3,2,0.8726502060890198,0.6546536707079773
7,7,5,2,0.9940654635429382,0.7142857142857146
7,7,9,2,0.8814159035682678,0.566946709513841
7,7,17,2,1.0,1.0000000000000004
7,7,33,2,1.0,1.0000000000000004
7,7,65,2,0.8500131964683533,0.566946709513841
7,7,6,2,0.7737334966659546,0.06131393394849661
7,7,10,2,0.7730212211608887,0.18898223650461365
7,7,18,2,0.9074638485908508,0.7559289460184546
7,7,34,2,0.7770631313323975,0.26726124191242445
7,7,66,2,0.8058062195777893,0.0
7,7,12,2,0.9283525943756104,0.5070925528371101
7,7,20,2,0.8842431306838989,0.14285714285714293
7,7,36,2,1.0,1.0000000000000004
7,7,68,2,0.9355591535568237,0.8451542547285168
7,7,24,2,0.9074638485908508,0.7559289460184546
7,7,40,2,0.8595355153083801,0.46291004988627593
7,7,72,2,0.8058062195777893,0.0
7,7,48,2,0.9074638485908508,0.7559289460184546
7,7,80,2,0.9074638485908508,0.7559289460184546
7,7,96,2,0.7675122022628784,0.18898223650461365
7,7,7,3,0.9940654635429382,0.7142857142857146
7,7,11,3,0.9940654635429382,0.7142857142857146
7,7,19,3,1.0,1.0000000000000004
7,7,35,3,1.0,1.0000000000000004
7,7,67,3,0.8500131964683533,0.566946709513841
7,7,13,3,0.9940654635429382,0.7142857142857146
7,7,21,3,1.0,1.0000000000000004
7,7,37,3,1.0,1.0000000000000004
7,7,69,3,0.9940654635429382,0.7142857142857146
7,7,25,3,1.0,1.0000000000000004
7,7,41,3,1.0,1.0000000000000004
7,7,73,3,0.8500131964683533,0.566946709513841
7,7,49,3,1.0,1.0000000000000004
7,7,81,3,1.0,1.0000000000000004
7,7,97,3,1.0,1.0000000000000004
7,7,14,3,0.9940654635429382,0.7142857142857146
7,7,22,3,1.0,1.0000000000000004
7,7,38,3,1.0,1.0000000000000004
7,7,70,3,0.9030826091766357,0.4285714285714288
7,7,26,3,0.9074638485908508,0.7559289460184546
7,7,42,3,0.888025164604187,0.566946709513841
7,7,74,3,0.8058062195777893,0.0
7,7,50,3,0.9074638485908508,0.7559289460184546
7,7,82,3,0.9074638485908508,0.7559289460184546
7,7,98,3,0.7898371815681458,0.26726124191242445
7,7,28,3,0.9355591535568237,0.8451542547285168
7,7,44,3,0.9355591535568237,0.8451542547285168
7,7,76,3,0.9355591535568237,0.8451542547285168
7,7,52,3,1.0,1.0000000000000004
7,7,84,3,0.9355591535568237,0.8451542547285168
7,7,100,3,0.9355591535568237,0.8451542547285168
7,7,56,3,0.9074638485908508,0.7559289460184546
7,7,88,3,0.9074638485908508,0.7559289460184546
7,7,104,3,0.8562604188919067,0.5070925528371101
7,7,112,3,0.9074638485908508,0.7559289460184546
7,7,15,4,0.9940654635429382,0.7142857142857146
7,7,23,4,1.0,1.0000000000000004
7,7,39,4,1.0,1.0000000000000004
7,7,71,4,0.9866036772727966,0.6681531047810612
7,7,27,4,1.0,1.0000000000000004
7,7,43,4,1.0,1.0000000000000004
7,7,75,4,0.9940654635429382,0.7142857142857146
7,7,51,4,1.0,1.0000000000000004
7,7,83,4,1.0,1.0000000000000004
7,7,99,4,1.0,1.0000000000000004
7,7,29,4,1.0,1.0000000000000004
7,7,45,4,1.0,1.0000000000000004
7,7,77,4,0.9940654635429382,0.7142857142857146
7,7,53,4,1.0,1.0000000000000004
7,7,85,4,1.0,1.0000000000000004
7,7,101,4,1.0,1.0000000000000004
7,7,57,4,1.0,1.0000000000000004
7,7,89,4,1.0,1.0000000000000004
7,7,105,4,1.0,1.0000000000000004
7,7,113,4,1.0,1.0000000000000004
7,7,30,4,1.0,1.0000000000000004
7,7,46,4,1.0,1.0000000000000004
7,7,78,4,0.9940654635429382,0.7142857142857146
7,7,54,4,1.0,1.0000000000000004
7,7,86,4,1.0,1.0000000000000004
7,7,102,4,1.0,1.0000000000000004
7,7,58,4,0.9074638485908508,0.7559289460184546
7,7,90,4,0.9074638485908508,0.7559289460184546
7,7,106,4,0.8925235271453857,0.566946709513841
7,7,114,4,0.9074638485908508,0.7559289460184546
7,7,60,4,0.9355591535568237,0.8451542547285168
7,7,92,4,0.9355591535568237,0.8451542547285168
7,7,108,4,0.9355591535568237,0.8451542547285168
7,7,116,4,0.9355591535568237,0.8451542547285168
7,7,120,4,0.9074638485908508,0.7559289460184546
7,7,31,5,1.0,1.0000000000000004
7,7,47,5,1.0,1.0000000000000004
7,7,79,5,0.9866036772727966,0.6681531047810612
7,7,55,5,1.0,1.0000000000000004
7,7,87,5,1.0,1.0000000000000004
7,7,103,5,1.0,1.0000000000000004
7,7,59,5,1.0,1.0000000000000004
7,7,91,5,1.0,1.0000000000000004
7,7,107,5,1.0,1.0000000000000004
7,7,115,5,1.0,1.0000000000000004
7,7,61,5,1.0,1.0000000000000004
7,7,93,5,1.0,1.0000000000000004
7,7,109,5,1.0,1.0000000000000004
7,7,117,5,1.0,1.0000000000000004
7,7,121,5,1.0,1.0000000000000004
7,7,62,5,1.0,1.0000000000000004
7,7,94,5,1.0,1.0000000000000004
7,7,110,5,1.0,1.0000000000000004
7,7,118,5,1.0,1.0000000000000004
7,7,122,5,0.9074638485908508,0.7559289460184546
7,7,124,5,0.9355591535568237,0.8451542547285168
7,7,63,6,1.0,1.0000000000000004
7,7,95,6,1.0,1.0000000000000004
7,7,111,6,0.9907984137535095,0.9354143466934857
7,7,119,6,1.0,1.0000000000000004
7,7,123,6,1.0,1.0000000000000004
7,7,125,6,1.0,1.0000000000000004
7,7,126,6,1.0,1.0000000000000004
9,4,15,4,0.9999998807907104,1.0000000000000002
9,4,0,0,0.7627794742584229,0.0
9,4,1,1,0.7881033420562744,0.0
9,4,2,1,0.7640660405158997,0.0
9,4,4,1,0.7355291247367859,0.0
9,4,8,1,0.8479920029640198,0.2721655269759088
9,4,3,2,0.8052533864974976,0.0
9,4,5,2,0.7956279516220093,0.288675134594813
9,4,9,2,0.8296777009963989,0.1360827634879544
9,4,6,2,0.8071427941322327,0.288675134594813
9,4,10,2,0.6993600130081177,0.0
9,4,12,2,0.8797839879989624,0.4811252243246883
9,4,7,3,0.7466705441474915,0.0
9,4,11,3,0.8265008330345154,0.1360827634879544
9,4,13,3,0.9177101850509644,0.34020690871988596
9,4,14,3,0.862313985824585,0.19245008972987535
11,6,63,6,1.0,1.0
11,6,0,0,0.7422358989715576,0.0
11,6,1,1,0.7764308452606201,0.17407765595569785
11,6,2,1,0.7237799763679504,0.0
11,6,4,1,0.8327288031578064,0.30151134457776363
11,6,8,1,0.7200996279716492,0.0
11,6,16,1,0.750178337097168,0.0
11,6,32,1,0.7647565007209778,0.3481553119113957
11,6,3,2,0.765261709690094,0.17407765595569785
11,6,5,2,0.8279950618743896,0.3481553119113957
11,6,9,2,0.7376602292060852,0.15075567228888181
11,6,17,2,0.746770441532135,0.26967994498529685
11,6,33,2,0.7346681356430054,0.26967994498529685
11,6,6,2,0.8317447900772095,0.21320071635561044
11,6,10,2,0.7479937076568604,0.15075567228888181
11,6,18,2,0.7455741167068481,0.15075567228888181
11,6,34,2,0.7909749746322632,0.4264014327112209
11,6,12,2,0.8351660370826721,0.4264014327112209
11,6,20,2,0.9128982424736023,0.4264014327112209
11,6,36,2,0.8085811138153076,0.17407765595569785
11,6,24,2,0.7656091451644897,0.0
11,6,40,2,0.7542585730552673,0.0
11,6,48,2,0.7889082431793213,0.21320071635561044
11,6,7,3,0.8317447900772095,0.21320071635561044
11,6,11,3,0.7419109344482422,0.15075567228888181
11,6,19,3,0.8005284070968628,0.26967994498529685
11,6,35,3,0.7346681356430054,0.26967994498529685
11,6,13,3,0.8239558935165405,0.45226701686664544
11,6,21,3,0.9168509244918823,0.5330017908890261
11,6,37,3,0.8688068389892578,0.45226701686664544
11,6,25,3,0.7763928174972534,0.30151134457776363
11,6,41,3,0.7659891843795776,0.30151134457776363
11,6,49,3,0.8486943244934082,0.40451991747794525
11,6,14,3,0.8351660370826721,0.4264014327112209
11,6,22,3,0.9128982424736023,0.4264014327112209
11,6,38,3,0.8090458512306213,0.17407765595569785
11,6,26,3,0.7656091451644897,0.0
11,6,42,3,0.7542585730552673,0.0
11,6,50,3,0.7889082431793213,0.21320071635561044
11,6,28,3,0.9292296767234802,0.5222329678670936
11,6,44,3,0.8587058782577515,0.3481553119113957
11,6,52,3,0.8849129676818848,0.3481553119113957
11,6,56,3,0.8197514414787292,0.17407765595569785
11,6,15,4,0.8388570547103882,0.40451991747794525
11,6,23,4,0.9203071594238281,0.5330017908890261
11,6,39,4,0.8326826095581055,0.36927447293799825
11,6,27,4,0.8532374501228333,0.36927447293799825
11,6,43,4,0.7938626408576965,0.30151134457776363
11,6,51,4,0.7875264286994934,0.31980107453341566
11,6,29,4,0.9440215229988098,0.6154574548966638
11,6,45,4,0.8742071390151978,0.502518907629606
11,6,53,4,0.9203071594238281,0.5330017908890261
11,6,57,4,0.8556513786315918,0.45226701686664544
11,6,30,4,0.9329478144645691,0.492365963917331
11,6,46,4,0.8419108390808105,0.3481553119113957
11,6,54,4,0.8849129676818848,0.3481553119113957
11,6,58,4,0.8197514414787292,0.17407765595569785
11,6,60,4,0.9003247022628784,0.45226701686664544
11,6,31,5,0.9440215229988098,0.6154574548966638
11,6,47,5,0.8530638813972473,0.492365963917331
11,6,55,5,0.9203071594238281,0.5330017908890261
11,6,59,5,0.8409597873687744,0.4264014327112209
11,6,61,5,0.9440215229988098,0.6154574548966638
11,6,62,5,0.8842133283615112,0.45226701686664544
13,7,127,7,1.0000001192092896,1.0000000000000004
13,7,0,0,0.7045674324035645,0.0
13,7,1,1,0.7782003283500671,0.21821789023599245
13,7,2,1,0.7372763156890869,0.0
13,7,4,1,0.7347275018692017,0.18898223650461365
13,7,8,1,0.812915027141571,0.26726124191242445
13,7,16,1,0.8810012340545654,0.4364357804719849
13,7,32,1,0.8263111114501953,0.3779644730092273
13,7,64,1,0.8125627040863037,0.21821789023599245
13,7,3,2,0.7990127801895142,0.5070925528371101
13,7,5,2,0.8311725854873657,0.6761234037828134
13,7,9,2,0.8905665278434753,0.6761234037828134
13,7,17,2,0.842551589012146,0.3380617018914067
13,7,33,2,0.942170262336731,0.8451542547285168
13,7,65,2,0.9426881670951843,0.6681531047810612
13,7,6,2,0.7365835905075073,0.16903085094570336
13,7,10,2,0.812915027141571,0.26726124191242445
13,7,18,2,0.8761411905288696,0.4364357804719849
13,7,34,2,0.8650145530700684,0.26726124191242445
13,7,66,2,0.8125627040863037,0.21821789023599245
13,7,12,2,0.8652569055557251,0.5070925528371101
13,7,20,2,0.8699377179145813,0.5070925528371101
13,7,36,2,0.8754829168319702,0.566946709513841
13,7,68,2,0.8514946699142456,0.46291004988627593
13,7,24,2,0.9128499031066895,0.6172133998483679
13,7,40,2,0.9047958850860596,0.566946709513841
13,7,72,2,0.9047958850860596,0.566946709513841
13,7,48,2,0.8810012340545654,0.4364357804719849
13,7,80,2,0.9481414556503296,0.6546536707079773
13,7,96,2,0.9101282954216003,0.5345224838248489
13,7,7,3,0.762958288192749,0.0
13,7,11,3,0.8991616368293762,0.7715167498104598
13,7,19,3,0.8469090461730957,0.38575837490523
13,7,35,3,0.942170262336731,0.8451542547285168
13,7,67,3,0.9465976357460022,0.8451542547285168
13,7,13,3,0.8702210187911987,0.4558423058385519
13,7,21,3,0.9316273331642151,0.7715167498104598
13,7,37,3,0.942170262336731,0.8451542547285168
13,7,69,3,0.9706515073776245,0.9258200997725518
13,7,25,3,1.0000001192092896,1.0000000000000004
13,7,41,3,0.9706515073776245,0.9258200997725518
13,7,73,3,0.9706515073776245,0.9258200997725518
13,7,49,3,0.899839460849762,0.4364357804719849
13,7,81,3,0.9481414556503296,0.6546536707079773
13,7,97,3,0.9706515073776245,0.9258200997725518
13,7,14,3,0.7977724075317383,0.3779644730092273
13,7,22,3,0.7857255935668945,0.30860669992418394
13,7,38,3,0.8454228639602661,0.5070925528371101
13,7,70,3,0.8499889373779297,0.46291004988627593
13,7,26,3,0.8803368806838989,0.46291004988627593
13,7,42,3,0.8996513485908508,0.6761234037828134
13,7,74,3,0.8996513485908508,0.6761234037828134
13,7,50,3,0.899839460849762,0.4364357804719849
13,7,82,3,0.9159547090530396,0.566946709513841
13,7,98,3,0.9101282954216003,0.5345224838248489
13,7,28,3,0.9337908029556274,0.7715167498104598
13,7,44,3,0.8996513485908508,0.6761234037828134
13,7,76,3,0.8996513485908508,0.6761234037828134
13,7,52,3,0.9191068410873413,0.6761234037828134
13,7,84,3,0.9191068410873413,0.6761234037828134
13,7,100,3,0.8754829168319702,0.566946709513841
13,7,56,3,0.9128499031066895,0.6172133998483679
13,7,88,3,0.9128499031066895,0.6172133998483679
13,7,104,3,0.8996513485908508,0.6761234037828134
13,7,112,3,0.9073848724365234,0.566946709513841
13,7,15,4,0.8360618352890015,0.6761234037828134
13,7,23,4,0.8317775726318359,0.326055658375689
13,7,39,4,0.8932828903198242,0.6681531047810612
13,7,71,4,0.7668442726135254,0.08247860988423225
13,7,27,4,1.0000001192092896,1.0000000000000004
13,7,43,4,0.9706515073776245,0.9258200997725518
13,7,75,4,0.8947677612304688,0.42919753763947627
13,7,51,4,0.899839460849762,0.4364357804719849
13,7,83,4,0.978952944278717,0.9258200997725518
13,7,99,4,0.9706515073776245,0.9258200997725518
13,7,29,4,1.0000001192092896,1.0000000000000004
13,7,45,4,0.9706515073776245,0.9258200997725518
13,7,77,4,0.9706515073776245,0.9258200997725518
13,7,53,4,1.0000001192092896,1.0000000000000004
13,7,85,4,1.0000001192092896,1.0000000000000004
13,7,101,4,0.942170262336731,0.8451542547285168
13,7,57,4,1.0000001192092896,1.0000000000000004
13,7,89,4,1.0000001192092896,1.0000000000000004
13,7,105,4,0.9706515073776245,0.9258200997725518
13,7,113,4,0.9481414556503296,0.6546536707079773
13,7,30,4,0.897862434387207,0.6172133998483679
13,7,46,4,0.8996513485908508,0.6761234037828134
13,7,78,4,0.8996513485908508,0.6761234037828134
13,7,54,4,0.9191068410873413,0.6761234037828134
13,7,86,4,0.8791720271110535,0.6172133998483679
13,7,102,4,0.8454228639602661,0.5070925528371101
13,7,58,4,0.9337908029556274,0.7715167498104598
13,7,90,4,0.9337908029556274,0.7715167498104598
13,7,106,4,0.8996513485908508,0.6761234037828134
13,7,114,4,0.9191068410873413,0.6761234037828134
13,7,60,4,0.9337908029556274,0.7715167498104598
13,7,92,4,0.9337908029556274,0.7715167498104598
13,7,108,4,0.8996513485908508,0.6761234037828134
13,7,116,4,0.9191068410873413,0.6761234037828134
13,7,120,4,0.9128499031066895,0.6172133998483679
13,7,31,5,0.8472857475280762,0.4335549847620602
13,7,47,5,0.9706515073776245,0.9258200997725518
13,7,79,5,0.8571241497993469,0.42365927286816185
13,7,55,5,0.9706515073776245,0.9258200997725518
13,7,87,5,0.8590091466903687,0.461112334163388
13,7,103,5,0.7702124118804932,0.0
13,7,59,5,1.0000001192092896,1.0000000000000004
13,7,91,5,1.0000001192092896,1.0000000000000004
13,7,107,5,0.9706515073776245,0.9258200997725518
13,7,115,5,0.978952944278717,0.9258200997725518
13,7,61,5,1.0000001192092896,1.0000000000000004
13,7,93,5,1.0000001192092896,1.0000000000000004
13,7,109,5,0.9706515073776245,0.9258200997725518
13,7,117,5,1.0000001192092896,1.0000000000000004
13,7,121,5,1.0000001192092896,1.0000000000000004
13,7,62,5,0.9337908029556274,0.7715167498104598
13,7,94,5,0.9337908029556274,0.7715167498104598
13,7,110,5,0.8996513485908508,0.6761234037828134
13,7,118,5,0.9191068410873413,0.6761234037828134
13,7,122,5,0.9337908029556274,0.7715167498104598
13,7,124,5,0.9615491628646851,0.8451542547285168
13,7,63,6,1.0000001192092896,1.0000000000000004
13,7,95,6,1.0000001192092896,1.0000000000000004
13,7,111,6,0.9706515073776245,0.9258200997725518
13,7,119,6,1.0000001192092896,1.0000000000000004
13,7,123,6,1.0000001192092896,1.0000000000000004
13,7,125,6,1.0000001192092896,1.0000000000000004
13,7,126,6,0.9337908029556274,0.7715167498104598
15,5,31,5,1.0,1.0000000000000002
15,5,0,0,0.8111202716827393,0.0
15,5,1,1,0.8254357576370239,0.25048971643405976
15,5,2,1,0.8926374912261963,0.632455532033676
15,5,4,1,0.744195818901062,0.0
15,5,8,1,0.9273734092712402,0.670820393249937
15,5,16,1,0.841592013835907,0.316227766016838
15,5,3,2,0.9044047594070435,0.670820393249937
15,5,5,2,0.8533496856689453,0.447213595499958
15,5,9,2,1.0,1.0000000000000002
15,5,17,2,0.8250819444656372,0.2581988897471612
15,5,6,2,0.8967695236206055,0.632455532033676
15,5,10,2,0.9574498534202576,0.894427190999916
15,5,18,2,0.8926374912261963,0.632455532033676
15,5,12,2,0.899130642414093,0.670820393249937
15,5,20,2,0.7533857822418213,0.0
15,5,24,2,0.9273734092712402,0.670820393249937
15,5,7,3,0.9044047594070435,0.670820393249937
15,5,11,3,1.0,1.0000000000000002
15,5,19,3,0.9258216619491577,0.8000000000000002
15,5,13,3,1.0,1.0000000000000002
15,5,21,3,0.9044047594070435,0.670820393249937
15,5,25,3,1.0,1.0000000000000002
15,5,14,3,0.9574498534202576,0.894427190999916
15,5,22,3,0.9574498534202576,0.894427190999916
15,5,26,3,0.9574498534202576,0.894427190999916
15,5,28,3,0.9273734092712402,0.670820393249937
15,5,15,4,1.0,1.0000000000000002
15,5,23,4,1.0,1.0000000000000002
15,5,27,4,1.0,1.0000000000000002
15,5,29,4,1.0,1.0000000000000002
15,5,30,4,0.9574498534202576,0.894427190999916
16,6,63,6,0.9999999403953552,1.0000000000000002
16,6,0,0,0.7728797197341919,0.4082482904638631
16,6,1,1,0.8013473749160767,0.7302967433402217
16,6,2,1,0.7691233158111572,0.4714045207910318
16,6,4,1,0.7728797197341919,0.4082482904638631
16,6,8,1,0.8859943747520447,0.5477225575051663
16,6,16,1,0.7674477100372314,0.2886751345948129
16,6,32,1,0.8352621793746948,0.46291004988627593
16,6,3,2,0.7991893291473389,0.7302967433402217
16,6,5,2,0.7940208911895752,0.6666666666666669
16,6,9,2,0.8561238646507263,0.8333333333333336
16,6,17,2,0.7946712970733643,0.7302967433402217
16,6,33,2,0.9999999403953552,1.0000000000000002
16,6,6,2,0.7634717226028442,0.2886751345948129
16,6,10,2,0.8561238646507263,0.8333333333333336
16,6,18,2,0.7691233158111572,0.4714045207910318
16,6,34,2,0.9408388137817383,0.8333333333333336
16,6,12,2,0.7999385595321655,0.6666666666666669
16,6,20,2,0.723964273929596,0.3651483716701108
16,6,36,2,0.830967903137207,0.5477225575051663
16,6,24,2,0.8898425698280334,0.7302967433402217
16,6,40,2,0.9408388137817383,0.8333333333333336
16,6,48,2,0.8934623003005981,0.8333333333333336
16,6,7,3,0.8077894449234009,0.7302967433402217
16,6,11,3,0.8561238646507263,0.8333333333333336
16,6,19,3,0.7944443821907043,0.7071067811865477
16,6,35,3,0.9999999403953552,1.0000000000000002
16,6,13,3,0.8561238646507263,0.8333333333333336
16,6,21,3,0.8933746814727783,0.8333333333333336
16,6,37,3,0.9999999403953552,1.0000000000000002
16,6,25,3,0.7999385595321655,0.6666666666666669
16,6,41,3,0.9999999403953552,1.0000000000000002
16,6,49,3,0.9999999403953552,1.0000000000000002
16,6,14,3,0.8029254674911499,0.6666666666666669
16,6,22,3,0.7634717226028442,0.2886751345948129
16,6,38,3,0.9271107912063599,0.7302967433402217
16,6,26,3,0.8029254674911499,0.6666666666666669
16,6,42,3,0.9408388137817383,0.8333333333333336
16,6,50,3,0.9408388137817383,0.8333333333333336
16,6,28,3,0.7999385595321655,0.6666666666666669
16,6,44,3,0.9408388137817383,0.8333333333333336
16,6,52,3,0.830967903137207,0.5477225575051663
16,6,56,3,0.9408388137817383,0.8333333333333336
16,6,15,4,0.8561238646507263,0.8333333333333336
16,6,23,4,0.8933746814727783,0.8333333333333336
16,6,39,4,0.9999999403953552,1.0000000000000002
16,6,27,4,0.8561238646507263,0.8333333333333336
16,6,43,4,0.9999999403953552,1.0000000000000002
16,6,51,4,0.9999999403953552,1.0000000000000002
16,6,29,4,0.7999385595321655,0.6666666666666669
16,6,45,4,0.9999999403953552,1.0000000000000002
16,6,53,4,0.9999999403953552,1.0000000000000002
16,6,57,4,0.9999999403953552,1.0000000000000002
16,6,30,4,0.8029254674911499,0.6666666666666669
16,6,46,4,0.9271107912063599,0.7302967433402217
16,6,54,4,0.9271107912063599,0.7302967433402217
16,6,58,4,0.9408388137817383,0.8333333333333336
16,6,60,4,0.9018236398696899,0.8333333333333336
16,6,31,5,0.7999385595321655,0.6666666666666669
16,6,47,5,0.9999999403953552,1.0000000000000002
16,6,55,5,0.890175461769104,0.8333333333333336
16,6,59,5,0.9999999403953552,1.0000000000000002
16,6,61,5,0.9999999403953552,1.0000000000000002
16,6,62,5,0.9271107912063599,0.7302967433402217
17,5,31,5,0.9999999403953552,1.0000000000000002
17,5,0,0,0.7038167715072632,0.0
17,5,1,1,0.7528681755065918,0.447213595499958
17,5,2,1,0.681890606880188,0.0
17,5,4,1,0.8539010286331177,0.158113883008419
17,5,8,1,0.7164661288261414,0.0
17,5,16,1,0.7726190686225891,0.447213595499958
17,5,3,2,0.7558120489120483,0.447213595499958
17,5,5,2,0.8267996311187744,0.09534625892455925
17,5,9,2,0.8225628733634949,0.8000000000000002
17,5,17,2,0.8005971908569336,0.670820393249937
17,5,6,2,0.7681697607040405,0.2581988897471612
17,5,10,2,0.8163713812828064,0.670820393249937
17,5,18,2,0.7660830020904541,0.447213595499958
17,5,12,2,0.9533956050872803,0.5163977794943224
17,5,20,2,0.9157667756080627,0.632455532033676
17,5,24,2,0.7723469138145447,0.632455532033676
17,5,7,3,0.8846762776374817,0.6000000000000001
17,5,11,3,0.8337935209274292,0.894427190999916
17,5,19,3,0.8005971908569336,0.670820393249937
17,5,13,3,0.9999999403953552,1.0000000000000002
17,5,21,3,0.8588786125183105,0.447213595499958
17,5,25,3,0.8237459659576416,0.894427190999916
17,5,14,3,0.9836412072181702,0.894427190999916
17,5,22,3,0.8698805570602417,0.447213595499958
17,5,26,3,0.8163713812828064,0.670820393249937
17,5,28,3,0.9533956050872803,0.5163977794943224
17,5,15,4,0.9204365611076355,0.8000000000000002
17,5,23,4,0.911412239074707,0.8000000000000002
17,5,27,4,0.8347086906433105,0.894427190999916
17,5,29,4,0.9999999403953552,1.0000000000000002
17,5,30,4,0.9836412072181702,0.894427190999916
18,4,15,4,1.0,1.0
18,4,0,0,0.7555585503578186,0.0
18,4,1,1,0.800183892250061,0.5773502691896258
18,4,2,1,0.7800270915031433,0.0
18,4,4,1,0.7193813323974609,0.0
18,4,8,1,0.8147991299629211,0.0
18,4,3,2,0.7911840677261353,0.8660254037844388
18,4,5,2,0.7781680226325989,0.5
18,4,9,2,0.9954837560653687,0.75
18,4,6,2,0.7945764064788818,0.3535533905932738
18,4,10,2,0.9167640209197998,0.5773502691896258
18,4,12,2,0.9108397960662842,0.2886751345948129
18,4,7,3,0.7911840677261353,0.8660254037844388
18,4,11,3,1.0,1.0
18,4,13,3,0.9954837560653687,0.75
18,4,14,3,0.9167640209197998,0.5773502691896258
21,7,127,7,0.9999999403953552,1.0000000000000002
21,7,0,0,0.7081749439239502,0.2886751345948129
21,7,1,1,0.7552685141563416,0.4330127018922194
21,7,2,1,0.7289783358573914,0.14433756729740646
21,7,4,1,0.7609358429908752,0.0
21,7,8,1,0.7517353892326355,0.0
21,7,16,1,0.6991283297538757,0.13363062095621223
21,7,32,1,0.8711960315704346,0.3535533905932738
21,7,64,1,0.7360683083534241,0.0
21,7,3,2,0.7561456561088562,0.474341649025257
21,7,5,2,0.7928106784820557,0.3535533905932738
21,7,9,2,0.8325173258781433,0.6708203932499369
21,7,17,2,0.755011260509491,0.5590169943749475
21,7,33,2,0.8766019344329834,0.5773502691896258
21,7,65,2,0.7941561937332153,0.5773502691896258
21,7,6,2,0.9489002227783203,0.6123724356957946
21,7,10,2,0.8227543830871582,0.4082482904638631
21,7,18,2,0.7368437051773071,0.40089186286863665
21,7,34,2,0.8830287456512451,0.5303300858899107
21,7,66,2,0.7479149103164673,0.3535533905932738
21,7,12,2,0.759164571762085,0.0
21,7,20,2,0.7609358429908752,0.0
21,7,36,2,0.9515846371650696,0.6123724356957946
21,7,68,2,0.955793023109436,0.632455532033676
21,7,24,2,0.7630499601364136,0.3244428422615252
21,7,40,2,0.8728027939796448,0.4082482904638631
21,7,72,2,0.8426265716552734,0.3535533905932738
21,7,48,2,0.860103964805603,0.5000000000000001
21,7,80,2,0.7360683083534241,0.0
21,7,96,2,0.8443073630332947,0.4082482904638631
21,7,7,3,0.9715633392333984,0.790569415042095
21,7,11,3,0.8588047027587891,0.5773502691896258
21,7,19,3,0.755011260509491,0.5590169943749475
21,7,35,3,0.8766019344329834,0.5773502691896258
21,7,67,3,0.7941561937332153,0.5773502691896258
21,7,13,3,0.967773973941803,0.8660254037844387
21,7,21,3,0.7609358429908752,0.0
21,7,37,3,0.9999999403953552,1.0000000000000002
21,7,69,3,0.9894149899482727,0.8660254037844387
21,7,25,3,0.8195302486419678,0.6396021490668313
21,7,41,3,0.9384804964065552,0.8750000000000001
21,7,73,3,0.8588047027587891,0.5773502691896258
21,7,49,3,0.9327476620674133,0.8017837257372734
21,7,81,3,0.7610911130905151,0.6708203932499369
21,7,97,3,0.8805684447288513,0.6681531047810612
21,7,14,3,0.944340169429779,0.7071067811865476
21,7,22,3,0.7777366042137146,0.3535533905932738
21,7,38,3,0.9570622444152832,0.7071067811865476
21,7,70,3,0.955793023109436,0.632455532033676
21,7,26,3,0.8367129564285278,0.5000000000000001
21,7,42,3,0.8919702768325806,0.632455532033676
21,7,74,3,0.8896632194519043,0.5303300858899107
21,7,50,3,0.833356499671936,0.5303300858899107
21,7,82,3,0.7411466836929321,0.158113883008419
21,7,98,3,0.9027706980705261,0.632455532033676
21,7,28,3,0.7510825395584106,0.3535533905932738
21,7,44,3,0.9655686616897583,0.790569415042095
21,7,76,3,0.9809601306915283,0.8660254037844387
21,7,52,3,0.9673746824264526,0.7071067811865476
21,7,84,3,0.9736931324005127,0.790569415042095
21,7,100,3,0.9796812534332275,0.7216878364870323
21,7,56,3,0.8919702768325806,0.632455532033676
21,7,88,3,0.888260006904602,0.6250000000000001
21,7,104,3,0.917191743850708,0.7216878364870323
21,7,112,3,0.8543158173561096,0.632455532033676
21,7,15,4,0.9692325592041016,0.8660254037844387
21,7,23,4,0.935104489326477,0.7826237921249264
21,7,39,4,0.9999999403953552,1.0000000000000002
21,7,71,4,0.9999999403953552,1.0000000000000002
21,7,27,4,0.8784679770469666,0.5892556509887896
21,7,43,4,0.9170007705688477,0.8017837257372734
21,7,75,4,0.8657171726226807,0.6681531047810612
21,7,51,4,0.9327476620674133,0.8017837257372734
21,7,83,4,0.7719680666923523,0.6708203932499369
21,7,99,4,0.9327476620674133,0.8017837257372734
21,7,29,4,0.9475845098495483,0.7826237921249264
21,7,45,4,0.9999999403953552,1.0000000000000002
21,7,77,4,0.9373950362205505,0.8750000000000001
21,7,53,4,0.9999999403953552,1.0000000000000002
21,7,85,4,0.9952536821365356,0.8528028654224418
21,7,101,4,0.9999999403953552,1.0000000000000002
21,7,57,4,0.9384804964065552,0.8750000000000001
21,7,89,4,0.9198268055915833,0.6708203932499369
21,7,105,4,0.9384804964065552,0.8750000000000001
21,7,113,4,0.8664377927780151,0.7071067811865476
21,7,30,4,0.9121661186218262,0.632455532033676
21,7,46,4,0.9655686616897583,0.790569415042095
21,7,78,4,0.9095702171325684,0.6681531047810612
21,7,54,4,0.9809601306915283,0.8660254037844387
21,7,86,4,0.9533522129058838,0.7500000000000001
21,7,102,4,0.9809601306915283,0.8660254037844387
21,7,58,4,0.8919702768325806,0.632455532033676
21,7,90,4,0.8888885378837585,0.6250000000000001
21,7,106,4,0.9076939225196838,0.7216878364870323
21,7,114,4,0.9027706980705261,0.632455532033676
21,7,60,4,0.9809601306915283,0.8660254037844387
21,7,92,4,0.9530646800994873,0.7500000000000001
21,7,108,4,0.9809601306915283,0.8660254037844387
21,7,116,4,0.9796812534332275,0.7216878364870323
21,7,120,4,0.917191743850708,0.7216878364870323
21,7,31,5,0.9657520055770874,0.8249579113843055
21,7,47,5,0.9999999403953552,1.0000000000000002
21,7,79,5,0.9303058981895447,0.8249579113843055
21,7,55,5,0.9999999403953552,1.0000000000000002
21,7,87,5,0.9209362268447876,0.600245047998781
21,7,103,5,0.9999999403953552,1.0000000000000002
21,7,59,5,0.9384804964065552,0.8750000000000001
21,7,91,5,0.9198268055915833,0.6708203932499369
21,7,107,5,0.9384804964065552,0.8750000000000001
21,7,115,5,0.9327476620674133,0.8017837257372734
21,7,61,5,0.9999999403953552,1.0000000000000002
21,7,93,5,0.9812299013137817,0.8504200642707613
21,7,109,5,0.9999999403953552,1.0000000000000002
21,7,117,5,0.9999999403953552,1.0000000000000002
21,7,121,5,0.9384804964065552,0.8750000000000001
21,7,62,5,0.9809601306915283,0.8660254037844387
21,7,94,5,0.9275663495063782,0.7216878364870323
21,7,110,5,0.9809601306915283,0.8660254037844387
21,7,118,5,0.9809601306915283,0.8660254037844387
21,7,122,5,0.917191743850708,0.7216878364870323
21,7,124,5,0.9809601306915283,0.8660254037844387
21,7,63,6,0.9999999403953552,1.0000000000000002
21,7,95,6,0.9233279228210449,0.6666666666666669
21,7,111,6,0.9999999403953552,1.0000000000000002
21,7,119,6,0.9999999403953552,1.0000000000000002
21,7,123,6,0.9384804964065552,0.8750000000000001
21,7,125,6,0.9999999403953552,1.0000000000000002
21,7,126,6,0.9809601306915283,0.8660254037844387
23,4,15,4,1.0,1.0
23,4,0,0,0.6847294569015503,0.0
23,4,1,1,0.7660095691680908,0.5
23,4,2,1,0.8544607162475586,0.5
23,4,4,1,0.7219399213790894,0.0
23,4,8,1,0.8103860020637512,0.5
23,4,3,2,0.9721083045005798,0.8660254037844388
23,4,5,2,0.7738979458808899,0.5
23,4,9,2,0.8710625171661377,0.8660254037844388
23,4,6,2,0.9046053886413574,0.5
23,4,10,2,0.9745652079582214,0.8660254037844388
23,4,12,2,0.828986644744873,0.3535533905932738
23,4,7,3,0.9721083045005798,0.8660254037844388
23,4,11,3,1.0,1.0
23,4,13,3,0.868532657623291,0.75
23,4,14,3,0.9445750713348389,0.8660254037844388
24,4,15,4,1.0,1.0
24,4,0,0,0.7429345846176147,0.0
24,4,1,1,0.7211806774139404,0.0
24,4,2,1,0.9083505868911743,0.8660254037844388
24,4,4,1,0.9350481033325195,0.7071067811865476
24,4,8,1,0.7429345846176147,0.0
24,4,3,2,0.7937350869178772,0.0
24,4,5,2,1.0,1.0
24,4,9,2,0.7211806774139404,0.0
24,4,6,2,1.0,1.0
24,4,10,2,0.7288395166397095,0.0
24,4,12,2,0.9350481033325195,0.7071067811865476
24,4,7,3,1.0,1.0
24,4,11,3,0.7937350869178772,0.0
24,4,13,3,1.0,1.0
24,4,14,3,1.0,1.0
29,5,31,5,1.0,1.0000000000000002
29,5,0,0,0.726568877696991,0.25000000000000006
29,5,1,1,0.7656659483909607,0.0912870929175277
29,5,2,1,0.7536787986755371,0.20412414523193154
29,5,4,1,0.7118464112281799,0.08838834764831845
29,5,8,1,0.714306116104126,0.158113883008419
29,5,16,1,0.7205338478088379,0.14433756729740646
29,5,3,2,0.7719254493713379,0.25000000000000006
29,5,5,2,0.7408808469772339,0.20412414523193154
29,5,9,2,0.7538390755653381,0.1767766952966369
29,5,17,2,0.7961093187332153,0.3535533905932738
29,5,6,2,0.811851441860199,0.25000000000000006
29,5,10,2,0.6990783214569092,0.1767766952966369
29,5,18,2,0.7787610292434692,0.4082482904638631
29,5,12,2,0.7894577980041504,0.0
29,5,20,2,0.7780069708824158,0.1767766952966369
29,5,24,2,0.7932642102241516,0.4082482904638631
29,5,7,3,0.8129132986068726,0.4264014327112209
29,5,11,3,0.7337079048156738,0.1767766952966369
29,5,19,3,0.8024303317070007,0.4082482904638631
29,5,13,3,0.7387752532958984,0.1767766952966369
29,5,21,3,0.8520364761352539,0.6123724356957946
29,5,25,3,0.7983220815658569,0.3535533905932738
29,5,14,3,0.7515801191329956,0.0
29,5,22,3,0.8668140769004822,0.6123724356957946
29,5,26,3,0.7083816528320312,0.1767766952966369
29,5,28,3,0.8332512378692627,0.25000000000000006
29,5,15,4,0.7594566941261292,0.0811107105653813
29,5,23,4,0.740591287612915,0.3535533905932738
29,5,27,4,0.8448882102966309,0.3535533905932738
29,5,29,4,0.8520364761352539,0.6123724356957946
29,5,30,4,0.8353487253189087,0.158113883008419
31,6,63,6,0.9999998807907104,1.0000000000000002
31,6,0,0,0.7287196516990662,0.0
31,6,1,1,0.7724934816360474,0.5773502691896258
31,6,2,1,0.7049420475959778,0.0
31,6,4,1,0.6812773942947388,0.0
31,6,8,1,0.8509690165519714,0.4714045207910318
31,6,16,1,0.7287196516990662,0.0
31,6,32,1,0.8039016127586365,0.2357022603955159
31,6,3,2,0.7672271132469177,0.7071067811865477
31,6,5,2,0.7672271132469177,0.7071067811865477
31,6,9,2,0.8696479797363281,0.7302967433402217
31,6,17,2,0.7423889636993408,0.4082482904638631
31,6,33,2,0.8569308519363403,0.8164965809277261
31,6,6,2,0.7015894651412964,0.4082482904638631
31,6,10,2,0.8433516621589661,0.4714045207910318
31,6,18,2,0.7148783206939697,0.4082482904638631
31,6,34,2,0.8088073134422302,0.5477225575051663
31,6,12,2,0.8704999685287476,0.5773502691896258
31,6,20,2,0.7355657815933228,0.20412414523193154
31,6,36,2,0.8272519111633301,0.4714045207910318
31,6,24,2,0.9209005832672119,0.6123724356957946
31,6,40,2,0.9237256050109863,0.7071067811865477
31,6,48,2,0.8685668706893921,0.4714045207910318
31,6,7,3,0.7672271132469177,0.7071067811865477
31,6,11,3,0.862472653388977,0.7302967433402217
31,6,19,3,0.9078369140625,0.7302967433402217
31,6,35,3,0.8365874290466309,0.7302967433402217
31,6,13,3,0.8696479797363281,0.7302967433402217
31,6,21,3,0.7967199087142944,0.5477225575051663
31,6,37,3,0.8683803081512451,0.7302967433402217
31,6,25,3,0.9292624592781067,0.8333333333333336
31,6,41,3,0.9491358399391174,0.912870929175277
31,6,49,3,0.9279758930206299,0.912870929175277
31,6,14,3,0.8433516621589661,0.4714045207910318
31,6,22,3,0.8519444465637207,0.5477225575051663
31,6,38,3,0.8269889950752258,0.5477225575051663
31,6,26,3,0.9361478090286255,0.7302967433402217
31,6,42,3,0.8821448683738708,0.6123724356957946
31,6,50,3,0.8905962705612183,0.7302967433402217
31,6,28,3,0.9619930386543274,0.8164965809277261
31,6,44,3,0.9237256050109863,0.7071067811865477
31,6,52,3,0.8997232913970947,0.7071067811865477
31,6,56,3,0.9001384377479553,0.7302967433402217
31,6,15,4,0.8696479797363281,0.7302967433402217
31,6,23,4,0.8804683685302734,0.6666666666666669
31,6,39,4,0.8127508163452148,0.7302967433402217
31,6,27,4,0.9741184115409851,0.8333333333333336
31,6,43,4,0.9470841884613037,0.8333333333333336
31,6,51,4,0.9279758930206299,0.912870929175277
31,6,29,4,0.9741184115409851,0.8333333333333336
31,6,45,4,0.9346402883529663,0.8333333333333336
31,6,53,4,0.928490161895752,0.8333333333333336
31,6,57,4,0.9999998807907104,1.0000000000000002
31,6,30,4,0.9361478090286255,0.7302967433402217
31,6,46,4,0.8807677030563354,0.6123724356957946
31,6,54,4,0.869129478931427,0.6123724356957946
31,6,58,4,0.94114089012146,0.7302967433402217
31,6,60,4,0.9726929664611816,0.8164965809277261
31,6,31,5,0.9999998807907104,1.0000000000000002
31,6,47,5,0.9346402883529663,0.8333333333333336
31,6,55,5,0.904351532459259,0.8333333333333336
31,6,59,5,0.9999998807907104,1.0000000000000002
31,6,61,5,0.9999998807907104,1.0000000000000002
31,6,62,5,0.94114089012146,0.7302967433402217
33,6,63,6,0.9999999403953552,1.0000000000000002
33,6,0,0,0.7331339716911316,0.0
33,6,1,1,0.7449126839637756,0.4714045207910318
33,6,2,1,0.6951344013214111,0.0
33,6,4,1,0.6951344013214111,0.0
33,6,8,1,0.6951344013214111,0.0
33,6,16,1,0.6951344013214111,0.0
33,6,32,1,0.8392151594161987,0.4082482904638631
33,6,3,2,0.7595222592353821,0.4714045207910318
33,6,5,2,0.8800980448722839,0.6123724356957946
33,6,9,2,0.8069066405296326,0.5477225575051663
33,6,17,2,0.7416439056396484,0.5000000000000001
33,6,33,2,0.8906370401382446,0.7071067811865477
33,6,6,2,0.6951344013214111,0.0
33,6,10,2,0.6951344013214111,0.0
33,6,18,2,0.6951344013214111,0.0
33,6,34,2,0.8392151594161987,0.4082482904638631
33,6,12,2,0.8957871794700623,0.5773502691896258
33,6,20,2,0.8484517335891724,0.4082482904638631
33,6,36,2,0.8326718211174011,0.2357022603955159
33,6,24,2,0.7752369046211243,0.2357022603955159
33,6,40,2,0.8752830028533936,0.5773502691896258
33,6,48,2,0.8707590103149414,0.5773502691896258
33,6,7,3,0.877973198890686,0.7071067811865477
33,6,11,3,0.8069066405296326,0.5477225575051663
33,6,19,3,0.7595222592353821,0.4714045207910318
33,6,35,3,0.8665794730186462,0.6123724356957946
33,6,13,3,0.9308595061302185,0.8164965809277261
33,6,21,3,0.860693097114563,0.5477225575051663
33,6,37,3,0.9941318035125732,0.912870929175277
33,6,25,3,0.8287497162818909,0.6666666666666669
33,6,41,3,0.837600827217102,0.4082482904638631
33,6,49,3,0.8553134202957153,0.6666666666666669
33,6,14,3,0.9135515689849854,0.7071067811865477
33,6,22,3,0.8668769001960754,0.5773502691896258
33,6,38,3,0.8326718211174011,0.2357022603955159
33,6,26,3,0.6951344013214111,0.0
33,6,42,3,0.8392151594161987,0.4082482904638631
33,6,50,3,0.850196123123169,0.5773502691896258
33,6,28,3,0.8932498693466187,0.4714045207910318
33,6,44,3,0.9210352897644043,0.7071067811865477
33,6,52,3,0.917682945728302,0.6123724356957946
33,6,56,3,0.9045237302780151,0.7071067811865477
33,6,15,4,0.9308595061302185,0.8164965809277261
33,6,23,4,0.8338797092437744,0.6666666666666669
33,6,39,4,0.9941318035125732,0.912870929175277
33,6,27,4,0.8192157745361328,0.6666666666666669
33,6,43,4,0.9195601940155029,0.7302967433402217
33,6,51,4,0.8787256479263306,0.7302967433402217
33,6,29,4,0.9999999403953552,1.0000000000000002
33,6,45,4,0.9941318035125732,0.912870929175277
33,6,53,4,0.9999999403953552,1.0000000000000002
33,6,57,4,0.9999999403953552,1.0000000000000002
33,6,30,4,0.9149665832519531,0.8164965809277261
33,6,46,4,0.9526968002319336,0.8164965809277261
33,6,54,4,0.9824707508087158,0.912870929175277
33,6,58,4,0.8818479776382446,0.5477225575051663
33,6,60,4,0.9416033029556274,0.6123724356957946
33,6,31,5,0.9999999403953552,1.0000000000000002
33,6,47,5,0.9817808866500854,0.912870929175277
33,6,55,5,0.9999999403953552,1.0000000000000002
33,6,59,5,0.9356215000152588,0.8333333333333336
33,6,61,5,0.9999999403953552,1.0000000000000002
33,6,62,5,0.9824707508087158,0.912870929175277
34,7,127,7,1.0,1.0000000000000004
34,7,0,0,0.7054741382598877,0.0
34,7,1,1,0.7250995635986328,0.3779644730092273
34,7,2,1,0.7280733585357666,0.26726124191242445
34,7,4,1,0.7021488547325134,0.0
34,7,8,1,0.8311476111412048,0.6546536707079773
34,7,16,1,0.7054741382598877,0.0
34,7,32,1,0.8043605089187622,0.0
34,7,64,1,0.7179417610168457,0.26726124191242445
34,7,3,2,0.7531328797340393,0.6546536707079773
34,7,5,2,0.7531328797340393,0.6546536707079773
34,7,9,2,0.8485696315765381,0.7559289460184546
34,7,17,2,0.727838933467865,0.4364357804719849
34,7,33,2,0.8205360770225525,0.21821789023599245
34,7,65,2,0.7574150562286377,0.3779644730092273
34,7,6,2,0.6984672546386719,0.0975900072948534
34,7,10,2,0.8311476111412048,0.6546536707079773
34,7,18,2,0.6904034614562988,0.21821789023599245
34,7,34,2,0.8054111003875732,0.0
34,7,66,2,0.7429955005645752,0.6546536707079773
34,7,12,2,0.8311476111412048,0.6546536707079773
34,7,20,2,0.7181116938591003,0.26726124191242445
34,7,36,2,0.8054111003875732,0.0
34,7,68,2,0.7304039001464844,0.3779644730092273
34,7,24,2,0.8263463973999023,0.566946709513841
34,7,40,2,0.9607619047164917,0.3779644730092273
34,7,72,2,0.7704222798347473,0.21821789023599245
34,7,48,2,0.940813422203064,0.6546536707079773
34,7,80,2,0.7252281904220581,0.26726124191242445
34,7,96,2,0.7895397543907166,0.26726124191242445
34,7,7,3,0.7417269945144653,0.566946709513841
34,7,11,3,0.8420484662055969,0.8571428571428575
34,7,19,3,0.7561260461807251,0.8451542547285168
34,7,35,3,0.813783586025238,0.5070925528371101
34,7,67,3,0.742810070514679,0.6761234037828134
34,7,13,3,0.8485696315765381,0.7559289460184546
34,7,21,3,0.7579207420349121,0.6546536707079773
34,7,37,3,0.813783586025238,0.5070925528371101
34,7,69,3,0.7606064677238464,0.7559289460184546
34,7,25,3,0.8333537578582764,0.6761234037828134
34,7,41,3,1.0,1.0000000000000004
34,7,73,3,0.8612943887710571,0.8571428571428575
34,7,49,3,0.9493707418441772,0.7559289460184546
34,7,81,3,0.7349424958229065,0.6546536707079773
34,7,97,3,0.8408085107803345,0.3779644730092273
34,7,14,3,0.8429780006408691,0.6546536707079773
34,7,22,3,0.7209469079971313,0.4364357804719849
34,7,38,3,0.8054111003875732,0.0
34,7,70,3,0.7429955005645752,0.6546536707079773
34,7,26,3,0.8263463973999023,0.566946709513841
34,7,42,3,0.9770830869674683,0.6761234037828134
34,7,74,3,0.8274024724960327,0.6761234037828134
34,7,50,3,0.9455247521400452,0.8451542547285168
34,7,82,3,0.7107611894607544,0.566946709513841
34,7,98,3,0.8029931783676147,0.26726124191242445
34,7,28,3,0.8263463973999023,0.566946709513841
34,7,44,3,0.9770830869674683,0.6761234037828134
34,7,76,3,0.8274024724960327,0.6761234037828134
34,7,52,3,0.897292971611023,0.6761234037828134
34,7,84,3,0.713485836982727,0.3779644730092273
34,7,100,3,0.8761118650436401,0.566946709513841
34,7,56,3,0.9982873201370239,0.9258200997725518
34,7,88,3,0.8070364594459534,0.5714285714285717
34,7,104,3,0.9053306579589844,0.6172133998483679
34,7,112,3,0.940813422203064,0.6546536707079773
34,7,15,4,0.8420484662055969,0.8571428571428575
34,7,23,4,0.7561260461807251,0.8451542547285168
34,7,39,4,0.813783586025238,0.5070925528371101
34,7,71,4,0.742810070514679,0.6761234037828134
34,7,27,4,0.8354506492614746,0.8451542547285168
34,7,43,4,1.0,1.0000000000000004
34,7,75,4,0.8612943887710571,0.8571428571428575
34,7,51,4,0.95037841796875,0.9258200997725518
34,7,83,4,0.7332292199134827,0.0
34,7,99,4,0.8297327756881714,0.6761234037828134
34,7,29,4,0.8354506492614746,0.8451542547285168
34,7,45,4,1.0,1.0000000000000004
34,7,77,4,0.8420484662055969,0.8571428571428575
34,7,53,4,0.8304290771484375,0.7715167498104598
34,7,85,4,0.7548511028289795,0.8451542547285168
34,7,101,4,0.8405432105064392,0.6761234037828134
34,7,57,4,1.0,1.0000000000000004
34,7,89,4,0.8511173725128174,0.8571428571428575
34,7,105,4,1.0,1.0000000000000004
34,7,113,4,0.8394623398780823,0.566946709513841
34,7,30,4,0.8263463973999023,0.566946709513841
34,7,46,4,0.9770830869674683,0.6761234037828134
34,7,78,4,0.8274024724960327,0.6761234037828134
34,7,54,4,0.9455247521400452,0.8451542547285168
34,7,86,4,0.7107611894607544,0.566946709513841
34,7,102,4,0.8216226100921631,0.566946709513841
34,7,58,4,0.9982873201370239,0.9258200997725518
34,7,90,4,0.8162546157836914,0.8451542547285168
34,7,106,4,0.9685795307159424,0.8451542547285168
34,7,114,4,0.839470386505127,0.6761234037828134
34,7,60,4,0.9982873201370239,0.9258200997725518
34,7,92,4,0.8070364594459534,0.5714285714285717
34,7,108,4,0.9053306579589844,0.6172133998483679
34,7,116,4,0.9215283989906311,0.6761234037828134
34,7,120,4,0.9984932541847229,0.8571428571428575
34,7,31,5,0.8354506492614746,0.8451542547285168
34,7,47,5,1.0,1.0000000000000004
34,7,79,5,0.8612943887710571,0.8571428571428575
34,7,55,5,0.8206637501716614,0.7715167498104598
34,7,87,5,0.7548593282699585,0.8451542547285168
34,7,103,5,0.8405432105064392,0.6761234037828134
34,7,59,5,1.0,1.0000000000000004
34,7,91,5,0.8315110206604004,0.8571428571428575
34,7,107,5,1.0,1.0000000000000004
34,7,115,5,0.8341615200042725,0.7142857142857146
34,7,61,5,1.0,1.0000000000000004
34,7,93,5,0.8315110206604004,0.8571428571428575
34,7,109,5,1.0,1.0000000000000004
34,7,117,5,0.8416855335235596,0.7715167498104598
34,7,121,5,1.0,1.0000000000000004
34,7,62,5,0.9982873201370239,0.9258200997725518
34,7,94,5,0.8162546157836914,0.8451542547285168
34,7,110,5,0.9685795307159424,0.8451542547285168
34,7,118,5,0.9455247521400452,0.8451542547285168
34,7,122,5,0.9982873201370239,0.9258200997725518
34,7,124,5,0.9982873201370239,0.9258200997725518
34,7,63,6,1.0,1.0000000000000004
34,7,95,6,0.8315110206604004,0.8571428571428575
34,7,111,6,1.0,1.0000000000000004
34,7,119,6,0.8416855335235596,0.7715167498104598
34,7,123,6,1.0,1.0000000000000004
34,7,125,6,1.0,1.0000000000000004
34,7,126,6,0.9982873201370239,0.9258200997725518
35,7,127,7,1.0,1.0000000000000004
35,7,0,0,0.7464313507080078,0.3779644730092273
35,7,1,1,0.7447121143341064,0.5039526306789697
35,7,2,1,0.7572396993637085,0.566946709513841
35,7,4,1,0.7464313507080078,0.3779644730092273
35,7,8,1,0.7464313507080078,0.3779644730092273
35,7,16,1,0.8343977928161621,0.4364357804719849
35,7,32,1,0.7464313507080078,0.3779644730092273
35,7,64,1,0.8666356801986694,0.566946709513841
35,7,3,2,0.8282699584960938,0.7559289460184546
35,7,5,2,0.7344353199005127,0.46291004988627593
35,7,9,2,0.7460319995880127,0.4364357804719849
35,7,17,2,0.8391897678375244,0.6172133998483679
35,7,33,2,0.7323182821273804,0.5070925528371101
35,7,65,2,0.8534131050109863,0.5070925528371101
35,7,6,2,0.7745236754417419,0.6614378277661478
35,7,10,2,0.7956581115722656,0.6681531047810612
35,7,18,2,0.8233410120010376,0.7559289460184544
35,7,34,2,0.8153327703475952,0.7171371656006362
35,7,66,2,0.9167140126228333,0.7977240352174658
35,7,12,2,0.7464313507080078,0.3779644730092273
35,7,20,2,0.8144158124923706,0.6681531047810612
35,7,36,2,0.7464313507080078,0.3779644730092273
35,7,68,2,0.8501987457275391,0.6681531047810612
35,7,24,2,0.8317741751670837,0.566946709513841
35,7,40,2,0.7464313507080078,0.3779644730092273
35,7,72,2,0.8666356801986694,0.566946709513841
35,7,48,2,0.815805196762085,0.566946709513841
35,7,80,2,0.9328088164329529,0.7559289460184546
35,7,96,2,0.8666356801986694,0.566946709513841
35,7,7,3,0.7606054544448853,0.6172133998483679
35,7,11,3,0.7770713567733765,0.7171371656006362
35,7,19,3,0.8655466437339783,0.8571428571428575
35,7,35,3,0.7912598252296448,0.7171371656006362
35,7,67,3,0.9459952116012573,0.8571428571428575
35,7,13,3,0.758562445640564,0.3380617018914067
35,7,21,3,0.8655466437339783,0.8571428571428575
35,7,37,3,0.7553445100784302,0.40089186286863665
35,7,69,3,0.8795065879821777,0.6172133998483679
35,7,25,3,0.8391897678375244,0.6172133998483679
35,7,41,3,0.7313857078552246,0.5070925528371101
35,7,73,3,0.8222264647483826,0.3779644730092273
35,7,49,3,0.865023672580719,0.6172133998483679
35,7,81,3,0.9714109897613525,0.7715167498104598
35,7,97,3,0.8534131050109863,0.5070925528371101
35,7,14,3,0.8090237975120544,0.6172133998483679
35,7,22,3,0.8174342513084412,0.7142857142857146
35,7,38,3,0.7978401184082031,0.6681531047810612
35,7,70,3,0.9167140126228333,0.7977240352174658
35,7,26,3,0.8233410120010376,0.7559289460184544
35,7,42,3,0.7978401184082031,0.6681531047810612
35,7,74,3,0.9005451202392578,0.7559289460184544
35,7,50,3,0.8233410120010376,0.7559289460184544
35,7,82,3,0.9425479173660278,0.8571428571428575
35,7,98,3,0.9005451202392578,0.7559289460184544
35,7,28,3,0.815805196762085,0.566946709513841
35,7,44,3,0.7464313507080078,0.3779644730092273
35,7,76,3,0.8342115879058838,0.5070925528371101
35,7,52,3,0.8144158124923706,0.6681531047810612
35,7,84,3,0.9328088164329529,0.7559289460184546
35,7,100,3,0.8501987457275391,0.6681531047810612
35,7,56,3,0.7586333751678467,0.3779644730092273
35,7,88,3,0.9640947580337524,0.7559289460184546
35,7,104,3,0.8666356801986694,0.566946709513841
35,7,112,3,0.9328088164329529,0.7559289460184546
35,7,15,4,0.7098771929740906,0.14285714285714293
35,7,23,4,0.8655466437339783,0.8571428571428575
35,7,39,4,0.7606054544448853,0.6172133998483679
35,7,71,4,0.9149434566497803,0.7715167498104598
35,7,27,4,0.8655466437339783,0.8571428571428575
35,7,43,4,0.7494663000106812,0.7142857142857146
35,7,75,4,0.8898797631263733,0.6172133998483679
35,7,51,4,0.8655466437339783,0.8571428571428575
35,7,83,4,1.0,1.0000000000000004
35,7,99,4,0.9459952116012573,0.8571428571428575
35,7,29,4,0.8655466437339783,0.8571428571428575
35,7,45,4,0.758562445640564,0.3380617018914067
35,7,77,4,0.8995161652565002,0.7715167498104598
35,7,53,4,0.8655466437339783,0.8571428571428575
35,7,85,4,1.0,1.0000000000000004
35,7,101,4,0.9459952116012573,0.8571428571428575
35,7,57,4,0.8391897678375244,0.6172133998483679
35,7,89,4,0.9714109897613525,0.7715167498104598
35,7,105,4,0.8325691819190979,0.46291004988627593
35,7,113,4,0.9714109897613525,0.7715167498104598
35,7,30,4,0.8174342513084412,0.7142857142857146
35,7,46,4,0.8090237975120544,0.6172133998483679
35,7,78,4,0.8729820251464844,0.7171371656006362
35,7,54,4,0.8174342513084412,0.7142857142857146
35,7,86,4,0.9425479173660278,0.8571428571428575
35,7,102,4,0.9005451202392578,0.7559289460184544
35,7,58,4,0.8132453560829163,0.7142857142857146
35,7,90,4,0.9425479173660278,0.8571428571428575
35,7,106,4,0.9005451202392578,0.7559289460184544
35,7,114,4,0.9425479173660278,0.8571428571428575
35,7,60,4,0.815805196762085,0.566946709513841
35,7,92,4,0.9328088164329529,0.7559289460184546
35,7,108,4,0.8342115879058838,0.5070925528371101
35,7,116,4,0.9572824239730835,0.8819171036881968
35,7,120,4,0.9328088164329529,0.7559289460184546
35,7,31,5,0.8655466437339783,0.8571428571428575
35,7,47,5,0.7494663000106812,0.7142857142857146
35,7,79,5,0.8898797631263733,0.6172133998483679
35,7,55,5,0.8655466437339783,0.8571428571428575
35,7,87,5,1.0,1.0000000000000004
35,7,103,5,0.8898797631263733,0.6172133998483679
35,7,59,5,0.8655466437339783,0.8571428571428575
35,7,91,5,1.0,1.0000000000000004
35,7,107,5,0.8898797631263733,0.6172133998483679
35,7,115,5,1.0,1.0000000000000004
35,7,61,5,0.8655466437339783,0.8571428571428575
35,7,93,5,1.0,1.0000000000000004
35,7,109,5,0.896176815032959,0.8017837257372734
35,7,117,5,1.0,1.0000000000000004
35,7,121,5,0.9714109897613525,0.7715167498104598
35,7,62,5,0.8174342513084412,0.7142857142857146
35,7,94,5,0.9425479173660278,0.8571428571428575
35,7,110,5,0.8954008221626282,0.7637626158259735
35,7,118,5,0.9425479173660278,0.8571428571428575
35,7,122,5,0.9425479173660278,0.8571428571428575
35,7,124,5,0.9572824239730835,0.8819171036881968
35,7,63,6,0.8655466437339783,0.8571428571428575
35,7,95,6,1.0,1.0000000000000004
35,7,111,6,0.8898797631263733,0.6172133998483679
35,7,119,6,1.0,1.0000000000000004
35,7,123,6,1.0,1.0000000000000004
35,7,125,6,1.0,1.0000000000000004
35,7,126,6,0.9425479173660278,0.8571428571428575
36,7,127,7,1.0,1.0000000000000004
36,7,0,0,0.7056631445884705,0.0
36,7,1,1,0.7672001123428345,0.3779644730092273
36,7,2,1,0.8441773653030396,0.3779644730092273
36,7,4,1,0.8384997248649597,0.3779644730092273
36,7,8,1,0.8226614594459534,0.5345224838248489
36,7,16,1,0.7793529033660889,0.5345224838248489
36,7,32,1,0.776126503944397,0.3779644730092273
36,7,64,1,0.786321759223938,0.3779644730092273
36,7,3,2,0.9001591205596924,0.6761234037828134
36,7,5,2,0.8685446381568909,0.5714285714285717
36,7,9,2,0.856211245059967,0.6761234037828134
36,7,17,2,0.8088699579238892,0.5070925528371101
36,7,33,2,0.8258498907089233,0.5070925528371101
36,7,65,2,0.8160863518714905,0.5070925528371101
36,7,6,2,0.9230108857154846,0.6761234037828134
36,7,10,2,0.9089630842208862,0.7559289460184546
36,7,18,2,0.8441773653030396,0.3779644730092273
36,7,34,2,0.8869984149932861,0.5345224838248489
36,7,66,2,0.8441773653030396,0.3779644730092273
36,7,12,2,0.8879785537719727,0.7142857142857145
36,7,20,2,0.8427009582519531,0.566946709513841
36,7,36,2,0.8379929661750793,0.3779644730092273
36,7,68,2,0.869612455368042,0.566946709513841
36,7,24,2,0.8631031513214111,0.6546536707079773
36,7,40,2,0.8631031513214111,0.6546536707079773
36,7,72,2,0.8493639826774597,0.6546536707079773
36,7,48,2,0.7826403379440308,0.4364357804719849
36,7,80,2,0.786321759223938,0.3779644730092273
36,7,96,2,0.8404273986816406,0.5345224838248489
36,7,7,3,0.942091166973114,0.7715167498104598
36,7,11,3,0.9743168950080872,0.7142857142857146
36,7,19,3,0.9001591205596924,0.6761234037828134
36,7,35,3,0.9018656015396118,0.5070925528371101
36,7,67,3,0.8970596194267273,0.6761234037828134
36,7,13,3,0.918259859085083,0.7715167498104598
36,7,21,3,0.8606085777282715,0.5976143046671969
36,7,37,3,0.8606085777282715,0.5976143046671969
36,7,69,3,0.8790273070335388,0.5714285714285717
36,7,25,3,0.856211245059967,0.6761234037828134
36,7,41,3,0.856211245059967,0.6761234037828134
36,7,73,3,0.8501811623573303,0.6761234037828134
36,7,49,3,0.8082412481307983,0.46291004988627593
36,7,81,3,0.8071929812431335,0.46291004988627593
36,7,97,3,0.8730781078338623,0.5070925528371101
36,7,14,3,0.9428585767745972,0.8451542547285168
36,7,22,3,0.9058331847190857,0.6761234037828134
36,7,38,3,0.9311301708221436,0.566946709513841
36,7,70,3,0.942590057849884,0.46291004988627593
36,7,26,3,0.9089630842208862,0.7559289460184546
36,7,42,3,0.9260922074317932,0.7559289460184546
36,7,74,3,0.9018752574920654,0.7559289460184546
36,7,50,3,0.8869984149932861,0.5345224838248489
36,7,82,3,0.8441773653030396,0.3779644730092273
36,7,98,3,0.9186398983001709,0.6546536707079773
36,7,28,3,0.8969368934631348,0.7559289460184546
36,7,44,3,0.9097048044204712,0.7559289460184546
36,7,76,3,0.8993399143218994,0.7559289460184546
36,7,52,3,0.8246383666992188,0.5070925528371101
36,7,84,3,0.8630185127258301,0.566946709513841
36,7,100,3,0.8887969255447388,0.566946709513841
36,7,56,3,0.8631031513214111,0.6546536707079773
36,7,88,3,0.8480468392372131,0.566946709513841
36,7,104,3,0.878180742263794,0.7559289460184546
36,7,112,3,0.835328996181488,0.6546536707079773
36,7,15,4,0.9800496101379395,0.9258200997725518
36,7,23,4,0.9611614346504211,0.7715167498104598
36,7,39,4,0.9582852125167847,0.6172133998483679
36,7,71,4,0.9361015558242798,0.7142857142857146
36,7,27,4,0.9743168950080872,0.7142857142857146
36,7,43,4,0.9743168950080872,0.7142857142857146
36,7,75,4,0.9466298222541809,0.8451542547285168
36,7,51,4,0.9001591205596924,0.6761234037828134
36,7,83,4,0.8970596194267273,0.6761234037828134
36,7,99,4,0.9293407797813416,0.7715167498104598
36,7,29,4,0.9063745737075806,0.7715167498104598
36,7,45,4,0.9361526966094971,0.5714285714285717
36,7,77,4,0.9298871755599976,0.7715167498104598
36,7,53,4,0.8606085777282715,0.5976143046671969
36,7,85,4,0.8913067579269409,0.6681531047810612
36,7,101,4,0.8737441301345825,0.46291004988627593
36,7,57,4,0.856211245059967,0.6761234037828134
36,7,89,4,0.8401126861572266,0.6172133998483679
36,7,105,4,0.8794741630554199,0.7715167498104598
36,7,113,4,0.8342399597167969,0.6172133998483679
36,7,30,4,0.9428585767745972,0.8451542547285168
36,7,46,4,0.9629571437835693,0.8451542547285168
36,7,78,4,0.9474456310272217,0.8451542547285168
36,7,54,4,0.9231101870536804,0.6761234037828134
36,7,86,4,0.9345820546150208,0.7715167498104598
36,7,102,4,0.94875568151474,0.6761234037828134
36,7,58,4,0.9260922074317932,0.7559289460184546
36,7,90,4,0.9018752574920654,0.7559289460184546
36,7,106,4,0.9258097410202026,0.8451542547285168
36,7,114,4,0.9186398983001709,0.6546536707079773
36,7,60,4,0.9097048044204712,0.7559289460184546
36,7,92,4,0.9133884906768799,0.8451542547285168
36,7,108,4,0.9133884906768799,0.8451542547285168
36,7,116,4,0.8780527710914612,0.6761234037828134
36,7,120,4,0.878180742263794,0.7559289460184546
36,7,31,5,0.9800496101379395,0.9258200997725518
36,7,47,5,0.9693092107772827,0.8571428571428575
36,7,79,5,0.9945812225341797,0.9258200997725518
36,7,55,5,0.9597439765930176,0.7142857142857146
36,7,87,5,0.9945812225341797,0.9258200997725518
36,7,103,5,0.9768030643463135,0.7715167498104598
36,7,59,5,0.9795874357223511,0.8571428571428575
36,7,91,5,0.9743168950080872,0.7142857142857146
36,7,107,5,0.9702068567276001,0.9258200997725518
36,7,115,5,0.9293407797813416,0.7715167498104598
36,7,61,5,0.9092735052108765,0.7142857142857146
36,7,93,5,0.9384684562683105,0.8571428571428575
36,7,109,5,0.9384684562683105,0.8571428571428575
36,7,117,5,0.8913067579269409,0.6681531047810612
36,7,121,5,0.8794741630554199,0.7715167498104598
36,7,62,5,0.9629571437835693,0.8451542547285168
36,7,94,5,0.958814263343811,0.9258200997725518
36,7,110,5,0.958814263343811,0.9258200997725518
36,7,118,5,0.9497873783111572,0.7715167498104598
36,7,122,5,0.9258097410202026,0.8451542547285168
36,7,124,5,0.9133884906768799,0.8451542547285168
36,7,63,6,0.9770101308822632,0.8571428571428575
36,7,95,6,1.0,1.0000000000000004
36,7,111,6,1.0,1.0000000000000004
36,7,119,6,0.9159364700317383,0.6230089579813982
36,7,123,6,0.9702068567276001,0.9258200997725518
36,7,125,6,0.9384684562683105,0.8571428571428575
36,7,126,6,0.958814263343811,0.9258200997725518
37,7,127,7,0.9999999403953552,1.0000000000000004
37,7,0,0,0.7343018651008606,0.3779644730092273
37,7,1,1,0.7715338468551636,0.26726124191242445
37,7,2,1,0.7331658601760864,0.26726124191242445
37,7,4,1,0.8089597225189209,0.5345224838248489
37,7,8,1,0.7295442819595337,0.0
37,7,16,1,0.7386837005615234,0.5345224838248489
37,7,32,1,0.7295442819595337,0.0
37,7,64,1,0.741081178188324,0.4364357804719849
37,7,3,2,0.792141318321228,0.5345224838248489
37,7,5,2,0.8438973426818848,0.4364357804719849
37,7,9,2,0.8494729995727539,0.5345224838248489
37,7,17,2,0.7715338468551636,0.26726124191242445
37,7,33,2,0.7715338468551636,0.26726124191242445
37,7,65,2,0.8062257766723633,0.30860669992418394
37,7,6,2,0.8407449722290039,0.5345224838248489
37,7,10,2,0.8112457990646362,0.566946709513841
37,7,18,2,0.7386837005615234,0.5345224838248489
37,7,34,2,0.7331658601760864,0.26726124191242445
37,7,66,2,0.741081178188324,0.4364357804719849
37,7,12,2,0.872256875038147,0.7559289460184546
37,7,20,2,0.7386837005615234,0.5345224838248489
37,7,36,2,0.8089597225189209,0.5345224838248489
37,7,68,2,0.786663293838501,0.5976143046671969
37,7,24,2,0.7295442819595337,0.0
37,7,40,2,0.7295442819595337,0.0
37,7,72,2,0.7769619226455688,0.566946709513841
37,7,48,2,0.704136848449707,0.4364357804719849
37,7,80,2,0.741081178188324,0.4364357804719849
37,7,96,2,0.741081178188324,0.4364357804719849
37,7,7,3,0.8644090890884399,0.8571428571428575
37,7,11,3,0.8289877772331238,0.5714285714285717
37,7,19,3,0.7931621670722961,0.6761234037828134
37,7,35,3,0.7866076231002808,0.4364357804719849
37,7,67,3,0.7938319444656372,0.5039526306789697
37,7,13,3,0.8846928477287292,0.7559289460184545
37,7,21,3,0.8438973426818848,0.4364357804719849
37,7,37,3,0.8438973426818848,0.4364357804719849
37,7,69,3,0.9816179275512695,0.629940788348712
37,7,25,3,0.8494729995727539,0.5345224838248489
37,7,41,3,0.8215081095695496,0.5039526306789697
37,7,73,3,0.8197500705718994,0.5039526306789697
37,7,49,3,0.7715338468551636,0.26726124191242445
37,7,81,3,0.8062257766723633,0.30860669992418394
37,7,97,3,0.7997400760650635,0.3779644730092273
37,7,14,3,0.8993405699729919,0.9258200997725518
37,7,22,3,0.8407449722290039,0.5345224838248489
37,7,38,3,0.8362618088722229,0.5345224838248489
37,7,70,3,0.9612300395965576,0.9258200997725518
37,7,26,3,0.8767094016075134,0.8451542547285168
37,7,42,3,0.8536866307258606,0.8571428571428575
37,7,74,3,0.8157709836959839,0.7142857142857146
37,7,50,3,0.7386837005615234,0.5345224838248489
37,7,82,3,0.741081178188324,0.4364357804719849
37,7,98,3,0.741081178188324,0.4364357804719849
37,7,28,3,0.872256875038147,0.7559289460184546
37,7,44,3,0.872256875038147,0.7559289460184546
37,7,76,3,0.9628776907920837,0.8451542547285168
37,7,52,3,0.7386837005615234,0.5345224838248489
37,7,84,3,0.741081178188324,0.4364357804719849
37,7,100,3,0.7865372896194458,0.5976143046671969
37,7,56,3,0.7295442819595337,0.0
37,7,88,3,0.7769619226455688,0.566946709513841
37,7,104,3,0.7769619226455688,0.566946709513841
37,7,112,3,0.741081178188324,0.4364357804719849
37,7,15,4,0.8993405699729919,0.9258200997725518
37,7,23,4,0.8993405699729919,0.9258200997725518
37,7,39,4,0.8727338314056396,0.6546536707079773
37,7,71,4,0.9999999403953552,1.0000000000000004
37,7,27,4,0.8993405699729919,0.9258200997725518
37,7,43,4,0.8536866307258606,0.8571428571428575
37,7,75,4,0.8157709836959839,0.7142857142857146
37,7,51,4,0.7727639675140381,0.6172133998483679
37,7,83,4,0.7938319444656372,0.5039526306789697
37,7,99,4,0.7983584403991699,0.37796447300922725
37,7,29,4,0.8846928477287292,0.7559289460184545
37,7,45,4,0.8473389148712158,0.7171371656006363
37,7,77,4,0.989730954170227,0.8366600265340758
37,7,53,4,0.8335321545600891,0.6172133998483679
37,7,85,4,0.8284900188446045,0.5714285714285717
37,7,101,4,0.9023064970970154,0.4285714285714288
37,7,57,4,0.8215081095695496,0.5039526306789697
37,7,89,4,0.8197500705718994,0.5039526306789697
37,7,105,4,0.8197500705718994,0.5039526306789697
37,7,113,4,0.7850997447967529,0.4558423058385519
37,7,30,4,0.8767094016075134,0.8451542547285168
37,7,46,4,0.8767094016075134,0.8451542547285168
37,7,78,4,0.9999999403953552,1.0000000000000004
37,7,54,4,0.7386837005615234,0.5345224838248489
37,7,86,4,0.741081178188324,0.4364357804719849
37,7,102,4,0.7865372896194458,0.5976143046671969
37,7,58,4,0.8536866307258606,0.8571428571428575
37,7,90,4,0.8157709836959839,0.7142857142857146
37,7,106,4,0.8157709836959839,0.7142857142857146
37,7,114,4,0.741081178188324,0.4364357804719849
37,7,60,4,0.872256875038147,0.7559289460184546
37,7,92,4,0.9628776907920837,0.8451542547285168
37,7,108,4,0.9628776907920837,0.8451542547285168
37,7,116,4,0.741081178188324,0.4364357804719849
37,7,120,4,0.7769619226455688,0.566946709513841
37,7,31,5,0.8993405699729919,0.9258200997725518
37,7,47,5,0.8536866307258606,0.8571428571428575
37,7,79,5,0.9999999403953552,1.0000000000000004
37,7,55,5,0.8644090890884399,0.8571428571428575
37,7,87,5,0.9999999403953552,1.0000000000000004
37,7,103,5,0.9999999403953552,1.0000000000000004
37,7,59,5,0.8536866307258606,0.8571428571428575
37,7,91,5,0.8157709836959839,0.7142857142857146
37,7,107,5,0.8102710247039795,0.7142857142857146
37,7,115,5,0.7938319444656372,0.5039526306789697
37,7,61,5,0.8473389148712158,0.7171371656006363
37,7,93,5,0.989730954170227,0.8366600265340758
37,7,109,5,0.989730954170227,0.8366600265340758
37,7,117,5,0.8391093015670776,0.6681531047810612
37,7,121,5,0.8197500705718994,0.5039526306789697
37,7,62,5,0.8767094016075134,0.8451542547285168
37,7,94,5,0.9999999403953552,1.0000000000000004
37,7,110,5,0.9999999403953552,1.0000000000000004
37,7,118,5,0.786663293838501,0.5976143046671969
37,7,122,5,0.8102710247039795,0.7142857142857146
37,7,124,5,0.8937928080558777,0.7715167498104598
37,7,63,6,0.8536866307258606,0.8571428571428575
37,7,95,6,0.9999999403953552,1.0000000000000004
37,7,111,6,0.9999999403953552,1.0000000000000004
37,7,119,6,0.9999999403953552,1.0000000000000004
37,7,123,6,0.8102710247039795,0.7142857142857146
37,7,125,6,0.989730954170227,0.8366600265340758
37,7,126,6,0.9999999403953552,1.0000000000000004
39,4,15,4,1.0,1.0000000000000002
39,4,0,0,0.7207717895507812,0.0
39,4,1,1,0.7397598028182983,0.20412414523193154
39,4,2,1,0.740955114364624,0.20412414523193154
39,4,4,1,0.8085476160049438,0.3333333333333334
39,4,8,1,0.8087035417556763,0.0
39,4,3,2,0.753623902797699,0.0
39,4,5,2,0.8727431893348694,0.8171505630757672
39,4,9,2,0.8087035417556763,0.0
39,4,6,2,0.8085476160049438,0.3333333333333334
39,4,10,2,0.8757933974266052,0.2886751345948129
39,4,12,2,0.9417009949684143,0.4082482904638631
39,4,7,3,0.8973820209503174,0.74535599249993
39,4,11,3,0.8757933974266052,0.2886751345948129
39,4,13,3,1.0,1.0000000000000002
39,4,14,3,0.9252907037734985,0.4082482904638631
40,7,127,7,1.0,1.0000000000000004
40,7,0,0,0.7100640535354614,0.06579516949597693
40,7,1,1,0.8828011751174927,0.3380617018914067
40,7,2,1,0.7413149476051331,0.14285714285714293
40,7,4,1,0.7347295880317688,0.15430334996209197
40,7,8,1,0.7128210067749023,0.10910894511799622
40,7,16,1,0.8106117248535156,0.13363062095621223
40,7,32,1,0.8475214838981628,0.21821789023599245
40,7,64,1,0.7878694534301758,0.26726124191242445
40,7,3,2,0.8828011751174927,0.3380617018914067
40,7,5,2,0.9223127961158752,0.40089186286863665
40,7,9,2,0.9223127961158752,0.40089186286863665
40,7,17,2,1.0,1.0000000000000004
40,7,33,2,0.9176651239395142,0.8017837257372734
40,7,65,2,0.9022581577301025,0.6761234037828134
40,7,6,2,0.8584113717079163,0.7715167498104598
40,7,10,2,0.7222628593444824,0.10910894511799622
40,7,18,2,0.8304026126861572,0.18898223650461365
40,7,34,2,0.8953885436058044,0.46291004988627593
40,7,66,2,0.7318419218063354,0.0
40,7,12,2,0.7347295880317688,0.15430334996209197
40,7,20,2,0.9816380143165588,0.7715167498104598
40,7,36,2,0.8427567481994629,0.5070925528371101
40,7,68,2,0.8050512075424194,0.26726124191242445
40,7,24,2,0.8857659101486206,0.18898223650461365
40,7,40,2,0.8475791811943054,0.16903085094570336
40,7,72,2,0.7878694534301758,0.26726124191242445
40,7,48,2,0.9449596405029297,0.4364357804719849
40,7,80,2,0.9000124335289001,0.3779644730092273
40,7,96,2,0.8405096530914307,0.5345224838248489
40,7,7,3,0.8726593852043152,0.7715167498104598
40,7,11,3,0.9223127961158752,0.40089186286863665
40,7,19,3,1.0,1.0000000000000004
40,7,35,3,0.9022085666656494,0.9258200997725518
40,7,67,3,0.9292486906051636,0.7715167498104598
40,7,13,3,0.8759500980377197,0.7715167498104598
40,7,21,3,1.0,1.0000000000000004
40,7,37,3,0.8947446346282959,0.8571428571428575
40,7,69,3,0.8462964296340942,0.7715167498104598
40,7,25,3,1.0,1.0000000000000004
40,7,41,3,0.892511248588562,0.46291004988627593
40,7,73,3,0.8597011566162109,0.7715167498104598
40,7,49,3,1.0,1.0000000000000004
40,7,81,3,1.0,1.0000000000000004
40,7,97,3,0.8970226049423218,0.8017837257372734
40,7,14,3,0.8526120185852051,0.6172133998483679
40,7,22,3,1.0,1.0000000000000004
40,7,38,3,0.9022085666656494,0.9258200997725518
40,7,70,3,0.8726593852043152,0.7715167498104598
40,7,26,3,0.8304026126861572,0.18898223650461365
40,7,42,3,0.9168822765350342,0.7715167498104598
40,7,74,3,0.7738173007965088,0.0
40,7,50,3,0.9570384621620178,0.566946709513841
40,7,82,3,1.0,1.0000000000000004
40,7,98,3,0.9168822765350342,0.7715167498104598
40,7,28,3,0.9734057188034058,0.8451542547285168
40,7,44,3,0.7913424968719482,0.3779644730092273
40,7,76,3,0.8500263690948486,0.21821789023599245
40,7,52,3,0.9734057188034058,0.8451542547285168
40,7,84,3,0.8968369960784912,0.5714285714285717
40,7,100,3,0.8405096530914307,0.5345224838248489
40,7,56,3,0.9449596405029297,0.4364357804719849
40,7,88,3,0.9000124335289001,0.3779644730092273
40,7,104,3,0.8554555177688599,0.5039526306789697
40,7,112,3,0.9257283210754395,0.3779644730092273
40,7,15,4,0.8621116280555725,0.7715167498104598
40,7,23,4,1.0,1.0000000000000004
40,7,39,4,0.9022085666656494,0.9258200997725518
40,7,71,4,0.8835701942443848,0.7715167498104598
40,7,27,4,1.0,1.0000000000000004
40,7,43,4,0.8934366106987,0.7142857142857146
40,7,75,4,0.8726593852043152,0.7715167498104598
40,7,51,4,1.0,1.0000000000000004
40,7,83,4,1.0,1.0000000000000004
40,7,99,4,0.9176651239395142,0.8017837257372734
40,7,29,4,1.0,1.0000000000000004
40,7,45,4,0.8934366106987,0.7142857142857146
40,7,77,4,0.8606604337692261,0.7715167498104598
40,7,53,4,1.0,1.0000000000000004
40,7,85,4,1.0,1.0000000000000004
40,7,101,4,0.8970226049423218,0.8017837257372734
40,7,57,4,1.0,1.0000000000000004
40,7,89,4,1.0,1.0000000000000004
40,7,105,4,0.9096540212631226,0.8571428571428575
40,7,113,4,1.0,1.0000000000000004
40,7,30,4,1.0,1.0000000000000004
40,7,46,4,0.9022085666656494,0.9258200997725518
40,7,78,4,0.8594043254852295,0.7142857142857146
40,7,54,4,1.0,1.0000000000000004
40,7,86,4,1.0,1.0000000000000004
40,7,102,4,0.9022085666656494,0.9258200997725518
40,7,58,4,0.9449596405029297,0.4364357804719849
40,7,90,4,1.0,1.0000000000000004
40,7,106,4,0.9168822765350342,0.7715167498104598
40,7,114,4,1.0,1.0000000000000004
40,7,60,4,1.0,1.0000000000000004
40,7,92,4,0.8500263690948486,0.21821789023599245
40,7,108,4,0.7968131899833679,0.3380617018914067
40,7,116,4,1.0,1.0000000000000004
40,7,120,4,0.9257283210754395,0.3779644730092273
40,7,31,5,1.0,1.0000000000000004
40,7,47,5,0.9102375507354736,0.8017837257372734
40,7,79,5,0.8606604337692261,0.7715167498104598
40,7,55,5,1.0,1.0000000000000004
40,7,87,5,1.0,1.0000000000000004
40,7,103,5,0.9116387963294983,0.9258200997725518
40,7,59,5,1.0,1.0000000000000004
40,7,91,5,1.0,1.0000000000000004
40,7,107,5,0.9096540212631226,0.8571428571428575
40,7,115,5,1.0,1.0000000000000004
40,7,61,5,1.0,1.0000000000000004
40,7,93,5,1.0,1.0000000000000004
40,7,109,5,0.9096540212631226,0.8571428571428575
40,7,117,5,1.0,1.0000000000000004
40,7,121,5,1.0,1.0000000000000004
40,7,62,5,1.0,1.0000000000000004
40,7,94,5,1.0,1.0000000000000004
40,7,110,5,0.9022085666656494,0.9258200997725518
40,7,118,5,1.0,1.0000000000000004
40,7,122,5,1.0,1.0000000000000004
40,7,124,5,0.9499970078468323,0.3380617018914067
40,7,63,6,1.0,1.0000000000000004
40,7,95,6,1.0,1.0000000000000004
40,7,111,6,0.9116387963294983,0.9258200997725518
40,7,119,6,1.0,1.0000000000000004
40,7,123,6,1.0,1.0000000000000004
40,7,125,6,1.0,1.0000000000000004
40,7,126,6,1.0,1.0000000000000004
41,5,31,5,1.0,1.0000000000000002
41,5,0,0,0.73067307472229,0.0
41,5,1,1,0.7982975244522095,0.7745966692414836
41,5,2,1,0.73067307472229,0.0
41,5,4,1,0.7576664686203003,0.316227766016838
41,5,8,1,0.8923294544219971,0.632455532033676
41,5,16,1,0.8916664719581604,0.447213595499958
41,5,3,2,0.7982975244522095,0.7745966692414836
41,5,5,2,0.7982975244522095,0.7745966692414836
41,5,9,2,0.9268229007720947,0.894427190999916
41,5,17,2,0.9286512732505798,0.894427190999916
41,5,6,2,0.7706133127212524,0.316227766016838
41,5,10,2,0.8846241235733032,0.5163977794943224
41,5,18,2,0.8585917949676514,0.5163977794943224
41,5,12,2,0.8923294544219971,0.632455532033676
41,5,20,2,0.845675528049469,0.5163977794943224
41,5,24,2,0.9809978008270264,0.7745966692414836
41,5,7,3,0.7982975244522095,0.7745966692414836
41,5,11,3,0.9268229007720947,0.894427190999916
41,5,19,3,0.9286512732505798,0.894427190999916
41,5,13,3,0.9268229007720947,0.894427190999916
41,5,21,3,0.9286512732505798,0.894427190999916
41,5,25,3,1.0,1.0000000000000002
41,5,14,3,0.8780416250228882,0.5163977794943224
41,5,22,3,0.8585917949676514,0.5163977794943224
41,5,26,3,0.9210057258605957,0.670820393249937
41,5,28,3,0.9699909090995789,0.7745966692414836
41,5,15,4,0.9268229007720947,0.894427190999916
41,5,23,4,0.9286512732505798,0.894427190999916
41,5,27,4,1.0,1.0000000000000002
41,5,29,4,1.0,1.0000000000000002
41,5,30,4,0.9210057258605957,0.670820393249937
43,7,127,7,1.0,1.0000000000000004
43,7,0,0,0.8043198585510254,0.0
43,7,1,1,0.805621862411499,0.5345224838248489
43,7,2,1,0.772154688835144,0.0
43,7,4,1,0.8574259281158447,0.26726124191242445
43,7,8,1,0.7969658374786377,0.26726124191242445
43,7,16,1,0.9134709239006042,0.3779644730092273
43,7,32,1,0.8043198585510254,0.0
43,7,64,1,0.9290965795516968,0.4364357804719849
43,7,3,2,0.8074063062667847,0.5345224838248489
43,7,5,2,0.8610683679580688,0.7559289460184546
43,7,9,2,0.7885550260543823,0.4364357804719849
43,7,17,2,0.9134709239006042,0.3779644730092273
43,7,33,2,0.805621862411499,0.5345224838248489
43,7,65,2,0.9035052061080933,0.6546536707079773
43,7,6,2,0.8218778371810913,0.26726124191242445
43,7,10,2,0.7960452437400818,0.21821789023599245
43,7,18,2,0.9134709239006042,0.3779644730092273
43,7,34,2,0.772154688835144,0.0
43,7,66,2,0.9141092300415039,0.26726124191242445
43,7,12,2,0.8360623121261597,0.4364357804719849
43,7,20,2,0.9134709239006042,0.3779644730092273
43,7,36,2,0.7532414197921753,0.0
43,7,68,2,0.9454792141914368,0.6546536707079773
43,7,24,2,0.9004454612731934,0.566946709513841
43,7,40,2,0.8038318753242493,0.0
43,7,72,2,0.8682094812393188,0.4364357804719849
43,7,48,2,0.9228067994117737,0.5345224838248489
43,7,80,2,0.9382041096687317,0.6546536707079773
43,7,96,2,0.9031517505645752,0.4364357804719849
43,7,7,3,0.8610683679580688,0.7559289460184546
43,7,11,3,0.805621862411499,0.5345224838248489
43,7,19,3,0.9384344816207886,0.7559289460184546
43,7,35,3,0.8031850457191467,0.5455447255899811
43,7,67,3,0.9035052061080933,0.6546536707079773
43,7,13,3,0.8610683679580688,0.7559289460184546
43,7,21,3,0.9792256355285645,0.9258200997725518
43,7,37,3,0.8610683679580688,0.7559289460184546
43,7,69,3,0.9371737241744995,0.5308487462445705
43,7,25,3,0.9792256355285645,0.9258200997725518
43,7,41,3,0.7887399792671204,0.566946709513841
43,7,73,3,0.9477728009223938,0.6141922686399943
43,7,49,3,0.9228067994117737,0.5345224838248489
43,7,81,3,0.9382041096687317,0.6546536707079773
43,7,97,3,0.896595299243927,0.4364357804719849
43,7,14,3,0.7532414197921753,0.0
43,7,22,3,0.9134709239006042,0.3779644730092273
43,7,38,3,0.8218778371810913,0.26726124191242445
43,7,70,3,0.9292393326759338,0.566946709513841
43,7,26,3,0.9228067994117737,0.5345224838248489
43,7,42,3,0.7532414197921753,0.0
43,7,74,3,0.8593862652778625,0.3779644730092273
43,7,50,3,0.9109418988227844,0.4364357804719849
43,7,82,3,0.9382041096687317,0.6546536707079773
43,7,98,3,0.8663208484649658,0.5345224838248489
43,7,28,3,0.9134709239006042,0.3779644730092273
43,7,44,3,0.7532414197921753,0.0
43,7,76,3,0.948056697845459,0.4364357804719849
43,7,52,3,0.9228067994117737,0.5345224838248489
43,7,84,3,0.9382041096687317,0.6546536707079773
43,7,100,3,0.868683397769928,0.26726124191242445
43,7,56,3,0.9004454612731934,0.566946709513841
43,7,88,3,0.936008095741272,0.6546536707079773
43,7,104,3,0.8558765649795532,0.5070925528371101
43,7,112,3,0.9382041096687317,0.6546536707079773
43,7,15,4,0.8610683679580688,0.7559289460184546
43,7,23,4,0.9792256355285645,0.9258200997725518
43,7,39,4,0.8610683679580688,0.7559289460184546
43,7,71,4,0.920509934425354,0.694808333779651
43,7,27,4,0.9192714095115662,0.7715167498104598
43,7,43,4,0.793226957321167,0.566946709513841
43,7,75,4,0.8999520540237427,0.6761234037828134
43,7,51,4,0.895426869392395,0.2951406680504777
43,7,83,4,0.9077799320220947,0.609449400220044
43,7,99,4,0.8007175326347351,0.255550625999976
43,7,29,4,0.9792256355285645,0.9258200997725518
43,7,45,4,0.8409345149993896,0.6761234037828134
43,7,77,4,0.9371737241744995,0.5308487462445705
43,7,53,4,0.9792256355285645,0.9258200997725518
43,7,85,4,0.9540284872055054,0.8292279828967712
43,7,101,4,0.9117975831031799,0.5563486402641871
43,7,57,4,0.980086088180542,0.8571428571428575
43,7,89,4,1.0,1.0000000000000004
43,7,105,4,0.9502646923065186,0.7715167498104598
43,7,113,4,0.9382041096687317,0.6546536707079773
43,7,30,4,0.9228067994117737,0.5345224838248489
43,7,46,4,0.7532414197921753,0.0
43,7,78,4,0.917256236076355,0.5714285714285717
43,7,54,4,0.9228067994117737,0.5345224838248489
43,7,86,4,0.9382041096687317,0.6546536707079773
43,7,102,4,0.918459415435791,0.5070925528371101
43,7,58,4,0.8977272510528564,0.6761234037828134
43,7,90,4,0.9276285171508789,0.7559289460184546
43,7,106,4,0.857901930809021,0.26726124191242445
43,7,114,4,0.9382041096687317,0.6546536707079773
43,7,60,4,0.7532414197921753,0.0
43,7,92,4,0.9382041096687317,0.6546536707079773
43,7,108,4,0.9382041096687317,0.6546536707079773
43,7,116,4,0.9382041096687317,0.6546536707079773
43,7,120,4,0.9048839807510376,0.6761234037828134
43,7,31,5,0.9792256355285645,0.9258200997725518
43,7,47,5,0.8684341907501221,0.7142857142857146
43,7,79,5,0.9084391593933105,0.5005173307126193
43,7,55,5,0.980086088180542,0.8571428571428575
43,7,87,5,0.943000078201294,0.7849870641173372
43,7,103,5,0.8716861605644226,0.3936542650440985
43,7,59,5,0.9142935276031494,0.7142857142857146
43,7,91,5,0.949580729007721,0.8436958338752909
43,7,107,5,0.9502646923065186,0.7715167498104598
43,7,115,5,0.9509375095367432,0.8451542547285168
43,7,61,5,0.980086088180542,0.8571428571428575
43,7,93,5,0.9605404138565063,0.8347838711296823
43,7,109,5,0.9529561996459961,0.8571428571428575
43,7,117,5,0.9540284872055054,0.8292279828967712
43,7,121,5,1.0,1.0000000000000004
43,7,62,5,0.9228067994117737,0.5345224838248489
43,7,94,5,0.9768170118331909,0.9258200997725518
43,7,110,5,0.9219587445259094,0.7715167498104598
43,7,118,5,0.9382041096687317,0.6546536707079773
43,7,122,5,0.9276285171508789,0.7559289460184546
43,7,124,5,0.9382041096687317,0.6546536707079773
43,7,63,6,0.9704456925392151,0.8571428571428575
43,7,95,6,0.9540284872055054,0.8292279828967712
43,7,111,6,0.9665064811706543,0.9258200997725518
43,7,119,6,0.943000078201294,0.7849870641173372
43,7,123,6,1.0,1.0000000000000004
43,7,125,6,1.0,1.0000000000000004
43,7,126,6,0.9768170118331909,0.9258200997725518
46,7,127,7,0.9999998807907104,1.0000000000000004
46,7,0,0,0.7621826529502869,0.0
46,7,1,1,0.9340143203735352,0.8571428571428575
46,7,2,1,0.9340143203735352,0.8571428571428575
46,7,4,1,0.790759265422821,0.18898223650461365
46,7,8,1,0.8361543416976929,0.6761234037828134
46,7,16,1,0.7845706343650818,0.0
46,7,32,1,0.9038650989532471,0.7715167498104598
46,7,64,1,0.7621826529502869,0.0
46,7,3,2,0.9340143203735352,0.8571428571428575
46,7,5,2,0.9340143203735352,0.8571428571428575
46,7,9,2,0.9340143203735352,0.8571428571428575
46,7,17,2,0.9340143203735352,0.8571428571428575
46,7,33,2,0.9999998807907104,1.0000000000000004
46,7,65,2,0.9340143203735352,0.8571428571428575
46,7,6,2,0.9494141936302185,0.7715167498104598
46,7,10,2,0.9139342308044434,0.7142857142857146
46,7,18,2,0.7845706343650818,0.0
46,7,34,2,0.9999998807907104,1.0000000000000004
46,7,66,2,0.9340143203735352,0.8571428571428575
46,7,12,2,0.8361543416976929,0.6761234037828134
46,7,20,2,0.7910733222961426,0.4364357804719849
46,7,36,2,0.9147937297821045,0.8451542547285168
46,7,68,2,0.790759265422821,0.18898223650461365
46,7,24,2,0.8451586961746216,0.6546536707079773
46,7,40,2,0.9147937297821045,0.8451542547285168
46,7,72,2,0.8361543416976929,0.6761234037828134
46,7,48,2,0.9007770419120789,0.6761234037828134
46,7,80,2,0.7845706343650818,0.0
46,7,96,2,0.9038650989532471,0.7715167498104598
46,7,7,3,0.9340143203735352,0.8571428571428575
46,7,11,3,0.9340143203735352,0.8571428571428575
46,7,19,3,0.9340143203735352,0.8571428571428575
46,7,35,3,0.9999998807907104,1.0000000000000004
46,7,67,3,0.9340143203735352,0.8571428571428575
46,7,13,3,0.9340143203735352,0.8571428571428575
46,7,21,3,0.9340143203735352,0.8571428571428575
46,7,37,3,0.9999998807907104,1.0000000000000004
46,7,69,3,0.9340143203735352,0.8571428571428575
46,7,25,3,0.9340143203735352,0.8571428571428575
46,7,41,3,0.9999998807907104,1.0000000000000004
46,7,73,3,0.9340143203735352,0.8571428571428575
46,7,49,3,0.9999998807907104,1.0000000000000004
46,7,81,3,0.9340143203735352,0.8571428571428575
46,7,97,3,0.9999998807907104,1.0000000000000004
46,7,14,3,0.9340143203735352,0.8571428571428575
46,7,22,3,0.916020393371582,0.8451542547285168
46,7,38,3,0.9999998807907104,1.0000000000000004
46,7,70,3,0.9494141936302185,0.7715167498104598
46,7,26,3,0.8898175954818726,0.6761234037828134
46,7,42,3,0.9999998807907104,1.0000000000000004
46,7,74,3,0.9139342308044434,0.7142857142857146
46,7,50,3,0.9999998807907104,1.0000000000000004
46,7,82,3,0.7845706343650818,0.0
46,7,98,3,0.8993709087371826,0.5832118435198044
46,7,28,3,0.8898175954818726,0.6761234037828134
46,7,44,3,0.9795809388160706,0.8571428571428575
46,7,76,3,0.8451586961746216,0.6546536707079773
46,7,52,3,0.9007770419120789,0.6761234037828134
46,7,84,3,0.7821320295333862,0.30860669992418394
46,7,100,3,0.9147937297821045,0.8451542547285168
46,7,56,3,0.9845002293586731,0.8571428571428575
46,7,88,3,0.8451586961746216,0.6546536707079773
46,7,104,3,0.9147937297821045,0.8451542547285168
46,7,112,3,0.9007770419120789,0.6761234037828134
46,7,15,4,0.9340143203735352,0.8571428571428575
46,7,23,4,0.9340143203735352,0.8571428571428575
46,7,39,4,0.9999998807907104,1.0000000000000004
46,7,71,4,0.9340143203735352,0.8571428571428575
46,7,27,4,0.9340143203735352,0.8571428571428575
46,7,43,4,0.9999998807907104,1.0000000000000004
46,7,75,4,0.9340143203735352,0.8571428571428575
46,7,51,4,0.9999998807907104,1.0000000000000004
46,7,83,4,0.9340143203735352,0.8571428571428575
46,7,99,4,0.9999998807907104,1.0000000000000004
46,7,29,4,0.9340143203735352,0.8571428571428575
46,7,45,4,0.9999998807907104,1.0000000000000004
46,7,77,4,0.9340143203735352,0.8571428571428575
46,7,53,4,0.9999998807907104,1.0000000000000004
46,7,85,4,0.9340143203735352,0.8571428571428575
46,7,101,4,0.9999998807907104,1.0000000000000004
46,7,57,4,0.9999998807907104,1.0000000000000004
46,7,89,4,0.9340143203735352,0.8571428571428575
46,7,105,4,0.9999998807907104,1.0000000000000004
46,7,113,4,0.9999998807907104,1.0000000000000004
46,7,30,4,0.9340143203735352,0.8571428571428575
46,7,46,4,0.9999998807907104,1.0000000000000004
46,7,78,4,0.9340143203735352,0.8571428571428575
46,7,54,4,0.9999998807907104,1.0000000000000004
46,7,86,4,0.7814434766769409,0.21821789023599245
46,7,102,4,0.9999998807907104,1.0000000000000004
46,7,58,4,0.9999998807907104,1.0000000000000004
46,7,90,4,0.9139342308044434,0.7142857142857146
46,7,106,4,0.9999998807907104,1.0000000000000004
46,7,114,4,0.9999998807907104,1.0000000000000004
46,7,60,4,0.9999998807907104,1.0000000000000004
46,7,92,4,0.8451586961746216,0.6546536707079773
46,7,108,4,0.9795809388160706,0.8571428571428575
46,7,116,4,0.9007770419120789,0.6761234037828134
46,7,120,4,0.9845002293586731,0.8571428571428575
46,7,31,5,0.9340143203735352,0.8571428571428575
46,7,47,5,0.9999998807907104,1.0000000000000004
46,7,79,5,0.9340143203735352,0.8571428571428575
46,7,55,5,0.9999998807907104,1.0000000000000004
46,7,87,5,0.9340143203735352,0.8571428571428575
46,7,103,5,0.9999998807907104,1.0000000000000004
46,7,59,5,0.9999998807907104,1.0000000000000004
46,7,91,5,0.9340143203735352,0.8571428571428575
46,7,107,5,0.9999998807907104,1.0000000000000004
46,7,115,5,0.9999998807907104,1.0000000000000004
46,7,61,5,0.9999998807907104,1.0000000000000004
46,7,93,5,0.9340143203735352,0.8571428571428575
46,7,109,5,0.9999998807907104,1.0000000000000004
46,7,117,5,0.9999998807907104,1.0000000000000004
46,7,121,5,0.9999998807907104,1.0000000000000004
46,7,62,5,0.9999998807907104,1.0000000000000004
46,7,94,5,0.9340143203735352,0.8571428571428575
46,7,110,5,0.9999998807907104,1.0000000000000004
46,7,118,5,0.9999998807907104,1.0000000000000004
46,7,122,5,0.9999998807907104,1.0000000000000004
46,7,124,5,0.9999998807907104,1.0000000000000004
46,7,63,6,0.9999998807907104,1.0000000000000004
46,7,95,6,0.9340143203735352,0.8571428571428575
46,7,111,6,0.9999998807907104,1.0000000000000004
46,7,119,6,0.9999998807907104,1.0000000000000004
46,7,123,6,0.9999998807907104,1.0000000000000004
46,7,125,6,0.9999998807907104,1.0000000000000004
46,7,126,6,0.9999998807907104,1.0000000000000004
47,5,31,5,0.9999999403953552,1.0000000000000002
47,5,0,0,0.7566549181938171,0.0
47,5,1,1,0.8563880920410156,0.447213595499958
47,5,2,1,0.8788535594940186,0.447213595499958
47,5,4,1,0.8336809873580933,0.5163977794943224
47,5,8,1,0.8906890749931335,0.7745966692414836
47,5,16,1,0.7841185927391052,0.0
47,5,3,2,0.9066686034202576,0.632455532033676
47,5,5,2,0.8581318259239197,0.5163977794943224
47,5,9,2,0.9350676536560059,0.8000000000000002
47,5,17,2,0.8563880920410156,0.447213595499958
47,5,6,2,0.9421271681785583,0.670820393249937
47,5,10,2,0.9652276039123535,0.894427190999916
47,5,18,2,0.8788535594940186,0.447213595499958
47,5,12,2,0.8906890749931335,0.7745966692414836
47,5,20,2,0.8336809873580933,0.5163977794943224
47,5,24,2,0.8906890749931335,0.7745966692414836
47,5,7,3,0.972977876663208,0.6000000000000001
47,5,11,3,0.9999999403953552,1.0000000000000002
47,5,19,3,0.9066686034202576,0.632455532033676
47,5,13,3,0.936363160610199,0.894427190999916
47,5,21,3,0.8760058879852295,0.5163977794943224
47,5,25,3,0.9350676536560059,0.8000000000000002
47,5,14,3,0.8601187467575073,0.670820393249937
47,5,22,3,0.9421271681785583,0.670820393249937
47,5,26,3,0.9652276039123535,0.894427190999916
47,5,28,3,0.8906890749931335,0.7745966692414836
47,5,15,4,0.9999999403953552,1.0000000000000002
47,5,23,4,0.972977876663208,0.6000000000000001
47,5,27,4,0.9999999403953552,1.0000000000000002
47,5,29,4,0.936363160610199,0.894427190999916
47,5,30,4,0.8601187467575073,0.670820393249937
49,4,15,4,1.0,1.0
49,4,0,0,0.7110796570777893,0.0
49,4,1,1,0.7678786516189575,0.5
49,4,2,1,0.7283850908279419,0.3535533905932738
49,4,4,1,0.8816146850585938,0.5
49,4,8,1,0.813148558139801,0.5
49,4,3,2,0.7882881760597229,0.5773502691896258
49,4,5,2,0.9137535691261292,0.75
49,4,9,2,0.8300764560699463,0.5773502691896258
49,4,6,2,0.9052659869194031,0.5
49,4,10,2,0.7283850908279419,0.3535533905932738
49,4,12,2,0.924318790435791,0.7071067811865476
49,4,7,3,0.9137535691261292,0.75
49,4,11,3,0.8425241708755493,0.75
49,4,13,3,1.0,1.0
49,4,14,3,0.9764139652252197,0.8660254037844388
50,7,127,7,0.9999998807907104,1.0000000000000004
50,7,0,0,0.7093788981437683,0.0
50,7,1,1,0.7694867849349976,0.566946709513841
50,7,2,1,0.7155309915542603,0.3779644730092273
50,7,4,1,0.7000330686569214,0.18898223650461365
50,7,8,1,0.834275484085083,0.566946709513841
50,7,16,1,0.8226183652877808,0.4364357804719849
50,7,32,1,0.8426207304000854,0.5070925528371101
50,7,64,1,0.7889822721481323,0.3779644730092273
50,7,3,2,0.7694867849349976,0.566946709513841
50,7,5,2,0.7590866684913635,0.566946709513841
50,7,9,2,0.8077195882797241,0.6172133998483679
50,7,17,2,0.8426539897918701,0.6172133998483679
50,7,33,2,0.8267630338668823,0.7142857142857146
50,7,65,2,0.7995716333389282,0.6761234037828134
50,7,6,2,0.8122679591178894,0.566946709513841
50,7,10,2,0.8122679591178894,0.566946709513841
50,7,18,2,0.9122045040130615,0.7715167498104598
50,7,34,2,0.8705247044563293,0.6761234037828134
50,7,66,2,0.8514566421508789,0.5714285714285717
50,7,12,2,0.7990630865097046,0.5345224838248489
50,7,20,2,0.7958252429962158,0.3380617018914067
50,7,36,2,0.7990630865097046,0.5345224838248489
50,7,68,2,0.7334433197975159,0.40089186286863665
50,7,24,2,0.9420427083969116,0.7559289460184546
50,7,40,2,0.7990630865097046,0.5345224838248489
50,7,72,2,0.8651595711708069,0.5070925528371101
50,7,48,2,0.8184430599212646,0.3779644730092273
50,7,80,2,0.9673439860343933,0.8451542547285168
50,7,96,2,0.8572312593460083,0.4285714285714288
50,7,7,3,0.8439419865608215,0.7559289460184546
50,7,11,3,0.8077195882797241,0.6172133998483679
50,7,19,3,0.8799189329147339,0.7715167498104598
50,7,35,3,0.8267630338668823,0.7142857142857146
50,7,67,3,0.8851576447486877,0.7142857142857146
50,7,13,3,0.8077195882797241,0.6172133998483679
50,7,21,3,0.9575408101081848,0.9258200997725518
50,7,37,3,0.8574554920196533,0.7142857142857146
50,7,69,3,0.8851576447486877,0.7142857142857146
50,7,25,3,0.9575408101081848,0.9258200997725518
50,7,41,3,0.8353761434555054,0.7142857142857146
50,7,73,3,0.8851576447486877,0.7142857142857146
50,7,49,3,0.9324530363082886,0.8571428571428575
50,7,81,3,0.9999998807907104,1.0000000000000004
50,7,97,3,0.9675157070159912,0.8571428571428575
50,7,14,3,0.8122679591178894,0.566946709513841
50,7,22,3,0.9042403697967529,0.6761234037828134
50,7,38,3,0.7947270274162292,0.566946709513841
50,7,70,3,0.8514566421508789,0.5714285714285717
50,7,26,3,0.9298576712608337,0.7715167498104598
50,7,42,3,0.8490971922874451,0.6172133998483679
50,7,74,3,0.8757249116897583,0.6761234037828134
50,7,50,3,0.9431743621826172,0.8571428571428575
50,7,82,3,0.9431743621826172,0.8571428571428575
50,7,98,3,0.904143214225769,0.7142857142857146
50,7,28,3,0.9420427083969116,0.7559289460184546
50,7,44,3,0.7990630865097046,0.5345224838248489
50,7,76,3,0.8651595711708069,0.5070925528371101
50,7,52,3,0.9205226898193359,0.6761234037828134
50,7,84,3,0.9673439860343933,0.8451542547285168
50,7,100,3,0.9562206268310547,0.7559289460184546
50,7,56,3,0.9205226898193359,0.6761234037828134
50,7,88,3,0.9673439860343933,0.8451542547285168
50,7,104,3,0.9113270044326782,0.6761234037828134
50,7,112,3,0.9673439860343933,0.8451542547285168
50,7,15,4,0.8077195882797241,0.6172133998483679
50,7,23,4,0.9575408101081848,0.9258200997725518
50,7,39,4,0.8574554920196533,0.7142857142857146
50,7,71,4,0.8851576447486877,0.7142857142857146
50,7,27,4,0.9575408101081848,0.9258200997725518
50,7,43,4,0.8353761434555054,0.7142857142857146
50,7,75,4,0.8851576447486877,0.7142857142857146
50,7,51,4,0.9324530363082886,0.8571428571428575
50,7,83,4,0.9999998807907104,1.0000000000000004
50,7,99,4,0.9675157070159912,0.8571428571428575
50,7,29,4,0.9575408101081848,0.9258200997725518
50,7,45,4,0.8353761434555054,0.7142857142857146
50,7,77,4,0.8851576447486877,0.7142857142857146
50,7,53,4,0.9324530363082886,0.8571428571428575
50,7,85,4,0.9999998807907104,1.0000000000000004
50,7,101,4,0.9675157070159912,0.8571428571428575
50,7,57,4,0.9324530363082886,0.8571428571428575
50,7,89,4,0.9999998807907104,1.0000000000000004
50,7,105,4,0.9999998807907104,1.0000000000000004
50,7,113,4,0.9999998807907104,1.0000000000000004
50,7,30,4,0.919275164604187,0.6761234037828134
50,7,46,4,0.8082205057144165,0.6172133998483679
50,7,78,4,0.8400458097457886,0.6172133998483679
50,7,54,4,0.8820940256118774,0.6172133998483679
50,7,86,4,0.9431743621826172,0.8571428571428575
50,7,102,4,0.904143214225769,0.7142857142857146
50,7,58,4,0.9431743621826172,0.8571428571428575
50,7,90,4,0.9431743621826172,0.8571428571428575
50,7,106,4,0.9431743621826172,0.8571428571428575
50,7,114,4,0.9431743621826172,0.8571428571428575
50,7,60,4,0.9205226898193359,0.6761234037828134
50,7,92,4,0.9784484505653381,0.8451542547285168
50,7,108,4,0.9113270044326782,0.6761234037828134
50,7,116,4,0.9673439860343933,0.8451542547285168
50,7,120,4,0.9784484505653381,0.8451542547285168
50,7,31,5,0.9575408101081848,0.9258200997725518
50,7,47,5,0.8353761434555054,0.7142857142857146
50,7,79,5,0.8851576447486877,0.7142857142857146
50,7,55,5,0.9324530363082886,0.8571428571428575
50,7,87,5,0.9999998807907104,1.0000000000000004
50,7,103,5,0.9675157070159912,0.8571428571428575
50,7,59,5,0.9324530363082886,0.8571428571428575
50,7,91,5,0.9999998807907104,1.0000000000000004
50,7,107,5,0.9999998807907104,1.0000000000000004
50,7,115,5,0.9999998807907104,1.0000000000000004
50,7,61,5,0.9324530363082886,0.8571428571428575
50,7,93,5,0.9999998807907104,1.0000000000000004
50,7,109,5,0.9489306211471558,0.8017837257372734
50,7,117,5,0.9999998807907104,1.0000000000000004
50,7,121,5,0.9999998807907104,1.0000000000000004
50,7,62,5,0.8820940256118774,0.6172133998483679
50,7,94,5,0.9431743621826172,0.8571428571428575
50,7,110,5,0.907200276851654,0.6681531047810612
50,7,118,5,0.9421281814575195,0.7715167498104598
50,7,122,5,0.9431743621826172,0.8571428571428575
50,7,124,5,0.9784484505653381,0.8451542547285168
50,7,63,6,0.9324530363082886,0.8571428571428575
50,7,95,6,0.9999998807907104,1.0000000000000004
50,7,111,6,0.9489306211471558,0.8017837257372734
50,7,119,6,0.9999998807907104,1.0000000000000004
50,7,123,6,0.9999998807907104,1.0000000000000004
50,7,125,6,0.9999998807907104,1.0000000000000004
50,7,126,6,0.9421281814575195,0.7715167498104598
51,7,127,7,0.9999998807907104,1.0000000000000004
51,7,0,0,0.7171742916107178,0.0
51,7,1,1,0.7675025463104248,0.3779644730092273
51,7,2,1,0.7113924622535706,0.3779644730092273
51,7,4,1,0.7995359897613525,0.5345224838248489
51,7,8,1,0.7171742916107178,0.0
51,7,16,1,0.7864659428596497,0.0
51,7,32,1,0.7171742916107178,0.0
51,7,64,1,0.7576167583465576,0.3779644730092273
51,7,3,2,0.7699886560440063,0.5345224838248489
51,7,5,2,0.7742124795913696,0.4364357804719849
51,7,9,2,0.7739917039871216,0.5345224838248489
51,7,17,2,0.8385443091392517,0.4364357804719849
51,7,33,2,0.7783181667327881,0.4364357804719849
51,7,65,2,0.8147002458572388,0.566946709513841
51,7,6,2,0.8108856678009033,0.6546536707079773
51,7,10,2,0.7113924622535706,0.3779644730092273
51,7,18,2,0.8142930269241333,0.3380617018914067
51,7,34,2,0.7165195941925049,0.26726124191242445
51,7,66,2,0.7775399088859558,0.3779644730092273
51,7,12,2,0.7995359897613525,0.5345224838248489
51,7,20,2,0.9573245048522949,0.7559289460184546
51,7,36,2,0.7568749189376831,0.4364357804719849
51,7,68,2,0.7995359897613525,0.5345224838248489
51,7,24,2,0.8840608596801758,0.5345224838248489
51,7,40,2,0.7171742916107178,0.0
51,7,72,2,0.7393973469734192,0.3779644730092273
51,7,48,2,0.8675616979598999,0.26726124191242445
51,7,80,2,0.7521936893463135,0.0
51,7,96,2,0.7746386528015137,0.26726124191242445
51,7,7,3,0.8402367830276489,0.7559289460184546
51,7,11,3,0.7739917039871216,0.5345224838248489
51,7,19,3,0.880142331123352,0.19166296949998202
51,7,35,3,0.7243995666503906,0.3779644730092273
51,7,67,3,0.76507169008255,0.566946709513841
51,7,13,3,0.8402367830276489,0.7559289460184546
51,7,21,3,0.9999998807907104,1.0000000000000004
51,7,37,3,0.8070263862609863,0.6761234037828134
51,7,69,3,0.8660283088684082,0.7142857142857146
51,7,25,3,0.8385443091392517,0.4364357804719849
51,7,41,3,0.7541258931159973,0.3779644730092273
51,7,73,3,0.8192380666732788,0.566946709513841
51,7,49,3,0.7670044898986816,0.18898223650461365
51,7,81,3,0.9233860969543457,0.6172133998483679
51,7,97,3,0.8565859794616699,0.7559289460184546
51,7,14,3,0.8108856678009033,0.6546536707079773
51,7,22,3,0.9661848545074463,0.8451542547285168
51,7,38,3,0.7939759492874146,0.566946709513841
51,7,70,3,0.8515716195106506,0.6761234037828134
51,7,26,3,0.8142930269241333,0.3380617018914067
51,7,42,3,0.7165195941925049,0.26726124191242445
51,7,74,3,0.8059439659118652,0.46291004988627593
51,7,50,3,0.8675616979598999,0.26726124191242445
51,7,82,3,0.9006023406982422,0.6172133998483679
51,7,98,3,0.7881791591644287,0.46291004988627593
51,7,28,3,0.9573245048522949,0.7559289460184546
51,7,44,3,0.7679141759872437,0.4364357804719849
51,7,76,3,0.7995359897613525,0.5345224838248489
51,7,52,3,0.9573245048522949,0.7559289460184546
51,7,84,3,0.9318045377731323,0.8451542547285168
51,7,100,3,0.7835092544555664,0.3779644730092273
51,7,56,3,0.8124843835830688,0.0
51,7,88,3,0.7393973469734192,0.3779644730092273
51,7,104,3,0.7746386528015137,0.26726124191242445
51,7,112,3,0.7233843803405762,0.21821789023599245
51,7,15,4,0.8402367830276489,0.7559289460184546
51,7,23,4,0.9999998807907104,1.0000000000000004
51,7,39,4,0.8070263862609863,0.6761234037828134
51,7,71,4,0.8660283088684082,0.7142857142857146
51,7,27,4,0.7950149178504944,0.2267786838055364
51,7,43,4,0.7759696841239929,0.4264685138777984
51,7,75,4,0.7971363067626953,0.6172133998483679
51,7,51,4,0.8213873505592346,0.0
51,7,83,4,0.8456018567085266,0.5345224838248489
51,7,99,4,0.7782641649246216,0.4285714285714288
51,7,29,4,0.9999998807907104,1.0000000000000004
51,7,45,4,0.8337352871894836,0.5714285714285717
51,7,77,4,0.8660283088684082,0.7142857142857146
51,7,53,4,0.9338480830192566,0.6761234037828134
51,7,85,4,0.9999998807907104,1.0000000000000004
51,7,101,4,0.8165405988693237,0.7715167498104598
51,7,57,4,0.7562916278839111,0.18898223650461365
51,7,89,4,0.9233860969543457,0.6172133998483679
51,7,105,4,0.7493219375610352,0.28571428571428586
51,7,113,4,0.8612658381462097,0.47809144373375756
51,7,30,4,0.9661848545074463,0.8451542547285168
51,7,46,4,0.7863770723342896,0.566946709513841
51,7,78,4,0.859840452671051,0.6172133998483679
51,7,54,4,0.9661848545074463,0.8451542547285168
51,7,86,4,0.987492561340332,0.9258200997725518
51,7,102,4,0.7835092544555664,0.3779644730092273
51,7,58,4,0.8929193019866943,0.5070925528371101
51,7,90,4,0.9006023406982422,0.6172133998483679
51,7,106,4,0.7944906949996948,0.0
51,7,114,4,0.8950021862983704,0.46291004988627593
51,7,60,4,0.9573245048522949,0.7559289460184546
51,7,92,4,0.9318045377731323,0.8451542547285168
51,7,108,4,0.7835092544555664,0.3779644730092273
51,7,116,4,0.9318045377731323,0.8451542547285168
51,7,120,4,0.7233843803405762,0.21821789023599245
51,7,31,5,0.9999998807907104,1.0000000000000004
51,7,47,5,0.8337352871894836,0.5714285714285717
51,7,79,5,0.8660283088684082,0.7142857142857146
51,7,55,5,0.9999998807907104,1.0000000000000004
51,7,87,5,0.9999998807907104,1.0000000000000004
51,7,103,5,0.8481055498123169,0.7142857142857146
51,7,59,5,0.7772203683853149,0.1454785934906616
51,7,91,5,0.7764896154403687,0.13363062095621223
51,7,107,5,0.8004302978515625,0.5698028822981899
51,7,115,5,0.7814062833786011,0.2750095491084634
51,7,61,5,0.9999998807907104,1.0000000000000004
51,7,93,5,0.9999998807907104,1.0000000000000004
51,7,109,5,0.8481055498123169,0.7142857142857146
51,7,117,5,0.9999998807907104,1.0000000000000004
51,7,121,5,0.8671497106552124,0.5345224838248489
51,7,62,5,0.9661848545074463,0.8451542547285168
51,7,94,5,0.987492561340332,0.9258200997725518
51,7,110,5,0.7868877649307251,0.3380617018914067
51,7,118,5,0.952154278755188,0.6761234037828134
51,7,122,5,0.8950021862983704,0.46291004988627593
51,7,124,5,0.9318045377731323,0.8451542547285168
51,7,63,6,0.9999998807907104,1.0000000000000004
51,7,95,6,0.9999998807907104,1.0000000000000004
51,7,111,6,0.8481055498123169,0.7142857142857146
51,7,119,6,0.9999998807907104,1.0000000000000004
51,7,123,6,0.8393117189407349,0.5345224838248489
51,7,125,6,0.9999998807907104,1.0000000000000004
51,7,126,6,0.952154278755188,0.6761234037828134
52,5,31,5,1.0,0.9999999999999993
52,5,0,0,0.7763230800628662,0.0
52,5,1,1,0.8890892863273621,0.13012000972647106
52,5,2,1,0.8393981456756592,0.1924500897298752
52,5,4,1,0.7600110769271851,0.0962250448649376
52,5,8,1,0.8105158805847168,0.1924500897298752
52,5,16,1,0.8701420426368713,0.3849001794597504
52,5,3,2,0.913587749004364,0.20412414523193148
52,5,5,2,0.7814401388168335,0.0300556544889144
52,5,9,2,0.8867815136909485,0.16329931618554516
52,5,17,2,0.8701420426368713,0.3849001794597504
52,5,6,2,0.8760389089584351,0.1924500897298752
52,5,10,2,0.8776434063911438,0.29095718698132317
52,5,18,2,0.9122021198272705,0.2886751345948128
52,5,12,2,0.8776434063911438,0.29095718698132317
52,5,20,2,0.8639839291572571,0.4082482904638629
52,5,24,2,0.8782881498336792,0.4082482904638629
52,5,7,3,0.8956290483474731,0.3333333333333332
52,5,11,3,0.8571957349777222,0.2886751345948128
52,5,19,3,0.8975664377212524,0.3849001794597504
52,5,13,3,0.9090675115585327,0.22075539284417398
52,5,21,3,0.8741414546966553,0.300556544889144
52,5,25,3,0.8782881498336792,0.4082482904638629
52,5,14,3,0.8775385022163391,0.28721347895177635
52,5,22,3,0.9015475511550903,0.3442651863295481
52,5,26,3,0.8782881498336792,0.4082482904638629
52,5,28,3,0.8782881498336792,0.4082482904638629
52,5,15,4,0.9978141784667969,0.981980506061966
52,5,23,4,0.8485301733016968,0.3333333333333333
52,5,27,4,0.9044747948646545,0.4303314829119351
52,5,29,4,0.879418134689331,0.4444444444444444
52,5,30,4,0.9045131206512451,0.481125224324688
53,6,63,6,1.0,1.0000000000000002
53,6,0,0,0.758908748626709,0.0
53,6,1,1,0.7364148497581482,0.0
53,6,2,1,0.7550265192985535,0.4082482904638631
53,6,4,1,0.7275346517562866,0.4082482904638631
53,6,8,1,0.8074758052825928,0.4082482904638631
53,6,16,1,0.7228546142578125,0.0
53,6,32,1,0.8190641403198242,0.4082482904638631
53,6,3,2,0.8158407211303711,0.7071067811865477
53,6,5,2,0.748667299747467,0.4714045207910318
53,6,9,2,0.8061164617538452,0.5773502691896258
53,6,17,2,0.7551563382148743,0.1825741858350554
53,6,33,2,0.7956132888793945,0.2886751345948129
53,6,6,2,0.775956928730011,0.5773502691896258
53,6,10,2,0.8439840078353882,0.5773502691896258
53,6,18,2,0.7612797021865845,0.2886751345948129
53,6,34,2,0.8613870143890381,0.5773502691896258
53,6,12,2,0.7982693314552307,0.5773502691896258
53,6,20,2,0.7303962707519531,0.2357022603955159
53,6,36,2,0.8083425164222717,0.5773502691896258
53,6,24,2,0.8814465403556824,0.5773502691896258
53,6,40,2,0.8713667988777161,0.5773502691896258
53,6,48,2,0.8033462762832642,0.2886751345948129
53,6,7,3,0.8297858238220215,0.45291081365783836
53,6,11,3,0.7847481369972229,0.43643578047198495
53,6,19,3,0.7752832770347595,0.3651483716701108
53,6,35,3,0.9198837280273438,0.7302967433402217
53,6,13,3,0.7983996272087097,0.4714045207910318
53,6,21,3,0.7555928826332092,0.4082482904638631
53,6,37,3,0.8129234313964844,0.4714045207910318
53,6,25,3,0.8937133550643921,0.7071067811865477
53,6,41,3,0.858464241027832,0.4714045207910318
53,6,49,3,0.817652702331543,0.4714045207910318
53,6,14,3,0.8443907499313354,0.7071067811865477
53,6,22,3,0.7532503008842468,0.4714045207910318
53,6,38,3,0.8480388522148132,0.7071067811865477
53,6,26,3,0.8932441473007202,0.7071067811865477
53,6,42,3,0.924919843673706,0.7071067811865477
53,6,50,3,0.9000035524368286,0.8164965809277261
53,6,28,3,0.8832644820213318,0.7071067811865477
53,6,44,3,0.8724994659423828,0.7071067811865477
53,6,52,3,0.8114173412322998,0.4714045207910318
53,6,56,3,0.9449120759963989,0.7071067811865477
53,6,15,4,0.7713285684585571,0.5163977794943223
53,6,23,4,0.7752832770347595,0.3651483716701108
53,6,39,4,0.9143916368484497,0.6666666666666669
53,6,27,4,1.0,1.0000000000000002
53,6,43,4,0.9467716217041016,0.912870929175277
53,6,51,4,0.8561912178993225,0.7302967433402217
53,6,29,4,0.9197359085083008,0.7302967433402217
53,6,45,4,0.896414577960968,0.7071067811865477
53,6,53,4,0.8561912178993225,0.7302967433402217
53,6,57,4,0.9445183277130127,0.8164965809277261
53,6,30,4,0.8715819120407104,0.7302967433402217
53,6,46,4,0.8980294466018677,0.8164965809277261
53,6,54,4,0.9000035524368286,0.8164965809277261
53,6,58,4,0.9754332900047302,0.8164965809277261
53,6,60,4,0.9499062299728394,0.8164965809277261
53,6,31,5,0.9004320502281189,0.5455447255899812
53,6,47,5,0.9467716217041016,0.912870929175277
53,6,55,5,0.8561912178993225,0.7302967433402217
53,6,59,5,1.0,1.0000000000000002
53,6,61,5,1.0,1.0000000000000002
53,6,62,5,0.950627326965332,0.912870929175277
54,4,15,4,0.9999999403953552,1.0
54,4,0,0,0.7451039552688599,0.0
54,4,1,1,0.8128591179847717,0.7071067811865476
54,4,2,1,0.7750864028930664,0.0
54,4,4,1,0.8823311924934387,0.0
54,4,8,1,0.8934811949729919,0.5
54,4,3,2,0.7916622161865234,0.5773502691896258
54,4,5,2,0.9999999403953552,1.0
54,4,9,2,0.881587028503418,0.75
54,4,6,2,0.9458691477775574,0.5773502691896258
54,4,10,2,0.8434373140335083,0.2886751345948129
54,4,12,2,0.9696881175041199,0.7071067811865476
54,4,7,3,0.9999999403953552,1.0
54,4,11,3,0.881587028503418,0.75
54,4,13,3,0.9999999403953552,1.0
54,4,14,3,0.9458691477775574,0.5773502691896258
55,7,127,7,1.0,1.0000000000000004
55,7,0,0,0.6820901036262512,0.16903085094570336
55,7,1,1,0.7886887192726135,0.6546536707079773
55,7,2,1,0.6851143836975098,0.21821789023599245
55,7,4,1,0.727277934551239,0.3779644730092273
55,7,8,1,0.890047550201416,0.3779644730092273
55,7,16,1,0.7475116848945618,0.26726124191242445
55,7,32,1,0.7284207344055176,0.26726124191242445
55,7,64,1,0.7299805879592896,0.26726124191242445
55,7,3,2,0.7360743880271912,0.058321184351980436
55,7,5,2,0.7886887192726135,0.6546536707079773
55,7,9,2,0.9621880650520325,0.8451542547285168
55,7,17,2,0.7780623435974121,0.6761234037828134
55,7,33,2,0.8879133462905884,0.8451542547285168
55,7,65,2,0.7734882235527039,0.5070925528371101
55,7,6,2,0.727277934551239,0.3779644730092273
55,7,10,2,0.9098682403564453,0.7142857142857146
55,7,18,2,0.7560937404632568,0.4364357804719849
55,7,34,2,0.7346614599227905,0.26726124191242445
55,7,66,2,0.7477447390556335,0.5345224838248489
55,7,12,2,0.8878322839736938,0.5345224838248489
55,7,20,2,0.7560937404632568,0.4364357804719849
55,7,36,2,0.802899181842804,0.5345224838248489
55,7,68,2,0.727277934551239,0.3779644730092273
55,7,24,2,0.8659812808036804,0.4364357804719849
55,7,40,2,0.9279967546463013,0.7559289460184546
55,7,72,2,0.8876848220825195,0.5345224838248489
55,7,48,2,0.8794328570365906,0.6546536707079773
55,7,80,2,0.7577966451644897,0.4364357804719849
55,7,96,2,0.8221925497055054,0.5345224838248489
55,7,7,3,0.7902905941009521,0.6546536707079773
55,7,11,3,0.9621880650520325,0.8451542547285168
55,7,19,3,0.7262082099914551,0.4285714285714288
55,7,35,3,0.7260298132896423,0.04617570965396101
55,7,67,3,0.7873095870018005,0.6761234037828134
55,7,13,3,0.9621880650520325,0.8451542547285168
55,7,21,3,0.7780623435974121,0.6761234037828134
55,7,37,3,0.8879133462905884,0.8451542547285168
55,7,69,3,0.7873095870018005,0.6761234037828134
55,7,25,3,0.940791130065918,0.7715167498104598
55,7,41,3,0.9621880650520325,0.8451542547285168
55,7,73,3,0.9922308921813965,0.9258200997725518
55,7,49,3,0.9081990718841553,0.9258200997725518
55,7,81,3,0.8343570828437805,0.7715167498104598
55,7,97,3,0.8561055660247803,0.6761234037828134
55,7,14,3,0.9098682403564453,0.7142857142857146
55,7,22,3,0.7560937404632568,0.4364357804719849
55,7,38,3,0.802899181842804,0.5345224838248489
55,7,70,3,0.727277934551239,0.3779644730092273
55,7,26,3,0.9140108227729797,0.566946709513841
55,7,42,3,0.9579373002052307,0.8451542547285168
55,7,74,3,0.8926894664764404,0.629940788348712
55,7,50,3,0.8911951184272766,0.7559289460184546
55,7,82,3,0.7641641497612,0.566946709513841
55,7,98,3,0.8221989870071411,0.6761234037828134
55,7,28,3,0.9140108227729797,0.566946709513841
55,7,44,3,0.9279967546463013,0.7559289460184546
55,7,76,3,0.8732545971870422,0.566946709513841
55,7,52,3,0.85215824842453,0.6546536707079773
55,7,84,3,0.7641641497612,0.566946709513841
55,7,100,3,0.8350706696510315,0.6546536707079773
55,7,56,3,0.97216796875,0.8451542547285168
55,7,88,3,0.9080297946929932,0.6761234037828134
55,7,104,3,0.9420289993286133,0.8451542547285168
55,7,112,3,0.8572047352790833,0.6546536707079773
55,7,15,4,0.9621880650520325,0.8451542547285168
55,7,23,4,0.7334529161453247,0.37796447300922725
55,7,39,4,0.8879133462905884,0.8451542547285168
55,7,71,4,0.7810184955596924,0.566946709513841
55,7,27,4,0.9677543640136719,0.9258200997725518
55,7,43,4,0.9621880650520325,0.8451542547285168
55,7,75,4,0.9922308921813965,0.9258200997725518
55,7,51,4,0.9081990718841553,0.9258200997725518
55,7,83,4,0.8343570828437805,0.7715167498104598
55,7,99,4,0.8785781860351562,0.7715167498104598
55,7,29,4,0.940791130065918,0.7715167498104598
55,7,45,4,0.9677543640136719,0.9258200997725518
55,7,77,4,0.9922308921813965,0.9258200997725518
55,7,53,4,0.9081990718841553,0.9258200997725518
55,7,85,4,0.8343570828437805,0.7715167498104598
55,7,101,4,0.8879133462905884,0.8451542547285168
55,7,57,4,1.0,1.0000000000000004
55,7,89,4,1.0,1.0000000000000004
55,7,105,4,0.9922308921813965,0.9258200997725518
55,7,113,4,0.9081990718841553,0.9258200997725518
55,7,30,4,0.9167108535766602,0.566946709513841
55,7,46,4,0.9279967546463013,0.7559289460184546
55,7,78,4,0.8791032433509827,0.629940788348712
55,7,54,4,0.85215824842453,0.6546536707079773
55,7,86,4,0.8058878183364868,0.566946709513841
55,7,102,4,0.7496097087860107,0.46291004988627593
55,7,58,4,0.9648057222366333,0.8728715609439697
55,7,90,4,0.9080297946929932,0.6761234037828134
55,7,106,4,0.9420289993286133,0.8451542547285168
55,7,114,4,0.8785451054573059,0.7559289460184546
55,7,60,4,0.97216796875,0.8451542547285168
55,7,92,4,0.9080297946929932,0.6761234037828134
55,7,108,4,0.9420289993286133,0.8451542547285168
55,7,116,4,0.8785451054573059,0.7559289460184546
55,7,120,4,0.9540066123008728,0.8451542547285168
55,7,31,5,0.940791130065918,0.7715167498104598
55,7,47,5,0.9621880650520325,0.8451542547285168
55,7,79,5,0.9922308921813965,0.9258200997725518
55,7,55,5,0.9081990718841553,0.9258200997725518
55,7,87,5,0.8343570828437805,0.7715167498104598
55,7,103,5,0.8785781860351562,0.7715167498104598
55,7,59,5,1.0,1.0000000000000004
55,7,91,5,0.9677543640136719,0.9258200997725518
55,7,107,5,0.9922308921813965,0.9258200997725518
55,7,115,5,0.8760297298431396,0.9258200997725518
55,7,61,5,1.0,1.0000000000000004
55,7,93,5,0.9677543640136719,0.9258200997725518
55,7,109,5,0.9922308921813965,0.9258200997725518
55,7,117,5,0.9081990718841553,0.9258200997725518
55,7,121,5,1.0,1.0000000000000004
55,7,62,5,0.9739077687263489,0.9258200997725518
55,7,94,5,0.9080297946929932,0.6761234037828134
55,7,110,5,0.9420289993286133,0.8451542547285168
55,7,118,5,0.8785451054573059,0.7559289460184546
55,7,122,5,0.9553370475769043,0.9258200997725518
55,7,124,5,0.9540066123008728,0.8451542547285168
55,7,63,6,1.0,1.0000000000000004
55,7,95,6,0.9677543640136719,0.9258200997725518
55,7,111,6,0.9922308921813965,0.9258200997725518
55,7,119,6,0.9081990718841553,0.9258200997725518
55,7,123,6,1.0,1.0000000000000004
55,7,125,6,1.0,1.0000000000000004
55,7,126,6,0.9553370475769043,0.9258200997725518
57,5,31,5,0.9999998807907104,1.0000000000000002
57,5,0,0,0.6966651678085327,0.13483997249264842
57,5,1,1,0.7773022651672363,0.223606797749979
57,5,2,1,0.7384821176528931,0.0
57,5,4,1,0.7583441734313965,0.2581988897471612
57,5,8,1,0.897201418876648,0.632455532033676
57,5,16,1,0.8726397752761841,0.447213595499958
57,5,3,2,0.8485835194587708,0.223606797749979
57,5,5,2,0.7727267146110535,0.2581988897471612
57,5,9,2,0.7727267146110535,0.2581988897471612
57,5,17,2,0.875484824180603,0.447213595499958
57,5,6,2,0.7241140604019165,0.20000000000000004
57,5,10,2,0.8751904964447021,0.632455532033676
57,5,18,2,0.897201418876648,0.632455532033676
57,5,12,2,0.897201418876648,0.632455532033676
57,5,20,2,0.8646944761276245,0.447213595499958
57,5,24,2,0.897201418876648,0.632455532033676
57,5,7,3,0.8463395833969116,0.20000000000000004
57,5,11,3,0.8485835194587708,0.223606797749979
57,5,19,3,0.8485835194587708,0.223606797749979
57,5,13,3,0.7727267146110535,0.2581988897471612
57,5,21,3,0.8946654796600342,0.7745966692414836
57,5,25,3,0.7727267146110535,0.2581988897471612
57,5,14,3,0.8413960933685303,0.6000000000000001
57,5,22,3,0.8008815050125122,0.4000000000000001
57,5,26,3,0.897201418876648,0.632455532033676
57,5,28,3,0.897201418876648,0.632455532033676
57,5,15,4,0.9999998807907104,1.0000000000000002
57,5,23,4,0.8485835194587708,0.223606797749979
57,5,27,4,0.9949052333831787,0.8000000000000002
57,5,29,4,0.7727267146110535,0.2581988897471612
57,5,30,4,0.9949052333831787,0.8000000000000002
58,6,63,6,1.0,1.0000000000000002
58,6,0,0,0.6752620935440063,0.0
58,6,1,1,0.7776198387145996,0.4714045207910318
58,6,2,1,0.7450708746910095,0.6172133998483679
58,6,4,1,0.8606048226356506,0.4714045207910318
58,6,8,1,0.7090321779251099,0.0
58,6,16,1,0.6939219236373901,0.1825741858350554
58,6,32,1,0.8335195183753967,0.1666666666666667
58,6,3,2,0.7988216876983643,0.6666666666666669
58,6,5,2,0.9163059592247009,0.7715167498104598
58,6,9,2,0.7637056112289429,0.6666666666666669
58,6,17,2,0.7658489942550659,0.6666666666666669
58,6,33,2,0.9260741472244263,0.8333333333333336
58,6,6,2,0.9163059592247009,0.7715167498104598
58,6,10,2,0.7637056112289429,0.6666666666666669
58,6,18,2,0.7658489942550659,0.6666666666666669
58,6,34,2,0.859691321849823,0.6666666666666669
58,6,12,2,0.8558018207550049,0.6123724356957946
58,6,20,2,0.8545425534248352,0.5477225575051663
58,6,36,2,0.9273018836975098,0.7302967433402217
58,6,24,2,0.6703514456748962,0.3651483716701108
58,6,40,2,0.8952515125274658,0.4082482904638631
58,6,48,2,0.8952515125274658,0.4082482904638631
58,6,7,3,0.9163059592247009,0.7715167498104598
58,6,11,3,0.7933023571968079,0.7302967433402217
58,6,19,3,0.7988216876983643,0.6666666666666669
58,6,35,3,0.9260741472244263,0.8333333333333336
58,6,13,3,0.9163059592247009,0.7715167498104598
58,6,21,3,0.9163059592247009,0.7715167498104598
58,6,37,3,1.0,1.0000000000000002
58,6,25,3,0.790668249130249,0.7302967433402217
58,6,41,3,0.9260741472244263,0.8333333333333336
58,6,49,3,0.9260741472244263,0.8333333333333336
58,6,14,3,0.9163059592247009,0.7715167498104598
58,6,22,3,0.9163059592247009,0.7715167498104598
58,6,38,3,0.9435379505157471,0.6666666666666669
58,6,26,3,0.810607373714447,0.6172133998483679
58,6,42,3,0.8496533036231995,0.6666666666666669
58,6,50,3,0.8496533036231995,0.6666666666666669
58,6,28,3,0.8545425534248352,0.5477225575051663
58,6,44,3,0.9273018836975098,0.7302967433402217
58,6,52,3,0.9273018836975098,0.7302967433402217
58,6,56,3,0.8952515125274658,0.4082482904638631
58,6,15,4,0.9163059592247009,0.7715167498104598
58,6,23,4,0.9163059592247009,0.7715167498104598
58,6,39,4,1.0,1.0000000000000002
58,6,27,4,0.7913234233856201,0.7302967433402217
58,6,43,4,0.9260741472244263,0.8333333333333336
58,6,51,4,0.9260741472244263,0.8333333333333336
58,6,29,4,0.9163059592247009,0.7715167498104598
58,6,45,4,1.0,1.0000000000000002
58,6,53,4,1.0,1.0000000000000002
58,6,57,4,0.9260741472244263,0.8333333333333336
58,6,30,4,0.9163059592247009,0.7715167498104598
58,6,46,4,0.9435379505157471,0.6666666666666669
58,6,54,4,0.9435379505157471,0.6666666666666669
58,6,58,4,0.8496533036231995,0.6666666666666669
58,6,60,4,0.9273018836975098,0.7302967433402217
58,6,31,5,0.9163059592247009,0.7715167498104598
58,6,47,5,1.0,1.0000000000000002
58,6,55,5,1.0,1.0000000000000002
58,6,59,5,0.9260741472244263,0.8333333333333336
58,6,61,5,1.0,1.0000000000000002
58,6,62,5,1.0,1.0000000000000002
59,5,31,5,0.9999999403953552,1.0000000000000002
59,5,0,0,0.7616909742355347,0.447213595499958
59,5,1,1,0.8290660381317139,0.7745966692414836
59,5,2,1,0.7538642883300781,0.0
59,5,4,1,0.7616909742355347,0.447213595499958
59,5,8,1,0.9256080389022827,0.632455532033676
59,5,16,1,0.8355706334114075,0.4000000000000001
59,5,3,2,0.8337676525115967,0.7745966692414836
59,5,5,2,0.8290660381317139,0.7745966692414836
59,5,9,2,0.9999999403953552,1.0000000000000002
59,5,17,2,0.8314951658248901,0.8000000000000002
59,5,6,2,0.7804380655288696,0.5163977794943224
59,5,10,2,0.9415898323059082,0.7745966692414836
59,5,18,2,0.8303319215774536,0.670820393249937
59,5,12,2,0.9256080389022827,0.632455532033676
59,5,20,2,0.8319735527038574,0.447213595499958
59,5,24,2,0.9807723164558411,0.7745966692414836
59,5,7,3,0.8337676525115967,0.7745966692414836
59,5,11,3,0.9999999403953552,1.0000000000000002
59,5,19,3,0.8487967252731323,0.8000000000000002
59,5,13,3,0.9999999403953552,1.0000000000000002
59,5,21,3,0.8487967252731323,0.8000000000000002
59,5,25,3,0.9999999403953552,1.0000000000000002
59,5,14,3,0.7633593082427979,0.0
59,5,22,3,0.866218626499176,0.670820393249937
59,5,26,3,0.9938106536865234,0.8000000000000002
59,5,28,3,0.9578480124473572,0.7745966692414836
59,5,15,4,0.9999999403953552,1.0000000000000002
59,5,23,4,0.8487967252731323,0.8000000000000002
59,5,27,4,0.9999999403953552,1.0000000000000002
59,5,29,4,0.8689987659454346,0.45807866745109455
59,5,30,4,0.9948153495788574,0.894427190999916
60,6,63,6,1.0,1.0000000000000002
60,6,0,0,0.7716388702392578,0.0
60,6,1,1,0.7521059513092041,0.4714045207910318
60,6,2,1,0.7505722045898438,0.0
60,6,4,1,0.9244983792304993,0.4082482904638631
60,6,8,1,0.8443610668182373,0.5773502691896258
60,6,16,1,0.7340711355209351,0.0
60,6,32,1,0.799961507320404,0.4082482904638631
60,6,3,2,0.7521059513092041,0.4714045207910318
60,6,5,2,0.941583514213562,0.7071067811865477
60,6,9,2,0.8652811050415039,0.6666666666666669
60,6,17,2,0.7521059513092041,0.4714045207910318
60,6,33,2,0.8316651582717896,0.7071067811865477
60,6,6,2,0.8753699064254761,0.2886751345948129
60,6,10,2,0.8405377864837646,0.5477225575051663
60,6,18,2,0.7340711355209351,0.0
60,6,34,2,0.8126165270805359,0.4714045207910318
60,6,12,2,0.9543553590774536,0.7071067811865477
60,6,20,2,0.9244983792304993,0.4082482904638631
60,6,36,2,0.9282983541488647,0.4082482904638631
60,6,24,2,0.7658074498176575,0.0
60,6,40,2,0.7514597177505493,0.20412414523193154
60,6,48,2,0.8208708167076111,0.5773502691896258
60,6,7,3,0.941583514213562,0.7071067811865477
60,6,11,3,0.8652811050415039,0.6666666666666669
60,6,19,3,0.7521059513092041,0.4714045207910318
60,6,35,3,0.8316651582717896,0.7071067811865477
60,6,13,3,1.0,1.0000000000000002
60,6,21,3,0.9403853416442871,0.7302967433402217
60,6,37,3,0.9366999864578247,0.8333333333333336
60,6,25,3,0.8921304941177368,0.6666666666666669
60,6,41,3,0.9189149141311646,0.8333333333333336
60,6,49,3,0.8429380059242249,0.7302967433402217
60,6,14,3,0.9523274898529053,0.6123724356957946
60,6,22,3,0.9244983792304993,0.4082482904638631
60,6,38,3,0.9178222417831421,0.7302967433402217
60,6,26,3,0.7658074498176575,0.0
60,6,42,3,0.8785579800605774,0.6172133998483679
60,6,50,3,0.8208708167076111,0.5773502691896258
60,6,28,3,0.9566039443016052,0.8164965809277261
60,6,44,3,0.9566039443016052,0.8164965809277261
60,6,52,3,0.947260856628418,0.7071067811865477
60,6,56,3,0.7593584656715393,0.1825741858350554
60,6,15,4,0.9718523621559143,0.8333333333333336
60,6,23,4,0.9403853416442871,0.7302967433402217
60,6,39,4,0.9366999864578247,0.8333333333333336
60,6,27,4,0.8652811050415039,0.6666666666666669
60,6,43,4,0.9189149141311646,0.8333333333333336
60,6,51,4,0.8499292135238647,0.7302967433402217
60,6,29,4,1.0,1.0000000000000002
60,6,45,4,1.0,1.0000000000000002
60,6,53,4,0.9776496887207031,0.912870929175277
60,6,57,4,0.9189149141311646,0.8333333333333336
60,6,30,4,0.9030762910842896,0.4082482904638631
60,6,46,4,0.9566039443016052,0.8164965809277261
60,6,54,4,0.947260856628418,0.7071067811865477
60,6,58,4,0.8409785032272339,0.5477225575051663
60,6,60,4,0.9566039443016052,0.8164965809277261
60,6,31,5,1.0,1.0000000000000002
60,6,47,5,1.0,1.0000000000000002
60,6,55,5,0.9776496887207031,0.912870929175277
60,6,59,5,0.9189149141311646,0.8333333333333336
60,6,61,5,1.0,1.0000000000000002
60,6,62,5,0.9566039443016052,0.8164965809277261
63,6,63,6,1.0,1.0000000000000002
63,6,0,0,0.7051075100898743,0.0
63,6,1,1,0.8043438792228699,0.3651483716701108
63,6,2,1,0.8511536121368408,0.8164965809277261
63,6,4,1,0.710716724395752,0.0
63,6,8,1,0.7592278122901917,0.6123724356957946
63,6,16,1,0.7077401280403137,0.0
63,6,32,1,0.8879536390304565,0.4082482904638631
63,6,3,2,0.852940559387207,0.7715167498104598
63,6,5,2,0.8461317420005798,0.7715167498104598
63,6,9,2,0.8166563510894775,0.7715167498104598
63,6,17,2,0.810864269733429,0.5477225575051663
63,6,33,2,0.9278850555419922,0.5443310539518174
63,6,6,2,0.8608576655387878,0.8164965809277261
63,6,10,2,0.8608576655387878,0.8164965809277261
63,6,18,2,0.8608576655387878,0.8164965809277261
63,6,34,2,0.9165959358215332,0.5477225575051663
63,6,12,2,0.8445754051208496,0.7302967433402217
63,6,20,2,0.7451510429382324,0.4082482904638631
63,6,36,2,0.8879536390304565,0.4082482904638631
63,6,24,2,0.8445754051208496,0.7302967433402217
63,6,40,2,0.8807569146156311,0.0
63,6,48,2,0.8159642219543457,0.3651483716701108
63,6,7,3,0.8253867030143738,0.7216878364870323
63,6,11,3,0.8411107063293457,0.7715167498104598
63,6,19,3,0.852940559387207,0.7715167498104598
63,6,35,3,1.0,1.0000000000000002
63,6,13,3,0.8253867030143738,0.7216878364870323
63,6,21,3,0.8351198434829712,0.7216878364870323
63,6,37,3,1.0,1.0000000000000002
63,6,25,3,0.8794984221458435,0.912870929175277
63,6,41,3,1.0,1.0000000000000002
63,6,49,3,1.0,1.0000000000000002
63,6,14,3,0.8608576655387878,0.8164965809277261
63,6,22,3,0.8445754051208496,0.7302967433402217
63,6,38,3,0.9556682109832764,0.912870929175277
63,6,26,3,0.8608576655387878,0.8164965809277261
63,6,42,3,0.8807569146156311,0.0
63,6,50,3,0.9556682109832764,0.912870929175277
63,6,28,3,0.8608576655387878,0.8164965809277261
63,6,44,3,0.9330198764801025,0.7302967433402217
63,6,52,3,0.860032856464386,0.5477225575051663
63,6,56,3,0.8807569146156311,0.0
63,6,15,4,0.8253867030143738,0.7216878364870323
63,6,23,4,0.8823084235191345,0.8333333333333336
63,6,39,4,1.0,1.0000000000000002
63,6,27,4,0.8823084235191345,0.8333333333333336
63,6,43,4,1.0,1.0000000000000002
63,6,51,4,1.0,1.0000000000000002
63,6,29,4,0.8823084235191345,0.8333333333333336
63,6,45,4,1.0,1.0000000000000002
63,6,53,4,1.0,1.0000000000000002
63,6,57,4,1.0,1.0000000000000002
63,6,30,4,0.8608576655387878,0.8164965809277261
63,6,46,4,0.9556682109832764,0.912870929175277
63,6,54,4,0.9556682109832764,0.912870929175277
63,6,58,4,0.9556682109832764,0.912870929175277
63,6,60,4,0.8641455173492432,0.7302967433402217
63,6,31,5,0.8823084235191345,0.8333333333333336
63,6,47,5,1.0,1.0000000000000002
63,6,55,5,1.0,1.0000000000000002
63,6,59,5,1.0,1.0000000000000002
63,6,61,5,1.0,1.0000000000000002
63,6,62,5,0.9556682109832764,0.912870929175277
64,6,63,6,0.9999999403953552,1.0000000000000002
64,6,0,0,0.6990599036216736,0.1666666666666667
64,6,1,1,0.7552295923233032,0.5477225575051663
64,6,2,1,0.7375984191894531,0.06537204504606135
64,6,4,1,0.7316439151763916,0.4082482904638631
64,6,8,1,0.8989659547805786,0.4082482904638631
64,6,16,1,0.859391450881958,0.4082482904638631
64,6,32,1,0.7729253768920898,0.4082482904638631
64,6,3,2,0.7811092138290405,0.7071067811865477
64,6,5,2,0.7664828300476074,0.5477225575051663
64,6,9,2,0.9370195269584656,0.7071067811865477
64,6,17,2,0.9327706694602966,0.912870929175277
64,6,33,2,0.8103834986686707,0.6123724356957946
64,6,6,2,0.7728959321975708,0.4082482904638631
64,6,10,2,0.8731308579444885,0.3333333333333334
64,6,18,2,0.9327706694602966,0.912870929175277
64,6,34,2,0.7836675047874451,0.5773502691896258
64,6,12,2,0.8942669630050659,0.2886751345948129
64,6,20,2,0.8410465717315674,0.5773502691896258
64,6,36,2,0.7316439151763916,0.4082482904638631
64,6,24,2,0.9445893168449402,0.5773502691896258
64,6,40,2,0.9506187438964844,0.7071067811865477
64,6,48,2,0.8850873708724976,0.5773502691896258
64,6,7,3,0.798744797706604,0.6123724356957946
64,6,11,3,0.9829805493354797,0.912870929175277
64,6,19,3,0.9327706694602966,0.912870929175277
64,6,35,3,0.8000892400741577,0.7302967433402217
64,6,13,3,0.9829805493354797,0.912870929175277
64,6,21,3,0.9327706694602966,0.912870929175277
64,6,37,3,0.8103834986686707,0.6123724356957946
64,6,25,3,0.9999999403953552,1.0000000000000002
64,6,41,3,0.9999999403953552,1.0000000000000002
64,6,49,3,0.9327706694602966,0.912870929175277
64,6,14,3,0.940707802772522,0.7071067811865477
64,6,22,3,0.9327706694602966,0.912870929175277
64,6,38,3,0.8008170127868652,0.7302967433402217
64,6,26,3,0.9445893168449402,0.5773502691896258
64,6,42,3,0.9534083008766174,0.8164965809277261
64,6,50,3,0.9327706694602966,0.912870929175277
64,6,28,3,0.940707802772522,0.7071067811865477
64,6,44,3,0.9508285522460938,0.912870929175277
64,6,52,3,0.8818492889404297,0.7071067811865477
64,6,56,3,0.9506187438964844,0.7071067811865477
64,6,15,4,0.9829805493354797,0.912870929175277
64,6,23,4,0.9327706694602966,0.912870929175277
64,6,39,4,0.8000892400741577,0.7302967433402217
64,6,27,4,0.9999999403953552,1.0000000000000002
64,6,43,4,0.9999999403953552,1.0000000000000002
64,6,51,4,0.9327706694602966,0.912870929175277
64,6,29,4,0.9999999403953552,1.0000000000000002
64,6,45,4,0.9999999403953552,1.0000000000000002
64,6,53,4,0.9327706694602966,0.912870929175277
64,6,57,4,0.9999999403953552,1.0000000000000002
64,6,30,4,0.940707802772522,0.7071067811865477
64,6,46,4,0.9999999403953552,1.0000000000000002
64,6,54,4,0.9327706694602966,0.912870929175277
64,6,58,4,0.9999999403953552,1.0000000000000002
64,6,60,4,0.9480443000793457,0.8164965809277261
64,6,31,5,0.9999999403953552,1.0000000000000002
64,6,47,5,0.9999999403953552,1.0000000000000002
64,6,55,5,0.9327706694602966,0.912870929175277
64,6,59,5,0.9999999403953552,1.0000000000000002
64,6,61,5,0.9999999403953552,1.0000000000000002
64,6,62,5,0.9999999403953552,1.0000000000000002
66,6,63,6,0.9999999403953552,1.0000000000000004
66,6,0,0,0.7995513081550598,0.0
66,6,1,1,0.8275875449180603,0.566946709513841
66,6,2,1,0.7995513081550598,0.0
66,6,4,1,0.7995513081550598,0.0
66,6,8,1,0.8007122278213501,0.5345224838248489
66,6,16,1,0.8346211910247803,0.5070925528371101
66,6,32,1,0.9300898909568787,0.566946709513841
66,6,3,2,0.8330193161964417,0.5070925528371101
66,6,5,2,0.9115254878997803,0.6761234037828134
66,6,9,2,0.8392144441604614,0.7715167498104598
66,6,17,2,0.887889564037323,0.5714285714285717
66,6,33,2,0.8936882615089417,0.566946709513841
66,6,6,2,0.872434675693512,0.6546536707079773
66,6,10,2,0.8162228465080261,0.6546536707079773
66,6,18,2,0.887889564037323,0.5714285714285717
66,6,34,2,0.9334906339645386,0.6172133998483679
66,6,12,2,0.7995513081550598,0.0
66,6,20,2,0.7995513081550598,0.0
66,6,36,2,0.8692216873168945,0.5345224838248489
66,6,24,2,0.8007122278213501,0.5345224838248489
66,6,40,2,0.9023889303207397,0.6546536707079773
66,6,48,2,0.9133869409561157,0.5345224838248489
66,6,7,3,0.9115254878997803,0.6761234037828134
66,6,11,3,0.8392144441604614,0.7715167498104598
66,6,19,3,0.887889564037323,0.5714285714285717
66,6,35,3,0.94549560546875,0.7142857142857146
66,6,13,3,0.923579216003418,0.9258200997725518
66,6,21,3,0.9227274060249329,0.8451542547285168
66,6,37,3,0.8841614127159119,0.6761234037828134
66,6,25,3,0.8167816400527954,0.7142857142857146
66,6,41,3,0.9503965973854065,0.7142857142857146
66,6,49,3,0.9492972493171692,0.6172133998483679
66,6,14,3,0.8784894347190857,0.8451542547285168
66,6,22,3,0.8705981969833374,0.566946709513841
66,6,38,3,0.9913280010223389,0.7715167498104598
66,6,26,3,0.8050268888473511,0.566946709513841
66,6,42,3,0.966626763343811,0.7715167498104598
66,6,50,3,0.9275758266448975,0.8451542547285168
66,6,28,3,0.8805920481681824,0.7715167498104598
66,6,44,3,0.9999999403953552,1.0000000000000004
66,6,52,3,0.9812123775482178,0.8571428571428575
66,6,56,3,0.9023889303207397,0.6546536707079773
66,6,15,4,0.923579216003418,0.9258200997725518
66,6,23,4,0.9028483629226685,0.7142857142857146
66,6,39,4,0.9692877531051636,0.8571428571428575
66,6,27,4,0.8317238092422485,0.3585685828003182
66,6,43,4,0.9316675662994385,0.9258200997725518
66,6,51,4,0.94549560546875,0.7142857142857146
66,6,29,4,0.923579216003418,0.9258200997725518
66,6,45,4,0.9999999403953552,1.0000000000000004
66,6,53,4,0.959561824798584,0.8571428571428575
66,6,57,4,0.9316675662994385,0.9258200997725518
66,6,30,4,0.7989453673362732,0.3779644730092273
66,6,46,4,0.9999999403953552,1.0000000000000004
66,6,54,4,0.9812123775482178,0.8571428571428575
66,6,58,4,0.9316675662994385,0.9258200997725518
66,6,60,4,0.8707396984100342,0.39477101697586153
66,6,31,5,0.923579216003418,0.9258200997725518
66,6,47,5,0.9999999403953552,1.0000000000000004
66,6,55,5,0.9391055107116699,0.8571428571428575
66,6,59,5,0.9568048119544983,0.8571428571428575
66,6,61,5,0.9999999403953552,1.0000000000000004
66,6,62,5,0.9999999403953552,1.0000000000000004
67,4,15,4,1.0,1.0
67,4,0,0,0.7951451539993286,0.5
67,4,1,1,0.7898849844932556,0.3535533905932738
67,4,2,1,0.8415693044662476,0.5773502691896258
67,4,4,1,0.9121262431144714,0.7071067811865476
67,4,8,1,0.7180246710777283,0.0
67,4,3,2,0.8090078830718994,0.22360679774997894
67,4,5,2,0.8330334424972534,0.23145502494313783
67,4,9,2,0.7527494430541992,0.25
67,4,6,2,1.0,1.0
67,4,10,2,0.9211019277572632,0.8660254037844388
67,4,12,2,0.8895159959793091,0.7071067811865476
67,4,7,3,0.8638280630111694,0.22874785549890697
67,4,11,3,0.8534507751464844,0.147799391724644
67,4,13,3,0.9680038690567017,0.75
67,4,14,3,1.0,1.0
69,4,15,4,1.0,1.0
69,4,0,0,0.7619670629501343,0.0
69,4,1,1,0.876453161239624,0.75
69,4,2,1,0.8307197690010071,0.0
69,4,4,1,0.8299287557601929,0.0
69,4,8,1,0.7993539571762085,0.0
69,4,3,2,0.8953453302383423,0.8660254037844388
69,4,5,2,0.876453161239624,0.75
69,4,9,2,1.0,1.0
69,4,6,2,0.876453161239624,0.75
69,4,10,2,0.756182074546814,0.0
69,4,12,2,0.9377101063728333,0.0
69,4,7,3,0.8771243095397949,0.75
69,4,11,3,1.0,1.0
69,4,13,3,1.0,1.0
69,4,14,3,1.0,1.0
70,6,63,6,0.9999999403953552,1.0000000000000002
70,6,0,0,0.8473889827728271,0.46291004988627593
70,6,1,1,0.882446825504303,0.7302967433402217
70,6,2,1,0.7344067692756653,0.0
70,6,4,1,0.8473889827728271,0.46291004988627593
70,6,8,1,0.858689546585083,0.6123724356957946
70,6,16,1,0.8585634231567383,0.4082482904638631
70,6,32,1,0.942633867263794,0.6666666666666669
70,6,3,2,0.882446825504303,0.7302967433402217
70,6,5,2,0.8793442249298096,0.6666666666666669
70,6,9,2,0.882446825504303,0.7302967433402217
70,6,17,2,0.9999999403953552,1.0000000000000002
70,6,33,2,0.958202600479126,0.8333333333333336
70,6,6,2,0.8473889827728271,0.46291004988627593
70,6,10,2,0.882446825504303,0.7302967433402217
70,6,18,2,0.7483397722244263,0.0
70,6,34,2,0.7404115200042725,0.0
70,6,12,2,0.858689546585083,0.6123724356957946
70,6,20,2,0.9156188368797302,0.5477225575051663
70,6,36,2,0.9208163022994995,0.6172133998483679
70,6,24,2,0.9999999403953552,1.0000000000000002
70,6,40,2,0.942633867263794,0.6666666666666669
70,6,48,2,0.9195684194564819,0.5773502691896258
70,6,7,3,0.882446825504303,0.7302967433402217
70,6,11,3,0.882446825504303,0.7302967433402217
70,6,19,3,0.9999999403953552,1.0000000000000002
70,6,35,3,0.958202600479126,0.8333333333333336
70,6,13,3,0.882446825504303,0.7302967433402217
70,6,21,3,0.9999999403953552,1.0000000000000002
70,6,37,3,0.958202600479126,0.8333333333333336
70,6,25,3,0.9999999403953552,1.0000000000000002
70,6,41,3,0.958202600479126,0.8333333333333336
70,6,49,3,0.9999999403953552,1.0000000000000002
70,6,14,3,0.8898805975914001,0.8164965809277261
70,6,22,3,0.9999999403953552,1.0000000000000002
70,6,38,3,0.9208163022994995,0.6172133998483679
70,6,26,3,0.9999999403953552,1.0000000000000002
70,6,42,3,0.958202600479126,0.8333333333333336
70,6,50,3,0.883696436882019,0.4714045207910318
70,6,28,3,0.9394206404685974,0.7302967433402217
70,6,44,3,0.942633867263794,0.6666666666666669
70,6,52,3,0.9349088668823242,0.8164965809277261
70,6,56,3,0.9999999403953552,1.0000000000000002
70,6,15,4,0.882446825504303,0.7302967433402217
70,6,23,4,0.9999999403953552,1.0000000000000002
70,6,39,4,0.958202600479126,0.8333333333333336
70,6,27,4,0.9999999403953552,1.0000000000000002
70,6,43,4,0.958202600479126,0.8333333333333336
70,6,51,4,0.9999999403953552,1.0000000000000002
70,6,29,4,0.9999999403953552,1.0000000000000002
70,6,45,4,0.958202600479126,0.8333333333333336
70,6,53,4,0.9999999403953552,1.0000000000000002
70,6,57,4,0.9999999403953552,1.0000000000000002
70,6,30,4,0.9999999403953552,1.0000000000000002
70,6,46,4,0.958202600479126,0.8333333333333336
70,6,54,4,0.9349088668823242,0.8164965809277261
70,6,58,4,0.9999999403953552,1.0000000000000002
70,6,60,4,0.9999999403953552,1.0000000000000002
70,6,31,5,0.9999999403953552,1.0000000000000002
70,6,47,5,0.958202600479126,0.8333333333333336
70,6,55,5,0.9999999403953552,1.0000000000000002
70,6,59,5,0.9999999403953552,1.0000000000000002
70,6,61,5,0.9999999403953552,1.0000000000000002
70,6,62,5,0.9999999403953552,1.0000000000000002
71,7,127,7,1.0,1.0000000000000004
71,7,0,0,0.6876525282859802,0.0
71,7,1,1,0.7378668785095215,0.4364357804719849
71,7,2,1,0.7410435080528259,0.0
71,7,4,1,0.798283040523529,0.15430334996209197
71,7,8,1,0.890333890914917,0.5345224838248489
71,7,16,1,0.7462018728256226,0.18898223650461365
71,7,32,1,0.6821567416191101,0.15430334996209197
71,7,64,1,0.8198697566986084,0.3779644730092273
71,7,3,2,0.7378668785095215,0.4364357804719849
71,7,5,2,0.8487769365310669,0.30860669992418394
71,7,9,2,0.9592700004577637,0.8451542547285168
71,7,17,2,0.8059379458427429,0.3779644730092273
71,7,33,2,0.7758730053901672,0.26726124191242445
71,7,65,2,0.8569940328598022,0.6546536707079773
71,7,6,2,0.7955911159515381,0.25197631533948484
71,7,10,2,0.8241475224494934,0.21821789023599245
71,7,18,2,0.7437495589256287,0.0
71,7,34,2,0.7259597778320312,0.0
71,7,66,2,0.8228970170021057,0.26726124191242445
71,7,12,2,0.9144938588142395,0.5345224838248489
71,7,20,2,0.9270855188369751,0.5070925528371101
71,7,36,2,0.798283040523529,0.15430334996209197
71,7,68,2,0.8679627776145935,0.4364357804719849
71,7,24,2,0.8993074893951416,0.6546536707079773
71,7,40,2,0.8993074893951416,0.6546536707079773
71,7,72,2,0.816189169883728,0.3779644730092273
71,7,48,2,0.741395890712738,0.0
71,7,80,2,0.816189169883728,0.3779644730092273
71,7,96,2,0.8198697566986084,0.3779644730092273
71,7,7,3,0.8502771258354187,0.3779644730092273
71,7,11,3,0.8932551145553589,0.6761234037828134
71,7,19,3,0.8245887756347656,0.46291004988627593
71,7,35,3,0.7378668785095215,0.4364357804719849
71,7,67,3,0.8468670845031738,0.5070925528371101
71,7,13,3,0.9592700004577637,0.8451542547285168
71,7,21,3,0.9270855188369751,0.5070925528371101
71,7,37,3,0.8369729518890381,0.30860669992418394
71,7,69,3,0.9123646020889282,0.7715167498104598
71,7,25,3,0.9592764377593994,0.9258200997725518
71,7,41,3,0.9592764377593994,0.9258200997725518
71,7,73,3,1.0,1.0000000000000004
71,7,49,3,0.8373882174491882,0.7559289460184546
71,7,81,3,0.8980439901351929,0.7715167498104598
71,7,97,3,0.7732388377189636,0.26726124191242445
71,7,14,3,0.9040191769599915,0.566946709513841
71,7,22,3,0.9019010663032532,0.5070925528371101
71,7,38,3,0.8144276142120361,0.21821789023599245
71,7,70,3,0.8680638074874878,0.3779644730092273
71,7,26,3,0.8344346880912781,0.3779644730092273
71,7,42,3,0.7993254065513611,0.0
71,7,74,3,0.8778831362724304,0.5070925528371101
71,7,50,3,0.7514616250991821,0.26726124191242445
71,7,82,3,0.8865476846694946,0.5070925528371101
71,7,98,3,0.8194535970687866,0.3779644730092273
71,7,28,3,0.9404366612434387,0.7559289460184546
71,7,44,3,0.9144938588142395,0.5345224838248489
71,7,76,3,0.9814286231994629,0.8451542547285168
71,7,52,3,0.9412437677383423,0.14285714285714293
71,7,84,3,0.8874467611312866,0.6172133998483679
71,7,100,3,0.8936138153076172,0.566946709513841
71,7,56,3,0.8993074893951416,0.6546536707079773
71,7,88,3,0.9234104752540588,0.6761234037828134
71,7,104,3,0.9373206496238708,0.7559289460184546
71,7,112,3,0.8688473701477051,0.5070925528371101
71,7,15,4,0.9592764377593994,0.9258200997725518
71,7,23,4,0.9270855188369751,0.5070925528371101
71,7,39,4,0.8502771258354187,0.3779644730092273
71,7,71,4,0.9123646020889282,0.7715167498104598
71,7,27,4,0.9592764377593994,0.9258200997725518
71,7,43,4,0.9592764377593994,0.9258200997725518
71,7,75,4,1.0,1.0000000000000004
71,7,51,4,0.7693226933479309,0.5345224838248489
71,7,83,4,0.8894129395484924,0.7715167498104598
71,7,99,4,0.850711464881897,0.6172133998483679
71,7,29,4,0.9364062547683716,0.8451542547285168
71,7,45,4,0.9592764377593994,0.9258200997725518
71,7,77,4,1.0,1.0000000000000004
71,7,53,4,0.9270855188369751,0.5070925528371101
71,7,85,4,0.954495906829834,0.9258200997725518
71,7,101,4,0.8932236433029175,0.7142857142857146
71,7,57,4,0.8026236295700073,0.2715376933208523
71,7,89,4,1.0,1.0000000000000004
71,7,105,4,1.0,1.0000000000000004
71,7,113,4,0.8794877529144287,0.7715167498104598
71,7,30,4,0.9113410115242004,0.6761234037828134
71,7,46,4,0.8784520030021667,0.4364357804719849
71,7,78,4,0.9543014764785767,0.7715167498104598
71,7,54,4,0.9019010663032532,0.5070925528371101
71,7,86,4,0.8874467611312866,0.6172133998483679
71,7,102,4,0.8853268027305603,0.5070925528371101
71,7,58,4,0.8344346880912781,0.3779644730092273
71,7,90,4,0.8778831362724304,0.5070925528371101
71,7,106,4,0.8778831362724304,0.5070925528371101
71,7,114,4,0.8865476846694946,0.5070925528371101
71,7,60,4,0.9404366612434387,0.7559289460184546
71,7,92,4,0.9740465879440308,0.8451542547285168
71,7,108,4,0.9814286231994629,0.8451542547285168
71,7,116,4,0.8874467611312866,0.6172133998483679
71,7,120,4,0.9234104752540588,0.6761234037828134
71,7,31,5,0.9592764377593994,0.9258200997725518
71,7,47,5,0.9592764377593994,0.9258200997725518
71,7,79,5,1.0,1.0000000000000004
71,7,55,5,0.9270855188369751,0.5070925528371101
71,7,87,5,0.9547196626663208,0.9258200997725518
71,7,103,5,0.8932236433029175,0.7142857142857146
71,7,59,5,0.8811294436454773,0.7715167498104598
71,7,91,5,1.0,1.0000000000000004
71,7,107,5,1.0,1.0000000000000004
71,7,115,5,0.8894129395484924,0.7715167498104598
71,7,61,5,0.9364062547683716,0.8451542547285168
71,7,93,5,1.0,1.0000000000000004
71,7,109,5,1.0,1.0000000000000004
71,7,117,5,0.9056887626647949,0.4008918628686369
71,7,121,5,1.0,1.0000000000000004
71,7,62,5,0.9113410115242004,0.6761234037828134
71,7,94,5,0.9543014764785767,0.7715167498104598
71,7,110,5,0.9543014764785767,0.7715167498104598
71,7,118,5,0.8874467611312866,0.6172133998483679
71,7,122,5,0.8778831362724304,0.5070925528371101
71,7,124,5,0.9740465879440308,0.8451542547285168
71,7,63,6,0.9507451057434082,0.9258200997725518
71,7,95,6,1.0,1.0000000000000004
71,7,111,6,1.0,1.0000000000000004
71,7,119,6,0.9403266906738281,0.8571428571428575
71,7,123,6,1.0,1.0000000000000004
71,7,125,6,1.0,1.0000000000000004
71,7,126,6,0.9543014764785767,0.7715167498104598
73,7,127,7,1.0,1.0000000000000002
73,7,0,0,0.7558751106262207,0.0
73,7,1,1,0.7575385570526123,0.0
73,7,2,1,0.740398645401001,0.0
73,7,4,1,0.8499380946159363,0.3333333333333333
73,7,8,1,0.7418899536132812,0.0
73,7,16,1,0.8792060017585754,0.7071067811865475
73,7,32,1,0.7558751106262207,0.0
73,7,64,1,0.7269290685653687,0.0
73,7,3,2,0.7575385570526123,0.0
73,7,5,2,0.8842309713363647,0.8333333333333333
73,7,9,2,0.7804258465766907,0.0
73,7,17,2,0.9051626920700073,0.447213595499958
73,7,33,2,0.7575385570526123,0.0
73,7,65,2,0.7827823758125305,0.0
73,7,6,2,0.847970724105835,0.23570226039551584
73,7,10,2,0.7418899536132812,0.0
73,7,18,2,0.8546476364135742,0.5773502691896257
73,7,34,2,0.740398645401001,0.0
73,7,66,2,0.7269290685653687,0.0
73,7,12,2,0.7917855978012085,0.23570226039551584
73,7,20,2,0.9493138790130615,0.8819171036881968
73,7,36,2,0.8499380946159363,0.3333333333333333
73,7,68,2,0.8966665267944336,0.8819171036881968
73,7,24,2,0.8703930974006653,0.7071067811865476
73,7,40,2,0.7418899536132812,0.0
73,7,72,2,0.7535983920097351,0.0
73,7,48,2,0.8792060017585754,0.7071067811865475
73,7,80,2,0.9091929793357849,0.769800358919501
73,7,96,2,0.7269290685653687,0.0
73,7,7,3,0.8842309713363647,0.8333333333333333
73,7,11,3,0.7876092195510864,0.0
73,7,19,3,0.8603284358978271,0.447213595499958
73,7,35,3,0.7575385570526123,0.0
73,7,67,3,0.8317567110061646,0.14907119849998599
73,7,13,3,0.8913112878799438,0.8333333333333333
73,7,21,3,0.9657611846923828,0.9428090415820635
73,7,37,3,0.8913112878799438,0.8333333333333333
73,7,69,3,0.9287402629852295,0.816496580927726
73,7,25,3,0.8460334539413452,0.5443310539518174
73,7,41,3,0.7804258465766907,0.0
73,7,73,3,0.8269573450088501,0.2721655269759087
73,7,49,3,0.9051626920700073,0.447213595499958
73,7,81,3,0.8993457555770874,0.5962847939999439
73,7,97,3,0.7827823758125305,0.0
73,7,14,3,0.8134505748748779,0.19245008972987526
73,7,22,3,0.9473289847373962,0.7453559924999299
73,7,38,3,0.847970724105835,0.23570226039551584
73,7,70,3,0.847970724105835,0.23570226039551584
73,7,26,3,0.880719006061554,0.5962847939999439
73,7,42,3,0.7418899536132812,0.0
73,7,74,3,0.7377749681472778,0.0
73,7,50,3,0.8546476364135742,0.5773502691896257
73,7,82,3,0.8725712299346924,0.6666666666666666
73,7,98,3,0.7269290685653687,0.0
73,7,28,3,0.9493138790130615,0.8819171036881968
73,7,44,3,0.7917855978012085,0.23570226039551584
73,7,76,3,0.8664201498031616,0.769800358919501
73,7,52,3,0.9493138790130615,0.8819171036881968
73,7,84,3,0.9618043899536133,0.9428090415820635
73,7,100,3,0.847970724105835,0.23570226039551584
73,7,56,3,0.8703930974006653,0.7071067811865476
73,7,88,3,0.9001537561416626,0.8333333333333333
73,7,104,3,0.7535983920097351,0.0
73,7,112,3,0.9091929793357849,0.769800358919501
73,7,15,4,0.8913112878799438,0.8333333333333333
73,7,23,4,0.9657611846923828,0.9428090415820635
73,7,39,4,0.8842309713363647,0.8333333333333333
73,7,71,4,0.9287402629852295,0.816496580927726
73,7,27,4,0.8855524063110352,0.629940788348712
73,7,43,4,0.7876092195510864,0.0
73,7,75,4,0.8317567110061646,0.14907119849998599
73,7,51,4,0.8603284358978271,0.447213595499958
73,7,83,4,0.8993457555770874,0.5962847939999439
73,7,99,4,0.8317567110061646,0.14907119849998599
73,7,29,4,0.9657611846923828,0.9428090415820635
73,7,45,4,0.8913112878799438,0.8333333333333333
73,7,77,4,0.9073760509490967,0.816496580927726
73,7,53,4,0.9657611846923828,0.9428090415820635
73,7,85,4,1.0,1.0000000000000002
73,7,101,4,0.9287402629852295,0.816496580927726
73,7,57,4,0.8498808145523071,0.5443310539518174
73,7,89,4,0.8859763145446777,0.7378647873726218
73,7,105,4,0.8269573450088501,0.2721655269759087
73,7,113,4,0.8993457555770874,0.5962847939999439
73,7,30,4,0.9473289847373962,0.7453559924999299
73,7,46,4,0.8134505748748779,0.19245008972987526
73,7,78,4,0.8491030931472778,0.3849001794597505
73,7,54,4,0.9473289847373962,0.7453559924999299
73,7,86,4,0.9566923975944519,0.816496580927726
73,7,102,4,0.847970724105835,0.23570226039551584
73,7,58,4,0.880719006061554,0.5962847939999439
73,7,90,4,0.9021031260490417,0.6804138174397717
73,7,106,4,0.7377749681472778,0.0
73,7,114,4,0.8725712299346924,0.6666666666666666
73,7,60,4,0.9493138790130615,0.8819171036881968
73,7,92,4,0.9618043899536133,0.9428090415820635
73,7,108,4,0.8664201498031616,0.769800358919501
73,7,116,4,0.9618043899536133,0.9428090415820635
73,7,120,4,0.9001537561416626,0.8333333333333333
73,7,31,5,1.0,1.0000000000000002
73,7,47,5,0.8913112878799438,0.8333333333333333
73,7,79,5,0.9073760509490967,0.816496580927726
73,7,55,5,0.9657611846923828,0.9428090415820635
73,7,87,5,1.0,1.0000000000000002
73,7,103,5,0.9287402629852295,0.816496580927726
73,7,59,5,0.8925744295120239,0.629940788348712
73,7,91,5,0.8925744295120239,0.629940788348712
73,7,107,5,0.8317567110061646,0.14907119849998599
73,7,115,5,0.8993457555770874,0.5962847939999439
73,7,61,5,0.9657611846923828,0.9428090415820635
73,7,93,5,1.0,1.0000000000000002
73,7,109,5,0.9073760509490967,0.816496580927726
73,7,117,5,1.0,1.0000000000000002
73,7,121,5,0.8859763145446777,0.7378647873726218
73,7,62,5,0.9473289847373962,0.7453559924999299
73,7,94,5,0.9618043899536133,0.9428090415820635
73,7,110,5,0.8491030931472778,0.3849001794597505
73,7,118,5,0.9566923975944519,0.816496580927726
73,7,122,5,0.9021031260490417,0.6804138174397717
73,7,124,5,0.9618043899536133,0.9428090415820635
73,7,63,6,1.0,1.0000000000000002
73,7,95,6,1.0,1.0000000000000002
73,7,111,6,0.9073760509490967,0.816496580927726
73,7,119,6,1.0,1.0000000000000002
73,7,123,6,0.8925744295120239,0.629940788348712
73,7,125,6,1.0,1.0000000000000002
73,7,126,6,0.9618043899536133,0.9428090415820635
74,7,127,7,1.0,1.0000000000000004
74,7,0,0,0.6756614446640015,0.0
74,7,1,1,0.8367260694503784,0.7559289460184546
74,7,2,1,0.7181841731071472,0.26726124191242445
74,7,4,1,0.7263650894165039,0.3779644730092273
74,7,8,1,0.8038477897644043,0.4364357804719849
74,7,16,1,0.8066507577896118,0.3779644730092273
74,7,32,1,0.7096172571182251,0.30237157840738177
74,7,64,1,0.7468956708908081,0.0
74,7,3,2,0.7649182081222534,0.566946709513841
74,7,5,2,0.8367260694503784,0.7559289460184546
74,7,9,2,0.8367260694503784,0.7559289460184546
74,7,17,2,0.8348870277404785,0.6172133998483679
74,7,33,2,0.7171957492828369,0.11952286093343942
74,7,65,2,0.7649182081222534,0.566946709513841
74,7,6,2,0.8167380690574646,0.566946709513841
74,7,10,2,0.7547872066497803,0.40089186286863665
74,7,18,2,0.8104345798492432,0.5345224838248489
74,7,34,2,0.8505978584289551,0.6172133998483679
74,7,66,2,0.7241942882537842,0.26726124191242445
74,7,12,2,0.8038477897644043,0.4364357804719849
74,7,20,2,0.8104345798492432,0.5345224838248489
74,7,36,2,0.8508833646774292,0.6546536707079773
74,7,68,2,0.7319836616516113,0.26726124191242445
74,7,24,2,0.8010535836219788,0.45834924851410574
74,7,40,2,0.7602153420448303,0.29277002188456
74,7,72,2,0.800006628036499,0.4364357804719849
74,7,48,2,0.8520442247390747,0.39405520311955045
74,7,80,2,0.8066507577896118,0.3779644730092273
74,7,96,2,0.8364573121070862,0.6546536707079773
74,7,7,3,0.7881877422332764,0.566946709513841
74,7,11,3,0.8349050283432007,0.7559289460184546
74,7,19,3,0.8348870277404785,0.6172133998483679
74,7,35,3,0.7645031809806824,0.566946709513841
74,7,67,3,0.7649182081222534,0.566946709513841
74,7,13,3,0.8367260694503784,0.7559289460184546
74,7,21,3,0.8348870277404785,0.6172133998483679
74,7,37,3,0.7238252758979797,0.30860669992418394
74,7,69,3,0.7649182081222534,0.566946709513841
74,7,25,3,0.8269119262695312,0.5345224838248489
74,7,41,3,0.7481561303138733,0.4285714285714288
74,7,73,3,0.7988601922988892,0.6761234037828134
74,7,49,3,0.8962798118591309,0.7559289460184544
74,7,81,3,0.9682877063751221,0.9258200997725518
74,7,97,3,0.9342862367630005,0.9258200997725518
74,7,14,3,0.7871943712234497,0.4364357804719849
74,7,22,3,0.8407242894172668,0.566946709513841
74,7,38,3,0.7943240404129028,0.5714285714285717
74,7,70,3,0.7502110600471497,0.4285714285714288
74,7,26,3,0.915757417678833,0.7559289460184544
74,7,42,3,0.7499634027481079,0.3585685828003182
74,7,74,3,0.7900795936584473,0.4364357804719849
74,7,50,3,0.889968991279602,0.7559289460184546
74,7,82,3,0.8066507577896118,0.3779644730092273
74,7,98,3,0.8029806017875671,0.566946709513841
74,7,28,3,0.863614559173584,0.6546536707079773
74,7,44,3,0.7899641990661621,0.3779644730092273
74,7,76,3,0.7900795936584473,0.4364357804719849
74,7,52,3,0.889968991279602,0.7559289460184546
74,7,84,3,0.8066507577896118,0.3779644730092273
74,7,100,3,0.8363170623779297,0.5070925528371101
74,7,56,3,0.915757417678833,0.7559289460184544
74,7,88,3,0.9470828771591187,0.8451542547285168
74,7,104,3,0.9636576175689697,0.8451542547285168
74,7,112,3,0.8927950859069824,0.6546536707079773
74,7,15,4,0.7882056832313538,0.6761234037828134
74,7,23,4,0.8348870277404785,0.6172133998483679
74,7,39,4,0.7242419719696045,0.06788442333021308
74,7,71,4,0.7649182081222534,0.566946709513841
74,7,27,4,0.8702998757362366,0.8451542547285168
74,7,43,4,0.7481561303138733,0.4285714285714288
74,7,75,4,0.7988601922988892,0.6761234037828134
74,7,51,4,0.9682877063751221,0.9258200997725518
74,7,83,4,0.8195785880088806,0.6761234037828134
74,7,99,4,0.8674774169921875,0.7715167498104598
74,7,29,4,0.8269119262695312,0.5345224838248489
74,7,45,4,0.7481561303138733,0.4285714285714288
74,7,77,4,0.7988601922988892,0.6761234037828134
74,7,53,4,0.8962798118591309,0.7559289460184544
74,7,85,4,0.9682877063751221,0.9258200997725518
74,7,101,4,0.8137902617454529,0.3585685828003182
74,7,57,4,0.915757417678833,0.7559289460184544
74,7,89,4,1.0,1.0000000000000004
74,7,105,4,0.9183199405670166,0.7559289460184544
74,7,113,4,0.9682877063751221,0.9258200997725518
74,7,30,4,0.867152214050293,0.7559289460184546
74,7,46,4,0.7446469068527222,0.32732683535398865
74,7,78,4,0.7900795936584473,0.4364357804719849
74,7,54,4,0.889968991279602,0.7559289460184546
74,7,86,4,0.8789240717887878,0.7559289460184546
74,7,102,4,0.8672525882720947,0.6681531047810612
74,7,58,4,0.915757417678833,0.7559289460184544
74,7,90,4,0.9621244072914124,0.9258200997725518
74,7,106,4,0.9470828771591187,0.8451542547285168
74,7,114,4,0.8862705230712891,0.6546536707079773
74,7,60,4,0.915757417678833,0.7559289460184544
74,7,92,4,0.9470828771591187,0.8451542547285168
74,7,108,4,0.9470828771591187,0.8451542547285168
74,7,116,4,0.8927950859069824,0.6546536707079773
74,7,120,4,0.9636576175689697,0.8451542547285168
74,7,31,5,0.8702998757362366,0.8451542547285168
74,7,47,5,0.7608314156532288,0.6172133998483679
74,7,79,5,0.7755870819091797,0.6172133998483679
74,7,55,5,0.9682877063751221,0.9258200997725518
74,7,87,5,0.8449034690856934,0.6761234037828134
74,7,103,5,0.7931042909622192,0.46291004988627593
74,7,59,5,1.0,1.0000000000000004
74,7,91,5,1.0,1.0000000000000004
74,7,107,5,0.8691046237945557,0.8571428571428575
74,7,115,5,0.9682877063751221,0.9258200997725518
74,7,61,5,0.915757417678833,0.7559289460184544
74,7,93,5,1.0,1.0000000000000004
74,7,109,5,0.9183199405670166,0.7559289460184544
74,7,117,5,0.9682877063751221,0.9258200997725518
74,7,121,5,1.0,1.0000000000000004
74,7,62,5,0.9621244072914124,0.9258200997725518
74,7,94,5,0.9621244072914124,0.9258200997725518
74,7,110,5,0.9470828771591187,0.8451542547285168
74,7,118,5,0.8789240717887878,0.7559289460184546
74,7,122,5,0.9470828771591187,0.8451542547285168
74,7,124,5,0.9470828771591187,0.8451542547285168
74,7,63,6,1.0,1.0000000000000004
74,7,95,6,1.0,1.0000000000000004
74,7,111,6,0.8677017688751221,0.8571428571428575
74,7,119,6,0.9682877063751221,0.9258200997725518
74,7,123,6,1.0,1.0000000000000004
74,7,125,6,0.9115054607391357,0.7559289460184544
74,7,126,6,0.9470828771591187,0.8451542547285168
75,7,127,7,1.0,1.0000000000000002
75,7,0,0,0.6958483457565308,0.0
75,7,1,1,0.7270805239677429,0.0
75,7,2,1,0.7286777496337891,0.0
75,7,4,1,0.7343803644180298,0.25000000000000006
75,7,8,1,0.6957406401634216,0.0
75,7,16,1,0.7993724346160889,0.25000000000000006
75,7,32,1,0.737215518951416,0.0
75,7,64,1,0.8252816796302795,0.3535533905932738
75,7,3,2,0.7997640371322632,0.3535533905932738
75,7,5,2,0.8560014963150024,0.632455532033676
75,7,9,2,0.6985416412353516,0.0
75,7,17,2,0.9052688479423523,0.4330127018922194
75,7,33,2,0.7627414464950562,0.0
75,7,65,2,0.8744524717330933,0.26516504294495535
75,7,6,2,0.782089114189148,0.5303300858899107
75,7,10,2,0.7168223857879639,0.20412414523193154
75,7,18,2,0.8046743869781494,0.20412414523193154
75,7,34,2,0.7286777496337891,0.0
75,7,66,2,0.8328641057014465,0.3535533905932738
75,7,12,2,0.7507429122924805,0.4082482904638631
75,7,20,2,0.8385398387908936,0.5303300858899107
75,7,36,2,0.7817928791046143,0.3535533905932738
75,7,68,2,0.8353093266487122,0.4082482904638631
75,7,24,2,0.7103649377822876,0.0
75,7,40,2,0.6960597038269043,0.0
75,7,72,2,0.8137236833572388,0.1767766952966369
75,7,48,2,0.8454943895339966,0.20412414523193154
75,7,80,2,0.8948431015014648,0.4082482904638631
75,7,96,2,0.8958519101142883,0.5000000000000001
75,7,7,3,0.7918202877044678,0.474341649025257
75,7,11,3,0.8344097137451172,0.316227766016838
75,7,19,3,0.9017190337181091,0.632455532033676
75,7,35,3,0.7735736966133118,0.1767766952966369
75,7,67,3,0.8506248593330383,0.3535533905932738
75,7,13,3,0.7918202877044678,0.474341649025257
75,7,21,3,0.8915533423423767,0.7216878364870323
75,7,37,3,0.8039380311965942,0.4330127018922194
75,7,69,3,0.8552294373512268,0.5773502691896258
75,7,25,3,0.913705587387085,0.5773502691896258
75,7,41,3,0.8135769367218018,0.22360679774997896
75,7,73,3,0.9018896818161011,0.26726124191242445
75,7,49,3,0.9060367345809937,0.316227766016838
75,7,81,3,0.8963677883148193,0.4214636152117622
75,7,97,3,0.9096418619155884,0.4787135538781693
75,7,14,3,0.782089114189148,0.5303300858899107
75,7,22,3,0.8584533333778381,0.7071067811865476
75,7,38,3,0.800990641117096,0.474341649025257
75,7,70,3,0.8629148602485657,0.7071067811865476
75,7,26,3,0.8300006985664368,0.474341649025257
75,7,42,3,0.7651967406272888,0.1767766952966369
75,7,74,3,0.8328641057014465,0.3535533905932738
75,7,50,3,0.8504016399383545,0.316227766016838
75,7,82,3,0.8972653150558472,0.474341649025257
75,7,98,3,0.8958519101142883,0.5000000000000001
75,7,28,3,0.8385398387908936,0.5303300858899107
75,7,44,3,0.7507429122924805,0.4082482904638631
75,7,76,3,0.8397100567817688,0.5303300858899107
75,7,52,3,0.8472477197647095,0.474341649025257
75,7,84,3,0.9124559164047241,0.7071067811865476
75,7,100,3,0.8938195109367371,0.5303300858899107
75,7,56,3,0.8043287396430969,0.158113883008419
75,7,88,3,0.8460438847541809,0.316227766016838
75,7,104,3,0.8958519101142883,0.5000000000000001
75,7,112,3,0.8803889751434326,0.4330127018922194
75,7,15,4,0.7918202877044678,0.474341649025257
75,7,23,4,0.895979642868042,0.632455532033676
75,7,39,4,0.8557988405227661,0.474341649025257
75,7,71,4,0.8756613731384277,0.790569415042095
75,7,27,4,0.913705587387085,0.5773502691896258
75,7,43,4,0.8531433343887329,0.474341649025257
75,7,75,4,0.9241416454315186,0.632455532033676
75,7,51,4,0.9095262289047241,0.4330127018922194
75,7,83,4,0.9589066505432129,0.7216878364870323
75,7,99,4,0.8935713768005371,0.474341649025257
75,7,29,4,0.8531759977340698,0.5773502691896258
75,7,45,4,0.8037397861480713,0.4330127018922194
75,7,77,4,0.8552294373512268,0.5773502691896258
75,7,53,4,0.8588844537734985,0.5345224838248489
75,7,85,4,0.9095410704612732,0.6681531047810612
75,7,101,4,0.9192712306976318,0.790569415042095
75,7,57,4,0.9141216278076172,0.5345224838248489
75,7,89,4,0.9635510444641113,0.6681531047810612
75,7,105,4,0.9693121314048767,0.5892556509887896
75,7,113,4,0.9847251176834106,0.5773502691896258
75,7,30,4,0.8584533333778381,0.7071067811865476
75,7,46,4,0.800990641117096,0.474341649025257
75,7,78,4,0.8629148602485657,0.7071067811865476
75,7,54,4,0.877402126789093,0.5773502691896258
75,7,86,4,0.9229031801223755,0.790569415042095
75,7,102,4,0.908166766166687,0.790569415042095
75,7,58,4,0.8432959318161011,0.4330127018922194
75,7,90,4,0.9002500772476196,0.5773502691896258
75,7,106,4,0.8958519101142883,0.5000000000000001
75,7,114,4,0.928891658782959,0.5773502691896258
75,7,60,4,0.8464924693107605,0.4330127018922194
75,7,92,4,0.9124559164047241,0.7071067811865476
75,7,108,4,0.8885113000869751,0.632455532033676
75,7,116,4,0.9437856674194336,0.790569415042095
75,7,120,4,0.8803889751434326,0.4330127018922194
75,7,31,5,0.8465062975883484,0.33678765702728186
75,7,47,5,0.8557988405227661,0.474341649025257
75,7,79,5,0.8756613731384277,0.790569415042095
75,7,55,5,0.8856793642044067,0.5773502691896258
75,7,87,5,0.9351816177368164,0.7216878364870323
75,7,103,5,0.924409031867981,0.8660254037844387
75,7,59,5,0.9141216278076172,0.5345224838248489
75,7,91,5,0.9589066505432129,0.7216878364870323
75,7,107,5,0.9538594484329224,0.7216878364870323
75,7,115,5,0.9911709427833557,0.6681531047810612
75,7,61,5,0.8588844537734985,0.5345224838248489
75,7,93,5,0.932981550693512,0.8660254037844387
75,7,109,5,0.8943929672241211,0.6681531047810612
75,7,117,5,0.9349749684333801,0.7500000000000001
75,7,121,5,0.9913743734359741,0.8750000000000001
75,7,62,5,0.8661284446716309,0.632455532033676
75,7,94,5,0.9229031801223755,0.790569415042095
75,7,110,5,0.908166766166687,0.790569415042095
75,7,118,5,0.9587916135787964,0.8017837257372734
75,7,122,5,0.9380993247032166,0.7071067811865476
75,7,124,5,0.9437856674194336,0.790569415042095
75,7,63,6,0.8856793642044067,0.5773502691896258
75,7,95,6,0.9704146385192871,0.8017837257372734
75,7,111,6,0.9409957528114319,0.7216878364870323
75,7,119,6,0.960477352142334,0.8017837257372734
75,7,123,6,0.9889923334121704,0.8017837257372734
75,7,125,6,0.9655503034591675,0.9354143466934857
75,7,126,6,0.9587916135787964,0.8017837257372734
76,5,31,5,0.9999998807907104,1.0000000000000002
76,5,0,0,0.7591773867607117,0.0
76,5,1,1,0.7972525358200073,0.0
76,5,2,1,0.780543863773346,0.4082482904638631
76,5,4,1,0.8624149560928345,0.5773502691896258
76,5,8,1,0.7591773867607117,0.0
76,5,16,1,0.9447517395019531,0.4082482904638631
76,5,3,2,0.7972525358200073,0.0
76,5,5,2,0.7914547920227051,0.0
76,5,9,2,0.8184622526168823,0.7715167498104598
76,5,17,2,0.9999998807907104,1.0000000000000002
76,5,6,2,0.813291609287262,0.5477225575051663
76,5,10,2,0.7591773867607117,0.0
76,5,18,2,0.780543863773346,0.4082482904638631
76,5,12,2,0.8624149560928345,0.5773502691896258
76,5,20,2,0.9899135828018188,0.8164965809277261
76,5,24,2,0.7661458253860474,0.0
76,5,7,3,0.7930086851119995,0.074535599249993
76,5,11,3,0.8132138848304749,0.8333333333333336
76,5,19,3,0.9999998807907104,1.0000000000000002
76,5,13,3,0.7956538200378418,0.05555555555555559
76,5,21,3,0.9999998807907104,1.0000000000000002
76,5,25,3,0.9999998807907104,1.0000000000000002
76,5,14,3,0.8154749870300293,0.5477225575051663
76,5,22,3,0.9899135828018188,0.8164965809277261
76,5,26,3,0.780543863773346,0.4082482904638631
76,5,28,3,0.9899135828018188,0.8164965809277261
76,5,15,4,0.7934032678604126,0.07106690545187017
76,5,23,4,0.9999998807907104,1.0000000000000002
76,5,27,4,0.9999998807907104,1.0000000000000002
76,5,29,4,0.9999998807907104,1.0000000000000002
76,5,30,4,0.9899135828018188,0.8164965809277261
77,6,63,6,0.9999999403953552,1.000000000000001
77,6,0,0,0.7361588478088379,0.0
77,6,1,1,0.7757831811904907,0.0
77,6,2,1,0.7476803064346313,0.0
77,6,4,1,0.7797132730484009,0.0
77,6,8,1,0.7759846448898315,0.2626128657194452
77,6,16,1,0.786064863204956,0.37139067635410383
77,6,32,1,0.8066267967224121,0.2626128657194452
77,6,3,2,0.7589015364646912,0.0
77,6,5,2,0.7713841199874878,0.16609095970748
77,6,9,2,0.7766087055206299,0.0
77,6,17,2,0.7747133374214172,0.16609095970748
77,6,33,2,0.7984921932220459,0.15161960871578076
77,6,6,2,0.7797132730484009,0.0
77,6,10,2,0.7628097534179688,0.16609095970748
77,6,18,2,0.7716180086135864,0.2626128657194452
77,6,34,2,0.8066267967224121,0.2626128657194452
77,6,12,2,0.7670231461524963,0.16609095970748
77,6,20,2,0.7670231461524963,0.16609095970748
77,6,36,2,0.7956690788269043,0.15161960871578076
77,6,24,2,0.7759846448898315,0.2626128657194452
77,6,40,2,0.7968406081199646,0.21442250696755905
77,6,48,2,0.8066267967224121,0.2626128657194452
77,6,7,3,0.7797132730484009,0.0
77,6,11,3,0.7636733651161194,0.10300524052492101
77,6,19,3,0.7549965381622314,0.1313064328597226
77,6,35,3,0.8719186782836914,0.21850711221876903
77,6,13,3,0.7479510307312012,0.15161960871578076
77,6,21,3,0.7670231461524963,0.16609095970748
77,6,37,3,0.7956690788269043,0.15161960871578076
77,6,25,3,0.7656630277633667,0.0
77,6,41,3,0.8534916639328003,0.4394353744020413
77,6,49,3,0.8007093071937561,0.14037248126871935
77,6,14,3,0.7670231461524963,0.16609095970748
77,6,22,3,0.7670231461524963,0.16609095970748
77,6,38,3,0.7956690788269043,0.15161960871578076
77,6,26,3,0.7759846448898315,0.2626128657194452
77,6,42,3,0.7963815927505493,0.15161960871578076
77,6,50,3,0.8066267967224121,0.2626128657194452
77,6,28,3,0.7670231461524963,0.16609095970748
77,6,44,3,0.7956690788269043,0.15161960871578076
77,6,52,3,0.7956690788269043,0.15161960871578076
77,6,56,3,0.7968406081199646,0.21442250696755905
77,6,15,4,0.8257747888565063,0.4990985182622257
77,6,23,4,0.7670231461524963,0.16609095970748
77,6,39,4,0.7956690788269043,0.15161960871578076
77,6,27,4,0.7088104486465454,0.0
77,6,43,4,0.8632336258888245,0.42739375761086484
77,6,51,4,0.8650988340377808,0.20011120378952113
77,6,29,4,0.8364652991294861,0.4427270711489539
77,6,45,4,0.7956690788269043,0.15161960871578076
77,6,53,4,0.7956690788269043,0.15161960871578076
77,6,57,4,0.8592689037322998,0.4162907234150369
77,6,30,4,0.7670231461524963,0.16609095970748
77,6,46,4,0.7956690788269043,0.15161960871578076
77,6,54,4,0.7956690788269043,0.15161960871578076
77,6,58,4,0.7789777517318726,0.14037248126871935
77,6,60,4,0.7956690788269043,0.15161960871578076
77,6,31,5,0.8118851184844971,0.3041403760822254
77,6,47,5,0.9203177094459534,0.5413902920037099
77,6,55,5,0.7956690788269043,0.15161960871578076
77,6,59,5,0.8025428056716919,0.14037248126871935
77,6,61,5,0.7956690788269043,0.15161960871578076
77,6,62,5,0.7956690788269043,0.15161960871578076
79,7,127,7,0.9999998807907104,1.0000000000000004
79,7,0,0,0.7281326055526733,0.0
79,7,1,1,0.776858925819397,0.16718346377260593
79,7,2,1,0.7560036182403564,0.16903085094570336
79,7,4,1,0.7407118082046509,0.26726124191242445
79,7,8,1,0.8049982190132141,0.0
79,7,16,1,0.7728520631790161,0.5345224838248489
79,7,32,1,0.7226787209510803,0.0
79,7,64,1,0.8330351710319519,0.4364357804719849
79,7,3,2,0.8742973804473877,0.4285714285714288
79,7,5,2,0.8340975046157837,0.30860669992418394
79,7,9,2,0.8218193054199219,0.15430334996209197
79,7,17,2,0.7681419253349304,0.28571428571428586
79,7,33,2,0.7802656888961792,0.20044593143431835
79,7,65,2,0.8197638988494873,0.05292561240249631
79,7,6,2,0.8142023086547852,0.26726124191242445
79,7,10,2,0.9232867360115051,0.6172133998483679
79,7,18,2,0.8532711267471313,0.3779644730092273
79,7,34,2,0.7977614998817444,0.3380617018914067
79,7,66,2,0.8962680697441101,0.566946709513841
79,7,12,2,0.8841861486434937,0.46291004988627593
79,7,20,2,0.7984622716903687,0.21821789023599245
79,7,36,2,0.8466549515724182,0.21821789023599245
79,7,68,2,0.8787624835968018,0.4364357804719849
79,7,24,2,0.9217725992202759,0.566946709513841
79,7,40,2,0.8202624320983887,0.26726124191242445
79,7,72,2,0.9191899299621582,0.4364357804719849
79,7,48,2,0.8335089683532715,0.5070925528371101
79,7,80,2,0.8543394804000854,0.566946709513841
79,7,96,2,0.8158935308456421,0.21821789023599245
79,7,7,3,0.9059740304946899,0.5345224838248489
79,7,11,3,0.9508550763130188,0.7142857142857146
79,7,19,3,0.9423866271972656,0.8451542547285168
79,7,35,3,0.8224668502807617,0.3380617018914067
79,7,67,3,0.8596643209457397,0.30860669992418394
79,7,13,3,0.9039129614830017,0.7142857142857146
79,7,21,3,0.8728975057601929,0.5714285714285717
79,7,37,3,0.8318924307823181,0.4285714285714288
79,7,69,3,0.9053323268890381,0.3779644730092273
79,7,25,3,0.8215595483779907,0.5070925528371101
79,7,41,3,0.9217725992202759,0.566946709513841
79,7,73,3,0.9728761911392212,0.8451542547285168
79,7,49,3,0.8254261016845703,0.3380617018914067
79,7,81,3,0.8952804207801819,0.6761234037828134
79,7,97,3,0.8116376996040344,0.28571428571428586
79,7,14,3,0.9232867360115051,0.6172133998483679
79,7,22,3,0.8435120582580566,0.4285714285714288
79,7,38,3,0.8994663953781128,0.46291004988627593
79,7,70,3,0.957291305065155,0.7715167498104598
79,7,26,3,0.9569726586341858,0.9258200997725518
79,7,42,3,0.9081534743309021,0.6761234037828134
79,7,74,3,0.957291305065155,0.7715167498104598
79,7,50,3,0.8532711267471313,0.3779644730092273
79,7,82,3,0.8962680697441101,0.566946709513841
79,7,98,3,0.850398063659668,0.6761234037828134
79,7,28,3,0.8941135406494141,0.6172133998483679
79,7,44,3,0.9062345027923584,0.6761234037828134
79,7,76,3,0.9448935985565186,0.8451542547285168
79,7,52,3,0.8472234010696411,0.5070925528371101
79,7,84,3,0.8787624835968018,0.4364357804719849
79,7,100,3,0.8973447680473328,0.6761234037828134
79,7,56,3,0.9210135340690613,0.7559289460184546
79,7,88,3,0.9217725992202759,0.566946709513841
79,7,104,3,0.9210135340690613,0.7559289460184546
79,7,112,3,0.8535408973693848,0.46291004988627593
79,7,15,4,0.9999998807907104,1.0000000000000004
79,7,23,4,0.9126753807067871,0.7142857142857146
79,7,39,4,0.9177123308181763,0.6681531047810612
79,7,71,4,0.8975933790206909,0.4285714285714288
79,7,27,4,0.8907744884490967,0.411475599898912
79,7,43,4,0.8907744884490967,0.411475599898912
79,7,75,4,0.9999998807907104,1.0000000000000004
79,7,51,4,0.877644419670105,0.5345224838248489
79,7,83,4,0.9423866271972656,0.8451542547285168
79,7,99,4,0.8814798593521118,0.308606699924184
79,7,29,4,0.8215595483779907,0.5070925528371101
79,7,45,4,0.9344786405563354,0.7142857142857146
79,7,77,4,0.8952804207801819,0.6761234037828134
79,7,53,4,0.8932152986526489,0.5714285714285717
79,7,85,4,0.9396885633468628,0.7715167498104598
79,7,101,4,0.9396885633468628,0.7715167498104598
79,7,57,4,0.7572844624519348,0.0
79,7,89,4,0.8952804207801819,0.6761234037828134
79,7,105,4,0.9644832611083984,0.6681531047810612
79,7,113,4,0.9140762090682983,0.6172133998483679
79,7,30,4,0.8708183765411377,0.6172133998483679
79,7,46,4,0.9371565580368042,0.7715167498104598
79,7,78,4,0.957291305065155,0.7715167498104598
79,7,54,4,0.8528018593788147,0.46291004988627593
79,7,86,4,0.9569726586341858,0.9258200997725518
79,7,102,4,0.9569726586341858,0.9258200997725518
79,7,58,4,0.9569726586341858,0.9258200997725518
79,7,90,4,0.9569726586341858,0.9258200997725518
79,7,106,4,0.9569726586341858,0.9258200997725518
79,7,114,4,0.8962680697441101,0.566946709513841
79,7,60,4,0.9286246299743652,0.7715167498104598
79,7,92,4,0.9448935985565186,0.8451542547285168
79,7,108,4,0.9321444630622864,0.7715167498104598
79,7,116,4,0.8973447680473328,0.6761234037828134
79,7,120,4,0.9210135340690613,0.7559289460184546
79,7,31,5,0.9480106830596924,0.8571428571428575
79,7,47,5,0.875313401222229,0.3585685828003181
79,7,79,5,0.9999998807907104,1.0000000000000004
79,7,55,5,0.9126753807067871,0.7142857142857146
79,7,87,5,0.9578568339347839,0.8571428571428575
79,7,103,5,0.9578568339347839,0.8571428571428575
79,7,59,5,0.9999998807907104,1.0000000000000004
79,7,91,5,0.9999998807907104,1.0000000000000004
79,7,107,5,0.9008955359458923,0.2817180849095056
79,7,115,5,0.9247549772262573,0.7142857142857146
79,7,61,5,0.9344786405563354,0.7142857142857146
79,7,93,5,0.9695585370063782,0.8571428571428575
79,7,109,5,0.9537871479988098,0.8017837257372734
79,7,117,5,0.9811415672302246,0.8571428571428575
79,7,121,5,0.9644832611083984,0.6681531047810612
79,7,62,5,0.9222034215927124,0.7715167498104598
79,7,94,5,0.9569726586341858,0.9258200997725518
79,7,110,5,0.9569726586341858,0.9258200997725518
79,7,118,5,0.9569726586341858,0.9258200997725518
79,7,122,5,0.9569726586341858,0.9258200997725518
79,7,124,5,0.9321444630622864,0.7715167498104598
79,7,63,6,0.9999998807907104,1.0000000000000004
79,7,95,6,0.9999998807907104,1.0000000000000004
79,7,111,6,0.9009822607040405,0.28490144114909505
79,7,119,6,0.9489374160766602,0.8571428571428575
79,7,123,6,0.9999998807907104,1.0000000000000004
79,7,125,6,0.9547438621520996,0.7559289460184544
79,7,126,6,0.9569726586341858,0.9258200997725518
80,4,15,4,0.9999999403953552,1.0
80,4,0,0,0.7055849432945251,0.0
80,4,1,1,0.7758121490478516,0.5
80,4,2,1,0.7297302484512329,0.3535533905932738
80,4,4,1,0.9076883792877197,0.5
80,4,8,1,0.7143352031707764,0.0
80,4,3,2,0.8038944005966187,0.7071067811865476
80,4,5,2,0.9076883792877197,0.5
80,4,9,2,0.8501073718070984,0.75
80,4,6,2,0.9076883792877197,0.5
80,4,10,2,0.7966077327728271,0.5773502691896258
80,4,12,2,0.8484240174293518,0.3535533905932738
80,4,7,3,0.951059877872467,0.8660254037844388
80,4,11,3,0.8713673949241638,0.75
80,4,13,3,0.944921612739563,0.3535533905932738
80,4,14,3,0.9681965708732605,0.8660254037844388
81,7,127,7,1.0,1.0000000000000004
81,7,0,0,0.7332692742347717,0.0
81,7,1,1,0.7805712223052979,0.5345224838248489
81,7,2,1,0.7805712223052979,0.5345224838248489
81,7,4,1,0.7332692742347717,0.0
81,7,8,1,0.894477903842926,0.3779644730092273
81,7,16,1,0.7332692742347717,0.0
81,7,32,1,0.7907952666282654,0.26726124191242445
81,7,64,1,0.841727077960968,0.3779644730092273
81,7,3,2,0.7805712223052979,0.5345224838248489
81,7,5,2,0.8164229989051819,0.6546536707079773
81,7,9,2,0.9057183265686035,0.6546536707079773
81,7,17,2,0.7471548318862915,0.3779644730092273
81,7,33,2,0.7940835952758789,0.566946709513841
81,7,65,2,0.8635557293891907,0.6546536707079773
81,7,6,2,0.8164229989051819,0.6546536707079773
81,7,10,2,0.9024375081062317,0.6546536707079773
81,7,18,2,0.7805712223052979,0.5345224838248489
81,7,34,2,0.7945983409881592,0.566946709513841
81,7,66,2,0.8635557293891907,0.6546536707079773
81,7,12,2,0.9283992052078247,0.566946709513841
81,7,20,2,0.7340748310089111,0.0
81,7,36,2,0.8145482540130615,0.30860669992418394
81,7,68,2,0.841727077960968,0.3779644730092273
81,7,24,2,0.8457218408584595,0.26726124191242445
81,7,40,2,0.9387250542640686,0.6546536707079773
81,7,72,2,0.88019859790802,0.26726124191242445
81,7,48,2,0.8111114501953125,0.5345224838248489
81,7,80,2,0.841727077960968,0.3779644730092273
81,7,96,2,0.8763290047645569,0.5345224838248489
81,7,7,3,0.8164229989051819,0.6546536707079773
81,7,11,3,0.908437967300415,0.6546536707079773
81,7,19,3,0.7805712223052979,0.5345224838248489
81,7,35,3,0.7945983409881592,0.566946709513841
81,7,67,3,0.8635557293891907,0.6546536707079773
81,7,13,3,0.9338752031326294,0.7715167498104598
81,7,21,3,0.8297395706176758,0.37796447300922725
81,7,37,3,0.8240203857421875,0.5345224838248489
81,7,69,3,0.8957846164703369,0.7559289460184546
81,7,25,3,0.9235627055168152,0.6172133998483679
81,7,41,3,0.8986406922340393,0.6761234037828134
81,7,73,3,0.921251118183136,0.7559289460184546
81,7,49,3,0.8090133666992188,0.6761234037828134
81,7,81,3,0.8299733400344849,0.566946709513841
81,7,97,3,0.8789099454879761,0.7559289460184546
81,7,14,3,0.951429009437561,0.8451542547285168
81,7,22,3,0.780559778213501,0.46291004988627593
81,7,38,3,0.8250951766967773,0.6761234037828134
81,7,70,3,0.8957846164703369,0.7559289460184546
81,7,26,3,0.8977320194244385,0.566946709513841
81,7,42,3,0.9463328123092651,0.8451542547285168
81,7,74,3,0.9330533742904663,0.7559289460184546
81,7,50,3,0.7996358275413513,0.6761234037828134
81,7,82,3,0.8635557293891907,0.6546536707079773
81,7,98,3,0.8789099454879761,0.7559289460184546
81,7,28,3,0.9608449935913086,0.7559289460184546
81,7,44,3,0.9903751611709595,0.8451542547285168
81,7,76,3,0.9829092621803284,0.7559289460184546
81,7,52,3,0.8409755825996399,0.4285714285714287
81,7,84,3,0.841727077960968,0.3779644730092273
81,7,100,3,0.8763290047645569,0.5345224838248489
81,7,56,3,0.947814404964447,0.7559289460184546
81,7,88,3,0.8733697533607483,0.21821789023599245
81,7,104,3,0.9387250542640686,0.6546536707079773
81,7,112,3,0.8784825801849365,0.6546536707079773
81,7,15,4,0.951429009437561,0.8451542547285168
81,7,23,4,0.8504984974861145,0.7715167498104598
81,7,39,4,0.8250951766967773,0.6761234037828134
81,7,71,4,0.8957846164703369,0.7559289460184546
81,7,27,4,0.8977320194244385,0.566946709513841
81,7,43,4,0.9486072063446045,0.8451542547285168
81,7,75,4,0.9330533742904663,0.7559289460184546
81,7,51,4,0.8192012310028076,0.629940788348712
81,7,83,4,0.8635557293891907,0.6546536707079773
81,7,99,4,0.8789099454879761,0.7559289460184546
81,7,29,4,0.998032808303833,0.9354143466934857
81,7,45,4,1.0,1.0000000000000004
81,7,77,4,0.992777407169342,0.9258200997725518
81,7,53,4,0.8449345827102661,0.629940788348712
81,7,85,4,0.891961932182312,0.6681531047810612
81,7,101,4,0.9271915555000305,0.8017837257372733
81,7,57,4,0.9607415795326233,0.9258200997725518
81,7,89,4,0.9225616455078125,0.6761234037828134
81,7,105,4,0.9486072063446045,0.8451542547285168
81,7,113,4,0.8867156505584717,0.8451542547285168
81,7,30,4,0.9675165414810181,0.9258200997725518
81,7,46,4,1.0,1.0000000000000004
81,7,78,4,0.992777407169342,0.9258200997725518
81,7,54,4,0.8303847312927246,0.629940788348712
81,7,86,4,0.9213278293609619,0.8017837257372733
81,7,102,4,0.9343595504760742,0.8819171036881969
81,7,58,4,0.9607415795326233,0.9258200997725518
81,7,90,4,0.9236927032470703,0.6761234037828134
81,7,106,4,0.9486072063446045,0.8451542547285168
81,7,114,4,0.9068611860275269,0.8819171036881969
81,7,60,4,0.9903751611709595,0.8451542547285168
81,7,92,4,0.9885795712471008,0.7715167498104598
81,7,108,4,0.9903751611709595,0.8451542547285168
81,7,116,4,0.926160454750061,0.7142857142857145
81,7,120,4,0.947814404964447,0.7559289460184546
81,7,31,5,0.9675165414810181,0.9258200997725518
81,7,47,5,1.0,1.0000000000000004
81,7,79,5,0.992777407169342,0.9258200997725518
81,7,55,5,0.8449345827102661,0.629940788348712
81,7,87,5,0.9213278293609619,0.8017837257372733
81,7,103,5,0.9343595504760742,0.8819171036881969
81,7,59,5,0.9607415795326233,0.9258200997725518
81,7,91,5,0.9236927032470703,0.6761234037828134
81,7,107,5,0.9486072063446045,0.8451542547285168
81,7,115,5,0.9068611860275269,0.8819171036881969
81,7,61,5,1.0,1.0000000000000004
81,7,93,5,0.998032808303833,0.9354143466934857
81,7,109,5,1.0,1.0000000000000004
81,7,117,5,0.9343595504760742,0.8819171036881969
81,7,121,5,0.9607415795326233,0.9258200997725518
81,7,62,5,1.0,1.0000000000000004
81,7,94,5,1.0,1.0000000000000004
81,7,110,5,1.0,1.0000000000000004
81,7,118,5,0.9343595504760742,0.8819171036881969
81,7,122,5,0.9607415795326233,0.9258200997725518
81,7,124,5,0.9903751611709595,0.8451542547285168
81,7,63,6,1.0,1.0000000000000004
81,7,95,6,1.0,1.0000000000000004
81,7,111,6,1.0,1.0000000000000004
81,7,119,6,0.9343595504760742,0.8819171036881969
81,7,123,6,0.9607415795326233,0.9258200997725518
81,7,125,6,1.0,1.0000000000000004
81,7,126,6,1.0,1.0000000000000004
82,7,127,7,0.9999999403953552,1.0000000000000004
82,7,0,0,0.7132582664489746,0.0
82,7,1,1,0.8553744554519653,0.566946709513841
82,7,2,1,0.8106776475906372,0.3779644730092273
82,7,4,1,0.8096901774406433,0.5070925528371101
82,7,8,1,0.7830201387405396,0.566946709513841
82,7,16,1,0.7132582664489746,0.0
82,7,32,1,0.8219839334487915,0.5345224838248489
82,7,64,1,0.90824294090271,0.5070925528371101
82,7,3,2,0.9307620525360107,0.9258200997725518
82,7,5,2,0.8595644235610962,0.566946709513841
82,7,9,2,0.8575044274330139,0.566946709513841
82,7,17,2,0.7710128426551819,0.4364357804719849
82,7,33,2,0.8595644235610962,0.566946709513841
82,7,65,2,0.906366229057312,0.5039526306789697
82,7,6,2,0.9079842567443848,0.566946709513841
82,7,10,2,0.827193558216095,0.6761234037828134
82,7,18,2,0.7132582664489746,0.0
82,7,34,2,0.9090890884399414,0.3779644730092273
82,7,66,2,0.9436184167861938,0.3779644730092273
82,7,12,2,0.8625638484954834,0.7142857142857145
82,7,20,2,0.8731197118759155,0.7559289460184546
82,7,36,2,0.8460164070129395,0.5929994533288812
82,7,68,2,0.9511882066726685,0.5070925528371101
82,7,24,2,0.7830201387405396,0.566946709513841
82,7,40,2,0.755008339881897,0.566946709513841
82,7,72,2,0.870460033416748,0.6761234037828134
82,7,48,2,0.8219839334487915,0.5345224838248489
82,7,80,2,0.9393233060836792,0.566946709513841
82,7,96,2,0.9040868282318115,0.4364357804719849
82,7,7,3,0.9183780550956726,0.8571428571428575
82,7,11,3,0.9307620525360107,0.9258200997725518
82,7,19,3,0.9307620525360107,0.9258200997725518
82,7,35,3,0.9999999403953552,1.0000000000000004
82,7,67,3,0.9999999403953552,1.0000000000000004
82,7,13,3,0.9030110239982605,0.7171371656006362
82,7,21,3,0.8553744554519653,0.566946709513841
82,7,37,3,0.9827591180801392,0.7171371656006362
82,7,69,3,0.9798195362091064,0.7171371656006362
82,7,25,3,0.8595644235610962,0.566946709513841
82,7,41,3,0.8271194696426392,0.5070925528371101
82,7,73,3,0.9304590225219727,0.7142857142857146
82,7,49,3,0.8595644235610962,0.566946709513841
82,7,81,3,0.9642868041992188,0.5976143046671971
82,7,97,3,0.9610077738761902,0.5714285714285717
82,7,14,3,0.9183780550956726,0.8571428571428575
82,7,22,3,0.8624911904335022,0.5345224838248489
82,7,38,3,0.8675758838653564,0.6172133998483679
82,7,70,3,0.947109580039978,0.566946709513841
82,7,26,3,0.829196572303772,0.566946709513841
82,7,42,3,0.8277537226676941,0.6761234037828134
82,7,74,3,0.9653523564338684,0.9258200997725518
82,7,50,3,0.9174389243125916,0.566946709513841
82,7,82,3,0.970034658908844,0.6172133998483679
82,7,98,3,0.9505676627159119,0.5070925528371101
82,7,28,3,0.8697813153266907,0.7142857142857145
82,7,44,3,0.8784963488578796,0.7142857142857145
82,7,76,3,0.9456650018692017,0.8017837257372734
82,7,52,3,0.8219839334487915,0.5345224838248489
82,7,84,3,0.9511882066726685,0.5070925528371101
82,7,100,3,0.9560249447822571,0.6761234037828134
82,7,56,3,0.7153297066688538,0.5070925528371101
82,7,88,3,0.870460033416748,0.6761234037828134
82,7,104,3,0.8680822849273682,0.6761234037828134
82,7,112,3,0.9328301548957825,0.6546536707079773
82,7,15,4,0.9183780550956726,0.8571428571428575
82,7,23,4,0.9307620525360107,0.9258200997725518
82,7,39,4,0.9999999403953552,1.0000000000000004
82,7,71,4,0.9999999403953552,1.0000000000000004
82,7,27,4,0.9183780550956726,0.8571428571428575
82,7,43,4,0.9999999403953552,1.0000000000000004
82,7,75,4,0.9999999403953552,1.0000000000000004
82,7,51,4,0.9999999403953552,1.0000000000000004
82,7,83,4,0.9999999403953552,1.0000000000000004
82,7,99,4,0.9999999403953552,1.0000000000000004
82,7,29,4,0.9039309024810791,0.5976143046671969
82,7,45,4,0.9827591180801392,0.7171371656006362
82,7,77,4,0.9827591180801392,0.7171371656006362
82,7,53,4,0.8553744554519653,0.566946709513841
82,7,85,4,0.9798195362091064,0.7171371656006362
82,7,101,4,0.9827591180801392,0.7171371656006362
82,7,57,4,0.8271194696426392,0.5070925528371101
82,7,89,4,0.9661726951599121,0.7171371656006362
82,7,105,4,0.9661726951599121,0.7171371656006362
82,7,113,4,0.9532079696655273,0.6761234037828134
82,7,30,4,0.9183780550956726,0.8571428571428575
82,7,46,4,0.9999999403953552,1.0000000000000004
82,7,78,4,0.9999999403953552,1.0000000000000004
82,7,54,4,0.8997423052787781,0.7142857142857145
82,7,86,4,0.9725106954574585,0.6761234037828134
82,7,102,4,0.9725106954574585,0.6761234037828134
82,7,58,4,0.8512333631515503,0.566946709513841
82,7,90,4,0.8916518688201904,0.6761234037828134
82,7,106,4,0.8916518688201904,0.6761234037828134
82,7,114,4,0.970034658908844,0.6172133998483679
82,7,60,4,0.8784963488578796,0.7142857142857145
82,7,92,4,0.9456650018692017,0.8017837257372734
82,7,108,4,0.9685033559799194,0.6681531047810612
82,7,116,4,0.9180490374565125,0.6761234037828134
82,7,120,4,0.870460033416748,0.6761234037828134
82,7,31,5,0.9999999403953552,1.0000000000000004
82,7,47,5,0.9999999403953552,1.0000000000000004
82,7,79,5,0.9999999403953552,1.0000000000000004
82,7,55,5,0.9999999403953552,1.0000000000000004
82,7,87,5,0.9999999403953552,1.0000000000000004
82,7,103,5,0.9999999403953552,1.0000000000000004
82,7,59,5,0.9999999403953552,1.0000000000000004
82,7,91,5,0.9999999403953552,1.0000000000000004
82,7,107,5,0.9999999403953552,1.0000000000000004
82,7,115,5,0.9999999403953552,1.0000000000000004
82,7,61,5,0.9827591180801392,0.7171371656006362
82,7,93,5,0.9827591180801392,0.7171371656006362
82,7,109,5,0.9827591180801392,0.7171371656006362
82,7,117,5,0.9827591180801392,0.7171371656006362
82,7,121,5,0.9827591180801392,0.7171371656006362
82,7,62,5,0.9999999403953552,1.0000000000000004
82,7,94,5,0.9999999403953552,1.0000000000000004
82,7,110,5,0.8975161910057068,0.6837634587578278
82,7,118,5,0.9754676818847656,0.7559289460184544
82,7,122,5,0.8916518688201904,0.6761234037828134
82,7,124,5,0.9436178207397461,0.5976143046671971
82,7,63,6,0.9999999403953552,1.0000000000000004
82,7,95,6,0.9999999403953552,1.0000000000000004
82,7,111,6,0.9999999403953552,1.0000000000000004
82,7,119,6,0.9999999403953552,1.0000000000000004
82,7,123,6,0.9999999403953552,1.0000000000000004
82,7,125,6,0.9827591180801392,0.7171371656006362
82,7,126,6,0.8991204500198364,0.6837634587578278
83,5,31,5,1.0,1.0000000000000002
83,5,0,0,0.7265374660491943,0.1825741858350554
83,5,1,1,0.777424156665802,0.447213595499958
83,5,2,1,0.7314469218254089,0.0
83,5,4,1,0.8078984618186951,0.447213595499958
83,5,8,1,0.8652598857879639,0.447213595499958
83,5,16,1,0.7983094453811646,0.447213595499958
83,5,3,2,0.802271842956543,0.632455532033676
83,5,5,2,0.8335951566696167,0.632455532033676
83,5,9,2,0.862142026424408,0.5163977794943224
83,5,17,2,0.7631769776344299,0.316227766016838
83,5,6,2,0.7787138819694519,0.447213595499958
83,5,10,2,0.8890934586524963,0.632455532033676
83,5,18,2,0.8112736344337463,0.632455532033676
83,5,12,2,0.9205942749977112,0.632455532033676
83,5,20,2,0.8078984618186951,0.447213595499958
83,5,24,2,0.9092912673950195,0.632455532033676
83,5,7,3,0.8701454401016235,0.7745966692414836
83,5,11,3,0.9243580102920532,0.670820393249937
83,5,19,3,0.841138482093811,0.5477225575051663
83,5,13,3,0.920307993888855,0.7745966692414836
83,5,21,3,0.8824999928474426,0.6000000000000001
83,5,25,3,0.9548643827438354,0.8000000000000002
83,5,14,3,0.9072381854057312,0.670820393249937
83,5,22,3,0.7779314517974854,0.4000000000000001
83,5,26,3,0.9325056076049805,0.7745966692414836
83,5,28,3,0.9403643608093262,0.7745966692414836
83,5,15,4,1.0,1.0000000000000002
83,5,23,4,0.8826506733894348,0.8000000000000002
83,5,27,4,1.0,1.0000000000000002
83,5,29,4,0.9601935148239136,0.894427190999916
83,5,30,4,1.0,1.0000000000000002
84,6,63,6,1.0,1.0000000000000002
84,6,0,0,0.7025063633918762,0.0
84,6,1,1,0.7646505832672119,0.3651483716701108
84,6,2,1,0.6871424317359924,0.1825741858350554
84,6,4,1,0.8247684240341187,0.158113883008419
84,6,8,1,0.7114802002906799,0.0
84,6,16,1,0.7345412373542786,0.0
84,6,32,1,0.7328013181686401,0.0
84,6,3,2,0.7641088962554932,0.4000000000000001
84,6,5,2,0.7322567701339722,0.0
84,6,9,2,0.7670789361000061,0.316227766016838
84,6,17,2,0.753539502620697,0.0
84,6,33,2,0.8062974214553833,0.3651483716701108
84,6,6,2,0.8357733488082886,0.16903085094570336
84,6,10,2,0.7114802002906799,0.0
84,6,18,2,0.7428131103515625,0.0
84,6,34,2,0.6942386627197266,0.0
84,6,12,2,0.8381375670433044,0.2581988897471612
84,6,20,2,0.8245660066604614,0.316227766016838
84,6,36,2,0.8808494806289673,0.2581988897471612
84,6,24,2,0.7613997459411621,0.0
84,6,40,2,0.7518113851547241,0.0
84,6,48,2,0.7632012963294983,0.316227766016838
84,6,7,3,0.9117233157157898,0.8000000000000002
84,6,11,3,0.7404996156692505,0.3380617018914067
84,6,19,3,0.7618751525878906,0.0
84,6,35,3,0.7884750962257385,0.3380617018914067
84,6,13,3,0.8733763694763184,0.670820393249937
84,6,21,3,0.8285996913909912,0.6000000000000001
84,6,37,3,0.9117233157157898,0.8000000000000002
84,6,25,3,0.7848960757255554,0.447213595499958
84,6,41,3,0.8065599203109741,0.5070925528371101
84,6,49,3,0.8086947798728943,0.670820393249937
84,6,14,3,0.8135188817977905,0.1290994448735806
84,6,22,3,0.8243398666381836,0.316227766016838
84,6,38,3,0.8257118463516235,0.16903085094570336
84,6,26,3,0.7470772862434387,0.0
84,6,42,3,0.7331140637397766,0.16903085094570336
84,6,50,3,0.6597121953964233,0.0
84,6,28,3,0.848319411277771,0.2581988897471612
84,6,44,3,0.8509686589241028,0.2581988897471612
84,6,52,3,0.8328817486763,0.447213595499958
84,6,56,3,0.7785837650299072,0.316227766016838
84,6,15,4,0.891663134098053,0.670820393249937
84,6,23,4,0.8675230741500854,0.7302967433402217
84,6,39,4,0.9117233157157898,0.8000000000000002
84,6,27,4,0.7795277237892151,0.0
84,6,43,4,0.7467097043991089,0.5070925528371101
84,6,51,4,0.7802585959434509,0.6000000000000001
84,6,29,4,0.8862017393112183,0.158113883008419
84,6,45,4,0.8909987211227417,0.6000000000000001
84,6,53,4,0.8675230741500854,0.7302967433402217
84,6,57,4,0.7512854933738708,0.5070925528371101
84,6,30,4,0.848319411277771,0.2581988897471612
84,6,46,4,0.8600247502326965,0.223606797749979
84,6,54,4,0.8404351472854614,0.5163977794943224
84,6,58,4,0.7261307239532471,0.3651483716701108
84,6,60,4,0.8615953922271729,0.447213595499958
84,6,31,5,0.7657998204231262,0.0
84,6,47,5,0.884284257888794,0.6000000000000001
84,6,55,5,0.9429558515548706,0.8000000000000002
84,6,59,5,0.7413187026977539,0.5070925528371101
84,6,61,5,1.0,1.0000000000000002
84,6,62,5,0.8615953922271729,0.447213595499958
85,4,15,4,0.9999998807907104,1.0
85,4,0,0,0.7718098163604736,0.0
85,4,1,1,0.818362832069397,0.223606797749979
85,4,2,1,0.7769157290458679,0.0
85,4,4,1,0.9383808970451355,0.7071067811865476
85,4,8,1,0.88504958152771,0.5
85,4,3,2,0.90021812915802,0.7071067811865476
85,4,5,2,0.9551761746406555,0.75
85,4,9,2,0.9029335379600525,0.5773502691896258
85,4,6,2,0.9663342237472534,0.8660254037844388
85,4,10,2,0.9127874970436096,0.5773502691896258
85,4,12,2,0.9383808970451355,0.7071067811865476
85,4,7,3,0.9999998807907104,1.0
85,4,11,3,0.940322995185852,0.75
85,4,13,3,0.9575650691986084,0.75
85,4,14,3,0.9663342237472534,0.8660254037844388
86,5,31,5,1.0,1.0
86,5,0,0,0.7066468596458435,0.0
86,5,1,1,0.7817103862762451,0.447213595499958
86,5,2,1,0.7162485122680664,0.1767766952966369
86,5,4,1,0.8053374290466309,0.0
86,5,8,1,0.6895643472671509,0.0
86,5,16,1,0.7237119674682617,0.1767766952966369
86,5,3,2,0.7895126938819885,0.5
86,5,5,2,0.7822074294090271,0.3535533905932738
86,5,9,2,0.7665346264839172,0.4082482904638631
86,5,17,2,0.7360966801643372,0.5
86,5,6,2,0.8053374290466309,0.3535533905932738
86,5,10,2,0.7490041255950928,0.25
86,5,18,2,0.7548015713691711,0.25
86,5,12,2,0.7962290644645691,0.3535533905932738
86,5,20,2,0.8210073709487915,0.3535533905932738
86,5,24,2,0.7183396816253662,0.0
86,5,7,3,0.876889705657959,0.75
86,5,11,3,0.7695457935333252,0.447213595499958
86,5,19,3,0.7381599545478821,0.223606797749979
86,5,13,3,0.823482871055603,0.3535533905932738
86,5,21,3,0.7711926102638245,0.3535533905932738
86,5,25,3,0.7448545098304749,0.5
86,5,14,3,0.8318994641304016,0.3535533905932738
86,5,22,3,0.7875534296035767,0.5
86,5,26,3,0.7654559016227722,0.25
86,5,28,3,0.827601432800293,0.3535533905932738
86,5,15,4,0.8483059406280518,0.75
86,5,23,4,0.8123749494552612,0.670820393249937
86,5,27,4,0.7571767568588257,0.447213595499958
86,5,29,4,0.8731093406677246,0.3535533905932738
86,5,30,4,0.827601432800293,0.3535533905932738
89,4,15,4,1.0000001192092896,1.0
89,4,0,0,0.7040547132492065,0.0
89,4,1,1,0.814824640750885,0.5773502691896258
89,4,2,1,0.784940779209137,0.0
89,4,4,1,0.8962703347206116,0.0
89,4,8,1,0.8309326767921448,0.5
89,4,3,2,0.7919126749038696,0.5773502691896258
89,4,5,2,0.9459461569786072,0.5
89,4,9,2,0.8663136959075928,0.75
89,4,6,2,0.8962703347206116,0.0
89,4,10,2,0.8462159633636475,0.3535533905932738
89,4,12,2,0.9318583607673645,0.2886751345948129
89,4,7,3,0.9459461569786072,0.5
89,4,11,3,0.8930143713951111,0.75
89,4,13,3,0.8704875707626343,0.13363062095621223
89,4,14,3,0.954535186290741,0.2886751345948129
91,6,63,6,1.0,1.0000000000000002
91,6,0,0,0.7604449987411499,0.0
91,6,1,1,0.906396746635437,0.8164965809277261
91,6,2,1,0.7200706005096436,0.0
91,6,4,1,0.7557280659675598,0.0
91,6,8,1,0.7604449987411499,0.0
91,6,16,1,0.7604449987411499,0.0
91,6,32,1,0.8568572998046875,0.4082482904638631
91,6,3,2,0.906396746635437,0.8164965809277261
91,6,5,2,0.9027137756347656,0.8164965809277261
91,6,9,2,0.868323564529419,0.7302967433402217
91,6,17,2,0.963351845741272,0.7302967433402217
91,6,33,2,0.9373196363449097,0.8333333333333336
91,6,6,2,0.8492844104766846,0.7071067811865477
91,6,10,2,0.868323564529419,0.7302967433402217
91,6,18,2,0.8774154782295227,0.5477225575051663
91,6,34,2,0.8466060757637024,0.2886751345948129
91,6,12,2,0.8080638647079468,0.5773502691896258
91,6,20,2,0.8560033440589905,0.0
91,6,36,2,0.8407598733901978,0.2886751345948129
91,6,24,2,0.7604449987411499,0.0
91,6,40,2,0.8568572998046875,0.4082482904638631
91,6,48,2,0.939955472946167,0.5773502691896258
91,6,7,3,0.906396746635437,0.8164965809277261
91,6,11,3,0.868323564529419,0.7302967433402217
91,6,19,3,0.963351845741272,0.7302967433402217
91,6,35,3,0.9373196363449097,0.8333333333333336
91,6,13,3,0.9027137756347656,0.8164965809277261
91,6,21,3,0.963351845741272,0.7302967433402217
91,6,37,3,0.9373196363449097,0.8333333333333336
91,6,25,3,0.963351845741272,0.7302967433402217
91,6,41,3,0.9373196363449097,0.8333333333333336
91,6,49,3,1.0,1.0000000000000002
91,6,14,3,0.8487160205841064,0.7071067811865477
91,6,22,3,0.9253474473953247,0.6123724356957946
91,6,38,3,0.8186386823654175,0.4082482904638631
91,6,26,3,0.9419900178909302,0.8333333333333336
91,6,42,3,0.9378065466880798,0.912870929175277
91,6,50,3,0.9004316329956055,0.4714045207910318
91,6,28,3,0.9112670421600342,0.7071067811865477
91,6,44,3,0.8610266447067261,0.7071067811865477
91,6,52,3,0.9053847193717957,0.4714045207910318
91,6,56,3,0.9542743563652039,0.7071067811865477
91,6,15,4,0.868323564529419,0.7302967433402217
91,6,23,4,0.963351845741272,0.7302967433402217
91,6,39,4,0.9373196363449097,0.8333333333333336
91,6,27,4,0.963351845741272,0.7302967433402217
91,6,43,4,0.9378065466880798,0.912870929175277
91,6,51,4,1.0,1.0000000000000002
91,6,29,4,0.963351845741272,0.7302967433402217
91,6,45,4,0.9378065466880798,0.912870929175277
91,6,53,4,1.0,1.0000000000000002
91,6,57,4,1.0,1.0000000000000002
91,6,30,4,0.9419900178909302,0.8333333333333336
91,6,46,4,0.9378065466880798,0.912870929175277
91,6,54,4,0.901448130607605,0.4714045207910318
91,6,58,4,1.0,1.0000000000000002
91,6,60,4,0.9312685132026672,0.8164965809277261
91,6,31,5,0.9419900178909302,0.8333333333333336
91,6,47,5,0.9378065466880798,0.912870929175277
91,6,55,5,1.0,1.0000000000000002
91,6,59,5,1.0,1.0000000000000002
91,6,61,5,1.0,1.0000000000000002
91,6,62,5,1.0,1.0000000000000002
93,7,127,7,1.0,1.0000000000000004
93,7,0,0,0.7917828559875488,0.0
93,7,1,1,0.7807471752166748,0.16366341767699427
93,7,2,1,0.8013890981674194,0.26726124191242445
93,7,4,1,0.7436537742614746,0.0
93,7,8,1,0.7462337017059326,0.0
93,7,16,1,0.7411214113235474,0.0
93,7,32,1,0.8093664050102234,0.26726124191242445
93,7,64,1,0.8472011089324951,0.26726124191242445
93,7,3,2,0.8464471697807312,0.47809144373375767
93,7,5,2,0.7129490971565247,0.15430334996209197
93,7,9,2,0.7727361917495728,0.26726124191242445
93,7,17,2,0.7590063810348511,0.16903085094570336
93,7,33,2,0.8292005658149719,0.5070925528371101
93,7,65,2,0.8694493174552917,0.566946709513841
93,7,6,2,0.871963381767273,0.6546536707079773
93,7,10,2,0.8731653690338135,0.5345224838248489
93,7,18,2,0.8037601709365845,0.26726124191242445
93,7,34,2,0.8829253315925598,0.6546536707079773
93,7,66,2,0.8396478295326233,0.18898223650461365
93,7,12,2,0.8321648836135864,0.26726124191242445
93,7,20,2,0.7305094003677368,0.0
93,7,36,2,0.7872253656387329,0.26726124191242445
93,7,68,2,0.8453010320663452,0.26726124191242445
93,7,24,2,0.7696139812469482,0.0
93,7,40,2,0.7462337017059326,0.0
93,7,72,2,0.7825978398323059,0.0
93,7,48,2,0.8010414838790894,0.21821789023599245
93,7,80,2,0.7756379842758179,0.0
93,7,96,2,0.8878976106643677,0.5345224838248489
93,7,7,3,0.8446812629699707,0.6681531047810612
93,7,11,3,0.8368477821350098,0.47809144373375767
93,7,19,3,0.7850087285041809,0.46291004988627593
93,7,35,3,0.8659284114837646,0.6761234037828134
93,7,67,3,0.8773214221000671,0.6761234037828134
93,7,13,3,0.7862187623977661,0.26726124191242445
93,7,21,3,0.7336089611053467,0.25197631533948484
93,7,37,3,0.8222354650497437,0.566946709513841
93,7,69,3,0.8421475887298584,0.566946709513841
93,7,25,3,0.8059238195419312,0.4364357804719849
93,7,41,3,0.860611617565155,0.5345224838248489
93,7,73,3,0.8853086233139038,0.4364357804719849
93,7,49,3,0.834428608417511,0.3779644730092273
93,7,81,3,0.7839505672454834,0.18898223650461365
93,7,97,3,0.9148772954940796,0.6761234037828134
93,7,14,3,0.8829253315925598,0.6546536707079773
93,7,22,3,0.8829253315925598,0.6546536707079773
93,7,38,3,0.9081704616546631,0.6761234037828134
93,7,70,3,0.8959850072860718,0.5070925528371101
93,7,26,3,0.8731653690338135,0.5345224838248489
93,7,42,3,0.9231273531913757,0.6546536707079773
93,7,74,3,0.9267745614051819,0.566946709513841
93,7,50,3,0.8488041758537292,0.3779644730092273
93,7,82,3,0.8139057159423828,0.18898223650461365
93,7,98,3,0.9051948189735413,0.566946709513841
93,7,28,3,0.8321648836135864,0.26726124191242445
93,7,44,3,0.8908377885818481,0.4364357804719849
93,7,76,3,0.9046042561531067,0.21821789023599245
93,7,52,3,0.8083189725875854,0.21821789023599245
93,7,84,3,0.8453428149223328,0.21821789023599245
93,7,100,3,0.8754783272743225,0.3779644730092273
93,7,56,3,0.7983746528625488,0.0
93,7,88,3,0.7971405982971191,0.0
93,7,104,3,0.8481200933456421,0.26726124191242445
93,7,112,3,0.8961523771286011,0.4364357804719849
93,7,15,4,0.9221529364585876,0.7715167498104598
93,7,23,4,0.885654091835022,0.8451542547285168
93,7,39,4,0.9390225410461426,0.8571428571428575
93,7,71,4,0.9747695922851562,0.8571428571428575
93,7,27,4,0.8053526878356934,0.28571428571428586
93,7,43,4,0.8986007571220398,0.7715167498104598
93,7,75,4,0.9262458682060242,0.7559289460184546
93,7,51,4,0.845704972743988,0.3779644730092273
93,7,83,4,0.8580029010772705,0.3380617018914067
93,7,99,4,0.9452712535858154,0.6761234037828134
93,7,29,4,0.8678361177444458,0.5070925528371101
93,7,45,4,0.8792207837104797,0.6172133998483679
93,7,77,4,0.9013868570327759,0.6761234037828134
93,7,53,4,0.8222354650497437,0.566946709513841
93,7,85,4,0.8156915903091431,0.4285714285714288
93,7,101,4,0.8968632817268372,0.6761234037828134
93,7,57,4,0.9207503199577332,0.6761234037828134
93,7,89,4,0.8869377374649048,0.566946709513841
93,7,105,4,0.9732502698898315,0.8451542547285168
93,7,113,4,0.9228572845458984,0.566946709513841
93,7,30,4,0.8829253315925598,0.6546536707079773
93,7,46,4,0.9153135418891907,0.9258200997725518
93,7,78,4,0.8498992919921875,0.5070925528371101
93,7,54,4,0.8792695999145508,0.566946709513841
93,7,86,4,0.8909710645675659,0.5070925528371101
93,7,102,4,0.9501430988311768,0.7715167498104598
93,7,58,4,0.909511148929596,0.7559289460184546
93,7,90,4,0.9267745614051819,0.566946709513841
93,7,106,4,0.9511920213699341,0.9258200997725518
93,7,114,4,0.9051948189735413,0.566946709513841
93,7,60,4,0.8905696868896484,0.566946709513841
93,7,92,4,0.9093831777572632,0.3779644730092273
93,7,108,4,0.9335053563117981,0.6761234037828134
93,7,116,4,0.8753962516784668,0.3380617018914067
93,7,120,4,0.8877171277999878,0.566946709513841
93,7,31,5,0.8665767908096313,0.7715167498104598
93,7,47,5,0.953665018081665,0.9258200997725518
93,7,79,5,0.9747695922851562,0.8571428571428575
93,7,55,5,0.9263627529144287,0.9258200997725518
93,7,87,5,0.9645787477493286,0.7142857142857146
93,7,103,5,1.0,1.0000000000000004
93,7,59,5,0.8986007571220398,0.7715167498104598
93,7,91,5,0.876801073551178,0.566946709513841
93,7,107,5,0.9964866638183594,0.9258200997725518
93,7,115,5,0.9452712535858154,0.6761234037828134
93,7,61,5,0.8785961866378784,0.6172133998483679
93,7,93,5,0.9428132772445679,0.6761234037828134
93,7,109,5,0.969637930393219,0.7715167498104598
93,7,117,5,0.8984375596046448,0.5070925528371101
93,7,121,5,0.9732502698898315,0.8451542547285168
93,7,62,5,0.9153135418891907,0.9258200997725518
93,7,94,5,0.861478328704834,0.5345224838248489
93,7,110,5,0.9544440507888794,1.0000000000000004
93,7,118,5,0.9501430988311768,0.7715167498104598
93,7,122,5,0.9496092796325684,0.8451542547285168
93,7,124,5,0.9406365752220154,0.6761234037828134
93,7,63,6,0.953665018081665,0.9258200997725518
93,7,95,6,0.9390387535095215,0.7559289460184544
93,7,111,6,1.0,1.0000000000000004
93,7,119,6,0.997857391834259,0.8571428571428575
93,7,123,6,0.9964866638183594,0.9258200997725518
93,7,125,6,0.969637930393219,0.7715167498104598
93,7,126,6,0.9913101196289062,0.9258200997725518
94,5,31,5,0.9999998807907104,1.0000000000000002
94,5,0,0,0.7833693027496338,0.0
94,5,1,1,0.8978019952774048,0.912870929175277
94,5,2,1,0.7698036432266235,0.0
94,5,4,1,0.8109814524650574,0.0
94,5,8,1,0.7833693027496338,0.0
94,5,16,1,0.76446932554245,0.0
94,5,3,2,0.8978019952774048,0.912870929175277
94,5,5,2,0.8978019952774048,0.912870929175277
94,5,9,2,0.8978019952774048,0.912870929175277
94,5,17,2,0.9342806339263916,0.7715167498104598
94,5,6,2,0.8337314128875732,0.5000000000000001
94,5,10,2,0.7195990085601807,0.0
94,5,18,2,0.7360142469406128,0.0
94,5,12,2,0.7784116268157959,0.0
94,5,20,2,0.8010044097900391,0.0
94,5,24,2,0.8836120963096619,0.2357022603955159
94,5,7,3,0.8978019952774048,0.912870929175277
94,5,11,3,0.8978019952774048,0.912870929175277
94,5,19,3,0.9342806339263916,0.7715167498104598
94,5,13,3,0.8978019952774048,0.912870929175277
94,5,21,3,0.9999998807907104,1.0000000000000002
94,5,25,3,0.9342806339263916,0.7715167498104598
94,5,14,3,0.8978019952774048,0.912870929175277
94,5,22,3,0.7554652690887451,0.0
94,5,26,3,0.7688385844230652,0.0
94,5,28,3,0.8836120963096619,0.2357022603955159
94,5,15,4,0.8978019952774048,0.912870929175277
94,5,23,4,0.9999998807907104,1.0000000000000002
94,5,27,4,0.9342806339263916,0.7715167498104598
94,5,29,4,0.9999998807907104,1.0000000000000002
94,5,30,4,0.9999998807907104,1.0000000000000002
95,6,63,6,1.0,1.0000000000000002
95,6,0,0,0.7365304827690125,0.0
95,6,1,1,0.7876746654510498,0.288675134594813
95,6,2,1,0.7547770738601685,0.0
95,6,4,1,0.830781102180481,0.40824829046386313
95,6,8,1,0.756237804889679,0.0
95,6,16,1,0.8068779110908508,0.0
95,6,32,1,0.8179468512535095,0.0
95,6,3,2,0.7546993494033813,0.0
95,6,5,2,0.830781102180481,0.40824829046386313
95,6,9,2,0.7839565873146057,0.2434322477800739
95,6,17,2,0.8184996247291565,0.18257418583505544
95,6,33,2,0.8568313121795654,0.38490017945975064
95,6,6,2,0.830781102180481,0.40824829046386313
95,6,10,2,0.756237804889679,0.0
95,6,18,2,0.8068779110908508,0.0
95,6,34,2,0.8179468512535095,0.0
95,6,12,2,0.8190822005271912,0.3651483716701109
95,6,20,2,0.8544684052467346,0.3651483716701109
95,6,36,2,0.8179468512535095,0.0
95,6,24,2,0.8068779110908508,0.0
95,6,40,2,0.8179468512535095,0.0
95,6,48,2,0.8557920455932617,0.3042903097250924
95,6,7,3,0.830781102180481,0.40824829046386313
95,6,11,3,0.756237804889679,0.0
95,6,19,3,0.8184996247291565,0.18257418583505544
95,6,35,3,0.8225973844528198,0.38490017945975064
95,6,13,3,0.8260880708694458,0.3651483716701109
95,6,21,3,0.8993791341781616,0.43920523057894173
95,6,37,3,0.8961558938026428,0.6085806194501848
95,6,25,3,0.7835618257522583,0.16666666666666674
95,6,41,3,0.8548926711082458,0.38888888888888906
95,6,49,3,0.8754855990409851,0.38888888888888906
95,6,14,3,0.8241475820541382,0.3651483716701109
95,6,22,3,0.8544684052467346,0.3651483716701109
95,6,38,3,0.8179468512535095,0.0
95,6,26,3,0.8068779110908508,0.0
95,6,42,3,0.8179468512535095,0.0
95,6,50,3,0.834104597568512,0.27777777777777785
95,6,28,3,0.8544684052467346,0.3651483716701109
95,6,44,3,0.8911771774291992,0.5555555555555558
95,6,52,3,0.9156253337860107,0.5555555555555558
95,6,56,3,0.8813674449920654,0.31426968052735454
95,6,15,4,0.8260880708694458,0.3651483716701109
95,6,23,4,0.8544684052467346,0.3651483716701109
95,6,39,4,0.8961558938026428,0.6085806194501848
95,6,27,4,0.8048301935195923,0.0
95,6,43,4,0.8502836227416992,0.2434322477800739
95,6,51,4,0.9036489129066467,0.38888888888888906
95,6,29,4,0.9027099609375,0.37384810272802965
95,6,45,4,0.8995476365089417,0.5555555555555558
95,6,53,4,0.923608660697937,0.6669389422208679
95,6,57,4,0.8754855990409851,0.38888888888888906
95,6,30,4,0.8544684052467346,0.3651483716701109
95,6,46,4,0.8995476365089417,0.5555555555555558
95,6,54,4,0.9560728073120117,0.7359800721939869
95,6,58,4,0.8813674449920654,0.31426968052735454
95,6,60,4,0.9908564686775208,0.933799055647682
95,6,31,5,0.9210010170936584,0.5810679526070446
95,6,47,5,0.8995476365089417,0.5555555555555558
95,6,55,5,0.9674870371818542,0.7741387344280377
95,6,59,5,0.8716413974761963,0.36004114991154795
95,6,61,5,0.9876537322998047,0.9026709338484405
95,6,62,5,0.9618406295776367,0.7698003589195013
96,5,31,5,1.0,1.0000000000000002
96,5,0,0,0.7903173565864563,0.0
96,5,1,1,0.8105674386024475,0.670820393249937
96,5,2,1,0.7890231609344482,0.5163977794943224
96,5,4,1,0.7831127047538757,0.316227766016838
96,5,8,1,0.7794984579086304,0.0
96,5,16,1,0.7502726912498474,0.0
96,5,3,2,0.7580220103263855,0.0
96,5,5,2,0.8105674386024475,0.670820393249937
96,5,9,2,0.9130392074584961,0.894427190999916
96,5,17,2,0.8196650743484497,0.6000000000000001
96,5,6,2,0.7939678430557251,0.5163977794943224
96,5,10,2,0.8538435101509094,0.447213595499958
96,5,18,2,0.7670383453369141,0.0
96,5,12,2,0.881557047367096,0.5163977794943224
96,5,20,2,0.7966271042823792,0.2581988897471612
96,5,24,2,0.9392600059509277,0.632455532033676
96,5,7,3,0.7633558511734009,0.0
96,5,11,3,0.9130392074584961,0.894427190999916
96,5,19,3,0.8196650743484497,0.6000000000000001
96,5,13,3,0.9130392074584961,0.894427190999916
96,5,21,3,0.8353255987167358,0.6000000000000001
96,5,25,3,1.0,1.0000000000000002
96,5,14,3,0.8497204780578613,0.316227766016838
96,5,22,3,0.7920137643814087,0.447213595499958
96,5,26,3,0.9321165084838867,0.5163977794943224
96,5,28,3,0.9544409513473511,0.7745966692414836
96,5,15,4,0.7766247987747192,0.18257418583505547
96,5,23,4,0.8196650743484497,0.6000000000000001
96,5,27,4,1.0,1.0000000000000002
96,5,29,4,1.0,1.0000000000000002
96,5,30,4,0.9321165084838867,0.5163977794943224
98,6,63,6,1.0,1.0000000000000009
98,6,0,0,0.737725019454956,0.22941573387056183
98,6,1,1,0.7607099413871765,0.2649064714130089
98,6,2,1,0.7607099413871765,0.2649064714130089
98,6,4,1,0.7607099413871765,0.2649064714130089
98,6,8,1,0.7719273567199707,0.34412360080584276
98,6,16,1,0.8394286036491394,0.30779350562554636
98,6,32,1,0.7911432981491089,0.30779350562554636
98,6,3,2,0.7428880333900452,0.04588314677411236
98,6,5,2,0.7927083373069763,0.23424606849358914
98,6,9,2,0.7719273567199707,0.34412360080584276
98,6,17,2,0.8394286036491394,0.30779350562554636
98,6,33,2,0.8179333209991455,0.34412360080584276
98,6,6,2,0.7607099413871765,0.2649064714130089
98,6,10,2,0.7719273567199707,0.34412360080584276
98,6,18,2,0.7997881174087524,0.22941573387056183
98,6,34,2,0.7852996587753296,0.40050093945740717
98,6,12,2,0.7450989484786987,0.30779350562554636
98,6,20,2,0.7997881174087524,0.22941573387056183
98,6,36,2,0.8179333209991455,0.34412360080584276
98,6,24,2,0.8573751449584961,0.37463432463267776
98,6,40,2,0.8142264485359192,0.30779350562554636
98,6,48,2,0.8009268641471863,0.17342199390482407
98,6,7,3,0.7428880333900452,0.04588314677411236
98,6,11,3,0.7719273567199707,0.34412360080584276
98,6,19,3,0.7997881174087524,0.22941573387056183
98,6,35,3,0.7770287394523621,0.2649064714130089
98,6,13,3,0.8028712272644043,0.10495671428119793
98,6,21,3,0.7997881174087524,0.22941573387056183
98,6,37,3,0.7746942639350891,0.25784102555612404
98,6,25,3,0.8573751449584961,0.37463432463267776
98,6,41,3,0.8049877882003784,0.37463432463267776
98,6,49,3,0.8394286036491394,0.30779350562554636
98,6,14,3,0.7450989484786987,0.30779350562554636
98,6,22,3,0.8394286036491394,0.30779350562554636
98,6,38,3,0.8179333209991455,0.34412360080584276
98,6,26,3,0.8573751449584961,0.37463432463267776
98,6,42,3,0.8142264485359192,0.30779350562554636
98,6,50,3,0.8327170610427856,0.500626174321759
98,6,28,3,0.8573751449584961,0.37463432463267776
98,6,44,3,0.8142264485359192,0.30779350562554636
98,6,52,3,0.8394286036491394,0.30779350562554636
98,6,56,3,0.8520712852478027,0.3244428422615252
98,6,15,4,0.8610426187515259,0.38933141071383026
98,6,23,4,0.8363025188446045,0.3441236008058427
98,6,39,4,0.804649293422699,0.2294157338705618
98,6,27,4,0.8573751449584961,0.37463432463267776
98,6,43,4,0.8142264485359192,0.30779350562554636
98,6,51,4,0.8394286036491394,0.30779350562554636
98,6,29,4,0.9146196842193604,0.7029594915666381
98,6,45,4,0.8928096890449524,0.765383797175904
98,6,53,4,0.8265615701675415,0.2809757434745083
98,6,57,4,0.8477314710617065,0.25451390519031125
98,6,30,4,0.8160726428031921,0.30779350562554636
98,6,46,4,0.8142264485359192,0.30779350562554636
98,6,54,4,0.8394286036491394,0.30779350562554636
98,6,58,4,0.8153431415557861,0.5090278103806226
98,6,60,4,0.8482500910758972,0.2901905000440048
98,6,31,5,0.9146196842193604,0.7029594915666381
98,6,47,5,0.8478362560272217,0.6389784510646976
98,6,55,5,0.7956712245941162,0.4150286783196449
98,6,59,5,0.8573751449584961,0.37463432463267776
98,6,61,5,0.8482500910758972,0.2901905000440048
98,6,62,5,0.8751355409622192,0.34684398780964815
99,6,63,6,1.0,1.0000000000000002
99,6,0,0,0.749003529548645,0.0
99,6,1,1,0.7870768308639526,0.5773502691896258
99,6,2,1,0.749003529548645,0.0
99,6,4,1,0.7969199419021606,0.4082482904638631
99,6,8,1,0.7670112252235413,0.2357022603955159
99,6,16,1,0.8312652707099915,0.4082482904638631
99,6,32,1,0.8679484128952026,0.4082482904638631
99,6,3,2,0.7870768308639526,0.5773502691896258
99,6,5,2,0.853928804397583,0.8164965809277261
99,6,9,2,0.7996873259544373,0.6123724356957946
99,6,17,2,0.8385852575302124,0.2357022603955159
99,6,33,2,0.8496040105819702,0.1666666666666667
99,6,6,2,0.817133903503418,0.4714045207910318
99,6,10,2,0.7339109182357788,0.20412414523193154
99,6,18,2,0.8312652707099915,0.4082482904638631
99,6,34,2,0.8679484128952026,0.4082482904638631
99,6,12,2,0.8185610771179199,0.7071067811865477
99,6,20,2,0.8357944488525391,0.4082482904638631
99,6,36,2,0.8679484128952026,0.4082482904638631
99,6,24,2,0.8537700176239014,0.4082482904638631
99,6,40,2,0.8564524054527283,0.4082482904638631
99,6,48,2,0.9354974031448364,0.5773502691896258
99,6,7,3,0.853928804397583,0.8164965809277261
99,6,11,3,0.7955985069274902,0.6123724356957946
99,6,19,3,0.8385852575302124,0.2357022603955159
99,6,35,3,0.8639967441558838,0.2357022603955159
99,6,13,3,0.853928804397583,0.8164965809277261
99,6,21,3,0.9327450394630432,0.912870929175277
99,6,37,3,0.9580807685852051,0.912870929175277
99,6,25,3,0.9149801135063171,0.8333333333333336
99,6,41,3,0.9580807685852051,0.912870929175277
99,6,49,3,0.9255084991455078,0.4714045207910318
99,6,14,3,0.8185610771179199,0.7071067811865477
99,6,22,3,0.8357944488525391,0.4082482904638631
99,6,38,3,0.8679484128952026,0.4082482904638631
99,6,26,3,0.8537700176239014,0.4082482904638631
99,6,42,3,0.8679484128952026,0.4082482904638631
99,6,50,3,0.9354974031448364,0.5773502691896258
99,6,28,3,0.8757387399673462,0.7302967433402217
99,6,44,3,0.8740997910499573,0.4082482904638631
99,6,52,3,0.9363669157028198,0.5773502691896258
99,6,56,3,0.9101548194885254,0.5000000000000001
99,6,15,4,0.8114655017852783,0.7302967433402217
99,6,23,4,0.9149801135063171,0.8333333333333336
99,6,39,4,0.8997331857681274,0.5661385170722979
99,6,27,4,0.8864266872406006,0.6123724356957946
99,6,43,4,0.9580807685852051,0.912870929175277
99,6,51,4,0.9501760005950928,0.8164965809277261
99,6,29,4,0.9149801135063171,0.8333333333333336
99,6,45,4,0.8888341188430786,0.6019292654288462
99,6,53,4,0.9251520037651062,0.7223151185146155
99,6,57,4,0.9912240505218506,1.0000000000000002
99,6,30,4,0.8536624908447266,0.2886751345948129
99,6,46,4,0.8679484128952026,0.4082482904638631
99,6,54,4,0.9363669157028198,0.5773502691896258
99,6,58,4,0.9101548194885254,0.5000000000000001
99,6,60,4,0.9363669157028198,0.5773502691896258
99,6,31,5,0.9149801135063171,0.8333333333333336
99,6,47,5,0.8959251642227173,0.6085806194501846
99,6,55,5,0.9251520037651062,0.7223151185146155
99,6,59,5,0.9912240505218506,1.0000000000000002
99,6,61,5,0.9912240505218506,1.0000000000000002
99,6,62,5,0.9762850999832153,0.912870929175277
100,7,127,7,1.0,1.0000000000000004
100,7,0,0,0.7353104948997498,0.0
100,7,1,1,0.764798641204834,0.4364357804719849
100,7,2,1,0.7353104948997498,0.0
100,7,4,1,0.8151869177818298,0.26726124191242445
100,7,8,1,0.8342535495758057,0.26726124191242445
100,7,16,1,0.776508629322052,0.3779644730092273
100,7,32,1,0.8282682299613953,0.3779644730092273
100,7,64,1,0.7438404560089111,0.0
100,7,3,2,0.764798641204834,0.4364357804719849
100,7,5,2,0.847895622253418,0.6546536707079773
100,7,9,2,0.8513336181640625,0.566946709513841
100,7,17,2,0.7823395729064941,0.16903085094570336
100,7,33,2,0.880715012550354,0.566946709513841
100,7,65,2,0.7997900247573853,0.26726124191242445
100,7,6,2,0.8151869177818298,0.26726124191242445
100,7,10,2,0.8342535495758057,0.26726124191242445
100,7,18,2,0.776508629322052,0.3779644730092273
100,7,34,2,0.8282682299613953,0.3779644730092273
100,7,66,2,0.8106038570404053,0.21821789023599245
100,7,12,2,0.8791723251342773,0.4364357804719849
100,7,20,2,0.8151869177818298,0.26726124191242445
100,7,36,2,0.8844433426856995,0.4364357804719849
100,7,68,2,0.8853697776794434,0.3380617018914067
100,7,24,2,0.8670442700386047,0.4364357804719849
100,7,40,2,0.9219648838043213,0.566946709513841
100,7,72,2,0.8930813670158386,0.3779644730092273
100,7,48,2,0.8459510207176208,0.5345224838248489
100,7,80,2,0.8500381708145142,0.5345224838248489
100,7,96,2,0.8981335163116455,0.5345224838248489
100,7,7,3,0.847895622253418,0.6546536707079773
100,7,11,3,0.8513336181640625,0.566946709513841
100,7,19,3,0.7815855145454407,0.1611645928050761
100,7,35,3,0.8685028553009033,0.6546536707079773
100,7,67,3,0.8403357267379761,0.46291004988627593
100,7,13,3,0.8664820194244385,0.6761234037828134
100,7,21,3,0.834844172000885,0.6761234037828134
100,7,37,3,0.9072324633598328,0.6761234037828134
100,7,69,3,0.8961297273635864,0.5714285714285717
100,7,25,3,0.8886958360671997,0.7559289460184546
100,7,41,3,0.9385455846786499,0.8451542547285168
100,7,73,3,0.8993958234786987,0.6172133998483679
100,7,49,3,0.8688539266586304,0.6761234037828134
100,7,81,3,0.8237648010253906,0.2976702788937937
100,7,97,3,0.8981335163116455,0.5345224838248489
100,7,14,3,0.8791723251342773,0.4364357804719849
100,7,22,3,0.8151869177818298,0.26726124191242445
100,7,38,3,0.8844433426856995,0.4364357804719849
100,7,70,3,0.8571969270706177,0.3779644730092273
100,7,26,3,0.8679372668266296,0.566946709513841
100,7,42,3,0.9219648838043213,0.566946709513841
100,7,74,3,0.9001697897911072,0.3779644730092273
100,7,50,3,0.8459510207176208,0.5345224838248489
100,7,82,3,0.8500381708145142,0.5345224838248489
100,7,98,3,0.8981335163116455,0.5345224838248489
100,7,28,3,0.8991115689277649,0.566946709513841
100,7,44,3,0.9429304599761963,0.6761234037828134
100,7,76,3,0.9390830397605896,0.6761234037828134
100,7,52,3,0.8119188547134399,0.3779644730092273
100,7,84,3,0.8746403455734253,0.566946709513841
100,7,100,3,0.9358024001121521,0.566946709513841
100,7,56,3,0.9180142283439636,0.6172133998483679
100,7,88,3,0.9267653226852417,0.566946709513841
100,7,104,3,0.9331433773040771,0.3380617018914067
100,7,112,3,0.9134959578514099,0.6546536707079773
100,7,15,4,0.8664820194244385,0.6761234037828134
100,7,23,4,0.8658579587936401,0.6761234037828134
100,7,39,4,0.9047536849975586,0.5714285714285717
100,7,71,4,0.8961297273635864,0.5714285714285717
100,7,27,4,0.8685264587402344,0.6761234037828134
100,7,43,4,0.9385455846786499,0.8451542547285168
100,7,75,4,0.9214815497398376,0.6172133998483679
100,7,51,4,0.8547639846801758,0.3003757045930553
100,7,83,4,0.8360214233398438,0.3809523809523812
100,7,99,4,0.866652250289917,0.3343669275452118
100,7,29,4,0.9098755121231079,0.8451542547285168
100,7,45,4,0.9542953372001648,0.9258200997725518
100,7,77,4,0.8887624740600586,0.6761234037828134
100,7,53,4,0.8845020532608032,0.7715167498104598
100,7,85,4,0.9380240440368652,0.8571428571428575
100,7,101,4,0.9061259031295776,0.5156879540323449
100,7,57,4,0.9385455846786499,0.8451542547285168
100,7,89,4,0.9471238851547241,0.8451542547285168
100,7,105,4,0.9197763204574585,0.7071067811865475
100,7,113,4,0.8651171326637268,0.37282185960072023
100,7,30,4,0.8991115689277649,0.566946709513841
100,7,46,4,0.9429304599761963,0.6761234037828134
100,7,78,4,0.9390830397605896,0.6761234037828134
100,7,54,4,0.8119188547134399,0.3779644730092273
100,7,86,4,0.9025647044181824,0.5070925528371101
100,7,102,4,0.9325350522994995,0.46291004988627593
100,7,58,4,0.9140644073486328,0.6172133998483679
100,7,90,4,0.9252154231071472,0.6761234037828134
100,7,106,4,0.9331433773040771,0.3380617018914067
100,7,114,4,0.9134959578514099,0.6546536707079773
100,7,60,4,0.9429304599761963,0.6761234037828134
100,7,92,4,0.9390830397605896,0.6761234037828134
100,7,108,4,0.9791717529296875,0.7715167498104598
100,7,116,4,0.9540591239929199,0.6761234037828134
100,7,120,4,0.9660577774047852,0.7142857142857146
100,7,31,5,0.9098755121231079,0.8451542547285168
100,7,47,5,0.9542953372001648,0.9258200997725518
100,7,79,5,0.9176568984985352,0.7142857142857146
100,7,55,5,0.9542953372001648,0.9258200997725518
100,7,87,5,0.8615313172340393,0.23087854826980514
100,7,103,5,0.9121934175491333,0.5541085158475322
100,7,59,5,0.9203125238418579,0.7715167498104598
100,7,91,5,0.9471238851547241,0.8451542547285168
100,7,107,5,0.9159850478172302,0.7071067811865475
100,7,115,5,0.8768706321716309,0.5006261743217587
100,7,61,5,0.9542953372001648,0.9258200997725518
100,7,93,5,0.9380240440368652,0.8571428571428575
100,7,109,5,0.9111645817756653,0.7509392614826381
100,7,117,5,0.9385449290275574,0.8571428571428575
100,7,121,5,0.9913651943206787,0.9258200997725518
100,7,62,5,0.9429304599761963,0.6761234037828134
100,7,94,5,0.9390830397605896,0.6761234037828134
100,7,110,5,0.9791717529296875,0.7715167498104598
100,7,118,5,0.9540591239929199,0.6761234037828134
100,7,122,5,0.9660577774047852,0.7142857142857146
100,7,124,5,0.9791717529296875,0.7715167498104598
100,7,63,6,0.9542953372001648,0.9258200997725518
100,7,95,6,0.9380240440368652,0.8571428571428575
100,7,111,6,0.9312379956245422,0.801001878914814
100,7,119,6,0.8925902247428894,0.5832118435198044
100,7,123,6,0.9684482216835022,0.8571428571428575
100,7,125,6,1.0,1.0000000000000004
100,7,126,6,0.9791717529296875,0.7715167498104598
101,7,127,7,1.0,1.0000000000000004
101,7,0,0,0.7198812365531921,0.0
101,7,1,1,0.7774307131767273,0.3779644730092273
101,7,2,1,0.7442981600761414,0.4364357804719849
101,7,4,1,0.7722873687744141,0.3779644730092273
101,7,8,1,0.8092625141143799,0.4364357804719849
101,7,16,1,0.6968362927436829,0.0
101,7,32,1,0.7541797757148743,0.0
101,7,64,1,0.7861714959144592,0.3779644730092273
101,7,3,2,0.818004846572876,0.6546536707079773
101,7,5,2,0.8564070463180542,0.7559289460184546
101,7,9,2,0.8340862393379211,0.6172133998483679
101,7,17,2,0.8207739591598511,0.3779644730092273
101,7,33,2,0.8073512315750122,0.4364357804719849
101,7,65,2,0.8387554883956909,0.566946709513841
101,7,6,2,0.8341009020805359,0.566946709513841
101,7,10,2,0.7909774780273438,0.4364357804719849
101,7,18,2,0.8127233982086182,0.4364357804719849
101,7,34,2,0.7541797757148743,0.0
101,7,66,2,0.7933861017227173,0.5345224838248489
101,7,12,2,0.8021209836006165,0.4364357804719849
101,7,20,2,0.8340682983398438,0.5345224838248489
101,7,36,2,0.7541797757148743,0.0
101,7,68,2,0.7708075046539307,0.566946709513841
101,7,24,2,0.7264304757118225,0.0
101,7,40,2,0.7713600397109985,0.26726124191242445
101,7,72,2,0.8335576057434082,0.5345224838248489
101,7,48,2,0.8822740316390991,0.5345224838248489
101,7,80,2,0.8772798776626587,0.5345224838248489
101,7,96,2,0.8604813814163208,0.5345224838248489
101,7,7,3,0.7860120534896851,0.566946709513841
101,7,11,3,0.8340862393379211,0.6172133998483679
101,7,19,3,0.9109866619110107,0.6761234037828134
101,7,35,3,0.784002959728241,0.566946709513841
101,7,67,3,0.787274956703186,0.6761234037828134
101,7,13,3,0.8340862393379211,0.6172133998483679
101,7,21,3,0.9109866619110107,0.6761234037828134
101,7,37,3,0.8371425271034241,0.6761234037828134
101,7,69,3,0.8811847567558289,0.6761234037828134
101,7,25,3,0.9014706611633301,0.7715167498104598
101,7,41,3,0.9242302179336548,0.8451542547285168
101,7,73,3,0.8811847567558289,0.6761234037828134
101,7,49,3,0.9533489942550659,0.566946709513841
101,7,81,3,0.9235717058181763,0.8451542547285168
101,7,97,3,0.9201611876487732,0.8451542547285168
101,7,14,3,0.8149223327636719,0.5976143046671969
101,7,22,3,0.868912398815155,0.6172133998483679
101,7,38,3,0.8939858675003052,0.7559289460184546
101,7,70,3,0.8776286840438843,0.8451542547285168
101,7,26,3,0.8780101537704468,0.566946709513841
101,7,42,3,0.7806355953216553,0.566946709513841
101,7,74,3,0.8477325439453125,0.7559289460184546
101,7,50,3,0.7264304757118225,0.0
101,7,82,3,0.7933861017227173,0.5345224838248489
101,7,98,3,0.8928949236869812,0.7559289460184546
101,7,28,3,0.8761059641838074,0.6761234037828134
101,7,44,3,0.8744738101959229,0.6546536707079773
101,7,76,3,0.8319445848464966,0.566946709513841
101,7,52,3,0.7264304757118225,0.0
101,7,84,3,0.8832574486732483,0.6546536707079773
101,7,100,3,0.8766159415245056,0.6546536707079773
101,7,56,3,0.7264304757118225,0.0
101,7,88,3,0.9658643007278442,0.8451542547285168
101,7,104,3,0.8945959806442261,0.6546536707079773
101,7,112,3,0.9097216129302979,0.6546536707079773
101,7,15,4,0.8294563889503479,0.6761234037828134
101,7,23,4,0.8393808603286743,0.5714285714285717
101,7,39,4,0.8667546510696411,0.7142857142857146
101,7,71,4,0.7783149480819702,0.6172133998483679
101,7,27,4,0.9014706611633301,0.7715167498104598
101,7,43,4,0.9242302179336548,0.8451542547285168
101,7,75,4,0.8776286840438843,0.8451542547285168
101,7,51,4,0.9610129594802856,0.9258200997725518
101,7,83,4,0.9235717058181763,0.8451542547285168
101,7,99,4,0.9201611876487732,0.8451542547285168
101,7,29,4,0.9014706611633301,0.7715167498104598
101,7,45,4,0.9242302179336548,0.8451542547285168
101,7,77,4,0.8811847567558289,0.6761234037828134
101,7,53,4,0.9610129594802856,0.9258200997725518
101,7,85,4,0.8615777492523193,0.7142857142857146
101,7,101,4,0.9201611876487732,0.8451542547285168
101,7,57,4,1.0,1.0000000000000004
101,7,89,4,1.0,1.0000000000000004
101,7,105,4,0.9399006366729736,0.9258200997725518
101,7,113,4,0.9610129594802856,0.9258200997725518
101,7,30,4,0.8052092790603638,0.5640760748177664
101,7,46,4,0.8939858675003052,0.7559289460184546
101,7,78,4,0.8476603031158447,0.6761234037828134
101,7,54,4,0.7264304757118225,0.0
101,7,86,4,0.9549403190612793,0.9258200997725518
101,7,102,4,0.9201611876487732,0.8451542547285168
101,7,58,4,0.9603883028030396,0.8451542547285168
101,7,90,4,0.9796833992004395,0.9258200997725518
101,7,106,4,0.9399006366729736,0.9258200997725518
101,7,114,4,1.0,1.0000000000000004
101,7,60,4,0.7264304757118225,0.0
101,7,92,4,0.9658643007278442,0.8451542547285168
101,7,108,4,0.9030877351760864,0.7559289460184546
101,7,116,4,0.9147254824638367,0.7559289460184546
101,7,120,4,0.9658643007278442,0.8451542547285168
101,7,31,5,0.9014706611633301,0.7715167498104598
101,7,47,5,0.9242302179336548,0.8451542547285168
101,7,79,5,0.8631699085235596,0.7715167498104598
101,7,55,5,0.8887753486633301,0.8017837257372734
101,7,87,5,0.8378591537475586,0.5241424183609593
101,7,103,5,0.9201611876487732,0.8451542547285168
101,7,59,5,1.0,1.0000000000000004
101,7,91,5,0.9287858605384827,0.8571428571428575
101,7,107,5,0.9399006366729736,0.9258200997725518
101,7,115,5,0.9610129594802856,0.9258200997725518
101,7,61,5,1.0,1.0000000000000004
101,7,93,5,0.9287858605384827,0.8571428571428575
101,7,109,5,0.9399006366729736,0.9258200997725518
101,7,117,5,1.0,1.0000000000000004
101,7,121,5,1.0,1.0000000000000004
101,7,62,5,0.9603883028030396,0.8451542547285168
101,7,94,5,0.8828504085540771,0.7715167498104598
101,7,110,5,0.9399006366729736,0.9258200997725518
101,7,118,5,1.0,1.0000000000000004
101,7,122,5,0.9796833992004395,0.9258200997725518
101,7,124,5,0.9658643007278442,0.8451542547285168
101,7,63,6,1.0,1.0000000000000004
101,7,95,6,0.9287858605384827,0.8571428571428575
101,7,111,6,0.9399006366729736,0.9258200997725518
101,7,119,6,0.8887753486633301,0.8017837257372734
101,7,123,6,1.0,1.0000000000000004
101,7,125,6,1.0,1.0000000000000004
101,7,126,6,1.0,1.0000000000000004
102,5,31,5,1.0000001192092896,1.0000000000000002
102,5,0,0,0.724847674369812,0.0
102,5,1,1,0.7467809915542603,0.0
102,5,2,1,0.730913519859314,0.0
102,5,4,1,0.8513262271881104,0.447213595499958
102,5,8,1,0.8701439499855042,0.447213595499958
102,5,16,1,0.7830777168273926,0.447213595499958
102,5,3,2,0.7354727983474731,0.0
102,5,5,2,0.8439778089523315,0.223606797749979
102,5,9,2,0.8829601407051086,0.316227766016838
102,5,17,2,0.7649400234222412,0.316227766016838
102,5,6,2,0.8406316041946411,0.316227766016838
102,5,10,2,0.8701439499855042,0.447213595499958
102,5,18,2,0.7902834415435791,0.447213595499958
102,5,12,2,0.9371373653411865,0.632455532033676
102,5,20,2,0.8548449277877808,0.316227766016838
102,5,24,2,0.9021674394607544,0.632455532033676
102,5,7,3,0.8370841145515442,0.4000000000000001
102,5,11,3,0.8677706718444824,0.316227766016838
102,5,19,3,0.7730249762535095,0.2581988897471612
102,5,13,3,0.9567869305610657,0.6000000000000001
102,5,21,3,0.8244723677635193,0.2581988897471612
102,5,25,3,0.8988916873931885,0.5163977794943224
102,5,14,3,0.9371373653411865,0.632455532033676
102,5,22,3,0.8641124963760376,0.5163977794943224
102,5,26,3,0.9021674394607544,0.632455532033676
102,5,28,3,0.9404125213623047,0.7745966692414836
102,5,15,4,1.0000001192092896,1.0000000000000002
102,5,23,4,0.8135969638824463,0.316227766016838
102,5,27,4,0.8471347093582153,0.1363988678940947
102,5,29,4,0.9881779551506042,0.8000000000000002
102,5,30,4,0.959604024887085,0.670820393249937
103,6,63,6,0.9999998807907104,1.0000000000000002
103,6,0,0,0.790147602558136,0.0
103,6,1,1,0.817261815071106,0.2357022603955159
103,6,2,1,0.7942923307418823,0.5773502691896258
103,6,4,1,0.796135425567627,0.0
103,6,8,1,0.8878129124641418,0.912870929175277
103,6,16,1,0.796135425567627,0.0
103,6,32,1,0.9525620341300964,0.4082482904638631
103,6,3,2,0.8225715160369873,0.7071067811865477
103,6,5,2,0.8891591429710388,0.912870929175277
103,6,9,2,0.8878129124641418,0.912870929175277
103,6,17,2,0.817261815071106,0.2357022603955159
103,6,33,2,0.9443056583404541,0.3333333333333334
103,6,6,2,0.8264601826667786,0.8164965809277261
103,6,10,2,0.8264601826667786,0.8164965809277261
103,6,18,2,0.8020938038825989,0.4714045207910318
103,6,34,2,0.9621007442474365,0.912870929175277
103,6,12,2,0.8878129124641418,0.912870929175277
103,6,20,2,0.8878129124641418,0.912870929175277
103,6,36,2,0.9525620341300964,0.4082482904638631
103,6,24,2,0.8342342376708984,0.7302967433402217
103,6,40,2,0.9999998807907104,1.0000000000000002
103,6,48,2,0.9420914053916931,0.4082482904638631
103,6,7,3,0.8880930542945862,0.912870929175277
103,6,11,3,0.8878129124641418,0.912870929175277
103,6,19,3,0.8177592158317566,0.5477225575051663
103,6,35,3,0.9999998807907104,1.0000000000000002
103,6,13,3,0.8878129124641418,0.912870929175277
103,6,21,3,0.8891591429710388,0.912870929175277
103,6,37,3,0.9999998807907104,1.0000000000000002
103,6,25,3,0.8878129124641418,0.912870929175277
103,6,41,3,0.9999998807907104,1.0000000000000002
103,6,49,3,0.937798798084259,0.5477225575051663
103,6,14,3,0.8264601826667786,0.8164965809277261
103,6,22,3,0.8264601826667786,0.8164965809277261
103,6,38,3,0.9621007442474365,0.912870929175277
103,6,26,3,0.8264601826667786,0.8164965809277261
103,6,42,3,0.9621007442474365,0.912870929175277
103,6,50,3,0.9621007442474365,0.912870929175277
103,6,28,3,0.8878129124641418,0.912870929175277
103,6,44,3,0.9999998807907104,1.0000000000000002
103,6,52,3,0.8900562524795532,0.4082482904638631
103,6,56,3,0.9999998807907104,1.0000000000000002
103,6,15,4,0.8878129124641418,0.912870929175277
103,6,23,4,0.8891591429710388,0.912870929175277
103,6,39,4,0.9999998807907104,1.0000000000000002
103,6,27,4,0.8878129124641418,0.912870929175277
103,6,43,4,0.9999998807907104,1.0000000000000002
103,6,51,4,0.9999998807907104,1.0000000000000002
103,6,29,4,0.8878129124641418,0.912870929175277
103,6,45,4,0.9999998807907104,1.0000000000000002
103,6,53,4,0.9999998807907104,1.0000000000000002
103,6,57,4,0.9999998807907104,1.0000000000000002
103,6,30,4,0.8264601826667786,0.8164965809277261
103,6,46,4,0.9621007442474365,0.912870929175277
103,6,54,4,0.9621007442474365,0.912870929175277
103,6,58,4,0.9621007442474365,0.912870929175277
103,6,60,4,0.9999998807907104,1.0000000000000002
103,6,31,5,0.8878129124641418,0.912870929175277
103,6,47,5,0.9999998807907104,1.0000000000000002
103,6,55,5,0.9999998807907104,1.0000000000000002
103,6,59,5,0.9999998807907104,1.0000000000000002
103,6,61,5,0.9999998807907104,1.0000000000000002
103,6,62,5,0.9621007442474365,0.912870929175277
104,5,31,5,0.9999998211860657,1.0000000000000004
104,5,0,0,0.8991936445236206,0.6546536707079773
104,5,1,1,0.855363667011261,0.6761234037828134
104,5,2,1,0.9084837436676025,0.6761234037828134
104,5,4,1,0.878761887550354,0.566946709513841
104,5,8,1,0.9545146226882935,0.8451542547285168
104,5,16,1,0.9545146226882935,0.8451542547285168
104,5,3,2,0.9999998211860657,1.0000000000000004
104,5,5,2,0.9999998211860657,1.0000000000000004
104,5,9,2,0.9826520085334778,0.9258200997725518
104,5,17,2,0.9999998211860657,1.0000000000000004
104,5,6,2,0.9899313449859619,0.9258200997725518
104,5,10,2,0.9899313449859619,0.9258200997725518
104,5,18,2,0.935693621635437,0.7715167498104598
104,5,12,2,0.9545146226882935,0.8451542547285168
104,5,20,2,0.8736350536346436,0.6761234037828134
104,5,24,2,0.9545146226882935,0.8451542547285168
104,5,7,3,0.9999998211860657,1.0000000000000004
104,5,11,3,0.9999998211860657,1.0000000000000004
104,5,19,3,0.9999998211860657,1.0000000000000004
104,5,13,3,0.9826520085334778,0.9258200997725518
104,5,21,3,0.9826520085334778,0.9258200997725518
104,5,25,3,0.9999998211860657,1.0000000000000004
104,5,14,3,0.9899313449859619,0.9258200997725518
104,5,22,3,0.9899313449859619,0.9258200997725518
104,5,26,3,0.9899313449859619,0.9258200997725518
104,5,28,3,0.9545146226882935,0.8451542547285168
104,5,15,4,0.9999998211860657,1.0000000000000004
104,5,23,4,0.9999998211860657,1.0000000000000004
104,5,27,4,0.9999998211860657,1.0000000000000004
104,5,29,4,0.9999998211860657,1.0000000000000004
104,5,30,4,0.9899313449859619,0.9258200997725518
105,5,31,5,1.0000001192092896,1.0000000000000002
105,5,0,0,0.7365596294403076,0.316227766016838
105,5,1,1,0.7766522765159607,0.632455532033676
105,5,2,1,0.7365596294403076,0.316227766016838
105,5,4,1,0.8095215559005737,0.316227766016838
105,5,8,1,0.7413769960403442,0.0
105,5,16,1,0.8324405550956726,0.316227766016838
105,5,3,2,0.7766522765159607,0.632455532033676
105,5,5,2,0.8948489427566528,0.8000000000000002
105,5,9,2,0.7766522765159607,0.632455532033676
105,5,17,2,0.8922237157821655,0.7745966692414836
105,5,6,2,0.8948489427566528,0.8000000000000002
105,5,10,2,0.7314181327819824,0.0
105,5,18,2,0.8622579574584961,0.5163977794943224
105,5,12,2,0.8000329732894897,0.0
105,5,20,2,0.8840525150299072,0.5163977794943224
105,5,24,2,0.8416334390640259,0.5163977794943224
105,5,7,3,0.8992106318473816,0.6000000000000001
105,5,11,3,0.7766522765159607,0.632455532033676
105,5,19,3,0.8922237157821655,0.7745966692414836
105,5,13,3,0.8948489427566528,0.8000000000000002
105,5,21,3,1.0000001192092896,1.0000000000000002
105,5,25,3,0.8876633644104004,0.894427190999916
105,5,14,3,0.8913190960884094,0.894427190999916
105,5,22,3,1.0000001192092896,1.0000000000000002
105,5,26,3,0.8622579574584961,0.5163977794943224
105,5,28,3,0.8262444138526917,0.2581988897471612
105,5,15,4,0.887710690498352,0.8000000000000002
105,5,23,4,1.0000001192092896,1.0000000000000002
105,5,27,4,0.8864594101905823,0.8000000000000002
105,5,29,4,1.0000001192092896,1.0000000000000002
105,5,30,4,1.0000001192092896,1.0000000000000002
108,6,63,6,0.9999998807907104,1.0000000000000002
108,6,0,0,0.7333682179450989,0.0
108,6,1,1,0.8071997761726379,0.5773502691896258
108,6,2,1,0.7645268440246582,0.4082482904638631
108,6,4,1,0.8251336812973022,0.5773502691896258
108,6,8,1,0.7627456188201904,0.0
108,6,16,1,0.7545602321624756,0.0
108,6,32,1,0.8061263561248779,0.5773502691896258
108,6,3,2,0.8071997761726379,0.5773502691896258
108,6,5,2,0.8739811182022095,0.7071067811865477
108,6,9,2,0.8705518245697021,0.5477225575051663
108,6,17,2,0.9253354072570801,0.7302967433402217
108,6,33,2,0.8663590550422668,0.7071067811865477
108,6,6,2,0.8251336812973022,0.5773502691896258
108,6,10,2,0.8286540508270264,0.5773502691896258
108,6,18,2,0.7645268440246582,0.4082482904638631
108,6,34,2,0.8061263561248779,0.5773502691896258
108,6,12,2,0.8881683349609375,0.7071067811865477
108,6,20,2,0.9622151851654053,0.8164965809277261
108,6,36,2,0.8839312791824341,0.6123724356957946
108,6,24,2,0.9489034414291382,0.7071067811865477
108,6,40,2,0.8893441557884216,0.5773502691896258
108,6,48,2,0.9252495765686035,0.7071067811865477
108,6,7,3,0.8739811182022095,0.7071067811865477
108,6,11,3,0.8705518245697021,0.5477225575051663
108,6,19,3,0.8071997761726379,0.5773502691896258
108,6,35,3,0.8663590550422668,0.7071067811865477
108,6,13,3,0.9339414834976196,0.7302967433402217
108,6,21,3,0.9651846289634705,0.8333333333333336
108,6,37,3,0.9056800603866577,0.7302967433402217
108,6,25,3,0.9720127582550049,0.912870929175277
108,6,41,3,0.9201755523681641,0.8164965809277261
108,6,49,3,0.9444195032119751,0.8164965809277261
108,6,14,3,0.8881683349609375,0.7071067811865477
108,6,22,3,0.8251336812973022,0.5773502691896258
108,6,38,3,0.8251336812973022,0.5773502691896258
108,6,26,3,0.9489034414291382,0.7071067811865477
108,6,42,3,0.8932347297668457,0.7071067811865477
108,6,50,3,0.9098426699638367,0.5773502691896258
108,6,28,3,0.9821488857269287,0.912870929175277
108,6,44,3,0.9330941438674927,0.7071067811865477
108,6,52,3,0.8251336812973022,0.5773502691896258
108,6,56,3,0.9375380277633667,0.7302967433402217
108,6,15,4,0.9339414834976196,0.7302967433402217
108,6,23,4,0.9651846289634705,0.8333333333333336
108,6,39,4,0.9057248830795288,0.7302967433402217
108,6,27,4,0.9720127582550049,0.912870929175277
108,6,43,4,0.9201755523681641,0.8164965809277261
108,6,51,4,0.9192878007888794,0.6666666666666669
108,6,29,4,0.9999998807907104,1.0000000000000002
108,6,45,4,0.9474573135375977,0.8333333333333336
108,6,53,4,0.9770787358283997,0.912870929175277
108,6,57,4,0.9720127582550049,0.912870929175277
108,6,30,4,0.9821488857269287,0.912870929175277
108,6,46,4,0.9393454790115356,0.8164965809277261
108,6,54,4,0.8251336812973022,0.5773502691896258
108,6,58,4,0.9535870552062988,0.8164965809277261
108,6,60,4,0.9821488857269287,0.912870929175277
108,6,31,5,0.9999998807907104,1.0000000000000002
108,6,47,5,0.9474573135375977,0.8333333333333336
108,6,55,5,0.9651846289634705,0.8333333333333336
108,6,59,5,0.9720127582550049,0.912870929175277
108,6,61,5,0.9999998807907104,1.0000000000000002
108,6,62,5,0.9790422916412354,0.912870929175277
109,5,31,5,1.0,1.0000000000000002
109,5,0,0,0.7529589533805847,0.0
109,5,1,1,0.7408854365348816,0.223606797749979
109,5,2,1,0.7616162300109863,0.0
109,5,4,1,0.7430827617645264,0.0
109,5,8,1,0.8016283512115479,0.2581988897471612
109,5,16,1,0.8343344926834106,0.447213595499958
109,5,3,2,0.815813422203064,0.447213595499958
109,5,5,2,0.7647328972816467,0.2581988897471612
109,5,9,2,0.8627367615699768,0.447213595499958
109,5,17,2,0.8069315552711487,0.447213595499958
109,5,6,2,0.7261411547660828,0.0
109,5,10,2,0.7820149660110474,0.2581988897471612
109,5,18,2,0.863926112651825,0.447213595499958
109,5,12,2,0.8671050071716309,0.3380617018914067
109,5,20,2,0.8812822103500366,0.316227766016838
109,5,24,2,0.8187938928604126,0.447213595499958
109,5,7,3,0.8366284370422363,0.5163977794943224
109,5,11,3,0.933933436870575,0.8000000000000002
109,5,19,3,0.8815319538116455,0.5477225575051663
109,5,13,3,0.8915753960609436,0.7745966692414836
109,5,21,3,0.8248612284660339,0.447213595499958
109,5,25,3,0.9464865922927856,0.894427190999916
109,5,14,3,0.851625382900238,0.36181361349331637
109,5,22,3,0.935369610786438,0.5163977794943224
109,5,26,3,0.8305690884590149,0.670820393249937
109,5,28,3,0.9489234685897827,0.7745966692414836
109,5,15,4,0.933933436870575,0.8000000000000002
109,5,23,4,0.9265308380126953,0.670820393249937
109,5,27,4,1.0,1.0000000000000002
109,5,29,4,0.9464865922927856,0.894427190999916
109,5,30,4,0.9904776215553284,0.894427190999916
110,6,63,6,0.9999998211860657,1.0000000000000002
110,6,0,0,0.6826968193054199,0.0
110,6,1,1,0.7691901922225952,0.0
110,6,2,1,0.8974416851997375,0.4714045207910318
110,6,4,1,0.7681335806846619,0.0
110,6,8,1,0.725838303565979,0.0
110,6,16,1,0.6826968193054199,0.0
110,6,32,1,0.7395921945571899,0.0
110,6,3,2,0.913458526134491,0.4714045207910318
110,6,5,2,0.9835568070411682,0.6123724356957946
110,6,9,2,0.8544990420341492,0.7302967433402217
110,6,17,2,0.7796554565429688,0.2886751345948129
110,6,33,2,0.7830888032913208,0.4082482904638631
110,6,6,2,0.8970854878425598,0.3651483716701108
110,6,10,2,0.9474490880966187,0.6123724356957946
110,6,18,2,0.8363974690437317,0.20412414523193154
110,6,34,2,0.8820618391036987,0.6123724356957946
110,6,12,2,0.725838303565979,0.0
110,6,20,2,0.7162665128707886,0.0
110,6,36,2,0.7474004030227661,0.4082482904638631
110,6,24,2,0.725838303565979,0.0
110,6,40,2,0.8053181767463684,0.6123724356957946
110,6,48,2,0.7274091243743896,0.0
110,6,7,3,0.9649373888969421,0.4082482904638631
110,6,11,3,0.9786278009414673,0.8333333333333336
110,6,19,3,0.9293699860572815,0.5477225575051663
110,6,35,3,0.9343740940093994,0.7302967433402217
110,6,13,3,0.9999998211860657,1.0000000000000002
110,6,21,3,0.9835568070411682,0.6123724356957946
110,6,37,3,0.9527362585067749,0.912870929175277
110,6,25,3,0.8544990420341492,0.7302967433402217
110,6,41,3,0.8544990420341492,0.7302967433402217
110,6,49,3,0.8007539510726929,0.6123724356957946
110,6,14,3,0.9744852185249329,0.8164965809277261
110,6,22,3,0.8970854878425598,0.3651483716701108
110,6,38,3,0.8910725116729736,0.5477225575051663
110,6,26,3,0.935682475566864,0.7302967433402217
110,6,42,3,0.8820618391036987,0.6123724356957946
110,6,50,3,0.8348307609558105,0.4082482904638631
110,6,28,3,0.725838303565979,0.0
110,6,44,3,0.9016950726509094,0.8164965809277261
110,6,52,3,0.725838303565979,0.0
110,6,56,3,0.8053181767463684,0.6123724356957946
110,6,15,4,0.9948492646217346,0.8333333333333336
110,6,23,4,0.9883785843849182,0.6666666666666669
110,6,39,4,0.9527362585067749,0.912870929175277
110,6,27,4,0.9786278009414673,0.8333333333333336
110,6,43,4,0.9786278009414673,0.8333333333333336
110,6,51,4,0.9343740940093994,0.7302967433402217
110,6,29,4,0.9075040221214294,0.8333333333333336
110,6,45,4,0.9999998211860657,1.0000000000000002
110,6,53,4,0.9527362585067749,0.912870929175277
110,6,57,4,0.8544990420341492,0.7302967433402217
110,6,30,4,0.986372709274292,0.912870929175277
110,6,46,4,0.9543157815933228,0.912870929175277
110,6,54,4,0.9075709581375122,0.6666666666666669
110,6,58,4,0.8820618391036987,0.6123724356957946
110,6,60,4,0.9016950726509094,0.8164965809277261
110,6,31,5,0.9999998211860657,1.0000000000000002
110,6,47,5,0.9999998211860657,1.0000000000000002
110,6,55,5,0.9527362585067749,0.912870929175277
110,6,59,5,0.9786278009414673,0.8333333333333336
110,6,61,5,0.9999998211860657,1.0000000000000002
110,6,62,5,0.9543157815933228,0.912870929175277
112,7,127,7,1.0,1.0000000000000004
112,7,0,0,0.7704287767410278,0.0
112,7,1,1,0.7967113256454468,0.6546536707079773
112,7,2,1,0.766071081161499,0.26726124191242445
112,7,4,1,0.766071081161499,0.26726124191242445
112,7,8,1,0.8621106147766113,0.566946709513841
112,7,16,1,0.8753899335861206,0.21821789023599245
112,7,32,1,0.7838955521583557,0.0
112,7,64,1,0.7388266324996948,0.16903085094570336
112,7,3,2,0.7967113256454468,0.6546536707079773
112,7,5,2,0.7967113256454468,0.6546536707079773
112,7,9,2,0.8881722688674927,0.6761234037828134
112,7,17,2,0.9390015006065369,0.8451542547285168
112,7,33,2,0.8532653450965881,0.6761234037828134
112,7,65,2,0.8061469793319702,0.46291004988627593
112,7,6,2,0.766071081161499,0.26726124191242445
112,7,10,2,0.8621106147766113,0.566946709513841
112,7,18,2,0.8734174966812134,0.566946709513841
112,7,34,2,0.8444187045097351,0.4364357804719849
112,7,66,2,0.7225930690765381,0.16903085094570336
112,7,12,2,0.8621106147766113,0.566946709513841
112,7,20,2,0.8789992928504944,0.4364357804719849
112,7,36,2,0.8444187045097351,0.4364357804719849
112,7,68,2,0.7225930690765381,0.16903085094570336
112,7,24,2,0.9040687680244446,0.6761234037828134
112,7,40,2,0.9078909158706665,0.6761234037828134
112,7,72,2,0.8377457857131958,0.2020305089104422
112,7,48,2,0.8930380344390869,0.5070925528371101
112,7,80,2,0.8498629331588745,0.3380617018914067
112,7,96,2,0.8879530429840088,0.566946709513841
112,7,7,3,0.7967113256454468,0.6546536707079773
112,7,11,3,0.897273063659668,0.6761234037828134
112,7,19,3,0.9390015006065369,0.8451542547285168
112,7,35,3,0.9001164436340332,0.7559289460184546
112,7,67,3,0.7865419387817383,0.4558423058385519
112,7,13,3,0.8881722688674927,0.6761234037828134
112,7,21,3,0.9390015006065369,0.8451542547285168
112,7,37,3,0.9001164436340332,0.7559289460184546
112,7,69,3,0.8061469793319702,0.46291004988627593
112,7,25,3,0.904255747795105,0.7715167498104598
112,7,41,3,0.9350394606590271,0.7715167498104598
112,7,73,3,0.8623515367507935,0.5714285714285717
112,7,49,3,0.8989458084106445,0.7715167498104598
112,7,81,3,0.8684787750244141,0.5714285714285717
112,7,97,3,0.9339125156402588,0.8451542547285168
112,7,14,3,0.8621106147766113,0.566946709513841
112,7,22,3,0.8734174966812134,0.566946709513841
112,7,38,3,0.8444187045097351,0.4364357804719849
112,7,70,3,0.7225930690765381,0.16903085094570336
112,7,26,3,0.9040687680244446,0.6761234037828134
112,7,42,3,0.8976927995681763,0.5070925528371101
112,7,74,3,0.8025962710380554,0.30860669992418394
112,7,50,3,0.8868851065635681,0.6172133998483679
112,7,82,3,0.8498629331588745,0.3380617018914067
112,7,98,3,0.8879530429840088,0.566946709513841
112,7,28,3,0.9040687680244446,0.6761234037828134
112,7,44,3,0.9078909158706665,0.6761234037828134
112,7,76,3,0.8213120102882385,0.30860669992418394
112,7,52,3,0.8942045569419861,0.46291004988627593
112,7,84,3,0.8498629331588745,0.3380617018914067
112,7,100,3,0.8879530429840088,0.566946709513841
112,7,56,3,0.9351945519447327,0.7142857142857146
112,7,88,3,0.8864157795906067,0.46291004988627593
112,7,104,3,0.936065673828125,0.7715167498104598
112,7,112,3,0.92283695936203,0.6172133998483679
112,7,15,4,0.9120763540267944,0.7559289460184546
112,7,23,4,0.9390015006065369,0.8451542547285168
112,7,39,4,0.9001164436340332,0.7559289460184546
112,7,71,4,0.788955569267273,0.4364357804719849
112,7,27,4,0.904255747795105,0.7715167498104598
112,7,43,4,0.9195219874382019,0.7715167498104598
112,7,75,4,0.8485351800918579,0.5714285714285717
112,7,51,4,0.9390015006065369,0.8451542547285168
112,7,83,4,0.8684787750244141,0.5714285714285717
112,7,99,4,0.9339125156402588,0.8451542547285168
112,7,29,4,0.904255747795105,0.7715167498104598
112,7,45,4,0.9350394606590271,0.7715167498104598
112,7,77,4,0.8623515367507935,0.5714285714285717
112,7,53,4,0.8989458084106445,0.7715167498104598
112,7,85,4,0.8684787750244141,0.5714285714285717
112,7,101,4,0.9339125156402588,0.8451542547285168
112,7,57,4,0.934914767742157,0.8571428571428575
112,7,89,4,0.904255747795105,0.7715167498104598
112,7,105,4,1.0,1.0000000000000004
112,7,113,4,0.9697141647338867,0.9258200997725518
112,7,30,4,0.9085133075714111,0.566946709513841
112,7,46,4,0.8976927995681763,0.5070925528371101
112,7,78,4,0.8025962710380554,0.30860669992418394
112,7,54,4,0.8775405287742615,0.46291004988627593
112,7,86,4,0.8498629331588745,0.3380617018914067
112,7,102,4,0.8879530429840088,0.566946709513841
112,7,58,4,0.921870231628418,0.6172133998483679
112,7,90,4,0.8794077634811401,0.46291004988627593
112,7,106,4,0.9260709285736084,0.5714285714285717
112,7,114,4,0.9281662702560425,0.6761234037828134
112,7,60,4,0.9351945519447327,0.7142857142857146
112,7,92,4,0.8794077634811401,0.46291004988627593
112,7,108,4,0.936065673828125,0.7715167498104598
112,7,116,4,0.9248456954956055,0.7715167498104598
112,7,120,4,0.9502900242805481,0.8571428571428575
112,7,31,5,0.904255747795105,0.7715167498104598
112,7,47,5,0.9195219874382019,0.7715167498104598
112,7,79,5,0.8485351800918579,0.5714285714285717
112,7,55,5,0.9390015006065369,0.8451542547285168
112,7,87,5,0.9045712947845459,0.7142857142857146
112,7,103,5,0.9339125156402588,0.8451542547285168
112,7,59,5,0.934914767742157,0.8571428571428575
112,7,91,5,0.904255747795105,0.7715167498104598
112,7,107,5,0.9243630766868591,0.5460189062319485
112,7,115,5,0.9697141647338867,0.9258200997725518
112,7,61,5,0.934914767742157,0.8571428571428575
112,7,93,5,0.8951535224914551,0.6681531047810612
112,7,109,5,1.0,1.0000000000000004
112,7,117,5,0.9697141647338867,0.9258200997725518
112,7,121,5,1.0,1.0000000000000004
112,7,62,5,0.921870231628418,0.6172133998483679
112,7,94,5,0.8794077634811401,0.46291004988627593
112,7,110,5,0.9260709285736084,0.5714285714285717
112,7,118,5,0.9248456954956055,0.7715167498104598
112,7,122,5,0.9533803462982178,0.7715167498104598
112,7,124,5,0.9502900242805481,0.8571428571428575
112,7,63,6,0.934914767742157,0.8571428571428575
112,7,95,6,0.904255747795105,0.7715167498104598
112,7,111,6,0.9243630766868591,0.5460189062319485
112,7,119,6,0.9697141647338867,0.9258200997725518
112,7,123,6,1.0,1.0000000000000004
112,7,125,6,1.0,1.0000000000000004
112,7,126,6,0.9533803462982178,0.7715167498104598
113,6,63,6,1.0,1.0000000000000002
113,6,0,0,0.7660833597183228,0.0
113,6,1,1,0.8187350630760193,0.0
113,6,2,1,0.7753888368606567,0.20412414523193154
113,6,4,1,0.8104567527770996,0.4714045207910318
113,6,8,1,0.8615973591804504,0.5773502691896258
113,6,16,1,0.7660833597183228,0.0
113,6,32,1,0.882938027381897,0.5773502691896258
113,6,3,2,0.8171355724334717,0.0
113,6,5,2,0.9363330602645874,0.8333333333333336
113,6,9,2,0.8977816104888916,0.6666666666666669
113,6,17,2,0.8977816104888916,0.6666666666666669
113,6,33,2,0.9734387397766113,0.8333333333333336
113,6,6,2,0.8104567527770996,0.4714045207910318
113,6,10,2,0.8331176042556763,0.4714045207910318
113,6,18,2,0.7693271636962891,0.4082482904638631
113,6,34,2,0.7693271636962891,0.4082482904638631
113,6,12,2,0.9024810194969177,0.7071067811865477
113,6,20,2,0.8104567527770996,0.4714045207910318
113,6,36,2,0.9735634922981262,0.8164965809277261
113,6,24,2,0.8615973591804504,0.5773502691896258
113,6,40,2,0.9422259330749512,0.7071067811865477
113,6,48,2,0.9422259330749512,0.7071067811865477
113,6,7,3,0.9363330602645874,0.8333333333333336
113,6,11,3,0.8887666463851929,0.7302967433402217
113,6,19,3,0.830771267414093,0.5773502691896258
113,6,35,3,0.935698390007019,0.6666666666666669
113,6,13,3,0.9263239502906799,0.912870929175277
113,6,21,3,0.9386266469955444,0.7715167498104598
113,6,37,3,1.0,1.0000000000000002
113,6,25,3,0.8977816104888916,0.6666666666666669
113,6,41,3,0.9062944054603577,0.5367450401216936
113,6,49,3,0.9734387397766113,0.8333333333333336
113,6,14,3,0.879378080368042,0.8164965809277261
113,6,22,3,0.753629207611084,0.0
113,6,38,3,0.9092472791671753,0.3499271061118826
113,6,26,3,0.8448259234428406,0.7071067811865477
113,6,42,3,0.9422259330749512,0.7071067811865477
113,6,50,3,0.8825039863586426,0.4714045207910318
113,6,28,3,0.9024810194969177,0.7071067811865477
113,6,44,3,0.9735634922981262,0.8164965809277261
113,6,52,3,0.9735634922981262,0.8164965809277261
113,6,56,3,0.9422259330749512,0.7071067811865477
113,6,15,4,0.9263239502906799,0.912870929175277
113,6,23,4,0.9263239502906799,0.912870929175277
113,6,39,4,1.0,1.0000000000000002
113,6,27,4,0.882064938545227,0.8164965809277261
113,6,43,4,0.9519807696342468,0.8333333333333336
113,6,51,4,0.963971734046936,0.8333333333333336
113,6,29,4,0.9263239502906799,0.912870929175277
113,6,45,4,0.995582103729248,0.9258200997725518
113,6,53,4,0.995582103729248,0.9258200997725518
113,6,57,4,0.9286515116691589,0.5220368976638746
113,6,30,4,0.879378080368042,0.8164965809277261
113,6,46,4,0.9021047353744507,0.37796447300922725
113,6,54,4,0.9029049277305603,0.3572948005052482
113,6,58,4,0.9422259330749512,0.7071067811865477
113,6,60,4,0.9735634922981262,0.8164965809277261
113,6,31,5,0.9263239502906799,0.912870929175277
113,6,47,5,1.0,1.0000000000000002
113,6,55,5,1.0,1.0000000000000002
113,6,59,5,0.9519807696342468,0.8333333333333336
113,6,61,5,1.0,1.0000000000000002
113,6,62,5,0.9716371297836304,0.7302967433402217
114,7,127,7,0.9999999403953552,1.0000000000000004
114,7,0,0,0.6976110935211182,0.15430334996209197
114,7,1,1,0.8378234505653381,0.566946709513841
114,7,2,1,0.8344208002090454,0.6546536707079773
114,7,4,1,0.692739725112915,0.31524416249564036
114,7,8,1,0.7376264929771423,0.39036002917941337
114,7,16,1,0.7900760173797607,0.0
114,7,32,1,0.7432147264480591,0.0
114,7,64,1,0.8327391147613525,0.3779644730092273
114,7,3,2,0.8344208002090454,0.6546536707079773
114,7,5,2,0.8389467000961304,0.7559289460184546
114,7,9,2,0.8217213153839111,0.6761234037828134
114,7,17,2,0.8553526401519775,0.5070925528371101
114,7,33,2,0.8966273069381714,0.7715167498104598
114,7,65,2,0.9153642654418945,0.8451542547285168
114,7,6,2,0.8389467000961304,0.7559289460184546
114,7,10,2,0.8389467000961304,0.7559289460184546
114,7,18,2,0.8553526401519775,0.5070925528371101
114,7,34,2,0.7440716028213501,0.0
114,7,66,2,0.8327391147613525,0.3779644730092273
114,7,12,2,0.739766001701355,0.39036002917941337
114,7,20,2,0.7900049686431885,0.3779644730092273
114,7,36,2,0.7432147264480591,0.0
114,7,68,2,0.8327391147613525,0.3779644730092273
114,7,24,2,0.7936450242996216,0.5345224838248489
114,7,40,2,0.7546498775482178,0.21821789023599245
114,7,72,2,0.7598778009414673,0.3779644730092273
114,7,48,2,0.7709373235702515,0.21821789023599245
114,7,80,2,0.8692758083343506,0.26726124191242445
114,7,96,2,0.8328031301498413,0.26726124191242445
114,7,7,3,0.8389467000961304,0.7559289460184546
114,7,11,3,0.8389467000961304,0.7559289460184546
114,7,19,3,0.8553526401519775,0.5070925528371101
114,7,35,3,0.8232383728027344,0.6172133998483679
114,7,67,3,0.8186028003692627,0.566946709513841
114,7,13,3,0.8217213153839111,0.6761234037828134
114,7,21,3,0.8556002974510193,0.6172133998483679
114,7,37,3,0.8232383728027344,0.6172133998483679
114,7,69,3,0.9153642654418945,0.8451542547285168
114,7,25,3,0.8562034368515015,0.8451542547285168
114,7,41,3,0.9184849262237549,0.6761234037828134
114,7,73,3,0.8832117319107056,0.7715167498104598
114,7,49,3,0.9999999403953552,1.0000000000000004
114,7,81,3,0.9234154224395752,0.7715167498104598
114,7,97,3,0.9370033740997314,0.8451542547285168
114,7,14,3,0.8389467000961304,0.7559289460184546
114,7,22,3,0.8556002974510193,0.6172133998483679
114,7,38,3,0.8232383728027344,0.6172133998483679
114,7,70,3,0.9153642654418945,0.8451542547285168
114,7,26,3,0.8601059913635254,0.8451542547285168
114,7,42,3,0.8692576885223389,0.37796447300922725
114,7,74,3,0.9153642654418945,0.8451542547285168
114,7,50,3,0.7728732824325562,0.21821789023599245
114,7,82,3,0.8692758083343506,0.26726124191242445
114,7,98,3,0.8372645974159241,0.26726124191242445
114,7,28,3,0.7936450242996216,0.5345224838248489
114,7,44,3,0.7546498775482178,0.21821789023599245
114,7,76,3,0.843734622001648,0.5345224838248489
114,7,52,3,0.7709373235702515,0.21821789023599245
114,7,84,3,0.8163037300109863,0.3380617018914067
114,7,100,3,0.8372645974159241,0.26726124191242445
114,7,56,3,0.9490492939949036,0.7559289460184546
114,7,88,3,0.9324937462806702,0.7559289460184546
114,7,104,3,0.8691263198852539,0.5345224838248489
114,7,112,3,0.9306538701057434,0.6546536707079773
114,7,15,4,0.8389467000961304,0.7559289460184546
114,7,23,4,0.8556002974510193,0.6172133998483679
114,7,39,4,0.8232383728027344,0.6172133998483679
114,7,71,4,0.9153642654418945,0.8451542547285168
114,7,27,4,0.8562034368515015,0.8451542547285168
114,7,43,4,0.8232383728027344,0.6172133998483679
114,7,75,4,0.914994478225708,0.8451542547285168
114,7,51,4,0.9999999403953552,1.0000000000000004
114,7,83,4,0.9234305620193481,0.6761234037828134
114,7,99,4,0.8966273069381714,0.7715167498104598
114,7,29,4,0.8556002974510193,0.6172133998483679
114,7,45,4,0.8232383728027344,0.6172133998483679
114,7,77,4,0.8389467000961304,0.7559289460184546
114,7,53,4,0.9999999403953552,1.0000000000000004
114,7,85,4,0.9234154224395752,0.7715167498104598
114,7,101,4,0.9465981125831604,0.7142857142857146
114,7,57,4,0.9999999403953552,1.0000000000000004
114,7,89,4,0.9999999403953552,1.0000000000000004
114,7,105,4,0.9999999403953552,1.0000000000000004
114,7,113,4,0.9999999403953552,1.0000000000000004
114,7,30,4,0.8601059913635254,0.8451542547285168
114,7,46,4,0.8672986030578613,0.25197631533948484
114,7,78,4,0.8389467000961304,0.7559289460184546
114,7,54,4,0.7837920188903809,0.26726124191242445
114,7,86,4,0.8556002974510193,0.6172133998483679
114,7,102,4,0.8372645974159241,0.26726124191242445
114,7,58,4,0.9396742582321167,0.7559289460184544
114,7,90,4,0.9999999403953552,1.0000000000000004
114,7,106,4,0.9254133701324463,0.6546536707079773
114,7,114,4,0.9306538701057434,0.6546536707079773
114,7,60,4,0.9324937462806702,0.7559289460184546
114,7,92,4,0.9324937462806702,0.7559289460184546
114,7,108,4,0.8400886058807373,0.3380617018914067
114,7,116,4,0.9324937462806702,0.7559289460184546
114,7,120,4,0.9324937462806702,0.7559289460184546
114,7,31,5,0.8556002974510193,0.6172133998483679
114,7,47,5,0.8219635486602783,0.5714285714285717
114,7,79,5,0.914994478225708,0.8451542547285168
114,7,55,5,0.9999999403953552,1.0000000000000004
114,7,87,5,0.9234154224395752,0.7715167498104598
114,7,103,5,0.8966273069381714,0.7715167498104598
114,7,59,5,0.9999999403953552,1.0000000000000004
114,7,91,5,0.9266537427902222,0.9258200997725518
114,7,107,5,0.8963644504547119,0.7142857142857146
114,7,115,5,0.9981489181518555,0.9258200997725518
114,7,61,5,0.9999999403953552,1.0000000000000004
114,7,93,5,0.9999999403953552,1.0000000000000004
114,7,109,5,0.9999999403953552,1.0000000000000004
114,7,117,5,0.9999999403953552,1.0000000000000004
114,7,121,5,0.9999999403953552,1.0000000000000004
114,7,62,5,0.9396742582321167,0.7559289460184544
114,7,94,5,0.9999999403953552,1.0000000000000004
114,7,110,5,0.8660255074501038,0.4285714285714288
114,7,118,5,0.9480829238891602,0.6546536707079773
114,7,122,5,0.9490492939949036,0.7559289460184546
114,7,124,5,0.9324937462806702,0.7559289460184546
114,7,63,6,0.9999999403953552,1.0000000000000004
114,7,95,6,0.918785035610199,0.7142857142857146
114,7,111,6,0.9121336936950684,0.8571428571428575
114,7,119,6,0.9999999403953552,1.0000000000000004
114,7,123,6,0.9999999403953552,1.0000000000000004
114,7,125,6,0.9999999403953552,1.0000000000000004
114,7,126,6,0.9393811821937561,0.6060915267313266
115,7,127,7,1.0,1.0000000000000002
115,7,0,0,0.7118157744407654,0.3535533905932738
115,7,1,1,0.808501660823822,0.632455532033676
115,7,2,1,0.7413403391838074,0.3535533905932738
115,7,4,1,0.7118157744407654,0.3535533905932738
115,7,8,1,0.7943903207778931,0.5000000000000001
115,7,16,1,0.8909014463424683,0.7071067811865476
115,7,32,1,0.7956105470657349,0.4082482904638631
115,7,64,1,0.75876784324646,0.5000000000000001
115,7,3,2,0.8071826100349426,0.632455532033676
115,7,5,2,0.787930965423584,0.2886751345948129
115,7,9,2,0.8149238228797913,0.632455532033676
115,7,17,2,0.9744511842727661,0.9354143466934857
115,7,33,2,0.8751891851425171,0.790569415042095
115,7,65,2,0.8488725423812866,0.632455532033676
115,7,6,2,0.7744351029396057,0.4330127018922194
115,7,10,2,0.779572606086731,0.4082482904638631
115,7,18,2,0.9322917461395264,0.7216878364870323
115,7,34,2,0.7097674608230591,0.316227766016838
115,7,66,2,0.8103855848312378,0.7216878364870323
115,7,12,2,0.7943903207778931,0.5000000000000001
115,7,20,2,0.8909014463424683,0.7071067811865476
115,7,36,2,0.7956105470657349,0.4082482904638631
115,7,68,2,0.7118157744407654,0.3535533905932738
115,7,24,2,0.9195381999015808,0.7826237921249265
115,7,40,2,0.7697740197181702,0.4082482904638631
115,7,72,2,0.7943903207778931,0.5000000000000001
115,7,48,2,0.8909014463424683,0.7071067811865476
115,7,80,2,0.9082490801811218,0.5303300858899107
115,7,96,2,0.8426343202590942,0.6123724356957946
115,7,7,3,0.780552864074707,0.4330127018922194
115,7,11,3,0.8072341084480286,0.5773502691896258
115,7,19,3,0.9744511842727661,0.9354143466934857
115,7,35,3,0.8751891851425171,0.790569415042095
115,7,67,3,0.8068759441375732,0.7071067811865476
115,7,13,3,0.8313814401626587,0.7071067811865476
115,7,21,3,0.9744511842727661,0.9354143466934857
115,7,37,3,0.8751891851425171,0.790569415042095
115,7,69,3,0.8488725423812866,0.632455532033676
115,7,25,3,1.0,1.0000000000000002
115,7,41,3,0.9158155918121338,0.8660254037844387
115,7,73,3,0.820049524307251,0.7216878364870323
115,7,49,3,0.9744511842727661,0.9354143466934857
115,7,81,3,0.9744511842727661,0.9354143466934857
115,7,97,3,0.8751891851425171,0.790569415042095
115,7,14,3,0.7753934264183044,0.474341649025257
115,7,22,3,0.8660625219345093,0.6681531047810612
115,7,38,3,0.8709138631820679,0.5000000000000001
115,7,70,3,0.820049524307251,0.7216878364870323
115,7,26,3,0.9195381999015808,0.7826237921249265
115,7,42,3,0.8510867357254028,0.632455532033676
115,7,74,3,0.7911040186882019,0.632455532033676
115,7,50,3,0.8715315461158752,0.5590169943749476
115,7,82,3,0.8825697302818298,0.5345224838248489
115,7,98,3,0.8751891851425171,0.790569415042095
115,7,28,3,0.9536542892456055,0.790569415042095
115,7,44,3,0.7697740197181702,0.4082482904638631
115,7,76,3,0.7943903207778931,0.5000000000000001
115,7,52,3,0.8909014463424683,0.7071067811865476
115,7,84,3,0.9097298979759216,0.5303300858899107
115,7,100,3,0.8426343202590942,0.6123724356957946
115,7,56,3,0.9774348139762878,0.8017837257372734
115,7,88,3,0.9556127786636353,0.8660254037844387
115,7,104,3,0.8601855039596558,0.5773502691896258
115,7,112,3,0.9035000205039978,0.790569415042095
115,7,15,4,0.7892762422561646,0.5773502691896258
115,7,23,4,0.9326035976409912,0.6250000000000001
115,7,39,4,0.8338894248008728,0.6250000000000001
115,7,71,4,0.7629747986793518,0.5345224838248489
115,7,27,4,1.0,1.0000000000000002
115,7,43,4,0.8520963191986084,0.8017837257372734
115,7,75,4,0.8092396855354309,0.7216878364870323
115,7,51,4,0.9744511842727661,0.9354143466934857
115,7,83,4,0.9644792079925537,0.9354143466934857
115,7,99,4,0.8848103284835815,0.7216878364870323
115,7,29,4,1.0,1.0000000000000002
115,7,45,4,0.8520963191986084,0.8017837257372734
115,7,77,4,0.820049524307251,0.7216878364870323
115,7,53,4,0.9744511842727661,0.9354143466934857
115,7,85,4,0.9744511842727661,0.9354143466934857
115,7,101,4,0.8751891851425171,0.790569415042095
115,7,57,4,1.0,1.0000000000000002
115,7,89,4,1.0,1.0000000000000002
115,7,105,4,0.9158155918121338,0.8660254037844387
115,7,113,4,0.9744511842727661,0.9354143466934857
115,7,30,4,0.9195381999015808,0.7826237921249265
115,7,46,4,0.8032255172729492,0.5892556509887896
115,7,78,4,0.7911040186882019,0.632455532033676
115,7,54,4,0.8715315461158752,0.5590169943749476
115,7,86,4,0.8825697302818298,0.5345224838248489
115,7,102,4,0.8751891851425171,0.790569415042095
115,7,58,4,0.8974522352218628,0.7938566201357355
115,7,90,4,0.922893762588501,0.8249579113843055
115,7,106,4,0.8601855039596558,0.5773502691896258
115,7,114,4,1.0,1.0000000000000002
115,7,60,4,0.965445876121521,0.7216878364870323
115,7,92,4,0.9556127786636353,0.8660254037844387
115,7,108,4,0.861524760723114,0.632455532033676
115,7,116,4,0.9035000205039978,0.790569415042095
115,7,120,4,0.9556127786636353,0.8660254037844387
115,7,31,5,1.0,1.0000000000000002
115,7,47,5,0.8520963191986084,0.8017837257372734
115,7,79,5,0.8204660415649414,0.7216878364870323
115,7,55,5,0.9278719425201416,0.6250000000000001
115,7,87,5,0.8825697302818298,0.5345224838248489
115,7,103,5,0.8338894248008728,0.6250000000000001
115,7,59,5,1.0,1.0000000000000002
115,7,91,5,1.0,1.0000000000000002
115,7,107,5,0.8520963191986084,0.8017837257372734
115,7,115,5,0.9744511842727661,0.9354143466934857
115,7,61,5,1.0,1.0000000000000002
115,7,93,5,0.922893762588501,0.8249579113843055
115,7,109,5,0.9158155918121338,0.8660254037844387
115,7,117,5,0.9744511842727661,0.9354143466934857
115,7,121,5,1.0,1.0000000000000002
115,7,62,5,0.8974522352218628,0.7938566201357355
115,7,94,5,0.922893762588501,0.8249579113843055
115,7,110,5,0.8601855039596558,0.5773502691896258
115,7,118,5,1.0,1.0000000000000002
115,7,122,5,1.0,1.0000000000000002
115,7,124,5,0.9556127786636353,0.8660254037844387
115,7,63,6,1.0,1.0000000000000002
115,7,95,6,1.0,1.0000000000000002
115,7,111,6,0.8079919219017029,0.7216878364870323
115,7,119,6,0.9254343509674072,0.8249579113843055
115,7,123,6,1.0,1.0000000000000002
115,7,125,6,0.922893762588501,0.8249579113843055
115,7,126,6,1.0,1.0000000000000002
116,5,31,5,1.0,1.0000000000000002
116,5,0,0,0.7289139032363892,0.0
116,5,1,1,0.8329232335090637,0.632455532033676
116,5,2,1,0.7953758239746094,0.0
116,5,4,1,0.8251246213912964,0.447213595499958
116,5,8,1,0.7912441492080688,0.0
116,5,16,1,0.8215956687927246,0.447213595499958
116,5,3,2,0.8329232335090637,0.632455532033676
116,5,5,2,0.9052478075027466,0.7745966692414836
116,5,9,2,0.9718483686447144,0.8000000000000002
116,5,17,2,0.9280763864517212,0.894427190999916
116,5,6,2,0.8423433303833008,0.632455532033676
116,5,10,2,0.7912441492080688,0.0
116,5,18,2,0.8160667419433594,0.447213595499958
116,5,12,2,0.9334961175918579,0.5163977794943224
116,5,20,2,0.8251246213912964,0.447213595499958
116,5,24,2,0.9084093570709229,0.316227766016838
116,5,7,3,0.9052478075027466,0.7745966692414836
116,5,11,3,0.9418292045593262,0.6000000000000001
116,5,19,3,0.9398425817489624,0.8000000000000002
116,5,13,3,1.0,1.0000000000000002
116,5,21,3,0.9288830757141113,0.8000000000000002
116,5,25,3,1.0,1.0000000000000002
116,5,14,3,0.9175490140914917,0.670820393249937
116,5,22,3,0.8423433303833008,0.632455532033676
116,5,26,3,0.9410615563392639,0.894427190999916
116,5,28,3,0.9334961175918579,0.5163977794943224
116,5,15,4,0.964156985282898,0.6000000000000001
116,5,23,4,0.9288830757141113,0.8000000000000002
116,5,27,4,0.9205885529518127,0.6000000000000001
116,5,29,4,1.0,1.0000000000000002
116,5,30,4,0.9410615563392639,0.894427190999916
118,7,127,7,1.0000001192092896,1.0000000000000002
118,7,0,0,0.7306697368621826,0.0
118,7,1,1,0.8386707901954651,0.14433756729740646
118,7,2,1,0.8910921812057495,0.8660254037844387
118,7,4,1,0.781347393989563,0.20412414523193154
118,7,8,1,0.8370286226272583,0.25000000000000006
118,7,16,1,0.7721477746963501,0.4082482904638631
118,7,32,1,0.7693278789520264,0.0
118,7,64,1,0.9324816465377808,0.5000000000000001
118,7,3,2,0.8910921812057495,0.8660254037844387
118,7,5,2,0.8517206907272339,0.5303300858899107
118,7,9,2,0.8910921812057495,0.8660254037844387
118,7,17,2,0.8944677710533142,0.7216878364870323
118,7,33,2,0.8910921812057495,0.8660254037844387
118,7,65,2,1.0000001192092896,1.0000000000000002
118,7,6,2,0.8910921812057495,0.8660254037844387
118,7,10,2,0.8404040336608887,0.5303300858899107
118,7,18,2,0.8910921812057495,0.8660254037844387
118,7,34,2,0.8653355240821838,0.790569415042095
118,7,66,2,0.9333354830741882,0.5773502691896258
118,7,12,2,0.8370286226272583,0.25000000000000006
118,7,20,2,0.8910921812057495,0.8660254037844387
118,7,36,2,0.7505464553833008,0.0
118,7,68,2,0.9324816465377808,0.5000000000000001
118,7,24,2,0.8671422004699707,0.7216878364870323
118,7,40,2,0.8170965909957886,0.3535533905932738
118,7,72,2,0.9468973278999329,0.5303300858899107
118,7,48,2,0.7623218894004822,0.0
118,7,80,2,0.9519188404083252,0.7216878364870323
118,7,96,2,0.9182968139648438,0.6123724356957946
118,7,7,3,0.8452895879745483,0.5773502691896258
118,7,11,3,0.8509617447853088,0.7216878364870323
118,7,19,3,0.8910921812057495,0.8660254037844387
118,7,35,3,0.8664271235466003,0.8017837257372734
118,7,67,3,1.0000001192092896,1.0000000000000002
118,7,13,3,0.8613329529762268,0.5773502691896258
118,7,21,3,0.8944677710533142,0.7216878364870323
118,7,37,3,0.8664271235466003,0.8017837257372734
118,7,69,3,1.0000001192092896,1.0000000000000002
118,7,25,3,0.8951147794723511,0.8660254037844387
118,7,41,3,0.8951147794723511,0.8660254037844387
118,7,73,3,1.0000001192092896,1.0000000000000002
118,7,49,3,0.8901665210723877,0.6681531047810612
118,7,81,3,1.0000001192092896,1.0000000000000002
118,7,97,3,1.0000001192092896,1.0000000000000002
118,7,14,3,0.8509617447853088,0.7216878364870323
118,7,22,3,0.8910921812057495,0.8660254037844387
118,7,38,3,0.8951147794723511,0.8660254037844387
118,7,70,3,0.9333354830741882,0.5773502691896258
118,7,26,3,0.8951147794723511,0.8660254037844387
118,7,42,3,0.8359286785125732,0.474341649025257
118,7,74,3,0.9619896411895752,0.790569415042095
118,7,50,3,0.8116786479949951,0.5773502691896258
118,7,82,3,0.9426106810569763,0.8017837257372734
118,7,98,3,0.9767116904258728,0.9354143466934857
118,7,28,3,0.8951147794723511,0.8660254037844387
118,7,44,3,0.8180794715881348,0.474341649025257
118,7,76,3,1.0000001192092896,1.0000000000000002
118,7,52,3,0.8664271235466003,0.8017837257372734
118,7,84,3,0.9519188404083252,0.7216878364870323
118,7,100,3,0.8992422819137573,0.632455532033676
118,7,56,3,0.8951147794723511,0.8660254037844387
118,7,88,3,1.0000001192092896,1.0000000000000002
118,7,104,3,0.9459750652313232,0.632455532033676
118,7,112,3,0.9519188404083252,0.7216878364870323
118,7,15,4,0.8509617447853088,0.7216878364870323
118,7,23,4,0.8910921812057495,0.8660254037844387
118,7,39,4,0.8664271235466003,0.8017837257372734
118,7,71,4,1.0000001192092896,1.0000000000000002
118,7,27,4,0.8910921812057495,0.8660254037844387
118,7,43,4,0.8664271235466003,0.8017837257372734
118,7,75,4,1.0000001192092896,1.0000000000000002
118,7,51,4,0.8664271235466003,0.8017837257372734
118,7,83,4,1.0000001192092896,1.0000000000000002
118,7,99,4,1.0000001192092896,1.0000000000000002
118,7,29,4,0.8951147794723511,0.8660254037844387
118,7,45,4,0.8863503932952881,0.8017837257372734
118,7,77,4,1.0000001192092896,1.0000000000000002
118,7,53,4,0.8664271235466003,0.8017837257372734
118,7,85,4,1.0000001192092896,1.0000000000000002
118,7,101,4,1.0000001192092896,1.0000000000000002
118,7,57,4,0.8951147794723511,0.8660254037844387
118,7,89,4,1.0000001192092896,1.0000000000000002
118,7,105,4,1.0000001192092896,1.0000000000000002
118,7,113,4,1.0000001192092896,1.0000000000000002
118,7,30,4,0.8951147794723511,0.8660254037844387
118,7,46,4,0.8505456447601318,0.632455532033676
118,7,78,4,0.9658046960830688,0.790569415042095
118,7,54,4,0.8664271235466003,0.8017837257372734
118,7,86,4,0.9767116904258728,0.9354143466934857
118,7,102,4,0.9767116904258728,0.9354143466934857
118,7,58,4,0.8951147794723511,0.8660254037844387
118,7,90,4,1.0000001192092896,1.0000000000000002
118,7,106,4,0.9767116904258728,0.9354143466934857
118,7,114,4,0.9426106810569763,0.8017837257372734
118,7,60,4,0.8951147794723511,0.8660254037844387
118,7,92,4,1.0000001192092896,1.0000000000000002
118,7,108,4,1.0000001192092896,1.0000000000000002
118,7,116,4,0.9519188404083252,0.7216878364870323
118,7,120,4,1.0000001192092896,1.0000000000000002
118,7,31,5,0.8910921812057495,0.8660254037844387
118,7,47,5,0.8664271235466003,0.8017837257372734
118,7,79,5,1.0000001192092896,1.0000000000000002
118,7,55,5,0.8664271235466003,0.8017837257372734
118,7,87,5,1.0000001192092896,1.0000000000000002
118,7,103,5,1.0000001192092896,1.0000000000000002
118,7,59,5,0.8951147794723511,0.8660254037844387
118,7,91,5,1.0000001192092896,1.0000000000000002
118,7,107,5,1.0000001192092896,1.0000000000000002
118,7,115,5,0.9381598234176636,0.5672816854423364
118,7,61,5,0.8951147794723511,0.8660254037844387
118,7,93,5,1.0000001192092896,1.0000000000000002
118,7,109,5,1.0000001192092896,1.0000000000000002
118,7,117,5,1.0000001192092896,1.0000000000000002
118,7,121,5,1.0000001192092896,1.0000000000000002
118,7,62,5,0.8951147794723511,0.8660254037844387
118,7,94,5,1.0000001192092896,1.0000000000000002
118,7,110,5,0.9767116904258728,0.9354143466934857
118,7,118,5,0.9767116904258728,0.9354143466934857
118,7,122,5,1.0000001192092896,1.0000000000000002
118,7,124,5,1.0000001192092896,1.0000000000000002
118,7,63,6,0.8951147794723511,0.8660254037844387
118,7,95,6,1.0000001192092896,1.0000000000000002
118,7,111,6,1.0000001192092896,1.0000000000000002
118,7,119,6,1.0000001192092896,1.0000000000000002
118,7,123,6,1.0000001192092896,1.0000000000000002
118,7,125,6,1.0000001192092896,1.0000000000000002
118,7,126,6,0.9767116904258728,0.9354143466934857
119,7,127,7,1.0,1.0000000000000004
119,7,0,0,0.6999872922897339,0.0
119,7,1,1,0.757418155670166,0.566946709513841
119,7,2,1,0.6816107630729675,0.15430334996209197
119,7,4,1,0.7092849016189575,0.0
119,7,8,1,0.8017938137054443,0.3779644730092273
119,7,16,1,0.8333518505096436,0.5345224838248489
119,7,32,1,0.701995313167572,0.0
119,7,64,1,0.7885340452194214,0.0
119,7,3,2,0.757418155670166,0.566946709513841
119,7,5,2,0.757418155670166,0.566946709513841
119,7,9,2,0.8964557647705078,0.8451542547285168
119,7,17,2,0.8155401349067688,0.7559289460184544
119,7,33,2,0.757418155670166,0.566946709513841
119,7,65,2,0.7907147407531738,0.6172133998483679
119,7,6,2,0.6962988376617432,0.3779644730092273
119,7,10,2,0.7906681299209595,0.566946709513841
119,7,18,2,0.862534761428833,0.7715167498104598
119,7,34,2,0.7028112411499023,0.21821789023599245
119,7,66,2,0.7509785890579224,0.46291004988627593
119,7,12,2,0.7933692336082458,0.5345224838248489
119,7,20,2,0.8278313875198364,0.6546536707079773
119,7,36,2,0.7092849016189575,0.0
119,7,68,2,0.7230509519577026,0.3380617018914067
119,7,24,2,0.847654402256012,0.4364357804719849
119,7,40,2,0.8017938137054443,0.3779644730092273
119,7,72,2,0.8017938137054443,0.3779644730092273
119,7,48,2,0.8333518505096436,0.5345224838248489
119,7,80,2,0.952538013458252,0.6546536707079773
119,7,96,2,0.7885340452194214,0.0
119,7,7,3,0.757418155670166,0.566946709513841
119,7,11,3,0.8180349469184875,0.7559289460184546
119,7,19,3,0.8238690495491028,0.7559289460184544
119,7,35,3,0.757418155670166,0.566946709513841
119,7,67,3,0.7907147407531738,0.6172133998483679
119,7,13,3,0.8964557647705078,0.8451542547285168
119,7,21,3,0.8282855749130249,0.7559289460184544
119,7,37,3,0.757418155670166,0.566946709513841
119,7,69,3,0.7907147407531738,0.6172133998483679
119,7,25,3,0.8863993287086487,0.9258200997725518
119,7,41,3,0.8964557647705078,0.8451542547285168
119,7,73,3,1.0,1.0000000000000004
119,7,49,3,0.8155401349067688,0.7559289460184544
119,7,81,3,0.9506698250770569,0.8571428571428575
119,7,97,3,0.7907147407531738,0.6172133998483679
119,7,14,3,0.7906681299209595,0.566946709513841
119,7,22,3,0.7882378101348877,0.629940788348712
119,7,38,3,0.6962988376617432,0.3779644730092273
119,7,70,3,0.7509785890579224,0.46291004988627593
119,7,26,3,0.862534761428833,0.7715167498104598
119,7,42,3,0.7906681299209595,0.566946709513841
119,7,74,3,0.8708341121673584,0.7142857142857146
119,7,50,3,0.862534761428833,0.7715167498104598
119,7,82,3,0.9174032807350159,0.7715167498104598
119,7,98,3,0.7555690407752991,0.3380617018914067
119,7,28,3,0.8799921274185181,0.7559289460184546
119,7,44,3,0.7933692336082458,0.5345224838248489
119,7,76,3,0.7933692336082458,0.5345224838248489
119,7,52,3,0.8278313875198364,0.6546536707079773
119,7,84,3,0.9408595561981201,0.6761234037828134
119,7,100,3,0.7313011884689331,0.3380617018914067
119,7,56,3,0.8799921274185181,0.7559289460184546
119,7,88,3,0.8239982724189758,0.0
119,7,104,3,0.8017938137054443,0.3779644730092273
119,7,112,3,0.8884119987487793,0.3779644730092273
119,7,15,4,0.8964557647705078,0.8451542547285168
119,7,23,4,0.8238690495491028,0.7559289460184544
119,7,39,4,0.757418155670166,0.566946709513841
119,7,71,4,0.7907147407531738,0.6172133998483679
119,7,27,4,0.8863993287086487,0.9258200997725518
119,7,43,4,0.8863993287086487,0.9258200997725518
119,7,75,4,1.0,1.0000000000000004
119,7,51,4,0.8155401349067688,0.7559289460184544
119,7,83,4,1.0,1.0000000000000004
119,7,99,4,0.7907147407531738,0.6172133998483679
119,7,29,4,0.8863993287086487,0.9258200997725518
119,7,45,4,0.8912957906723022,0.9258200997725518
119,7,77,4,1.0,1.0000000000000004
119,7,53,4,0.8378302454948425,0.7171371656006362
119,7,85,4,1.0,1.0000000000000004
119,7,101,4,0.7907147407531738,0.6172133998483679
119,7,57,4,0.8843637108802795,0.8819171036881968
119,7,89,4,1.0,1.0000000000000004
119,7,105,4,1.0,1.0000000000000004
119,7,113,4,0.9506698250770569,0.8571428571428575
119,7,30,4,0.8551485538482666,0.6761234037828134
119,7,46,4,0.7906681299209595,0.566946709513841
119,7,78,4,0.9408794045448303,0.8571428571428575
119,7,54,4,0.862534761428833,0.7715167498104598
119,7,86,4,0.9409268498420715,0.8571428571428575
119,7,102,4,0.7509785890579224,0.46291004988627593
119,7,58,4,0.862534761428833,0.7715167498104598
119,7,90,4,0.9408794045448303,0.8571428571428575
119,7,106,4,0.8708341121673584,0.7142857142857146
119,7,114,4,0.9409268498420715,0.8571428571428575
119,7,60,4,0.8799921274185181,0.7559289460184546
119,7,92,4,0.9555360078811646,0.8451542547285168
119,7,108,4,0.9694175124168396,0.8451542547285168
119,7,116,4,0.9408595561981201,0.6761234037828134
119,7,120,4,0.8239982724189758,0.0
119,7,31,5,0.8863993287086487,0.9258200997725518
119,7,47,5,0.8863993287086487,0.9258200997725518
119,7,79,5,1.0,1.0000000000000004
119,7,55,5,0.8155401349067688,0.7559289460184544
119,7,87,5,1.0,1.0000000000000004
119,7,103,5,0.7907147407531738,0.6172133998483679
119,7,59,5,0.8863993287086487,0.9258200997725518
119,7,91,5,1.0,1.0000000000000004
119,7,107,5,1.0,1.0000000000000004
119,7,115,5,1.0,1.0000000000000004
119,7,61,5,0.897487998008728,0.8819171036881968
119,7,93,5,1.0,1.0000000000000004
119,7,109,5,1.0,1.0000000000000004
119,7,117,5,1.0,1.0000000000000004
119,7,121,5,1.0,1.0000000000000004
119,7,62,5,0.8551485538482666,0.6761234037828134
119,7,94,5,0.9396730065345764,0.7715167498104598
119,7,110,5,0.9408794045448303,0.8571428571428575
119,7,118,5,0.9409268498420715,0.8571428571428575
119,7,122,5,0.9409268498420715,0.8571428571428575
119,7,124,5,0.9555360078811646,0.8451542547285168
119,7,63,6,0.8863993287086487,0.9258200997725518
119,7,95,6,1.0,1.0000000000000004
119,7,111,6,1.0,1.0000000000000004
119,7,119,6,1.0,1.0000000000000004
119,7,123,6,1.0,1.0000000000000004
119,7,125,6,1.0,1.0000000000000004
119,7,126,6,0.9396730065345764,0.7715167498104598
120,6,63,6,1.0,1.0000000000000002
120,6,0,0,0.7147471904754639,0.0
120,6,1,1,0.7868647575378418,0.4714045207910318
120,6,2,1,0.7472144365310669,0.4714045207910318
120,6,4,1,0.7660633325576782,0.20412414523193154
120,6,8,1,0.9422731399536133,0.7071067811865477
120,6,16,1,0.7992287278175354,0.4082482904638631
120,6,32,1,0.8046406507492065,0.0
120,6,3,2,0.7272089719772339,0.2886751345948129
120,6,5,2,0.782487154006958,0.7071067811865477
120,6,9,2,0.9021745324134827,0.7071067811865477
120,6,17,2,0.8977599143981934,0.912870929175277
120,6,33,2,0.8403048515319824,0.6123724356957946
120,6,6,2,0.7235257029533386,0.4082482904638631
120,6,10,2,0.9422731399536133,0.7071067811865477
120,6,18,2,0.727462649345398,0.4714045207910318
120,6,34,2,0.7849854230880737,0.5773502691896258
120,6,12,2,0.7056059837341309,0.0
120,6,20,2,0.7227982878684998,0.2886751345948129
120,6,36,2,0.7796077728271484,0.4714045207910318
120,6,24,2,0.942817211151123,0.5773502691896258
120,6,40,2,0.7168979644775391,0.0
120,6,48,2,0.8415299654006958,0.5773502691896258
120,6,7,3,0.7711414694786072,0.6123724356957946
120,6,11,3,1.0,1.0000000000000002
120,6,19,3,0.8673942685127258,0.7302967433402217
120,6,35,3,0.815266489982605,0.7302967433402217
120,6,13,3,1.0,1.0000000000000002
120,6,21,3,0.7665388584136963,0.5477225575051663
120,6,37,3,0.815266489982605,0.7302967433402217
120,6,25,3,1.0,1.0000000000000002
120,6,41,3,0.9433333277702332,0.8164965809277261
120,6,49,3,0.8977599143981934,0.912870929175277
120,6,14,3,0.7056059837341309,0.0
120,6,22,3,0.7437142133712769,0.5773502691896258
120,6,38,3,0.7908393144607544,0.5477225575051663
120,6,26,3,0.9422731399536133,0.7071067811865477
120,6,42,3,0.9457836151123047,0.912870929175277
120,6,50,3,0.8776519894599915,0.8164965809277261
120,6,28,3,0.9422731399536133,0.7071067811865477
120,6,44,3,0.9457836151123047,0.912870929175277
120,6,52,3,0.8483739495277405,0.7071067811865477
120,6,56,3,0.9421895742416382,0.7071067811865477
120,6,15,4,1.0,1.0000000000000002
120,6,23,4,0.7698203325271606,0.5477225575051663
120,6,39,4,0.7711414694786072,0.6123724356957946
120,6,27,4,1.0,1.0000000000000002
120,6,43,4,1.0,1.0000000000000002
120,6,51,4,0.8556944727897644,0.8333333333333336
120,6,29,4,1.0,1.0000000000000002
120,6,45,4,1.0,1.0000000000000002
120,6,53,4,0.863322377204895,0.8333333333333336
120,6,57,4,0.998369574546814,0.912870929175277
120,6,30,4,0.9422731399536133,0.7071067811865477
120,6,46,4,0.9457836151123047,0.912870929175277
120,6,54,4,0.8362033367156982,0.6804138174397717
120,6,58,4,0.9457836151123047,0.912870929175277
120,6,60,4,0.9416102766990662,0.8164965809277261
120,6,31,5,1.0,1.0000000000000002
120,6,47,5,1.0,1.0000000000000002
120,6,55,5,0.8556944727897644,0.8333333333333336
120,6,59,5,1.0,1.0000000000000002
120,6,61,5,1.0,1.0000000000000002
120,6,62,5,0.9457836151123047,0.912870929175277
121,3,7,3,1.0,1.0000000000000004
121,3,0,0,0.9520725607872009,0.8451542547285168
121,3,1,1,1.0,1.0000000000000004
121,3,2,1,0.9520725607872009,0.8451542547285168
121,3,4,1,0.9520725607872009,0.8451542547285168
121,3,3,2,1.0,1.0000000000000004
121,3,5,2,1.0,1.0000000000000004
121,3,6,2,0.7104299068450928,0.0
123,7,127,7,0.9999999403953552,1.0000000000000004
123,7,0,0,0.7533063888549805,0.16903085094570336
123,7,1,1,0.9472814798355103,0.8571428571428575
123,7,2,1,0.9309312105178833,0.7142857142857146
123,7,4,1,0.7533063888549805,0.16903085094570336
123,7,8,1,0.9347635507583618,0.7559289460184544
123,7,16,1,0.9148997664451599,0.7559289460184544
123,7,32,1,0.8478421568870544,0.6761234037828134
123,7,64,1,0.9999999403953552,1.0000000000000004
123,7,3,2,0.9265046119689941,0.8571428571428575
123,7,5,2,0.8625764846801758,0.5714285714285717
123,7,9,2,0.9472814798355103,0.8571428571428575
123,7,17,2,0.9208819270133972,0.7142857142857146
123,7,33,2,0.9472814798355103,0.8571428571428575
123,7,65,2,0.9999999403953552,1.0000000000000004
123,7,6,2,0.7801865339279175,0.16903085094570336
123,7,10,2,0.9265046119689941,0.8571428571428575
123,7,18,2,0.9265046119689941,0.8571428571428575
123,7,34,2,0.9472814798355103,0.8571428571428575
123,7,66,2,0.9999999403953552,1.0000000000000004
123,7,12,2,0.8290528059005737,0.7559289460184546
123,7,20,2,0.8610107898712158,0.8451542547285168
123,7,36,2,0.7997714281082153,0.566946709513841
123,7,68,2,0.9178657531738281,0.8451542547285168
123,7,24,2,0.9148997664451599,0.7559289460184544
123,7,40,2,0.9347635507583618,0.7559289460184544
123,7,72,2,0.9999999403953552,1.0000000000000004
123,7,48,2,0.9265046119689941,0.8571428571428575
123,7,80,2,0.9999999403953552,1.0000000000000004
123,7,96,2,0.9999999403953552,1.0000000000000004
123,7,7,3,0.9265046119689941,0.8571428571428575
123,7,11,3,0.9265046119689941,0.8571428571428575
123,7,19,3,0.9265046119689941,0.8571428571428575
123,7,35,3,0.9472814798355103,0.8571428571428575
123,7,67,3,0.9999999403953552,1.0000000000000004
123,7,13,3,0.9265046119689941,0.8571428571428575
123,7,21,3,0.9077942967414856,0.7142857142857146
123,7,37,3,0.873490571975708,0.7142857142857146
123,7,69,3,0.9999999403953552,1.0000000000000004
123,7,25,3,0.9265046119689941,0.8571428571428575
123,7,41,3,0.9472814798355103,0.8571428571428575
123,7,73,3,0.9875829219818115,0.8571428571428575
123,7,49,3,0.9265046119689941,0.8571428571428575
123,7,81,3,0.9875829219818115,0.8571428571428575
123,7,97,3,0.9999999403953552,1.0000000000000004
123,7,14,3,0.9265046119689941,0.8571428571428575
123,7,22,3,0.9265046119689941,0.8571428571428575
123,7,38,3,0.7906633615493774,0.18898223650461365
123,7,70,3,0.9999999403953552,1.0000000000000004
123,7,26,3,0.9265046119689941,0.8571428571428575
123,7,42,3,0.9472814798355103,0.8571428571428575
123,7,74,3,0.9999999403953552,1.0000000000000004
123,7,50,3,0.9265046119689941,0.8571428571428575
123,7,82,3,0.9999999403953552,1.0000000000000004
123,7,98,3,0.9999999403953552,1.0000000000000004
123,7,28,3,0.8610107898712158,0.8451542547285168
123,7,44,3,0.8478421568870544,0.6761234037828134
123,7,76,3,0.9999999403953552,1.0000000000000004
123,7,52,3,0.8610107898712158,0.8451542547285168
123,7,84,3,0.9929224252700806,0.8819171036881968
123,7,100,3,0.9178657531738281,0.8451542547285168
123,7,56,3,0.9148997664451599,0.7559289460184544
123,7,88,3,0.9929224252700806,0.8819171036881968
123,7,104,3,0.9999999403953552,1.0000000000000004
123,7,112,3,0.9999999403953552,1.0000000000000004
123,7,15,4,0.9265046119689941,0.8571428571428575
123,7,23,4,0.9265046119689941,0.8571428571428575
123,7,39,4,0.9472814798355103,0.8571428571428575
123,7,71,4,0.9999999403953552,1.0000000000000004
123,7,27,4,0.9265046119689941,0.8571428571428575
123,7,43,4,0.9472814798355103,0.8571428571428575
123,7,75,4,0.9999999403953552,1.0000000000000004
123,7,51,4,0.9265046119689941,0.8571428571428575
123,7,83,4,0.9999999403953552,1.0000000000000004
123,7,99,4,0.9999999403953552,1.0000000000000004
123,7,29,4,0.9265046119689941,0.8571428571428575
123,7,45,4,0.9472814798355103,0.8571428571428575
123,7,77,4,0.9999999403953552,1.0000000000000004
123,7,53,4,0.9265046119689941,0.8571428571428575
123,7,85,4,0.9875829219818115,0.8571428571428575
123,7,101,4,0.9999999403953552,1.0000000000000004
123,7,57,4,0.9265046119689941,0.8571428571428575
123,7,89,4,0.9875829219818115,0.8571428571428575
123,7,105,4,0.9999999403953552,1.0000000000000004
123,7,113,4,0.9999999403953552,1.0000000000000004
123,7,30,4,0.9265046119689941,0.8571428571428575
123,7,46,4,0.9472814798355103,0.8571428571428575
123,7,78,4,0.9999999403953552,1.0000000000000004
123,7,54,4,0.9265046119689941,0.8571428571428575
123,7,86,4,0.9999999403953552,1.0000000000000004
123,7,102,4,0.9999999403953552,1.0000000000000004
123,7,58,4,0.9265046119689941,0.8571428571428575
123,7,90,4,0.9999999403953552,1.0000000000000004
123,7,106,4,0.9999999403953552,1.0000000000000004
123,7,114,4,0.9999999403953552,1.0000000000000004
123,7,60,4,0.9001926183700562,0.7715167498104598
123,7,92,4,0.9929224252700806,0.8819171036881968
123,7,108,4,0.9929224252700806,0.8819171036881968
123,7,116,4,0.9999999403953552,1.0000000000000004
123,7,120,4,0.9999999403953552,1.0000000000000004
123,7,31,5,0.9265046119689941,0.8571428571428575
123,7,47,5,0.9472814798355103,0.8571428571428575
123,7,79,5,0.9999999403953552,1.0000000000000004
123,7,55,5,0.9265046119689941,0.8571428571428575
123,7,87,5,0.9999999403953552,1.0000000000000004
123,7,103,5,0.9999999403953552,1.0000000000000004
123,7,59,5,0.9265046119689941,0.8571428571428575
123,7,91,5,0.9999999403953552,1.0000000000000004
123,7,107,5,0.9999999403953552,1.0000000000000004
123,7,115,5,0.9999999403953552,1.0000000000000004
123,7,61,5,0.9265046119689941,0.8571428571428575
123,7,93,5,0.9999999403953552,1.0000000000000004
123,7,109,5,0.9999999403953552,1.0000000000000004
123,7,117,5,0.9999999403953552,1.0000000000000004
123,7,121,5,0.9999999403953552,1.0000000000000004
123,7,62,5,0.9265046119689941,0.8571428571428575
123,7,94,5,0.9999999403953552,1.0000000000000004
123,7,110,5,0.9999999403953552,1.0000000000000004
123,7,118,5,0.9999999403953552,1.0000000000000004
123,7,122,5,0.9999999403953552,1.0000000000000004
123,7,124,5,0.9929224252700806,0.8819171036881968
123,7,63,6,0.9265046119689941,0.8571428571428575
123,7,95,6,0.9999999403953552,1.0000000000000004
123,7,111,6,0.9999999403953552,1.0000000000000004
123,7,119,6,0.9999999403953552,1.0000000000000004
123,7,123,6,0.9999999403953552,1.0000000000000004
123,7,125,6,0.9999999403953552,1.0000000000000004
123,7,126,6,0.9999999403953552,1.0000000000000004
124,6,63,6,1.0,1.0000000000000002
124,6,0,0,0.7015736103057861,0.0
124,6,1,1,0.7045578956604004,0.1825741858350554
124,6,2,1,0.7968902587890625,0.2886751345948129
124,6,4,1,0.8718862533569336,0.5773502691896258
124,6,8,1,0.7919241189956665,0.0
124,6,16,1,0.831586480140686,0.4082482904638631
124,6,32,1,0.8425291180610657,0.4082482904638631
124,6,3,2,0.811456024646759,0.4714045207910318
124,6,5,2,0.9040207862854004,0.6666666666666669
124,6,9,2,0.8030573725700378,0.2357022603955159
124,6,17,2,0.8321651816368103,0.3651483716701108
124,6,33,2,0.8656434416770935,0.4082482904638631
124,6,6,2,0.9057144522666931,0.7071067811865477
124,6,10,2,0.7968902587890625,0.2886751345948129
124,6,18,2,0.873866617679596,0.4082482904638631
124,6,34,2,0.8891085982322693,0.4714045207910318
124,6,12,2,0.8718862533569336,0.5773502691896258
124,6,20,2,0.9295164942741394,0.7071067811865477
124,6,36,2,0.9218255877494812,0.5773502691896258
124,6,24,2,0.8575000762939453,0.3333333333333334
124,6,40,2,0.8530354499816895,0.5773502691896258
124,6,48,2,0.9017108082771301,0.5773502691896258
124,6,7,3,0.9114437699317932,0.8164965809277261
124,6,11,3,0.7965036034584045,0.5000000000000001
124,6,19,3,0.8649420142173767,0.5477225575051663
124,6,35,3,0.8901939988136292,0.6123724356957946
124,6,13,3,0.9114437699317932,0.8164965809277261
124,6,21,3,0.9492881298065186,0.8333333333333336
124,6,37,3,0.9710919857025146,0.912870929175277
124,6,25,3,0.8908284902572632,0.6172133998483679
124,6,41,3,0.8734075427055359,0.5477225575051663
124,6,49,3,0.9189268946647644,0.6666666666666669
124,6,14,3,0.9057144522666931,0.7071067811865477
124,6,22,3,0.9480841159820557,0.8164965809277261
124,6,38,3,0.9587224721908569,0.8164965809277261
124,6,26,3,0.8771265745162964,0.5477225575051663
124,6,42,3,0.9009170532226562,0.6123724356957946
124,6,50,3,0.9034457802772522,0.5000000000000001
124,6,28,3,0.9356578588485718,0.7302967433402217
124,6,44,3,0.9218782186508179,0.6123724356957946
124,6,52,3,0.9864884614944458,0.912870929175277
124,6,56,3,0.8928366899490356,0.5477225575051663
124,6,15,4,0.9114437699317932,0.8164965809277261
124,6,23,4,0.9501045346260071,0.8333333333333336
124,6,39,4,0.9710919857025146,0.912870929175277
124,6,27,4,0.8875353336334229,0.6666666666666669
124,6,43,4,0.9002412557601929,0.7302967433402217
124,6,51,4,0.9353147745132446,0.7302967433402217
124,6,29,4,0.9492881298065186,0.8333333333333336
124,6,45,4,0.9710919857025146,0.912870929175277
124,6,53,4,1.0,1.0000000000000002
124,6,57,4,0.9359747171401978,0.7715167498104598
124,6,30,4,0.9350520372390747,0.7302967433402217
124,6,46,4,0.9587224721908569,0.8164965809277261
124,6,54,4,0.9850764870643616,0.912870929175277
124,6,58,4,0.9123464226722717,0.5000000000000001
124,6,60,4,0.9864884614944458,0.912870929175277
124,6,31,5,0.9492881298065186,0.8333333333333336
124,6,47,5,0.9710919857025146,0.912870929175277
124,6,55,5,0.9938284158706665,0.8333333333333336
124,6,59,5,0.9486671686172485,0.7715167498104598
124,6,61,5,1.0,1.0000000000000002
124,6,62,5,0.9850764870643616,0.912870929175277
128,5,31,5,1.0000001192092896,1.0
128,5,0,0,0.8136106729507446,0.125
128,5,1,1,0.7666018009185791,0.08838834764831845
128,5,2,1,0.8202322125434875,0.125
128,5,4,1,0.8628857135772705,0.5303300858899107
128,5,8,1,0.8132418990135193,0.0
128,5,16,1,0.8136106729507446,0.125
128,5,3,2,0.858727216720581,0.5051814855409226
128,5,5,2,0.8597701787948608,0.5051814855409226
128,5,9,2,0.7704442143440247,0.08838834764831845
128,5,17,2,0.8192779421806335,0.1767766952966369
128,5,6,2,0.8406308889389038,0.5303300858899107
128,5,10,2,0.8727523684501648,0.2165063509461097
128,5,18,2,0.8531941175460815,0.1767766952966369
128,5,12,2,0.8624812364578247,0.5051814855409226
128,5,20,2,0.8539566993713379,0.5303300858899107
128,5,24,2,0.8512468338012695,0.1767766952966369
128,5,7,3,0.9122722148895264,0.3608439182435162
128,5,11,3,0.9306736588478088,0.39692831006786766
128,5,19,3,0.8697166442871094,0.2165063509461097
128,5,13,3,0.922437846660614,0.67700320038633
128,5,21,3,0.8597701787948608,0.5051814855409226
128,5,25,3,0.851010799407959,0.2165063509461097
128,5,14,3,0.887539267539978,0.5
128,5,22,3,0.8769327402114868,0.5051814855409226
128,5,26,3,0.8727523684501648,0.2165063509461097
128,5,28,3,0.8624812364578247,0.5051814855409226
128,5,15,4,1.0000001192092896,1.0
128,5,23,4,0.9212802648544312,0.3325665199566522
128,5,27,4,0.9148726463317871,0.4166666666666665
128,5,29,4,0.8727121353149414,0.5
128,5,30,4,0.8802982568740845,0.5
129,6,63,6,0.9999999403953552,1.0000000000000002
129,6,0,0,0.7520731687545776,0.0
129,6,1,1,0.7806550860404968,0.5773502691896258
129,6,2,1,0.7454373240470886,0.0
129,6,4,1,0.8541640043258667,0.5773502691896258
129,6,8,1,0.7172489166259766,0.0
129,6,16,1,0.835486888885498,0.4082482904638631
129,6,32,1,0.8662999868392944,0.5773502691896258
129,6,3,2,0.778441309928894,0.4714045207910318
129,6,5,2,0.870692253112793,0.4714045207910318
129,6,9,2,0.781929075717926,0.5773502691896258
129,6,17,2,0.8646661043167114,0.7071067811865477
129,6,33,2,0.8592315316200256,0.5477225575051663
129,6,6,2,0.819929838180542,0.2357022603955159
129,6,10,2,0.7381790280342102,0.0
129,6,18,2,0.7834596633911133,0.0
129,6,34,2,0.7653536796569824,0.20412414523193154
129,6,12,2,0.8352060317993164,0.1825741858350554
129,6,20,2,0.835486888885498,0.4082482904638631
129,6,36,2,0.8294203281402588,0.0
129,6,24,2,0.870078444480896,0.5773502691896258
129,6,40,2,0.8372392654418945,0.4714045207910318
129,6,48,2,0.8763351440429688,0.5773502691896258
129,6,7,3,0.870692253112793,0.4714045207910318
129,6,11,3,0.8055709600448608,0.5477225575051663
129,6,19,3,0.8501520156860352,0.5477225575051663
129,6,35,3,0.8554257154464722,0.5000000000000001
129,6,13,3,0.9779708385467529,0.912870929175277
129,6,21,3,0.9480653405189514,0.8164965809277261
129,6,37,3,0.9784395694732666,0.912870929175277
129,6,25,3,0.8646140098571777,0.6123724356957946
129,6,41,3,0.9057022333145142,0.7302967433402217
129,6,49,3,0.9076904654502869,0.8164965809277261
129,6,14,3,0.8553935289382935,0.4714045207910318
129,6,22,3,0.8477219343185425,0.0
129,6,38,3,0.819929838180542,0.2357022603955159
129,6,26,3,0.815571129322052,0.3651483716701108
129,6,42,3,0.7653536796569824,0.20412414523193154
129,6,50,3,0.8352007865905762,0.3651483716701108
129,6,28,3,0.9197152853012085,0.6666666666666669
129,6,44,3,0.8800848722457886,0.6123724356957946
129,6,52,3,0.8763351440429688,0.5773502691896258
129,6,56,3,0.8744006752967834,0.7071067811865477
129,6,15,4,0.9189049601554871,0.8164965809277261
129,6,23,4,0.8616681098937988,0.4714045207910318
129,6,39,4,0.9326012134552002,0.6123724356957946
129,6,27,4,0.8764169812202454,0.7302967433402217
129,6,43,4,0.8979959487915039,0.8333333333333336
129,6,51,4,0.8818403482437134,0.6666666666666669
129,6,29,4,0.9779708385467529,0.912870929175277
129,6,45,4,0.9999999403953552,1.0000000000000002
129,6,53,4,0.9926155805587769,1.0000000000000002
129,6,57,4,0.9057022333145142,0.7302967433402217
129,6,30,4,0.9056417942047119,0.6123724356957946
129,6,46,4,0.9344835877418518,0.7302967433402217
129,6,54,4,0.9000034332275391,0.4082482904638631
129,6,58,4,0.8289022445678711,0.5477225575051663
129,6,60,4,0.9504739046096802,0.8164965809277261
129,6,31,5,0.9779708385467529,0.912870929175277
129,6,47,5,0.9999999403953552,1.0000000000000002
129,6,55,5,0.9926155805587769,1.0000000000000002
129,6,59,5,0.8979959487915039,0.8333333333333336
129,6,61,5,0.9999999403953552,1.0000000000000002
129,6,62,5,0.9298648238182068,0.7302967433402217
130,5,31,5,0.9999998807907104,1.0000000000000002
130,5,0,0,0.7447824478149414,0.0
130,5,1,1,0.752000093460083,0.316227766016838
130,5,2,1,0.756727933883667,0.0
130,5,4,1,0.9359723329544067,0.0
130,5,8,1,0.7447824478149414,0.0
130,5,16,1,0.7447824478149414,0.0
130,5,3,2,0.7569097280502319,0.447213595499958
130,5,5,2,0.7786881923675537,0.6000000000000001
130,5,9,2,0.7960835695266724,0.8485281374238571
130,5,17,2,0.752000093460083,0.316227766016838
130,5,6,2,0.9359723329544067,0.0
130,5,10,2,0.7543778419494629,0.7745966692414836
130,5,18,2,0.756727933883667,0.0
130,5,12,2,0.9396968483924866,0.2581988897471612
130,5,20,2,0.9359723329544067,0.0
130,5,24,2,0.7447824478149414,0.0
130,5,7,3,0.9830019474029541,0.8000000000000002
130,5,11,3,0.816804051399231,0.8000000000000002
130,5,19,3,0.7569097280502319,0.447213595499958
130,5,13,3,0.9420541524887085,0.8000000000000002
130,5,21,3,0.7786881923675537,0.6000000000000001
130,5,25,3,0.7960835695266724,0.8485281374238571
130,5,14,3,0.9999998807907104,1.0000000000000002
130,5,22,3,0.9359723329544067,0.0
130,5,26,3,0.7405047416687012,0.7745966692414836
130,5,28,3,0.9396968483924866,0.2581988897471612
130,5,15,4,0.9999998807907104,1.0000000000000002
130,5,23,4,0.9799659252166748,0.8000000000000002
130,5,27,4,0.816804051399231,0.8000000000000002
130,5,29,4,0.9420541524887085,0.8000000000000002
130,5,30,4,0.9999998807907104,1.0000000000000002
131,5,31,5,0.9999999403953552,1.0000000000000002
131,5,0,0,0.7639297246932983,0.0
131,5,1,1,0.7814096212387085,0.632455532033676
131,5,2,1,0.7523546814918518,0.0
131,5,4,1,0.8628107905387878,0.447213595499958
131,5,8,1,0.7366544008255005,0.0
131,5,16,1,0.8252679109573364,0.223606797749979
131,5,3,2,0.7814096212387085,0.632455532033676
131,5,5,2,0.8915811777114868,0.74535599249993
131,5,9,2,0.7753401398658752,0.447213595499958
131,5,17,2,0.8789510130882263,0.670820393249937
131,5,6,2,0.8628107905387878,0.447213595499958
131,5,10,2,0.7427228689193726,0.0
131,5,18,2,0.8252679109573364,0.223606797749979
131,5,12,2,0.9347993731498718,0.632455532033676
131,5,20,2,0.9446352124214172,0.632455532033676
131,5,24,2,0.8112671375274658,0.16903085094570336
131,5,7,3,0.8723116517066956,0.670820393249937
131,5,11,3,0.7952274680137634,0.447213595499958
131,5,19,3,0.8264018893241882,0.670820393249937
131,5,13,3,0.9375382661819458,0.8000000000000002
131,5,21,3,0.9645474553108215,0.894427190999916
131,5,25,3,0.8732105493545532,0.670820393249937
131,5,14,3,0.9347993731498718,0.632455532033676
131,5,22,3,0.914758563041687,0.447213595499958
131,5,26,3,0.8090354800224304,0.1825741858350554
131,5,28,3,0.9730516672134399,0.7745966692414836
131,5,15,4,0.9536213278770447,0.894427190999916
131,5,23,4,0.9376871585845947,0.8000000000000002
131,5,27,4,0.8613234162330627,0.6000000000000001
131,5,29,4,0.9999999403953552,1.0000000000000002
131,5,30,4,0.8532771468162537,0.447213595499958
133,6,63,6,1.000000238418579,1.0000000000000002
133,6,0,0,0.7698211073875427,0.0
133,6,1,1,0.7684183120727539,0.0
133,6,2,1,0.757868766784668,0.0
133,6,4,1,0.7628614902496338,0.2886751345948129
133,6,8,1,0.8006992340087891,0.4082482904638631
133,6,16,1,0.8455743789672852,0.4082482904638631
133,6,32,1,0.8718448877334595,0.4082482904638631
133,6,3,2,0.7498822212219238,0.0
133,6,5,2,0.7822110652923584,0.0
133,6,9,2,0.7874489426612854,0.2243088616368178
133,6,17,2,0.8418930768966675,0.2357022603955159
133,6,33,2,0.8862860202789307,0.3651483716701108
133,6,6,2,0.7934087514877319,0.5773502691896258
133,6,10,2,0.8078793287277222,0.4714045207910318
133,6,18,2,0.8455743789672852,0.4082482904638631
133,6,34,2,0.8177222609519958,0.0
133,6,12,2,0.8090716600418091,0.5773502691896258
133,6,20,2,0.8385487198829651,0.5773502691896258
133,6,36,2,0.8216372728347778,0.2357022603955159
133,6,24,2,0.8455743789672852,0.4082482904638631
133,6,40,2,0.8974735736846924,0.5773502691896258
133,6,48,2,0.9409172534942627,0.5773502691896258
133,6,7,3,0.8723468780517578,0.8164965809277261
133,6,11,3,0.8726860880851746,0.8164965809277261
133,6,19,3,0.9021204113960266,0.8164965809277261
133,6,35,3,0.8953784704208374,0.5477225575051663
133,6,13,3,0.8446420431137085,0.7302967433402217
133,6,21,3,0.796870231628418,0.2752409412815902
133,6,37,3,0.8953784704208374,0.5477225575051663
133,6,25,3,0.8147628903388977,0.2401922307076308
133,6,41,3,0.9532734751701355,0.912870929175277
133,6,49,3,0.8774607181549072,0.23145502494313797
133,6,14,3,0.8507130742073059,0.6123724356957946
133,6,22,3,0.8723540306091309,0.6666666666666669
133,6,38,3,0.8593800067901611,0.4082482904638631
133,6,26,3,0.8790762424468994,0.6123724356957946
133,6,42,3,0.8892718553543091,0.6123724356957946
133,6,50,3,0.9210024476051331,0.5773502691896258
133,6,28,3,0.8657473921775818,0.7071067811865477
133,6,44,3,0.8965053558349609,0.6123724356957946
133,6,52,3,0.9087129831314087,0.7071067811865477
133,6,56,3,0.9440227150917053,0.7071067811865477
133,6,15,4,0.8446420431137085,0.7302967433402217
133,6,23,4,0.8730993866920471,0.6666666666666669
133,6,39,4,0.8953784704208374,0.5477225575051663
133,6,27,4,0.9272105097770691,0.912870929175277
133,6,43,4,0.9532734751701355,0.912870929175277
133,6,51,4,1.000000238418579,1.0000000000000002
133,6,29,4,0.9272105097770691,0.912870929175277
133,6,45,4,0.9532734751701355,0.912870929175277
133,6,53,4,0.9616196751594543,0.8333333333333336
133,6,57,4,0.8792846202850342,0.2672612419124244
133,6,30,4,0.9272105097770691,0.912870929175277
133,6,46,4,0.9532734751701355,0.912870929175277
133,6,54,4,0.9476132988929749,0.8164965809277261
133,6,58,4,0.9310834407806396,0.7302967433402217
133,6,60,4,0.9353501796722412,0.7302967433402217
133,6,31,5,0.9272105097770691,0.912870929175277
133,6,47,5,0.9532734751701355,0.912870929175277
133,6,55,5,0.950904369354248,0.8333333333333336
133,6,59,5,1.000000238418579,1.0000000000000002
133,6,61,5,0.8792846202850342,0.2672612419124244
133,6,62,5,1.000000238418579,1.0000000000000002
134,7,127,7,1.0,1.0000000000000004
134,7,0,0,0.760552167892456,0.0
134,7,1,1,0.7705233097076416,0.0
134,7,2,1,0.7666071653366089,0.0
134,7,4,1,0.8002825975418091,0.3380617018914067
134,7,8,1,0.80967116355896,0.4364357804719849
134,7,16,1,0.7888859510421753,0.0
134,7,32,1,0.9113954305648804,0.3380617018914067
134,7,64,1,0.8136528730392456,0.18898223650461365
134,7,3,2,0.8151225447654724,0.4285714285714288
134,7,5,2,0.8177894353866577,0.46291004988627593
134,7,9,2,0.832029402256012,0.6172133998483679
134,7,17,2,0.820266604423523,0.4364357804719849
134,7,33,2,0.9424765110015869,0.5070925528371101
134,7,65,2,0.7950639724731445,0.18898223650461365
134,7,6,2,0.8113111257553101,0.3380617018914067
134,7,10,2,0.7809463739395142,0.30860669992418394
134,7,18,2,0.7667407989501953,0.3380617018914067
134,7,34,2,0.9275663495063782,0.5345224838248489
134,7,66,2,0.832366943359375,0.3779644730092273
134,7,12,2,0.80967116355896,0.4364357804719849
134,7,20,2,0.8067964315414429,0.5070925528371101
134,7,36,2,0.7599633932113647,0.16903085094570336
134,7,68,2,0.8469476103782654,0.566946709513841
134,7,24,2,0.8103028535842896,0.566946709513841
134,7,40,2,0.9441746473312378,0.46291004988627593
134,7,72,2,0.8413138389587402,0.16903085094570336
134,7,48,2,0.9139033555984497,0.566946709513841
134,7,80,2,0.8287467956542969,0.26726124191242445
134,7,96,2,0.9275663495063782,0.5345224838248489
134,7,7,3,0.8486829400062561,0.6172133998483679
134,7,11,3,0.8477461338043213,0.6172133998483679
134,7,19,3,0.8125360012054443,0.566946709513841
134,7,35,3,0.8890941143035889,0.6172133998483679
134,7,67,3,0.9265724420547485,0.7715167498104598
134,7,13,3,0.8477461338043213,0.6172133998483679
134,7,21,3,0.8459324240684509,0.6172133998483679
134,7,37,3,0.9851325750350952,0.7142857142857146
134,7,69,3,0.9123581647872925,0.7715167498104598
134,7,25,3,0.8525807857513428,0.7715167498104598
134,7,41,3,0.9734936952590942,0.6681531047810612
134,7,73,3,0.917242705821991,0.7715167498104598
134,7,49,3,0.8290547728538513,0.4285714285714288
134,7,81,3,0.912837564945221,0.7715167498104598
134,7,97,3,0.8903871774673462,0.4364357804719849
134,7,14,3,0.8379534482955933,0.5070925528371101
134,7,22,3,0.8323047757148743,0.6172133998483679
134,7,38,3,0.8113111257553101,0.3380617018914067
134,7,70,3,0.8113111257553101,0.3380617018914067
134,7,26,3,0.8553268909454346,0.5070925528371101
134,7,42,3,0.9632452726364136,0.7142857142857146
134,7,74,3,0.7996424436569214,0.46291004988627593
134,7,50,3,0.8574484586715698,0.6172133998483679
134,7,82,3,0.7661253213882446,0.3380617018914067
134,7,98,3,0.9275663495063782,0.5345224838248489
134,7,28,3,0.8118122816085815,0.566946709513841
134,7,44,3,0.9400707483291626,0.6761234037828134
134,7,76,3,0.8493863940238953,0.566946709513841
134,7,52,3,0.9439845085144043,0.8451542547285168
134,7,84,3,0.8666409254074097,0.7559289460184546
134,7,100,3,0.9308550357818604,0.46291004988627593
134,7,56,3,0.9439845085144043,0.8451542547285168
134,7,88,3,0.9439845085144043,0.8451542547285168
134,7,104,3,0.9342509508132935,0.30860669992418394
134,7,112,3,0.9183444976806641,0.6546536707079773
134,7,15,4,0.8609209656715393,0.5714285714285717
134,7,23,4,0.8588677644729614,0.7142857142857146
134,7,39,4,0.9956285953521729,0.8571428571428575
134,7,71,4,0.917242705821991,0.7715167498104598
134,7,27,4,0.8765178918838501,0.7142857142857146
134,7,43,4,0.9956285953521729,0.8571428571428575
134,7,75,4,0.917242705821991,0.7715167498104598
134,7,51,4,1.0,1.0000000000000004
134,7,83,4,0.9270951747894287,0.9258200997725518
134,7,99,4,0.9931849241256714,0.8017837257372734
134,7,29,4,0.8765178918838501,0.7142857142857146
134,7,45,4,0.9734936952590942,0.6681531047810612
134,7,77,4,0.917242705821991,0.7715167498104598
134,7,53,4,0.9899817109107971,0.8571428571428575
134,7,85,4,0.8402644395828247,0.5714285714285717
134,7,101,4,0.9797157645225525,0.6681531047810612
134,7,57,4,1.0,1.0000000000000004
134,7,89,4,1.0,1.0000000000000004
134,7,105,4,0.9956285953521729,0.8571428571428575
134,7,113,4,0.9865280389785767,0.8571428571428575
134,7,30,4,0.850615918636322,0.6761234037828134
134,7,46,4,0.962765634059906,0.7142857142857146
134,7,78,4,0.8661142587661743,0.6172133998483679
134,7,54,4,0.9670243263244629,0.8571428571428575
134,7,86,4,0.8829541206359863,0.7715167498104598
134,7,102,4,0.8113111257553101,0.3380617018914067
134,7,58,4,0.9808872938156128,0.8571428571428575
134,7,90,4,0.850615918636322,0.6761234037828134
134,7,106,4,0.9632452726364136,0.7142857142857146
134,7,114,4,0.9147738218307495,0.5070925528371101
134,7,60,4,0.9439845085144043,0.8451542547285168
134,7,92,4,0.9439845085144043,0.8451542547285168
134,7,108,4,0.9400707483291626,0.6761234037828134
134,7,116,4,0.9439845085144043,0.8451542547285168
134,7,120,4,0.9439845085144043,0.8451542547285168
134,7,31,5,0.8765178918838501,0.7142857142857146
134,7,47,5,0.9956285953521729,0.8571428571428575
134,7,79,5,0.925936222076416,0.7715167498104598
134,7,55,5,1.0,1.0000000000000004
134,7,87,5,0.9073854088783264,0.8571428571428575
134,7,103,5,0.9952875375747681,0.8571428571428575
134,7,59,5,1.0,1.0000000000000004
134,7,91,5,1.0,1.0000000000000004
134,7,107,5,0.9956285953521729,0.8571428571428575
134,7,115,5,1.0,1.0000000000000004
134,7,61,5,1.0,1.0000000000000004
134,7,93,5,1.0,1.0000000000000004
134,7,109,5,0.9956285953521729,0.8571428571428575
134,7,117,5,0.9899817109107971,0.8571428571428575
134,7,121,5,1.0,1.0000000000000004
134,7,62,5,0.9670243263244629,0.8571428571428575
134,7,94,5,0.850615918636322,0.6761234037828134
134,7,110,5,0.962765634059906,0.7142857142857146
134,7,118,5,0.9670243263244629,0.8571428571428575
134,7,122,5,0.9671940207481384,0.8571428571428575
134,7,124,5,0.9439845085144043,0.8451542547285168
134,7,63,6,1.0,1.0000000000000004
134,7,95,6,0.8641541004180908,0.7715167498104598
134,7,111,6,0.9956285953521729,0.8571428571428575
134,7,119,6,1.0,1.0000000000000004
134,7,123,6,1.0,1.0000000000000004
134,7,125,6,1.0,1.0000000000000004
134,7,126,6,0.9670243263244629,0.8571428571428575
136,7,127,7,1.0,1.0000000000000004
136,7,0,0,0.7166874408721924,0.0
136,7,1,1,0.7325067520141602,0.0
136,7,2,1,0.7813780903816223,0.3779644730092273
136,7,4,1,0.7788288593292236,0.18898223650461365
136,7,8,1,0.8267948627471924,0.18898223650461365
136,7,16,1,0.8993098735809326,0.4364357804719849
136,7,32,1,0.8027742505073547,0.21821789023599245
136,7,64,1,0.843233048915863,0.26726124191242445
136,7,3,2,0.8435564637184143,0.46291004988627593
136,7,5,2,0.8850860595703125,0.6761234037828134
136,7,9,2,0.8859273791313171,0.6761234037828134
136,7,17,2,0.8645198345184326,0.3779644730092273
136,7,33,2,0.8011020421981812,0.18898223650461365
136,7,65,2,0.7849071025848389,0.0
136,7,6,2,0.7953513264656067,0.30860669992418394
136,7,10,2,0.8856330513954163,0.7559289460184546
136,7,18,2,0.8993098735809326,0.4364357804719849
136,7,34,2,0.8213269710540771,0.14285714285714293
136,7,66,2,0.8595517873764038,0.28571428571428586
136,7,12,2,0.8311587572097778,0.4364357804719849
136,7,20,2,0.8993098735809326,0.4364357804719849
136,7,36,2,0.8035765886306763,0.18898223650461365
136,7,68,2,0.8355011343955994,0.4364357804719849
136,7,24,2,0.8598331212997437,0.12262786789699322
136,7,40,2,0.9220544695854187,0.5070925528371101
136,7,72,2,0.8732295632362366,0.3779644730092273
136,7,48,2,0.9484307765960693,0.6546536707079773
136,7,80,2,0.9484307765960693,0.6546536707079773
136,7,96,2,0.9005112648010254,0.5345224838248489
136,7,7,3,0.882514476776123,0.6761234037828134
136,7,11,3,0.8856330513954163,0.7559289460184546
136,7,19,3,0.9420945644378662,0.7142857142857146
136,7,35,3,0.9009581208229065,0.6172133998483679
136,7,67,3,0.9056037664413452,0.5714285714285717
136,7,13,3,0.8879284858703613,0.6172133998483679
136,7,21,3,0.9420945644378662,0.7142857142857146
136,7,37,3,0.8830777406692505,0.5714285714285717
136,7,69,3,0.9351476430892944,0.7715167498104598
136,7,25,3,0.9763600826263428,0.9258200997725518
136,7,41,3,0.9146788120269775,0.7142857142857146
136,7,73,3,0.9424886107444763,0.8451542547285168
136,7,49,3,0.908090353012085,0.3779644730092273
136,7,81,3,0.9123300313949585,0.566946709513841
136,7,97,3,0.8313217163085938,0.18898223650461365
136,7,14,3,0.8768318295478821,0.6761234037828134
136,7,22,3,0.8494439125061035,0.1451801755487482
136,7,38,3,0.8813095092773438,0.18898223650461365
136,7,70,3,0.8355011343955994,0.4364357804719849
136,7,26,3,0.8742848038673401,0.11805626722019107
136,7,42,3,0.9664593935012817,0.9258200997725518
136,7,74,3,0.8952921032905579,0.6761234037828134
136,7,50,3,0.908090353012085,0.3779644730092273
136,7,82,3,0.8842127323150635,0.1649572197684645
136,7,98,3,0.8610754013061523,0.06482037235521644
136,7,28,3,0.9305037260055542,0.7559289460184546
136,7,44,3,0.8658677339553833,0.5070925528371101
136,7,76,3,0.8728882074356079,0.6546536707079773
136,7,52,3,0.860115110874176,0.10192943828752514
136,7,84,3,0.8918459415435791,0.10690449676496977
136,7,100,3,0.8682900071144104,0.26726124191242445
136,7,56,3,0.9484307765960693,0.6546536707079773
136,7,88,3,0.9484307765960693,0.6546536707079773
136,7,104,3,0.8869991302490234,0.566946709513841
136,7,112,3,0.9484307765960693,0.6546536707079773
136,7,15,4,0.8768318295478821,0.6761234037828134
136,7,23,4,0.9670933485031128,0.8571428571428575
136,7,39,4,0.8867281079292297,0.5714285714285717
136,7,71,4,0.9351476430892944,0.7715167498104598
136,7,27,4,0.9763600826263428,0.9258200997725518
136,7,43,4,0.9146788120269775,0.7142857142857146
136,7,75,4,0.934377908706665,0.7715167498104598
136,7,51,4,0.9420945644378662,0.7142857142857146
136,7,83,4,0.95428466796875,0.7142857142857146
136,7,99,4,0.9354409575462341,0.6172133998483679
136,7,29,4,0.9763600826263428,0.9258200997725518
136,7,45,4,0.9146788120269775,0.7142857142857146
136,7,77,4,0.934377908706665,0.7715167498104598
136,7,53,4,0.9670933485031128,0.8571428571428575
136,7,85,4,1.0,1.0000000000000004
136,7,101,4,0.9485703706741333,0.7715167498104598
136,7,57,4,1.0,1.0000000000000004
136,7,89,4,1.0,1.0000000000000004
136,7,105,4,0.9616119861602783,0.8571428571428575
136,7,113,4,0.8812884092330933,0.3380617018914067
136,7,30,4,0.9763600826263428,0.9258200997725518
136,7,46,4,0.8824930191040039,0.5714285714285717
136,7,78,4,0.8917713165283203,0.6172133998483679
136,7,54,4,0.9189806580543518,0.3380617018914067
136,7,86,4,0.88399338722229,0.11805626722019107
136,7,102,4,0.9051588773727417,0.6172133998483679
136,7,58,4,0.8613300323486328,0.0
136,7,90,4,1.0,1.0000000000000004
136,7,106,4,0.9517524242401123,0.8571428571428575
136,7,114,4,0.9484307765960693,0.6546536707079773
136,7,60,4,0.9506192803382874,0.8451542547285168
136,7,92,4,0.9506192803382874,0.8451542547285168
136,7,108,4,0.90302574634552,0.6761234037828134
136,7,116,4,0.9484307765960693,0.6546536707079773
136,7,120,4,0.9582881331443787,0.6172133998483679
136,7,31,5,0.9670933485031128,0.8571428571428575
136,7,47,5,0.9146788120269775,0.7142857142857146
136,7,79,5,0.934377908706665,0.7715167498104598
136,7,55,5,0.9378492832183838,0.6681531047810612
136,7,87,5,1.0,1.0000000000000004
136,7,103,5,0.9485703706741333,0.7715167498104598
136,7,59,5,1.0,1.0000000000000004
136,7,91,5,1.0,1.0000000000000004
136,7,107,5,0.9616119861602783,0.8571428571428575
136,7,115,5,0.9709453582763672,0.8571428571428575
136,7,61,5,1.0,1.0000000000000004
136,7,93,5,1.0,1.0000000000000004
136,7,109,5,0.9616119861602783,0.8571428571428575
136,7,117,5,0.9709453582763672,0.8571428571428575
136,7,121,5,1.0,1.0000000000000004
136,7,62,5,1.0,1.0000000000000004
136,7,94,5,1.0,1.0000000000000004
136,7,110,5,0.90302574634552,0.6761234037828134
136,7,118,5,0.9484307765960693,0.6546536707079773
136,7,122,5,1.0,1.0000000000000004
136,7,124,5,0.9506192803382874,0.8451542547285168
136,7,63,6,0.9709453582763672,0.8571428571428575
136,7,95,6,1.0,1.0000000000000004
136,7,111,6,0.9616119861602783,0.8571428571428575
136,7,119,6,0.9709453582763672,0.8571428571428575
136,7,123,6,1.0,1.0000000000000004
136,7,125,6,1.0,1.0000000000000004
136,7,126,6,1.0,1.0000000000000004
137,5,31,5,1.0,1.0000000000000002
137,5,0,0,0.7084373235702515,0.0
137,5,1,1,0.7332057356834412,0.0
137,5,2,1,0.693122148513794,0.0
137,5,4,1,0.7447898983955383,0.447213595499958
137,5,8,1,0.880630373954773,0.316227766016838
137,5,16,1,0.8383345603942871,0.447213595499958
137,5,3,2,0.7838732004165649,0.316227766016838
137,5,5,2,0.751345157623291,0.223606797749979
137,5,9,2,0.9176332354545593,0.6000000000000001
137,5,17,2,0.8329851627349854,0.316227766016838
137,5,6,2,0.8239783048629761,0.7745966692414836
137,5,10,2,0.932389497756958,0.8000000000000002
137,5,18,2,0.8586001992225647,0.447213595499958
137,5,12,2,0.8940560817718506,0.632455532033676
137,5,20,2,0.8488036394119263,0.632455532033676
137,5,24,2,0.9612362384796143,0.632455532033676
137,5,7,3,0.7277662754058838,0.223606797749979
137,5,11,3,1.0,1.0000000000000002
137,5,19,3,0.9179297089576721,0.894427190999916
137,5,13,3,0.8596920967102051,0.447213595499958
137,5,21,3,0.9086242914199829,0.8000000000000002
137,5,25,3,1.0,1.0000000000000002
137,5,14,3,0.9082915186882019,0.8000000000000002
137,5,22,3,0.9129443168640137,0.894427190999916
137,5,26,3,0.932389497756958,0.8000000000000002
137,5,28,3,0.9620908498764038,0.7745966692414836
137,5,15,4,1.0,1.0000000000000002
137,5,23,4,0.9086242914199829,0.8000000000000002
137,5,27,4,1.0,1.0000000000000002
137,5,29,4,1.0,1.0000000000000002
137,5,30,4,0.8974053859710693,0.8000000000000002
140,7,127,7,1.0,1.0000000000000004
140,7,0,0,0.6933081746101379,0.0
140,7,1,1,0.7807956337928772,0.6546536707079773
140,7,2,1,0.8706188201904297,0.4535573676110726
140,7,4,1,0.7423392534255981,0.26726124191242445
140,7,8,1,0.8709883689880371,0.38892223413129867
140,7,16,1,0.8411145210266113,0.6546536707079773
140,7,32,1,0.9054293632507324,0.3779644730092273
140,7,64,1,0.7903000116348267,0.3779644730092273
140,7,3,2,0.7718775868415833,0.5070925528371101
140,7,5,2,0.8689868450164795,0.8451542547285168
140,7,9,2,0.8689868450164795,0.8451542547285168
140,7,17,2,0.7824527025222778,0.566946709513841
140,7,33,2,0.9324257373809814,0.6546536707079773
140,7,65,2,0.8429088592529297,0.6172133998483679
140,7,6,2,0.7628365755081177,0.46291004988627593
140,7,10,2,0.8144645094871521,0.6681531047810612
140,7,18,2,0.8240084052085876,0.566946709513841
140,7,34,2,0.9054293632507324,0.3779644730092273
140,7,66,2,0.8429088592529297,0.6172133998483679
140,7,12,2,0.8411145210266113,0.6546536707079773
140,7,20,2,0.9488741755485535,0.7559289460184546
140,7,36,2,0.9054293632507324,0.3779644730092273
140,7,68,2,0.8240084052085876,0.566946709513841
140,7,24,2,0.8411145210266113,0.6546536707079773
140,7,40,2,0.9488741755485535,0.7559289460184546
140,7,72,2,0.8505789637565613,0.6761234037828134
140,7,48,2,0.8883008360862732,0.566946709513841
140,7,80,2,0.8050984144210815,0.566946709513841
140,7,96,2,0.9266672730445862,0.5345224838248489
140,7,7,3,0.7871721386909485,0.6546536707079773
140,7,11,3,0.8656874299049377,0.8451542547285168
140,7,19,3,0.7770061492919922,0.6761234037828134
140,7,35,3,0.9300534129142761,0.8451542547285168
140,7,67,3,0.8078242540359497,0.6761234037828134
140,7,13,3,0.8689868450164795,0.8451542547285168
140,7,21,3,0.7855401635169983,0.6761234037828134
140,7,37,3,0.9131402373313904,0.7715167498104598
140,7,69,3,0.8014659881591797,0.6172133998483679
140,7,25,3,0.8652568459510803,0.8451542547285168
140,7,41,3,0.9779529571533203,0.9258200997725518
140,7,73,3,1.0,1.0000000000000004
140,7,49,3,0.9131402373313904,0.7715167498104598
140,7,81,3,0.8215615749359131,0.6761234037828134
140,7,97,3,0.9616681337356567,0.8451542547285168
140,7,14,3,0.8444966077804565,0.6681531047810612
140,7,22,3,0.8411145210266113,0.6546536707079773
140,7,38,3,0.9054293632507324,0.3779644730092273
140,7,70,3,0.8255110383033752,0.6172133998483679
140,7,26,3,0.8411145210266113,0.6546536707079773
140,7,42,3,0.9708482027053833,0.7715167498104598
140,7,74,3,0.8228985071182251,0.7559289460184544
140,7,50,3,0.8990956544876099,0.5070925528371101
140,7,82,3,0.7882143259048462,0.6681531047810612
140,7,98,3,0.9285709857940674,0.8571428571428575
140,7,28,3,0.8411145210266113,0.6546536707079773
140,7,44,3,0.9488741755485535,0.7559289460184546
140,7,76,3,0.9447623491287231,0.8451542547285168
140,7,52,3,0.8883008360862732,0.566946709513841
140,7,84,3,0.8037832975387573,0.566946709513841
140,7,100,3,0.9069043397903442,0.6761234037828134
140,7,56,3,0.9488741755485535,0.7559289460184546
140,7,88,3,0.9447623491287231,0.8451542547285168
140,7,104,3,0.9503112435340881,0.8451542547285168
140,7,112,3,0.9503112435340881,0.8451542547285168
140,7,15,4,0.8652568459510803,0.8451542547285168
140,7,23,4,0.7569059729576111,0.6761234037828134
140,7,39,4,0.9300534129142761,0.8451542547285168
140,7,71,4,0.8544420003890991,0.7559289460184546
140,7,27,4,0.8652568459510803,0.8451542547285168
140,7,43,4,0.9003939032554626,0.7715167498104598
140,7,75,4,1.0,1.0000000000000004
140,7,51,4,0.9149247407913208,0.8451542547285168
140,7,83,4,0.8289658427238464,0.7559289460184546
140,7,99,4,0.9613085389137268,0.9258200997725518
140,7,29,4,0.8652568459510803,0.8451542547285168
140,7,45,4,0.9779529571533203,0.9258200997725518
140,7,77,4,1.0,1.0000000000000004
140,7,53,4,0.9131402373313904,0.7715167498104598
140,7,85,4,0.8121455311775208,0.7142857142857146
140,7,101,4,0.9386725425720215,0.8571428571428575
140,7,57,4,0.9779529571533203,0.9258200997725518
140,7,89,4,1.0,1.0000000000000004
140,7,105,4,1.0,1.0000000000000004
140,7,113,4,0.9386725425720215,0.8571428571428575
140,7,30,4,0.8411145210266113,0.6546536707079773
140,7,46,4,0.9289671182632446,0.7559289460184544
140,7,78,4,0.8760629892349243,0.8571428571428575
140,7,54,4,0.8768953680992126,0.5345224838248489
140,7,86,4,0.8429088592529297,0.6172133998483679
140,7,102,4,0.9112708568572998,0.8571428571428575
140,7,58,4,0.9708482027053833,0.7715167498104598
140,7,90,4,1.0,1.0000000000000004
140,7,106,4,1.0,1.0000000000000004
140,7,114,4,1.0,1.0000000000000004
140,7,60,4,0.9488741755485535,0.7559289460184546
140,7,92,4,0.9447623491287231,0.8451542547285168
140,7,108,4,0.9503112435340881,0.8451542547285168
140,7,116,4,0.9551016092300415,0.9258200997725518
140,7,120,4,0.9503112435340881,0.8451542547285168
140,7,31,5,0.8652568459510803,0.8451542547285168
140,7,47,5,0.9003939032554626,0.7715167498104598
140,7,79,5,0.8733562231063843,0.8571428571428575
140,7,55,5,0.9300534129142761,0.8451542547285168
140,7,87,5,0.8289658427238464,0.7559289460184546
140,7,103,5,0.9613085389137268,0.9258200997725518
140,7,59,5,0.9779529571533203,0.9258200997725518
140,7,91,5,1.0,1.0000000000000004
140,7,107,5,1.0,1.0000000000000004
140,7,115,5,0.9452929496765137,0.9258200997725518
140,7,61,5,0.9779529571533203,0.9258200997725518
140,7,93,5,1.0,1.0000000000000004
140,7,109,5,1.0,1.0000000000000004
140,7,117,5,0.9452929496765137,0.9258200997725518
140,7,121,5,1.0,1.0000000000000004
140,7,62,5,0.9488741755485535,0.7559289460184546
140,7,94,5,1.0,1.0000000000000004
140,7,110,5,1.0,1.0000000000000004
140,7,118,5,1.0,1.0000000000000004
140,7,122,5,1.0,1.0000000000000004
140,7,124,5,0.9503112435340881,0.8451542547285168
140,7,63,6,0.9779529571533203,0.9258200997725518
140,7,95,6,1.0,1.0000000000000004
140,7,111,6,1.0,1.0000000000000004
140,7,119,6,0.9452929496765137,0.9258200997725518
140,7,123,6,1.0,1.0000000000000004
140,7,125,6,1.0,1.0000000000000004
140,7,126,6,1.0,1.0000000000000004
141,6,63,6,1.0,1.0000000000000002
141,6,0,0,0.6623517870903015,0.3061862178478973
141,6,1,1,0.7478808760643005,0.2357022603955159
141,6,2,1,0.8516209721565247,0.3333333333333334
141,6,4,1,0.7278459668159485,0.2357022603955159
141,6,8,1,0.7733286619186401,0.6123724356957946
141,6,16,1,0.692839503288269,0.11322770341445962
141,6,32,1,0.8770411014556885,0.4082482904638631
141,6,3,2,0.8602513074874878,0.7302967433402217
141,6,5,2,0.7474998235702515,0.2357022603955159
141,6,9,2,0.7799091339111328,0.6172133998483679
141,6,17,2,0.7478808760643005,0.2357022603955159
141,6,33,2,0.8884291648864746,0.6666666666666669
141,6,6,2,0.874960720539093,0.7302967433402217
141,6,10,2,0.878343403339386,0.7302967433402217
141,6,18,2,0.8341623544692993,0.6666666666666669
141,6,34,2,0.917463481426239,0.6154574548966638
141,6,12,2,0.7794463634490967,0.7071067811865477
141,6,20,2,0.7221717834472656,0.0
141,6,36,2,0.8635033369064331,0.5773502691896258
141,6,24,2,0.7733286619186401,0.6123724356957946
141,6,40,2,0.8885948657989502,0.8164965809277261
141,6,48,2,0.8813164234161377,0.7302967433402217
141,6,7,3,0.8496172428131104,0.6123724356957946
141,6,11,3,0.8943040370941162,0.912870929175277
141,6,19,3,0.8943040370941162,0.912870929175277
141,6,35,3,1.0,1.0000000000000002
141,6,13,3,0.7951104640960693,0.8164965809277261
141,6,21,3,0.7399289011955261,0.4714045207910318
141,6,37,3,0.8884291648864746,0.6666666666666669
141,6,25,3,0.7951104640960693,0.8164965809277261
141,6,41,3,0.9255561828613281,0.912870929175277
141,6,49,3,0.9294469952583313,0.8333333333333336
141,6,14,3,0.878343403339386,0.7302967433402217
141,6,22,3,0.874960720539093,0.7302967433402217
141,6,38,3,0.9552522897720337,0.912870929175277
141,6,26,3,0.8211426138877869,0.492365963917331
141,6,42,3,0.917463481426239,0.6154574548966638
141,6,50,3,0.917463481426239,0.6154574548966638
141,6,28,3,0.766290545463562,0.6123724356957946
141,6,44,3,0.8885948657989502,0.8164965809277261
141,6,52,3,0.8885948657989502,0.8164965809277261
141,6,56,3,0.8813164234161377,0.7302967433402217
141,6,15,4,0.8933330774307251,0.912870929175277
141,6,23,4,0.8943040370941162,0.912870929175277
141,6,39,4,1.0,1.0000000000000002
141,6,27,4,0.8943040370941162,0.912870929175277
141,6,43,4,1.0,1.0000000000000002
141,6,51,4,1.0,1.0000000000000002
141,6,29,4,0.7951104640960693,0.8164965809277261
141,6,45,4,0.9255561828613281,0.912870929175277
141,6,53,4,0.8884291648864746,0.6666666666666669
141,6,57,4,1.0,1.0000000000000002
141,6,30,4,0.8323594927787781,0.492365963917331
141,6,46,4,0.917463481426239,0.6154574548966638
141,6,54,4,0.9552522897720337,0.912870929175277
141,6,58,4,0.917463481426239,0.6154574548966638
141,6,60,4,0.8885948657989502,0.8164965809277261
141,6,31,5,0.8769201636314392,0.8333333333333336
141,6,47,5,1.0,1.0000000000000002
141,6,55,5,1.0,1.0000000000000002
141,6,59,5,1.0,1.0000000000000002
141,6,61,5,0.9255561828613281,0.912870929175277
141,6,62,5,0.9552522897720337,0.912870929175277
142,5,31,5,1.0,1.0000000000000002
142,5,0,0,0.7713614106178284,0.0
142,5,1,1,0.7514406442642212,0.316227766016838
142,5,2,1,0.7469542026519775,0.0
142,5,4,1,0.7454115152359009,0.0
142,5,8,1,0.719365119934082,0.0
142,5,16,1,0.7710070610046387,0.0
142,5,3,2,0.7761714458465576,0.632455532033676
142,5,5,2,0.7487139701843262,0.316227766016838
142,5,9,2,0.7416805028915405,0.20000000000000004
142,5,17,2,0.8098676800727844,0.632455532033676
142,5,6,2,0.7508671283721924,0.0
142,5,10,2,0.7273753881454468,0.2581988897471612
142,5,18,2,0.7547876834869385,0.0
142,5,12,2,0.9736747741699219,0.632455532033676
142,5,20,2,0.7489569187164307,0.0
142,5,24,2,0.7471115589141846,0.0
142,5,7,3,0.775143027305603,0.6000000000000001
142,5,11,3,0.7624770998954773,0.670820393249937
142,5,19,3,0.7828801870346069,0.6000000000000001
142,5,13,3,0.7317037582397461,0.20000000000000004
142,5,21,3,0.7515395879745483,0.2581988897471612
142,5,25,3,0.7624770998954773,0.670820393249937
142,5,14,3,0.8465486168861389,0.447213595499958
142,5,22,3,0.7505394220352173,0.0
142,5,26,3,0.7409590482711792,0.2581988897471612
142,5,28,3,0.8490930795669556,0.2581988897471612
142,5,15,4,1.0,1.0000000000000002
142,5,23,4,0.7909745573997498,0.670820393249937
142,5,27,4,0.7779709696769714,0.670820393249937
142,5,29,4,0.8405050039291382,0.447213595499958
142,5,30,4,0.854130208492279,0.447213595499958
147,7,127,7,0.9999999403953552,1.0000000000000004
147,7,0,0,0.7302659749984741,0.0
147,7,1,1,0.6953551769256592,0.0
147,7,2,1,0.7008424997329712,0.0
147,7,4,1,0.8235164284706116,0.3779644730092273
147,7,8,1,0.7691828012466431,0.0
147,7,16,1,0.7332495450973511,0.0
147,7,32,1,0.7212876081466675,0.0
147,7,64,1,0.7828749418258667,0.3779644730092273
147,7,3,2,0.7958905696868896,0.3779644730092273
147,7,5,2,0.8235164284706116,0.3779644730092273
147,7,9,2,0.7696389555931091,0.0
147,7,17,2,0.7991114258766174,0.7715167498104598
147,7,33,2,0.7662224173545837,0.566946709513841
147,7,65,2,0.7873164415359497,0.7142857142857146
147,7,6,2,0.7885869741439819,0.16903085094570336
147,7,10,2,0.735659122467041,0.0
147,7,18,2,0.7990436553955078,0.6761234037828134
147,7,34,2,0.7314491271972656,0.21821789023599245
147,7,66,2,0.7828749418258667,0.3779644730092273
147,7,12,2,0.9405640959739685,0.5345224838248489
147,7,20,2,0.7722489833831787,0.21821789023599245
147,7,36,2,0.731653094291687,0.0
147,7,68,2,0.8466522097587585,0.4364357804719849
147,7,24,2,0.8261229395866394,0.3779644730092273
147,7,40,2,0.7912063598632812,0.0
147,7,72,2,0.7912063598632812,0.0
147,7,48,2,0.7775542736053467,0.6546536707079773
147,7,80,2,0.7775542736053467,0.6546536707079773
147,7,96,2,0.7889617681503296,0.5345224838248489
147,7,7,3,0.8266008496284485,0.5070925528371101
147,7,11,3,0.8301464915275574,0.7142857142857146
147,7,19,3,0.7803298830986023,0.6681531047810612
147,7,35,3,0.8245022296905518,0.6172133998483679
147,7,67,3,0.7827044129371643,0.7142857142857146
147,7,13,3,0.9405640959739685,0.5345224838248489
147,7,21,3,0.8894530534744263,0.9258200997725518
147,7,37,3,0.7627503275871277,0.5070925528371101
147,7,69,3,0.7484608888626099,0.0
147,7,25,3,0.8102412819862366,0.3779644730092273
147,7,41,3,0.8305006623268127,0.7715167498104598
147,7,73,3,0.8305006623268127,0.7715167498104598
147,7,49,3,0.7991114258766174,0.7715167498104598
147,7,81,3,0.8210961818695068,0.6172133998483679
147,7,97,3,0.7991114258766174,0.7715167498104598
147,7,14,3,0.8919271230697632,0.7715167498104598
147,7,22,3,0.8506886959075928,0.7715167498104598
147,7,38,3,0.8631504774093628,0.7715167498104598
147,7,70,3,0.8456004858016968,0.3380617018914067
147,7,26,3,0.824891984462738,0.6761234037828134
147,7,42,3,0.8283880949020386,0.6761234037828134
147,7,74,3,0.8268234729766846,0.6172133998483679
147,7,50,3,0.7990436553955078,0.6761234037828134
147,7,82,3,0.7990436553955078,0.6761234037828134
147,7,98,3,0.8022484183311462,0.6761234037828134
147,7,28,3,0.9635303020477295,0.6761234037828134
147,7,44,3,0.9405640959739685,0.5345224838248489
147,7,76,3,0.9405640959739685,0.5345224838248489
147,7,52,3,0.8534005284309387,0.566946709513841
147,7,84,3,0.8661998510360718,0.566946709513841
147,7,100,3,0.8235164284706116,0.3779644730092273
147,7,56,3,0.8254014253616333,0.566946709513841
147,7,88,3,0.8170900344848633,0.5070925528371101
147,7,104,3,0.8254014253616333,0.566946709513841
147,7,112,3,0.7775542736053467,0.6546536707079773
147,7,15,4,0.8973906636238098,0.8571428571428575
147,7,23,4,0.8687113523483276,0.8571428571428575
147,7,39,4,0.8687113523483276,0.8571428571428575
147,7,71,4,0.8490866422653198,0.6546536707079773
147,7,27,4,0.9459641575813293,0.8571428571428575
147,7,43,4,0.8301464915275574,0.7142857142857146
147,7,75,4,0.9459641575813293,0.8571428571428575
147,7,51,4,0.7803298830986023,0.6681531047810612
147,7,83,4,0.7928714752197266,0.7142857142857146
147,7,99,4,0.7827044129371643,0.7142857142857146
147,7,29,4,0.9828896522521973,0.6761234037828134
147,7,45,4,0.9540077447891235,0.3779644730092273
147,7,77,4,0.9629324674606323,0.5070925528371101
147,7,53,4,0.8894530534744263,0.9258200997725518
147,7,85,4,0.8900777101516724,0.7715167498104598
147,7,101,4,0.8783866167068481,0.7715167498104598
147,7,57,4,0.8019036054611206,0.3779644730092273
147,7,89,4,0.8305006623268127,0.7715167498104598
147,7,105,4,0.8305006623268127,0.7715167498104598
147,7,113,4,0.8210961818695068,0.6172133998483679
147,7,30,4,0.9921633005142212,0.9258200997725518
147,7,46,4,0.8919271230697632,0.7715167498104598
147,7,78,4,0.9921633005142212,0.9258200997725518
147,7,54,4,0.8827325701713562,0.8451542547285168
147,7,86,4,0.8506886959075928,0.7715167498104598
147,7,102,4,0.8484337329864502,0.3779644730092273
147,7,58,4,0.824891984462738,0.6761234037828134
147,7,90,4,0.8268234729766846,0.6172133998483679
147,7,106,4,0.8268234729766846,0.6172133998483679
147,7,114,4,0.7990436553955078,0.6761234037828134
147,7,60,4,0.9674286246299744,0.8451542547285168
147,7,92,4,0.9674286246299744,0.8451542547285168
147,7,108,4,0.9405640959739685,0.5345224838248489
147,7,116,4,0.8369357585906982,0.6761234037828134
147,7,120,4,0.8101460933685303,0.566946709513841
147,7,31,5,0.9999999403953552,1.0000000000000004
147,7,47,5,0.8973906636238098,0.8571428571428575
147,7,79,5,0.924820601940155,0.8571428571428575
147,7,55,5,0.8687113523483276,0.8571428571428575
147,7,87,5,0.8687113523483276,0.8571428571428575
147,7,103,5,0.8591486215591431,0.8571428571428575
147,7,59,5,0.9459641575813293,0.8571428571428575
147,7,91,5,0.9459641575813293,0.8571428571428575
147,7,107,5,0.9459641575813293,0.8571428571428575
147,7,115,5,0.7928714752197266,0.7142857142857146
147,7,61,5,0.983505129814148,0.6172133998483679
147,7,93,5,0.9620039463043213,0.5039526306789697
147,7,109,5,0.972851037979126,0.6761234037828134
147,7,117,5,0.8894530534744263,0.9258200997725518
147,7,121,5,0.8315625190734863,0.7142857142857146
147,7,62,5,0.9921633005142212,0.9258200997725518
147,7,94,5,0.9921633005142212,0.9258200997725518
147,7,110,5,0.9921633005142212,0.9258200997725518
147,7,118,5,0.8547602891921997,0.7715167498104598
147,7,122,5,0.9411455988883972,0.7715167498104598
147,7,124,5,0.9674286246299744,0.8451542547285168
147,7,63,6,0.924820601940155,0.8571428571428575
147,7,95,6,0.9999999403953552,1.0000000000000004
147,7,111,6,0.924820601940155,0.8571428571428575
147,7,119,6,0.8591486215591431,0.8571428571428575
147,7,123,6,0.9459641575813293,0.8571428571428575
147,7,125,6,0.9412113428115845,0.4364357804719849
147,7,126,6,0.9921633005142212,0.9258200997725518
