sample_id,n_segments,present_mask,coalition_size,util_emb,util_tfidf
1,6,63,6,0.9999999403953552,1.0
1,6,0,0,0.7844388484954834,0.4117647058823529
1,6,1,1,0.8402069807052612,0.5381382351970501
1,6,2,1,0.7868943214416504,0.4200840252084028
1,6,4,1,0.7860831618309021,0.4280863447390448
1,6,8,1,0.8055394887924194,0.2592814894208658
1,6,16,1,0.8229384422302246,0.48507125007266594
1,6,32,1,0.8354824185371399,0.38949041885226016
1,6,3,2,0.7732645869255066,0.4950737714883372
1,6,5,2,0.8899832963943481,0.834622326111986
1,6,9,2,0.9373559951782227,0.9095085938862488
1,6,17,2,0.8323149681091309,0.6507913734559686
1,6,33,2,0.7732645869255066,0.4950737714883372
1,6,6,2,0.8245833516120911,0.4001633653325206
1,6,10,2,0.8591771721839905,0.7701540462154053
1,6,18,2,0.858842670917511,0.4451319072597259
1,6,34,2,0.8754875659942627,0.7778444682625972
1,6,12,2,0.8068532943725586,0.3338489304447944
1,6,20,2,0.8585391640663147,0.4601789933084224
1,6,36,2,0.8754875659942627,0.7778444682625972
1,6,24,2,0.8515350818634033,0.4036036763977876
1,6,40,2,0.9418135285377502,0.8744746321952066
1,6,48,2,0.8838752508163452,0.42008402520840293
1,6,7,3,0.8892592787742615,0.834622326111986
1,6,11,3,0.9342858791351318,0.9095085938862488
1,6,19,3,0.8478444814682007,0.6507913734559686
1,6,35,3,0.8421815037727356,0.48507125007266594
1,6,13,3,0.9373559951782227,0.9095085938862488
1,6,21,3,0.8132231831550598,0.5940885257860047
1,6,37,3,0.7732645869255066,0.4950737714883372
1,6,25,3,0.8667263984680176,0.5965587590013043
1,6,41,3,0.9694790840148926,0.9701425001453321
1,6,49,3,0.8132231831550598,0.5940885257860047
1,6,14,3,0.8155536651611328,0.3529411764705882
1,6,22,3,0.8698027729988098,0.4573295603800236
1,6,38,3,0.8604612350463867,0.7778444682625972
1,6,26,3,0.8455866575241089,0.4451319072597259
1,6,42,3,0.9418135285377502,0.8744746321952066
1,6,50,3,0.902219831943512,0.8426648406178137
1,6,28,3,0.8519405126571655,0.4451319072597259
1,6,44,3,0.9418135285377502,0.8744746321952066
1,6,52,3,0.8698027729988098,0.4573295603800236
1,6,56,3,0.9074559211730957,0.8436614877321077
1,6,15,4,0.9342858791351318,0.9095085938862488
1,6,23,4,0.8353868126869202,0.6507913734559686
1,6,39,4,0.7732645869255066,0.4950737714883372
1,6,27,4,0.9545127749443054,0.6726727939963126
1,6,43,4,0.9694790840148926,0.9701425001453321
1,6,51,4,0.8323149681091309,0.6507913734559686
1,6,29,4,0.8633276224136353,0.6581451817144176
1,6,45,4,0.9694790840148926,0.9701425001453321
1,6,53,4,0.8132231831550598,0.5940885257860047
1,6,57,4,0.8712204694747925,0.5965587590013043
1,6,30,4,0.8455866575241089,0.4451319072597259
1,6,46,4,0.8734748363494873,0.8072073527955753
1,6,54,4,0.858842670917511,0.4451319072597259
1,6,58,4,0.9013186693191528,0.8426648406178137
1,6,60,4,0.8965718746185303,0.8426648406178137
1,6,31,5,0.9999999403953552,1.0
1,6,47,5,0.9694790840148926,0.9701425001453321
1,6,55,5,0.8323149681091309,0.6507913734559686
1,6,59,5,0.9125720262527466,0.9411764705882353
1,6,61,5,0.8599587678909302,0.6581451817144176
1,6,62,5,0.9013186693191528,0.8426648406178137
2,6,63,6,1.0,1.0000000000000002
2,6,0,0,0.7813006043434143,0.08703882797784893
2,6,1,1,0.7951072454452515,0.30151134457776363
2,6,2,1,0.8120478391647339,0.37688918072220456
2,6,4,1,0.8453689813613892,0.2727272727272727
2,6,8,1,0.7771244049072266,0.4150286783196449
2,6,16,1,0.7869842052459717,0.0836242010007091
2,6,32,1,0.815214991569519,0.5449492609130662
2,6,3,2,0.798804521560669,0.3344968040028364
2,6,5,2,0.862208902835846,0.4181210050035455
2,6,9,2,0.759631872177124,0.492365963917331
2,6,17,2,0.8111308813095093,0.3344968040028364
2,6,33,2,0.8315100073814392,0.6784005252999683
2,6,6,2,0.8827837705612183,0.4181210050035455
2,6,10,2,0.8467789888381958,0.8181818181818183
2,6,18,2,0.9235377907752991,0.4181210050035455
2,6,34,2,0.8093149065971375,0.3344968040028364
2,6,12,2,0.8705460429191589,0.5017452060042545
2,6,20,2,0.8456091284751892,0.1672484020014182
2,6,36,2,0.8490527868270874,0.2611164839335468
2,6,24,2,0.8012987375259399,0.25087260300212727
2,6,40,2,0.7967098951339722,0.5640760748177664
2,6,48,2,0.8311470746994019,0.5276448530110864
2,6,7,3,0.8827837705612183,0.4181210050035455
2,6,11,3,0.8328802585601807,0.7537783614444092
2,6,19,3,0.8343486785888672,0.3223291856101522
2,6,35,3,0.8182759284973145,0.3344968040028364
2,6,13,3,0.9068054556846619,0.5017452060042545
2,6,21,3,0.8926314115524292,0.4181210050035455
2,6,37,3,0.8827837705612183,0.4181210050035455
2,6,25,3,0.9096438884735107,0.5017452060042545
2,6,41,3,0.8393558263778687,0.8181818181818183
2,6,49,3,0.858305811882019,0.6581451817144176
2,6,14,3,0.9027625322341919,0.5017452060042545
2,6,22,3,0.8870431780815125,0.4351941398892446
2,6,38,3,0.8827837705612183,0.4181210050035455
2,6,26,3,0.9096438884735107,0.5017452060042545
2,6,42,3,0.8360725045204163,0.8181818181818183
2,6,50,3,0.8325462937355042,0.3223291856101522
2,6,28,3,0.9613175392150879,0.5853694070049636
2,6,44,3,0.897169828414917,0.4351941398892446
2,6,52,3,0.8573267459869385,0.2611164839335468
2,6,56,3,0.8302569389343262,0.6030226891555274
2,6,15,4,0.9045953750610352,0.9090909090909093
2,6,23,4,0.8926314115524292,0.4181210050035455
2,6,39,4,0.8867228627204895,0.4181210050035455
2,6,27,4,0.9096438884735107,0.5017452060042545
2,6,43,4,0.840421736240387,0.8181818181818183
2,6,51,4,0.8329993486404419,0.3344968040028364
2,6,29,4,0.9621899724006653,0.5853694070049636
2,6,45,4,0.9027625322341919,0.5017452060042545
2,6,53,4,0.8926314115524292,0.4181210050035455
2,6,57,4,0.9390987157821655,0.9090909090909093
2,6,30,4,0.9621899724006653,0.5853694070049636
2,6,46,4,0.9068054556846619,0.5017452060042545
2,6,54,4,0.8926314115524292,0.4181210050035455
2,6,58,4,0.9096438884735107,0.5017452060042545
2,6,60,4,0.8918446898460388,0.4181210050035455
2,6,31,5,0.9621899724006653,0.5853694070049636
2,6,47,5,0.9068054556846619,0.5017452060042545
2,6,55,5,0.8926314115524292,0.4181210050035455
2,6,59,5,0.9096438884735107,0.5017452060042545
2,6,61,5,0.9621899724006653,0.5853694070049636
2,6,62,5,0.9621899724006653,0.5853694070049636
3,4,15,4,1.0,1.0
3,4,0,0,0.8166154623031616,0.14824986333222026
3,4,1,1,0.830217182636261,0.3698001308168194
3,4,2,1,0.8506274223327637,0.3846153846153847
3,4,4,1,0.8392660617828369,0.3846153846153847
3,4,8,1,0.9677682518959045,0.7893522173763265
3,4,3,2,0.8642449975013733,0.4447495899966608
3,4,5,2,0.7584738731384277,0.41602514716892186
3,4,9,2,0.9255825877189636,0.4447495899966608
3,4,6,2,0.8506274223327637,0.3846153846153847
3,4,10,2,0.9558921456336975,0.5188745216627709
3,4,12,2,0.9666787385940552,0.8807048459279794
3,4,7,3,0.8610522150993347,0.4622501635210242
3,4,11,3,1.0,1.0
3,4,13,3,0.9065943956375122,0.3202563076101743
3,4,14,3,0.9962949156761169,1.0
4,3,7,3,0.9999999403953552,1.0000000000000004
4,3,0,0,0.8988920450210571,0.42919753763947627
4,3,1,1,0.8717707395553589,0.5129891760425772
4,3,2,1,0.9464911818504333,0.8603090020146071
4,3,4,1,0.9877938628196716,0.9459053029269174
4,3,3,2,0.904701292514801,0.5518254055364695
4,3,5,2,0.9931798577308655,0.9733285267845757
4,3,6,2,0.9965975880622864,1.0000000000000004
6,7,127,7,1.0,1.0
6,7,0,0,0.8462862372398376,0.5547001962252293
6,7,1,1,0.8907042741775513,0.7349684152591672
6,7,2,1,0.844041109085083,0.5590169943749475
6,7,4,1,0.8467094302177429,0.5103103630798288
6,7,8,1,0.8583980798721313,0.5345224838248489
6,7,16,1,0.8462862372398376,0.5547001962252293
6,7,32,1,0.9208294153213501,0.6240377207533829
6,7,64,1,0.936659574508667,0.7627127698096903
6,7,3,2,0.8907042741775513,0.7349684152591672
6,7,5,2,0.9400464296340942,0.9354143466934852
6,7,9,2,0.8702810406684875,0.7100469468046932
6,7,17,2,0.8906111717224121,0.6240377207533829
6,7,33,2,0.978711724281311,0.9013878188659976
6,7,65,2,0.966984748840332,0.9381941874331421
6,7,6,2,0.8390226364135742,0.47245559126153414
6,7,10,2,0.8633925914764404,0.7100469468046932
6,7,18,2,0.8462862372398376,0.5547001962252293
6,7,34,2,0.9576470851898193,0.8391463916782737
6,7,66,2,0.8710029721260071,0.5
6,7,12,2,0.8467094302177429,0.5103103630798288
6,7,20,2,0.8467094302177429,0.5103103630798288
6,7,36,2,0.8806715607643127,0.6614378277661478
6,7,68,2,0.8710029721260071,0.5
6,7,24,2,0.8583980798721313,0.5345224838248489
6,7,40,2,0.9576470851898193,0.8391463916782737
6,7,72,2,0.9444869160652161,0.8391463916782737
6,7,48,2,0.9306761026382446,0.7745966692414834
6,7,80,2,0.936659574508667,0.7627127698096903
6,7,96,2,0.9813675284385681,0.8017837257372732
6,7,7,3,0.81202232837677,0.3686048903872429
6,7,11,3,0.9390270113945007,0.9036961141150639
6,7,19,3,0.8906111717224121,0.6240377207533829
6,7,35,3,0.978711724281311,0.9013878188659976
6,7,67,3,0.9653581976890564,0.8017837257372732
6,7,13,3,0.9400464296340942,0.9354143466934852
6,7,21,3,0.9400464296340942,0.9354143466934852
6,7,37,3,0.978711724281311,0.9013878188659976
6,7,69,3,0.966984748840332,0.9381941874331421
6,7,25,3,0.8866310119628906,0.8391463916782737
6,7,41,3,0.9768825173377991,0.9375
6,7,73,3,0.9687360525131226,0.9682458365518541
6,7,49,3,0.978711724281311,0.9013878188659976
6,7,81,3,0.9527544975280762,0.8696263565463045
6,7,97,3,0.9995743036270142,0.9707253433941513
6,7,14,3,0.820736289024353,0.5303300858899107
6,7,22,3,0.8467094302177429,0.5103103630798288
6,7,38,3,0.8806715607643127,0.6614378277661478
6,7,70,3,0.8710029721260071,0.5
6,7,26,3,0.8480708599090576,0.6669729688499157
6,7,42,3,0.8806715607643127,0.6614378277661478
6,7,74,3,0.8795595169067383,0.48536267169707564
6,7,50,3,0.9576470851898193,0.8391463916782737
6,7,82,3,0.8710029721260071,0.5
6,7,98,3,0.941740870475769,0.6875
6,7,28,3,0.820909857749939,0.5590169943749475
6,7,44,3,0.8806715607643127,0.6614378277661478
6,7,76,3,0.8738119006156921,0.6708203932499369
6,7,52,3,0.8806715607643127,0.6614378277661478
6,7,84,3,0.8738119006156921,0.6708203932499369
6,7,100,3,0.9154399633407593,0.7144345083117604
6,7,56,3,0.9483329057693481,0.7071067811865475
6,7,88,3,0.8824440240859985,0.48536267169707564
6,7,104,3,0.9847124814987183,0.9036961141150639
6,7,112,3,0.9813675284385681,0.8017837257372732
6,7,15,4,0.9400464296340942,0.9354143466934852
6,7,23,4,0.9400464296340942,0.9354143466934852
6,7,39,4,0.978711724281311,0.9013878188659976
6,7,71,4,0.966984748840332,0.9381941874331421
6,7,27,4,0.9440886974334717,0.9354143466934852
6,7,43,4,0.9768825173377991,0.9375
6,7,75,4,0.9687360525131226,0.9682458365518541
6,7,51,4,0.9768825173377991,0.9375
6,7,83,4,0.9653581976890564,0.8017837257372732
6,7,99,4,0.9995743036270142,0.9707253433941513
6,7,29,4,0.9400464296340942,0.9354143466934852
6,7,45,4,0.978711724281311,0.9013878188659976
6,7,77,4,0.9687360525131226,0.9682458365518541
6,7,53,4,0.978711724281311,0.9013878188659976
6,7,85,4,0.966984748840332,0.9381941874331421
6,7,101,4,0.9995743036270142,0.9707253433941513
6,7,57,4,0.9768825173377991,0.9375
6,7,89,4,0.9687360525131226,0.9682458365518541
6,7,105,4,1.0,1.0
6,7,113,4,0.9995743036270142,0.9707253433941513
6,7,30,4,0.820909857749939,0.5590169943749475
6,7,46,4,0.8806715607643127,0.6614378277661478
6,7,78,4,0.8738119006156921,0.6708203932499369
6,7,54,4,0.8905530571937561,0.6123724356957946
6,7,86,4,0.8738119006156921,0.6708203932499369
6,7,102,4,0.9154399633407593,0.7144345083117604
6,7,58,4,0.8782746195793152,0.6614378277661478
6,7,90,4,0.885686457157135,0.48536267169707564
6,7,106,4,0.9614838361740112,0.8391463916782737
6,7,114,4,0.937603235244751,0.4014775342734832
6,7,60,4,0.8806715607643127,0.6614378277661478
6,7,92,4,0.8738119006156921,0.6708203932499369
6,7,108,4,0.9154399633407593,0.7144345083117604
6,7,116,4,0.9154399633407593,0.7144345083117604
6,7,120,4,0.9847124814987183,0.9036961141150639
6,7,31,5,0.9400464296340942,0.9354143466934852
6,7,47,5,0.9754279851913452,0.9375
6,7,79,5,0.9687360525131226,0.9682458365518541
6,7,55,5,0.978711724281311,0.9013878188659976
6,7,87,5,0.966984748840332,0.9381941874331421
6,7,103,5,1.0,1.0
6,7,59,5,0.9768825173377991,0.9375
6,7,91,5,0.9679189324378967,0.9036961141150639
6,7,107,5,0.9916825890541077,0.875
6,7,115,5,0.9901999235153198,0.7745966692414833
6,7,61,5,0.9754279851913452,0.9375
6,7,93,5,0.9687360525131226,0.9682458365518541
6,7,109,5,1.0,1.0
6,7,117,5,1.0,1.0
6,7,121,5,1.0,1.0
6,7,62,5,0.890598475933075,0.6123724356957946
6,7,94,5,0.8738119006156921,0.6708203932499369
6,7,110,5,0.9154399633407593,0.7144345083117604
6,7,118,5,0.9154399633407593,0.7144345083117604
6,7,122,5,0.9614838361740112,0.8391463916782737
6,7,124,5,0.9154399633407593,0.7144345083117604
6,7,63,6,0.9768825173377991,0.9375
6,7,95,6,0.9687360525131226,0.9682458365518541
6,7,111,6,1.0,1.0
6,7,119,6,1.0,1.0
6,7,123,6,0.9994608759880066,0.9375
6,7,125,6,1.0,1.0
6,7,126,6,0.9154399633407593,0.7144345083117604
7,7,127,7,1.0,1.0000000000000007
7,7,0,0,0.9089425802230835,0.42857142857142877
7,7,1,1,1.0,1.0000000000000007
7,7,2,1,0.9089425802230835,0.42857142857142877
7,7,4,1,0.9259512424468994,0.4830458915396481
7,7,8,1,0.9089425802230835,0.42857142857142877
7,7,16,1,0.9089425802230835,0.42857142857142877
7,7,32,1,0.9089425802230835,0.42857142857142877
7,7,64,1,0.9089425802230835,0.42857142857142877
7,7,3,2,1.0,1.0000000000000007
7,7,5,2,0.9955672025680542,1.0000000000000007
7,7,9,2,1.0,1.0000000000000007
7,7,17,2,1.0,1.0000000000000007
7,7,33,2,1.0,1.0000000000000007
7,7,65,2,0.9706534147262573,0.8970852271450608
7,7,6,2,0.9955672025680542,1.0000000000000007
7,7,10,2,0.9089425802230835,0.42857142857142877
7,7,18,2,0.9089425802230835,0.42857142857142877
7,7,34,2,0.9089425802230835,0.42857142857142877
7,7,66,2,0.9089425802230835,0.42857142857142877
7,7,12,2,0.9259512424468994,0.4830458915396481
7,7,20,2,0.9259512424468994,0.4830458915396481
7,7,36,2,0.9259512424468994,0.4830458915396481
7,7,68,2,0.9259512424468994,0.4830458915396481
7,7,24,2,0.8967006206512451,0.5039526306789698
7,7,40,2,0.9089425802230835,0.42857142857142877
7,7,72,2,0.9089425802230835,0.42857142857142877
7,7,48,2,0.9089425802230835,0.42857142857142877
7,7,80,2,0.9089425802230835,0.42857142857142877
7,7,96,2,0.9089425802230835,0.42857142857142877
7,7,7,3,1.0,1.0000000000000007
7,7,11,3,1.0,1.0000000000000007
7,7,19,3,0.9955672025680542,1.0000000000000007
7,7,35,3,1.0,1.0000000000000007
7,7,67,3,1.0,1.0000000000000007
7,7,13,3,0.9955672025680542,1.0000000000000007
7,7,21,3,0.9955672025680542,1.0000000000000007
7,7,37,3,1.0,1.0000000000000007
7,7,69,3,1.0,1.0000000000000007
7,7,25,3,0.9955672025680542,1.0000000000000007
7,7,41,3,0.9955672025680542,1.0000000000000007
7,7,73,3,1.0,1.0000000000000007
7,7,49,3,1.0,1.0000000000000007
7,7,81,3,0.9955672025680542,1.0000000000000007
7,7,97,3,0.9955672025680542,1.0000000000000007
7,7,14,3,0.9955672025680542,1.0000000000000007
7,7,22,3,1.0,1.0000000000000007
7,7,38,3,0.9955672025680542,1.0000000000000007
7,7,70,3,1.0,1.0000000000000007
7,7,26,3,1.0,1.0000000000000007
7,7,42,3,0.9089425802230835,0.42857142857142877
7,7,74,3,0.9089425802230835,0.42857142857142877
7,7,50,3,0.9089425802230835,0.42857142857142877
7,7,82,3,0.9089425802230835,0.42857142857142877
7,7,98,3,0.9089425802230835,0.42857142857142877
7,7,28,3,0.9259512424468994,0.4830458915396481
7,7,44,3,0.9259512424468994,0.4830458915396481
7,7,76,3,0.9259512424468994,0.4830458915396481
7,7,52,3,0.9740637540817261,0.925820099772552
7,7,84,3,0.9259512424468994,0.4830458915396481
7,7,100,3,0.9259512424468994,0.4830458915396481
7,7,56,3,0.9089425802230835,0.42857142857142877
7,7,88,3,0.9089425802230835,0.42857142857142877
7,7,104,3,0.9089425802230835,0.42857142857142877
7,7,112,3,0.9089425802230835,0.42857142857142877
7,7,15,4,0.9955672025680542,1.0000000000000007
7,7,23,4,0.9955672025680542,1.0000000000000007
7,7,39,4,1.0,1.0000000000000007
7,7,71,4,1.0,1.0000000000000007
7,7,27,4,1.0,1.0000000000000007
7,7,43,4,1.0,1.0000000000000007
7,7,75,4,1.0,1.0000000000000007
7,7,51,4,1.0,1.0000000000000007
7,7,83,4,1.0,1.0000000000000007
7,7,99,4,1.0,1.0000000000000007
7,7,29,4,0.9955672025680542,1.0000000000000007
7,7,45,4,1.0,1.0000000000000007
7,7,77,4,0.9955672025680542,1.0000000000000007
7,7,53,4,1.0,1.0000000000000007
7,7,85,4,0.9955672025680542,1.0000000000000007
7,7,101,4,0.9955672025680542,1.0000000000000007
7,7,57,4,1.0,1.0000000000000007
7,7,89,4,0.9412011504173279,0.583383351196948
7,7,105,4,0.9955672025680542,1.0000000000000007
7,7,113,4,0.9955672025680542,1.0000000000000007
7,7,30,4,0.9955672025680542,1.0000000000000007
7,7,46,4,0.9955672025680542,1.0000000000000007
7,7,78,4,0.9955672025680542,1.0000000000000007
7,7,54,4,1.0,1.0000000000000007
7,7,86,4,0.9412011504173279,0.583383351196948
7,7,102,4,0.9955672025680542,1.0000000000000007
7,7,58,4,0.9089425802230835,0.42857142857142877
7,7,90,4,0.9089425802230835,0.42857142857142877
7,7,106,4,0.9089425802230835,0.42857142857142877
7,7,114,4,0.9089425802230835,0.42857142857142877
7,7,60,4,0.9259512424468994,0.4830458915396481
7,7,92,4,0.9259512424468994,0.4830458915396481
7,7,108,4,0.9259512424468994,0.4830458915396481
7,7,116,4,0.9259512424468994,0.4830458915396481
7,7,120,4,0.9089425802230835,0.42857142857142877
7,7,31,5,0.9955672025680542,1.0000000000000007
7,7,47,5,1.0,1.0000000000000007
7,7,79,5,0.9955672025680542,1.0000000000000007
7,7,55,5,1.0,1.0000000000000007
7,7,87,5,0.9955672025680542,1.0000000000000007
7,7,103,5,1.0,1.0000000000000007
7,7,59,5,1.0,1.0000000000000007
7,7,91,5,0.9412011504173279,0.583383351196948
7,7,107,5,1.0,1.0000000000000007
7,7,115,5,1.0,1.0000000000000007
7,7,61,5,1.0,1.0000000000000007
7,7,93,5,0.9955672025680542,1.0000000000000007
7,7,109,5,1.0,1.0000000000000007
7,7,117,5,0.9955672025680542,1.0000000000000007
7,7,121,5,0.9321553707122803,0.6446583712203044
7,7,62,5,0.9412011504173279,0.583383351196948
7,7,94,5,0.9412011504173279,0.583383351196948
7,7,110,5,0.9955672025680542,1.0000000000000007
7,7,118,5,0.9412011504173279,0.583383351196948
7,7,122,5,0.9089425802230835,0.42857142857142877
7,7,124,5,0.9259512424468994,0.4830458915396481
7,7,63,6,1.0,1.0000000000000007
7,7,95,6,0.9955672025680542,1.0000000000000007
7,7,111,6,1.0,1.0000000000000007
7,7,119,6,1.0,1.0000000000000007
7,7,123,6,0.9412011504173279,0.583383351196948
7,7,125,6,0.9955672025680542,1.0000000000000007
7,7,126,6,0.9955672025680542,1.0000000000000007
9,4,15,4,0.9999999403953552,1.0
9,4,0,0,0.7623875141143799,0.0
9,4,1,1,0.7988550662994385,0.12126781251816648
9,4,2,1,0.7699903845787048,0.0
9,4,4,1,0.8623051643371582,0.15075567228888181
9,4,8,1,0.7622459530830383,0.0
9,4,3,2,0.8229540586471558,0.26726124191242445
9,4,5,2,0.8861958980560303,0.2886751345948129
9,4,9,2,0.9215056300163269,0.3535533905932738
9,4,6,2,0.847652792930603,0.12126781251816648
9,4,10,2,0.8187700510025024,0.11785113019775793
9,4,12,2,0.9108086824417114,0.2886751345948129
9,4,7,3,0.8398168087005615,0.14433756729740646
9,4,11,3,0.9999999403953552,1.0
9,4,13,3,0.8744403123855591,0.27735009811261463
9,4,14,3,0.9108086824417114,0.2886751345948129
11,6,63,6,1.0,1.0000000000000002
11,6,0,0,0.7426823377609253,0.0
11,6,1,1,0.7659426927566528,0.3651483716701108
11,6,2,1,0.7538275122642517,0.10910894511799624
11,6,4,1,0.8048394322395325,0.11322770341445962
11,6,8,1,0.7284085154533386,0.13608276348795434
11,6,16,1,0.8023325800895691,0.12309149097933275
11,6,32,1,0.759962260723114,0.10910894511799624
11,6,3,2,0.7473165392875671,0.22645540682891924
11,6,5,2,0.8446059226989746,0.7071067811865477
11,6,9,2,0.8023334741592407,0.46291004988627593
11,6,17,2,0.7264665961265564,0.3651483716701108
11,6,33,2,0.7831060290336609,0.36927447293799825
11,6,6,2,0.8142025470733643,0.2886751345948129
11,6,10,2,0.7293140292167664,0.1290994448735806
11,6,18,2,0.8343108296394348,0.2581988897471612
11,6,34,2,0.7559131383895874,0.210818510677892
11,6,12,2,0.8024786114692688,0.30860669992418394
11,6,20,2,0.867548942565918,0.3651483716701108
11,6,36,2,0.8241474032402039,0.2886751345948129
11,6,24,2,0.8478087186813354,0.2357022603955159
11,6,40,2,0.7301124930381775,0.10910894511799624
11,6,48,2,0.7034233212471008,0.11322770341445962
11,6,7,3,0.8446059226989746,0.7071067811865477
11,6,11,3,0.8276211023330688,0.6123724356957946
11,6,19,3,0.7700983881950378,0.3872983346207418
11,6,35,3,0.7549768686294556,0.36927447293799825
11,6,13,3,0.8822875022888184,0.5000000000000001
11,6,21,3,0.8953368663787842,0.5000000000000001
11,6,37,3,0.8722249269485474,0.8164965809277261
11,6,25,3,0.7787195444107056,0.5000000000000001
11,6,41,3,0.7449718117713928,0.46291004988627593
11,6,49,3,0.7615319490432739,0.5477225575051663
11,6,14,3,0.7966979742050171,0.1825741858350554
11,6,22,3,0.8335737586021423,0.2357022603955159
11,6,38,3,0.7998330593109131,0.35355339059327384
11,6,26,3,0.7676259875297546,0.1290994448735806
11,6,42,3,0.7924092411994934,0.22645540682891924
11,6,50,3,0.7661768198013306,0.2357022603955159
11,6,28,3,0.9225621223449707,0.5000000000000001
11,6,44,3,0.8232532739639282,0.2357022603955159
11,6,52,3,0.8903640508651733,0.5443310539518174
11,6,56,3,0.7602994441986084,0.2461829819586655
11,6,15,4,0.8996832370758057,0.8164965809277261
11,6,23,4,0.9496023654937744,0.912870929175277
11,6,39,4,0.8417022228240967,0.492365963917331
11,6,27,4,0.8983833193778992,0.5163977794943224
11,6,43,4,0.8250900506973267,0.5163977794943224
11,6,51,4,0.7716144323348999,0.35355339059327384
11,6,29,4,0.983676552772522,0.6666666666666669
11,6,45,4,0.9122135639190674,0.912870929175277
11,6,53,4,0.9496023654937744,0.912870929175277
11,6,57,4,0.9427679777145386,0.912870929175277
11,6,30,4,0.8856508135795593,0.3333333333333334
11,6,46,4,0.8729768991470337,0.545544725589981
11,6,54,4,0.7998330593109131,0.35355339059327384
11,6,58,4,0.7737542390823364,0.11785113019775795
11,6,60,4,0.9799886345863342,0.8164965809277261
11,6,31,5,1.0,1.0000000000000002
11,6,47,5,0.9122135639190674,0.912870929175277
11,6,55,5,0.8301950693130493,0.4714045207910318
11,6,59,5,0.9026929140090942,0.6154574548966638
11,6,61,5,1.0,1.0000000000000002
11,6,62,5,0.8576711416244507,0.4529108136578385
13,7,127,7,1.0,1.0000000000000007
13,7,0,0,0.8414778709411621,0.30860669992418394
13,7,1,1,0.85652756690979,0.44543540318737407
13,7,2,1,0.844265341758728,0.28571428571428586
13,7,4,1,0.861113965511322,0.35634832254989923
13,7,8,1,0.9198275804519653,0.7349684152591671
13,7,16,1,0.7840468883514404,0.22237479499833046
13,7,32,1,0.840889036655426,0.30860669992418394
13,7,64,1,0.8769290447235107,0.43643578047198495
13,7,3,2,0.8592530488967896,0.35634832254989923
13,7,5,2,0.8700883388519287,0.44543540318737407
13,7,9,2,0.9372013807296753,0.7715167498104599
13,7,17,2,0.8506107330322266,0.5070925528371102
13,7,33,2,0.8395705223083496,0.4029114820126903
13,7,65,2,0.886509895324707,0.5070925528371102
13,7,6,2,0.8496588468551636,0.3571428571428573
13,7,10,2,0.9438296556472778,0.7142857142857147
13,7,18,2,0.8512812256813049,0.3273268353539887
13,7,34,2,0.8440626859664917,0.26726124191242445
13,7,66,2,0.8805098533630371,0.4780914437337576
13,7,12,2,0.9364975690841675,0.8058229640253805
13,7,20,2,0.9315330982208252,0.6236095644623237
13,7,36,2,0.8555547595024109,0.37796447300922736
13,7,68,2,0.8980807065963745,0.5345224838248489
13,7,24,2,0.973801851272583,0.8058229640253805
13,7,40,2,0.9596105813980103,0.7715167498104599
13,7,72,2,0.9693354964256287,0.8451542547285171
13,7,48,2,0.8302925825119019,0.3571428571428573
13,7,80,2,0.8981310725212097,0.42857142857142877
13,7,96,2,0.8787645101547241,0.3857583749052299
13,7,7,3,0.9212408065795898,0.8153742483272116
13,7,11,3,0.9053479433059692,0.7857142857142858
13,7,19,3,0.893656313419342,0.4140393356054127
13,7,35,3,0.8788374066352844,0.3857583749052299
13,7,67,3,0.9012221097946167,0.621059003408119
13,7,13,3,0.9514047503471375,0.8894991799933217
13,7,21,3,0.929126501083374,0.6236095644623237
13,7,37,3,0.8619602918624878,0.48349377841522834
13,7,69,3,0.9432792663574219,0.848668424791506
13,7,25,3,0.9636843800544739,0.848668424791506
13,7,41,3,0.9606573581695557,0.8058229640253805
13,7,73,3,0.9691202640533447,0.8571428571428572
13,7,49,3,0.8508806228637695,0.5345224838248489
13,7,81,3,0.940097987651825,0.8153742483272116
13,7,97,3,0.8911881446838379,0.5345224838248489
13,7,14,3,0.9454189538955688,0.9285714285714293
13,7,22,3,0.912386417388916,0.7715167498104599
13,7,38,3,0.8690124750137329,0.3223291856101522
13,7,70,3,0.9042288064956665,0.4830458915396481
13,7,26,3,0.978313684463501,0.7857142857142863
13,7,42,3,0.9501810073852539,0.7142857142857147
13,7,74,3,0.9768316149711609,0.9636241116594318
13,7,50,3,0.8670269250869751,0.42257712736425845
13,7,82,3,0.8654162883758545,0.4040610178208845
13,7,98,3,0.8668044805526733,0.5455447255899812
13,7,28,3,0.9916270971298218,0.925820099772552
13,7,44,3,0.963702380657196,0.848668424791506
13,7,76,3,0.9505378603935242,0.8058229640253805
13,7,52,3,0.8961109519004822,0.44543540318737407
13,7,84,3,0.9728044271469116,0.8894991799933217
13,7,100,3,0.9042288064956665,0.4830458915396481
13,7,56,3,0.973801851272583,0.8058229640253805
13,7,88,3,0.9882967472076416,0.8864052604279185
13,7,104,3,0.9729450941085815,0.8451542547285171
13,7,112,3,0.8955832719802856,0.42857142857142877
13,7,15,4,0.9530987739562988,0.9285714285714293
13,7,23,4,1.0,1.0000000000000007
13,7,39,4,0.8657675981521606,0.444749589996661
13,7,71,4,0.9831570386886597,0.9636241116594318
13,7,27,4,0.9676111340522766,0.8153742483272116
13,7,43,4,0.9831570386886597,0.9636241116594318
13,7,75,4,0.9831570386886597,0.9636241116594318
13,7,51,4,0.9052414894104004,0.4629100498862759
13,7,83,4,0.9316790103912354,0.6482037235521645
13,7,99,4,0.8954991102218628,0.601337794302955
13,7,29,4,0.9896807670593262,0.9636241116594318
13,7,45,4,0.9937753677368164,1.0000000000000007
13,7,77,4,0.9467653632164001,0.8894991799933217
13,7,53,4,0.8956799507141113,0.4905114715879729
13,7,85,4,0.9491356611251831,0.8894991799933217
13,7,101,4,0.9347031116485596,0.8153742483272116
13,7,57,4,0.9636843800544739,0.848668424791506
13,7,89,4,0.9853073954582214,0.8970852271450608
13,7,105,4,0.9691202640533447,0.8571428571428572
13,7,113,4,0.9821835160255432,0.8964214570007951
13,7,30,4,0.9937753677368164,1.0000000000000007
13,7,46,4,0.9451278448104858,0.9285714285714293
13,7,78,4,0.9419249296188354,0.8153742483272116
13,7,54,4,0.8876287341117859,0.4029114820126903
13,7,86,4,0.9399188160896301,0.8153742483272116
13,7,102,4,0.9042288064956665,0.4830458915396481
13,7,58,4,0.9676111340522766,0.8153742483272116
13,7,90,4,0.9728044271469116,0.8894991799933217
13,7,106,4,0.9768316149711609,0.9636241116594318
13,7,114,4,0.8967753648757935,0.4780914437337576
13,7,60,4,0.9916270971298218,0.925820099772552
13,7,92,4,0.9882967472076416,0.8864052604279185
13,7,108,4,0.9729450941085815,0.8451542547285171
13,7,116,4,0.9916270971298218,0.925820099772552
13,7,120,4,0.9882967472076416,0.8864052604279185
13,7,31,5,1.0,1.0000000000000007
13,7,47,5,1.0,1.0000000000000007
13,7,79,5,0.9530987739562988,0.9285714285714293
13,7,55,5,1.0,1.0000000000000007
13,7,87,5,1.0,1.0000000000000007
13,7,103,5,0.9831570386886597,0.9636241116594318
13,7,59,5,0.9676111340522766,0.8153742483272116
13,7,91,5,1.0,1.0000000000000007
13,7,107,5,0.9831570386886597,0.9636241116594318
13,7,115,5,0.9824313521385193,0.9636241116594318
13,7,61,5,0.9937753677368164,1.0000000000000007
13,7,93,5,0.9896807670593262,0.9636241116594318
13,7,109,5,0.9713643789291382,0.925820099772552
13,7,117,5,0.9572286009788513,0.8571428571428578
13,7,121,5,0.9853073954582214,0.8970852271450608
13,7,62,5,0.9937753677368164,1.0000000000000007
13,7,94,5,0.9728044271469116,0.8894991799933217
13,7,110,5,0.9419249296188354,0.8153742483272116
13,7,118,5,0.9399188160896301,0.8153742483272116
13,7,122,5,0.9725354909896851,0.848668424791506
13,7,124,5,0.9882967472076416,0.8864052604279185
13,7,63,6,1.0,1.0000000000000007
13,7,95,6,1.0,1.0000000000000007
13,7,111,6,0.9530987739562988,0.9285714285714293
13,7,119,6,1.0,1.0000000000000007
13,7,123,6,1.0,1.0000000000000007
13,7,125,6,0.9937753677368164,1.0000000000000007
13,7,126,6,0.9728044271469116,0.8894991799933217
15,5,31,5,0.9999999403953552,0.9999999999999999
15,5,0,0,0.8986448645591736,0.7784989441615231
15,5,1,1,0.951107382774353,0.8970852271450608
15,5,2,1,0.8364096879959106,0.1825741858350554
15,5,4,1,0.8786429762840271,0.7784989441615231
15,5,8,1,0.8685536980628967,0.7784989441615231
15,5,16,1,0.8624873161315918,0.7784989441615231
15,5,3,2,0.951107382774353,0.8970852271450608
15,5,5,2,0.951107382774353,0.8970852271450608
15,5,9,2,0.967948853969574,0.7302967433402215
15,5,17,2,0.951107382774353,0.8970852271450608
15,5,6,2,0.9482207894325256,0.8944271909999159
15,5,10,2,0.9753506779670715,0.9660917830792962
15,5,18,2,0.8911129236221313,0.38924947208076155
15,5,12,2,0.9418513774871826,0.6831300510639734
15,5,20,2,0.8845677375793457,0.8198915917499229
15,5,24,2,0.9753506779670715,0.9660917830792962
15,5,7,3,0.951107382774353,0.8970852271450608
15,5,11,3,0.9999999403953552,0.9999999999999999
15,5,19,3,0.9524849653244019,0.9333333333333332
15,5,13,3,0.9327957630157471,0.5773502691896258
15,5,21,3,0.9487974643707275,0.9333333333333332
15,5,25,3,0.9979766011238098,0.9999999999999999
15,5,14,3,0.9753506779670715,0.9660917830792962
15,5,22,3,0.9301034808158875,0.8970852271450608
15,5,26,3,0.9789654016494751,0.9660917830792962
15,5,28,3,0.9753506779670715,0.9660917830792962
15,5,15,4,0.9327957630157471,0.5773502691896258
15,5,23,4,0.951107382774353,0.8970852271450608
15,5,27,4,0.9999999403953552,0.9999999999999999
15,5,29,4,0.9979766011238098,0.9999999999999999
15,5,30,4,0.9753506779670715,0.9660917830792962
16,6,63,6,1.0,1.0000000000000002
16,6,0,0,0.6970729231834412,0.3202563076101744
16,6,1,1,0.7550345659255981,0.5103103630798288
16,6,2,1,0.7339222431182861,0.37463432463267776
16,6,4,1,0.7495591044425964,0.3651483716701107
16,6,8,1,0.7902793288230896,0.655610068107186
16,6,16,1,0.7337586879730225,0.3265986323710904
16,6,32,1,0.865416944026947,0.7144345083117604
16,6,3,2,0.7476168870925903,0.5103103630798288
16,6,5,2,0.7581727504730225,0.655610068107186
16,6,9,2,1.0,1.0000000000000002
16,6,17,2,0.7461302280426025,0.5619514869490166
16,6,33,2,0.8233868479728699,0.48304589153964805
16,6,6,2,0.7172101736068726,0.40032038451271795
16,6,10,2,0.8623409867286682,0.6666666666666669
16,6,18,2,0.7227193713188171,0.3651483716701107
16,6,34,2,0.8163297176361084,0.6123724356957946
16,6,12,2,0.8122270107269287,0.5661385170722981
16,6,20,2,0.78162682056427,0.5477225575051661
16,6,36,2,0.865416944026947,0.7144345083117604
16,6,24,2,0.7902793288230896,0.655610068107186
16,6,40,2,0.865416944026947,0.7144345083117604
16,6,48,2,0.865416944026947,0.7144345083117604
16,6,7,3,0.761755108833313,0.5477225575051661
16,6,11,3,0.8623409867286682,0.6666666666666669
16,6,19,3,0.7455309629440308,0.5477225575051662
16,6,35,3,0.8814095258712769,0.7492686492653554
16,6,13,3,0.9621174931526184,0.912870929175277
16,6,21,3,0.8697766661643982,0.6390096504226938
16,6,37,3,1.0,1.0000000000000002
16,6,25,3,1.0,1.0000000000000002
16,6,41,3,1.0,1.0000000000000002
16,6,49,3,0.8233868479728699,0.48304589153964805
16,6,14,3,0.780727744102478,0.4714045207910318
16,6,22,3,0.7840901613235474,0.5477225575051661
16,6,38,3,0.865416944026947,0.7144345083117604
16,6,26,3,0.8623409867286682,0.6666666666666669
16,6,42,3,0.8764535784721375,0.7492686492653554
16,6,50,3,0.865416944026947,0.7144345083117604
16,6,28,3,0.8289591073989868,0.6666666666666669
16,6,44,3,0.865416944026947,0.7144345083117604
16,6,52,3,0.865416944026947,0.7144345083117604
16,6,56,3,0.865416944026947,0.7144345083117604
16,6,15,4,0.820104718208313,0.5477225575051663
16,6,23,4,0.8697766661643982,0.6390096504226938
16,6,39,4,0.8814095258712769,0.7492686492653554
16,6,27,4,0.8623409867286682,0.6666666666666669
16,6,43,4,1.0,1.0000000000000002
16,6,51,4,0.8814095258712769,0.7492686492653554
16,6,29,4,1.0,1.0000000000000002
16,6,45,4,1.0,1.0000000000000002
16,6,53,4,1.0,1.0000000000000002
16,6,57,4,1.0,1.0000000000000002
16,6,30,4,0.8623409867286682,0.6666666666666669
16,6,46,4,0.8764535784721375,0.7492686492653554
16,6,54,4,0.865416944026947,0.7144345083117604
16,6,58,4,0.8764535784721375,0.7492686492653554
16,6,60,4,0.865416944026947,0.7144345083117604
16,6,31,5,0.8623409867286682,0.6666666666666669
16,6,47,5,1.0,1.0000000000000002
16,6,55,5,0.8814095258712769,0.7492686492653554
16,6,59,5,1.0,1.0000000000000002
16,6,61,5,1.0,1.0000000000000002
16,6,62,5,0.865416944026947,0.7144345083117604
17,5,31,5,1.0,1.0000000000000007
17,5,0,0,0.7798951864242554,0.1672484020014182
17,5,1,1,0.8117457032203674,0.22237479499833046
17,5,2,1,0.7806726098060608,0.22237479499833046
17,5,4,1,0.9498898983001709,0.7893522173763268
17,5,8,1,0.8554021120071411,0.6864064729836444
17,5,16,1,0.8126311302185059,0.25087260300212727
17,5,3,2,0.777672290802002,0.27735009811261463
17,5,5,2,0.960934042930603,0.836242010007091
17,5,9,2,0.798900842666626,0.29649972666444063
17,5,17,2,0.8125640749931335,0.3076923076923078
17,5,6,2,0.9073212146759033,0.8807048459279795
17,5,10,2,0.7985681891441345,0.29649972666444063
17,5,18,2,0.7924405932426453,0.1538461538461539
17,5,12,2,0.8882107734680176,0.7016464154456238
17,5,20,2,0.8628077507019043,0.739600261633639
17,5,24,2,0.8441470861434937,0.3202563076101744
17,5,7,3,0.9073212146759033,0.8807048459279795
17,5,11,3,0.8207415342330933,0.4160251471689219
17,5,19,3,0.7873378992080688,0.3721042037676255
17,5,13,3,0.8927134275436401,0.4902903378454603
17,5,21,3,0.960934042930603,0.836242010007091
17,5,25,3,0.817718505859375,0.4160251471689219
17,5,14,3,0.9430557489395142,0.9230769230769237
17,5,22,3,0.9073212146759033,0.8807048459279795
17,5,26,3,0.8374032974243164,0.5241424183609593
17,5,28,3,0.9450613856315613,0.836242010007091
17,5,15,4,0.9500245451927185,0.6471502289294342
17,5,23,4,0.9073212146759033,0.8807048459279795
17,5,27,4,0.8370263576507568,0.5547001962252293
17,5,29,4,0.9575585126876831,0.8807048459279795
17,5,30,4,0.8896642923355103,0.8807048459279795
18,4,15,4,0.9999999403953552,1.0000000000000007
18,4,0,0,0.8755185008049011,0.8058229640253805
18,4,1,1,0.8677043318748474,0.8280786712108253
18,4,2,1,0.8616358637809753,0.848668424791506
18,4,4,1,0.84122234582901,0.7778444682625973
18,4,8,1,0.8984431028366089,0.8153742483272116
18,4,3,2,0.8718855977058411,0.8894991799933217
18,4,5,2,0.8746926784515381,0.7412493166611015
18,4,9,2,0.9061513543128967,0.7857142857142863
18,4,6,2,0.842390239238739,0.7857142857142863
18,4,10,2,0.8984431028366089,0.8153742483272116
18,4,12,2,0.8984431028366089,0.8153742483272116
18,4,7,3,0.8459286689758301,0.8017837257372734
18,4,11,3,0.9999999403953552,1.0000000000000007
18,4,13,3,0.9061513543128967,0.7857142857142863
18,4,14,3,0.8984431028366089,0.8153742483272116
21,7,127,7,1.000000238418579,1.0000000000000007
21,7,0,0,0.7442077398300171,0.42857142857142877
21,7,1,1,0.739321231842041,0.29649972666444063
21,7,2,1,0.7288897037506104,0.28347335475692054
21,7,4,1,0.7638896703720093,0.42919753763947627
21,7,8,1,0.8443905115127563,0.42857142857142877
21,7,16,1,0.7646828889846802,0.3223291856101522
21,7,32,1,0.8173770904541016,0.444749589996661
21,7,64,1,0.7229285836219788,0.444749589996661
21,7,3,2,0.739321231842041,0.29649972666444063
21,7,5,2,0.9232476949691772,0.540061724867322
21,7,9,2,0.8270115256309509,0.42857142857142877
21,7,17,2,0.7302945852279663,0.3585685828003181
21,7,33,2,0.8452318906784058,0.5345224838248489
21,7,65,2,0.7513693571090698,0.49051147158797287
21,7,6,2,0.9130353927612305,0.5833833511969481
21,7,10,2,0.7694341540336609,0.524890659167824
21,7,18,2,0.704481840133667,0.28347335475692054
21,7,34,2,0.8579756617546082,0.4629100498862759
21,7,66,2,0.7390189170837402,0.5657789498610037
21,7,12,2,0.7937368154525757,0.4830458915396481
21,7,20,2,0.7436302304267883,0.23145502494313797
21,7,36,2,0.8891997337341309,0.5714285714285718
21,7,68,2,0.9097288846969604,0.5345224838248489
21,7,24,2,0.8443905115127563,0.42857142857142877
21,7,40,2,0.841950535774231,0.48349377841522834
21,7,72,2,0.8226504921913147,0.5000000000000002
21,7,48,2,0.8683237433433533,0.42857142857142877
21,7,80,2,0.7229288816452026,0.3380617018914068
21,7,96,2,0.9040970802307129,0.40089186286863665
21,7,7,3,0.9232476949691772,0.540061724867322
21,7,11,3,0.8452318906784058,0.5345224838248489
21,7,19,3,0.7530571222305298,0.29649972666444063
21,7,35,3,0.8364073038101196,0.4830458915396481
21,7,67,3,0.7621743679046631,0.42857142857142877
21,7,13,3,0.8949234485626221,0.668153104781061
21,7,21,3,0.9322856068611145,0.6428571428571433
21,7,37,3,0.8877533674240112,0.621059003408119
21,7,69,3,0.9253746867179871,0.5929994533288812
21,7,25,3,0.857752799987793,0.47809144373375745
21,7,41,3,0.8514918684959412,0.5345224838248489
21,7,73,3,0.8331804275512695,0.5000000000000002
21,7,49,3,0.8452318906784058,0.5345224838248489
21,7,81,3,0.7543597221374512,0.3706246583305508
21,7,97,3,0.8419180512428284,0.4830458915396481
21,7,14,3,0.9689291715621948,0.8366600265340759
21,7,22,3,0.8949282169342041,0.7142857142857149
21,7,38,3,0.9075208902359009,0.6299407883487121
21,7,70,3,0.9316434860229492,0.7171371656006365
21,7,26,3,0.8949282169342041,0.7142857142857149
21,7,42,3,0.9202250242233276,0.524890659167824
21,7,74,3,0.7977327108383179,0.5714285714285717
21,7,50,3,0.9189231395721436,0.6446583712203044
21,7,82,3,0.7518742084503174,0.4409585518440986
21,7,98,3,0.9457155466079712,0.7637626158259738
21,7,28,3,0.8007436394691467,0.3706246583305508
21,7,44,3,0.8932413458824158,0.6446583712203044
21,7,76,3,0.8859732151031494,0.6446583712203044
21,7,52,3,0.882032573223114,0.5916079783099619
21,7,84,3,0.9097288846969604,0.5345224838248489
21,7,100,3,0.9089252352714539,0.6428571428571433
21,7,56,3,0.8329628705978394,0.4629100498862759
21,7,88,3,0.7779169678688049,0.26726124191242445
21,7,104,3,0.846187174320221,0.5400617248673218
21,7,112,3,0.871360182762146,0.5520524474738836
21,7,15,4,0.9650635719299316,0.8571428571428572
21,7,23,4,0.8949234485626221,0.668153104781061
21,7,39,4,0.86396723985672,0.3086066999241838
21,7,71,4,0.9253746867179871,0.5929994533288812
21,7,27,4,0.8452318906784058,0.5345224838248489
21,7,43,4,0.9418408274650574,0.5378528742004772
21,7,75,4,0.8627476692199707,0.583383351196948
21,7,51,4,0.9002545475959778,0.5345224838248489
21,7,83,4,0.8623397946357727,0.42857142857142877
21,7,99,4,0.8577203154563904,0.5188745216627711
21,7,29,4,0.8949234485626221,0.668153104781061
21,7,45,4,0.965251088142395,0.9660917830792962
21,7,77,4,0.9226762056350708,0.6428571428571433
21,7,53,4,0.8990533947944641,0.668153104781061
21,7,85,4,0.9226762056350708,0.6428571428571433
21,7,101,4,0.9371411204338074,0.6671243849949913
21,7,57,4,0.838366687297821,0.5185629788417315
21,7,89,4,0.8303203582763672,0.4830458915396481
21,7,105,4,0.9072986841201782,0.5518254055364695
21,7,113,4,0.8464274406433105,0.5050762722761056
21,7,30,4,0.9689291715621948,0.8366600265340759
21,7,46,4,0.9689291715621948,0.8366600265340759
21,7,78,4,0.9925380349159241,0.90913729009699
21,7,54,4,0.9689291715621948,0.8366600265340759
21,7,86,4,0.9316434860229492,0.7171371656006365
21,7,102,4,0.9713366627693176,0.8366600265340759
21,7,58,4,0.9202250242233276,0.524890659167824
21,7,90,4,0.8011857271194458,0.5520524474738836
21,7,106,4,0.9851006269454956,0.8728715609439701
21,7,114,4,0.9851006269454956,0.8728715609439701
21,7,60,4,0.8932413458824158,0.6446583712203044
21,7,92,4,0.892132580280304,0.6172133998483679
21,7,108,4,0.9851006269454956,0.8728715609439701
21,7,116,4,0.9713366627693176,0.8366600265340759
21,7,120,4,0.846187174320221,0.5400617248673218
21,7,31,5,0.9365794658660889,0.8864052604279185
21,7,47,5,0.965251088142395,0.9660917830792962
21,7,79,5,0.9350535273551941,0.8571428571428572
21,7,55,5,0.9791945219039917,0.7637626158259738
21,7,87,5,0.9353561401367188,0.6900655593423545
21,7,103,5,0.9982396960258484,0.9636241116594318
21,7,59,5,0.9418408274650574,0.5378528742004772
21,7,91,5,0.8627476692199707,0.583383351196948
21,7,107,5,0.9474346041679382,0.8864052604279185
21,7,115,5,0.9418408274650574,0.5378528742004772
21,7,61,5,0.965251088142395,0.9660917830792962
21,7,93,5,0.9226762056350708,0.6428571428571433
21,7,109,5,1.000000238418579,1.0000000000000007
21,7,117,5,1.000000238418579,1.0000000000000007
21,7,121,5,0.9072986841201782,0.5518254055364695
21,7,62,5,0.9791945219039917,0.7637626158259738
21,7,94,5,0.949747622013092,0.8366600265340759
21,7,110,5,0.9851006269454956,0.8728715609439701
21,7,118,5,0.9851006269454956,0.8728715609439701
21,7,122,5,0.9851006269454956,0.8728715609439701
21,7,124,5,0.9851006269454956,0.8728715609439701
21,7,63,6,0.9791945219039917,0.7637626158259738
21,7,95,6,0.914516806602478,0.8864052604279185
21,7,111,6,1.000000238418579,1.0000000000000007
21,7,119,6,1.000000238418579,1.0000000000000007
21,7,123,6,0.9409692883491516,0.6130060338328882
21,7,125,6,0.944188117980957,0.9354143466934853
21,7,126,6,0.9851006269454956,0.8728715609439701
23,4,15,4,1.0,1.0000000000000002
23,4,0,0,0.9148998260498047,0.8040302522073697
23,4,1,1,0.9053213596343994,0.8181818181818183
23,4,2,1,0.8658043146133423,0.3223291856101522
23,4,4,1,0.842397928237915,0.23354968324845693
23,4,8,1,0.8760999441146851,0.3344968040028364
23,4,3,2,0.9294037222862244,0.9090909090909093
23,4,5,2,0.810977041721344,0.11396057645963797
23,4,9,2,0.9268440008163452,0.7784989441615231
23,4,6,2,0.8600667119026184,0.29250896965085227
23,4,10,2,0.8845969438552856,0.4181210050035455
23,4,12,2,0.8743210434913635,0.30151134457776363
23,4,7,3,0.8707494735717773,0.36563621206356534
23,4,11,3,0.9318242073059082,0.8563488385776754
23,4,13,3,0.986064076423645,0.9534625892455927
23,4,14,3,0.8862731456756592,0.36563621206356534
24,4,15,4,1.0000001192092896,1.0000000000000002
24,4,0,0,0.8715804815292358,0.6236095644623237
24,4,1,1,0.8690758347511292,0.7126966450997986
24,4,2,1,0.9234362244606018,0.8888888888888891
24,4,4,1,0.9578970074653625,0.7126966450997986
24,4,8,1,0.8648926615715027,0.6236095644623237
24,4,3,2,0.9161175489425659,0.8888888888888891
24,4,5,2,0.9837163686752319,0.8908708063747482
24,4,9,2,0.8773177266120911,0.6885303726590964
24,4,6,2,1.0000001192092896,1.0000000000000002
24,4,10,2,0.9051366448402405,0.8249579113843055
24,4,12,2,0.9598978161811829,0.7126966450997986
24,4,7,3,1.0000001192092896,1.0000000000000002
24,4,11,3,0.9234362244606018,0.8888888888888891
24,4,13,3,0.9837163686752319,0.8908708063747482
24,4,14,3,0.9932615160942078,1.0000000000000002
29,5,31,5,1.0,1.0000000000000002
29,5,0,0,0.8616994619369507,0.7144345083117604
29,5,1,1,0.7994818687438965,0.2611164839335468
29,5,2,1,0.8517615795135498,0.3857583749052299
29,5,4,1,0.7643829584121704,0.2401922307076308
29,5,8,1,0.784651517868042,0.15430334996209197
29,5,16,1,0.8790671229362488,0.8215838362577493
29,5,3,2,0.8517615795135498,0.3857583749052299
29,5,5,2,0.9255561828613281,0.7205766921228923
29,5,9,2,0.7686766982078552,0.10910894511799622
29,5,17,2,0.9187757968902588,0.8703882797784891
29,5,6,2,0.8551340699195862,0.6666666666666669
29,5,10,2,0.7909550666809082,0.23145502494313797
29,5,18,2,0.9097683429718018,0.7833494518006402
29,5,12,2,0.7765607833862305,0.1666666666666667
29,5,20,2,0.8650897741317749,0.7500000000000002
29,5,24,2,0.8639813661575317,0.7500000000000002
29,5,7,3,0.7664312720298767,0.4330127018922194
29,5,11,3,0.781294584274292,0.3333333333333334
29,5,19,3,0.9187757968902588,0.8703882797784891
29,5,13,3,0.8476933240890503,0.5000000000000001
29,5,21,3,0.8820476531982422,0.8703882797784891
29,5,25,3,0.9187757968902588,0.8703882797784891
29,5,14,3,0.8687613010406494,0.4714045207910318
29,5,22,3,0.9409796595573425,0.8215838362577493
29,5,26,3,0.8750718832015991,0.6666666666666669
29,5,28,3,0.8696978688240051,0.6735753140545635
29,5,15,4,0.7435979843139648,0.2886751345948129
29,5,23,4,0.8768889904022217,0.8703882797784891
29,5,27,4,0.8784710168838501,0.8703882797784891
29,5,29,4,1.0,1.0000000000000002
29,5,30,4,0.9050437211990356,0.7833494518006402
31,6,63,6,1.0,1.0000000000000002
31,6,0,0,0.7620459794998169,0.35355339059327373
31,6,1,1,0.7272711992263794,0.35634832254989923
31,6,2,1,0.7194952964782715,0.44721359549995787
31,6,4,1,0.7578883767127991,0.35355339059327373
31,6,8,1,0.8024247884750366,0.5659164584181102
31,6,16,1,0.7512727975845337,0.2222222222222222
31,6,32,1,0.8419778347015381,0.535303379031311
31,6,3,2,0.7190374135971069,0.5555555555555556
31,6,5,2,0.7496310472488403,0.4622501635210244
31,6,9,2,0.821391224861145,0.5833333333333333
31,6,17,2,0.7437382340431213,0.5217491947499509
31,6,33,2,0.8319205045700073,0.5443310539518174
31,6,6,2,0.7485069632530212,0.4811252243246882
31,6,10,2,0.8354406952857971,0.5773502691896258
31,6,18,2,0.7267130017280579,0.45883146774112366
31,6,34,2,0.7792988419532776,0.41666666666666663
31,6,12,2,0.8226317763328552,0.5659164584181102
31,6,20,2,0.7190712690353394,0.45883146774112366
31,6,36,2,0.7784520387649536,0.5883484054145521
31,6,24,2,0.8782333135604858,0.6236095644623237
31,6,40,2,0.8759226202964783,0.6735753140545635
31,6,48,2,0.8601085543632507,0.6471502289294342
31,6,7,3,0.7165390849113464,0.5773502691896257
31,6,11,3,0.821391224861145,0.5833333333333333
31,6,19,3,0.7667322754859924,0.408248290463863
31,6,35,3,0.8319205045700073,0.5443310539518174
31,6,13,3,0.821391224861145,0.5833333333333333
31,6,21,3,0.8835973143577576,0.5555555555555556
31,6,37,3,0.8319205045700073,0.5443310539518174
31,6,25,3,0.9186866879463196,0.7276068751089988
31,6,41,3,0.9130577445030212,0.6804138174397717
31,6,49,3,0.9421605467796326,0.7777777777777779
31,6,14,3,0.8226317763328552,0.5659164584181102
31,6,22,3,0.7471809983253479,0.5091750772173155
31,6,38,3,0.7767336368560791,0.45883146774112366
31,6,26,3,0.8807645440101624,0.6236095644623237
31,6,42,3,0.8599166870117188,0.6471502289294342
31,6,50,3,0.7832905054092407,0.5345224838248489
31,6,28,3,0.8792023658752441,0.6117752903214982
31,6,44,3,0.8599166870117188,0.6471502289294342
31,6,52,3,0.8507431745529175,0.5773502691896258
31,6,56,3,0.9008579254150391,0.7126966450997986
31,6,15,4,0.8257904052734375,0.6666666666666667
31,6,23,4,0.8830357193946838,0.5892556509887896
31,6,39,4,0.8319205045700073,0.5443310539518174
31,6,27,4,0.9222592115402222,0.7276068751089988
31,6,43,4,0.9130577445030212,0.6804138174397717
31,6,51,4,0.9421605467796326,0.7777777777777779
31,6,29,4,0.9222592115402222,0.7276068751089988
31,6,45,4,0.9130577445030212,0.6804138174397717
31,6,53,4,0.9421605467796326,0.7777777777777779
31,6,57,4,1.0,1.0000000000000002
31,6,30,4,0.9014821648597717,0.6882472016116855
31,6,46,4,0.8599166870117188,0.6471502289294342
31,6,54,4,0.8781425952911377,0.6236095644623237
31,6,58,4,0.896359920501709,0.7126966450997986
31,6,60,4,0.896359920501709,0.7126966450997986
31,6,31,5,0.9222592115402222,0.7276068751089988
31,6,47,5,0.9130577445030212,0.6804138174397717
31,6,55,5,0.9421605467796326,0.7777777777777779
31,6,59,5,1.0,1.0000000000000002
31,6,61,5,1.0,1.0000000000000002
31,6,62,5,0.896359920501709,0.7126966450997986
33,6,63,6,1.0000001192092896,0.9999999999999999
33,6,0,0,0.8322002291679382,0.5728918992315465
33,6,1,1,0.8586900234222412,0.710046946804693
33,6,2,1,0.833350419998169,0.710818653310911
33,6,4,1,0.842464804649353,0.6454972243679028
33,6,8,1,0.7800074815750122,0.24343224778007388
33,6,16,1,0.838054895401001,0.7333333333333334
33,6,32,1,0.8247162103652954,0.45573271518765013
33,6,3,2,0.8493919968605042,0.6666666666666666
33,6,5,2,0.9764477014541626,0.8970852271450608
33,6,9,2,0.8746098875999451,0.710046946804693
33,6,17,2,0.8322853446006775,0.7590721152765899
33,6,33,2,0.8598703145980835,0.7333333333333333
33,6,6,2,0.8790043592453003,0.6454972243679028
33,6,10,2,0.7988424301147461,0.5923488777590925
33,6,18,2,0.8448178768157959,0.7324670207647146
33,6,34,2,0.8397727608680725,0.621059003408119
33,6,12,2,0.7860323190689087,0.33806170189140666
33,6,20,2,0.8556292057037354,0.6454972243679028
33,6,36,2,0.8842980861663818,0.7333333333333333
33,6,24,2,0.7800074815750122,0.24343224778007388
33,6,40,2,0.9339711666107178,0.7590721152765899
33,6,48,2,0.8513453006744385,0.4146442144313648
33,6,7,3,0.9773088693618774,0.9333333333333332
33,6,11,3,0.8215130567550659,0.7453559924999299
33,6,19,3,0.8326665163040161,0.7784989441615231
33,6,35,3,0.9035899043083191,0.8198915917499229
33,6,13,3,0.9764477014541626,0.8970852271450608
33,6,21,3,0.9764477014541626,0.8970852271450608
33,6,37,3,0.8962787985801697,0.7999999999999999
33,6,25,3,0.8746098875999451,0.710046946804693
33,6,41,3,0.962032675743103,0.8666666666666666
33,6,49,3,0.9130391478538513,0.7999999999999999
33,6,14,3,0.8977662324905396,0.6445033866354898
33,6,22,3,0.8487610816955566,0.6900655593423545
33,6,38,3,0.8960221409797668,0.7006490497453708
33,6,26,3,0.8394764065742493,0.6085806194501848
33,6,42,3,0.9412879347801208,0.8280786712108253
33,6,50,3,0.8614879846572876,0.7006490497453708
33,6,28,3,0.8390200138092041,0.6454972243679028
33,6,44,3,0.8718609809875488,0.372677996249965
33,6,52,3,0.850453794002533,0.372677996249965
33,6,56,3,0.8698904514312744,0.5009794328681196
33,6,15,4,1.0000001192092896,0.9999999999999999
33,6,23,4,0.9773088693618774,0.9333333333333332
33,6,39,4,0.9773088693618774,0.9333333333333332
33,6,27,4,0.832033634185791,0.7745966692414833
33,6,43,4,1.0000001192092896,0.9999999999999999
33,6,51,4,0.9091062545776367,0.8666666666666666
33,6,29,4,0.9764477014541626,0.8970852271450608
33,6,45,4,0.9738733768463135,0.8563488385776754
33,6,53,4,0.9764477014541626,0.8970852271450608
33,6,57,4,0.962881326675415,0.8666666666666666
33,6,30,4,0.8950255513191223,0.710046946804693
33,6,46,4,0.9606955647468567,0.8280786712108253
33,6,54,4,0.9041180610656738,0.7590721152765899
33,6,58,4,0.9279162287712097,0.7590721152765899
33,6,60,4,0.8718609809875488,0.372677996249965
33,6,31,5,1.0000001192092896,0.9999999999999999
33,6,47,5,0.99794602394104,0.9689627902499088
33,6,55,5,0.9773088693618774,0.9333333333333332
33,6,59,5,1.0000001192092896,0.9999999999999999
33,6,61,5,0.9764477014541626,0.8970852271450608
33,6,62,5,0.9606955647468567,0.8280786712108253
34,7,127,7,1.0,1.0
34,7,0,0,0.726831316947937,0.0
34,7,1,1,0.7272129058837891,0.0
34,7,2,1,0.7243169546127319,0.0
34,7,4,1,0.7487965822219849,0.0
34,7,8,1,0.7827578783035278,0.15075567228888181
34,7,16,1,0.7007873058319092,0.0
34,7,32,1,0.8889753222465515,0.27735009811261463
34,7,64,1,0.7629705667495728,0.0
34,7,3,2,0.7372287511825562,0.0
34,7,5,2,0.7314867973327637,0.0
34,7,9,2,0.7937588095664978,0.16666666666666666
34,7,17,2,0.7345318794250488,0.0
34,7,33,2,0.7268658876419067,0.12909944487358058
34,7,65,2,0.7360178232192993,0.0
34,7,6,2,0.734990119934082,0.0
34,7,10,2,0.7937815189361572,0.14433756729740646
34,7,18,2,0.725221574306488,0.0
34,7,34,2,0.7161551117897034,0.0
34,7,66,2,0.7165929079055786,0.0
34,7,12,2,0.7878957986831665,0.15075567228888181
34,7,20,2,0.7468029856681824,0.0
34,7,36,2,0.7209474444389343,0.0
34,7,68,2,0.7310928106307983,0.0
34,7,24,2,0.7863737940788269,0.14433756729740646
34,7,40,2,0.778967559337616,0.13867504905630731
34,7,72,2,0.7826290726661682,0.14433756729740646
34,7,48,2,0.7785451412200928,0.0
34,7,80,2,0.7607247829437256,0.0
34,7,96,2,0.8023641705513,0.0
34,7,7,3,0.7458570599555969,0.0
34,7,11,3,0.7901625633239746,0.13867504905630731
34,7,19,3,0.7190521955490112,0.0
34,7,35,3,0.7155929803848267,0.13363062095621223
34,7,67,3,0.7371225953102112,0.0
34,7,13,3,0.7901625633239746,0.13867504905630731
34,7,21,3,0.7201815247535706,0.0
34,7,37,3,0.7683357000350952,0.0
34,7,69,3,0.733070969581604,0.0
34,7,25,3,0.7817890644073486,0.13867504905630731
34,7,41,3,0.8688279986381531,0.125
34,7,73,3,0.7731507420539856,0.14433756729740646
34,7,49,3,0.7683357000350952,0.0
34,7,81,3,0.7151721119880676,0.0
34,7,97,3,0.8024670481681824,0.0
34,7,14,3,0.7937815189361572,0.14433756729740646
34,7,22,3,0.7146075963973999,0.0
34,7,38,3,0.708262026309967,0.0
34,7,70,3,0.7235406637191772,0.0
34,7,26,3,0.7788519263267517,0.11785113019775793
34,7,42,3,0.778967559337616,0.13867504905630731
34,7,74,3,0.7921632528305054,0.13867504905630731
34,7,50,3,0.7432239055633545,0.0
34,7,82,3,0.6965613961219788,0.0
34,7,98,3,0.7183166742324829,0.0
34,7,28,3,0.7897457480430603,0.13867504905630731
34,7,44,3,0.778967559337616,0.13867504905630731
34,7,76,3,0.7898278832435608,0.13867504905630731
34,7,52,3,0.7335807681083679,0.0
34,7,84,3,0.7146114706993103,0.0
34,7,100,3,0.7868707180023193,0.0
34,7,56,3,0.8960245847702026,0.25819888974716115
34,7,88,3,0.7764047384262085,0.13363062095621223
34,7,104,3,0.8835040330886841,0.2672612419124244
34,7,112,3,0.8501358032226562,0.0
34,7,15,4,0.7901625633239746,0.13867504905630731
34,7,23,4,0.7190521955490112,0.0
34,7,39,4,0.7907543182373047,0.12909944487358058
34,7,71,4,0.7270585298538208,0.0
34,7,27,4,0.7797656059265137,0.12126781251816648
34,7,43,4,0.9155168533325195,0.25
34,7,75,4,0.7932896614074707,0.13363062095621223
34,7,51,4,0.7503117322921753,0.0
34,7,83,4,0.7191575765609741,0.0
34,7,99,4,0.8117517232894897,0.0
34,7,29,4,0.7899042367935181,0.11470786693528091
34,7,45,4,0.8688279986381531,0.125
34,7,77,4,0.778450608253479,0.125
34,7,53,4,0.7442641854286194,0.0
34,7,85,4,0.7151721119880676,0.0
34,7,101,4,0.8024670481681824,0.0
34,7,57,4,0.9102437496185303,0.25
34,7,89,4,0.7863485813140869,0.11470786693528091
34,7,105,4,0.9102437496185303,0.25
34,7,113,4,0.8856625556945801,0.125
34,7,30,4,0.7801016569137573,0.12909944487358058
34,7,46,4,0.778967559337616,0.13867504905630731
34,7,78,4,0.7921632528305054,0.13867504905630731
34,7,54,4,0.8034186363220215,0.0
34,7,86,4,0.735927939414978,0.0
34,7,102,4,0.7142578363418579,0.0
34,7,58,4,0.8583812713623047,0.12909944487358058
34,7,90,4,0.7927567362785339,0.24253562503633297
34,7,106,4,0.8601982593536377,0.13363062095621223
34,7,114,4,0.7404061555862427,0.0
34,7,60,4,0.8583812713623047,0.12909944487358058
34,7,92,4,0.7927567362785339,0.24253562503633297
34,7,108,4,0.8875848054885864,0.2672612419124244
34,7,116,4,0.7465049028396606,0.0
34,7,120,4,0.9581294655799866,0.3779644730092273
34,7,31,5,0.7899042367935181,0.11470786693528091
34,7,47,5,0.8688279986381531,0.125
34,7,79,5,0.7932896614074707,0.13363062095621223
34,7,55,5,0.7442641854286194,0.0
34,7,87,5,0.7191575765609741,0.0
34,7,103,5,0.8028295040130615,0.0
34,7,59,5,0.9155168533325195,0.25
34,7,91,5,0.7857204079627991,0.11785113019775793
34,7,107,5,0.9247279167175293,0.316227766016838
34,7,115,5,0.7442641854286194,0.0
34,7,61,5,0.9102437496185303,0.25
34,7,93,5,0.7642941474914551,0.125
34,7,109,5,0.9102437496185303,0.25
34,7,117,5,0.8031488656997681,0.0
34,7,121,5,0.9247279167175293,0.316227766016838
34,7,62,5,0.8583812713623047,0.12909944487358058
34,7,94,5,0.782263457775116,0.125
34,7,110,5,0.8601982593536377,0.13363062095621223
34,7,118,5,0.8034186363220215,0.0
34,7,122,5,0.9581294655799866,0.3779644730092273
34,7,124,5,0.9581294655799866,0.3779644730092273
34,7,63,6,0.9155168533325195,0.25
34,7,95,6,0.7857204079627991,0.11785113019775793
34,7,111,6,0.9247279167175293,0.316227766016838
34,7,119,6,0.7442641854286194,0.0
34,7,123,6,1.0,1.0
34,7,125,6,0.9247279167175293,0.316227766016838
34,7,126,6,0.8960245847702026,0.25819888974716115
35,7,127,7,0.9999999403953552,1.0000000000000002
35,7,0,0,0.7756128907203674,0.41147559989891175
35,7,1,1,0.7816644906997681,0.41147559989891175
35,7,2,1,0.8242689967155457,0.6537204504606136
35,7,4,1,0.8353985548019409,0.7911548052852402
35,7,8,1,0.7857968807220459,0.30151134457776374
35,7,16,1,0.892021894454956,0.8003267306650415
35,7,32,1,0.7705544829368591,0.33333333333333337
35,7,64,1,0.8998169898986816,0.6123724356957947
35,7,3,2,0.9230625033378601,0.9444444444444448
35,7,5,2,0.8394119739532471,0.4714045207910317
35,7,9,2,0.7816644906997681,0.41147559989891175
35,7,17,2,0.8938978314399719,0.811107105653813
35,7,33,2,0.7778375148773193,0.41147559989891175
35,7,65,2,0.9278789162635803,0.811107105653813
35,7,6,2,0.9007571935653687,0.9045340337332914
35,7,10,2,0.8646323680877686,0.8040302522073701
35,7,18,2,0.9020665884017944,0.8574929257125444
35,7,34,2,0.8242689967155457,0.6537204504606136
35,7,66,2,0.9496954679489136,0.8845379626717036
35,7,12,2,0.8477194309234619,0.8542821429703308
35,7,20,2,0.896278977394104,0.811107105653813
35,7,36,2,0.8446094989776611,0.8179128813519698
35,7,68,2,0.9414076805114746,0.9045340337332914
35,7,24,2,0.8956871032714844,0.8003267306650415
35,7,40,2,0.8258661031723022,0.7431605356175385
35,7,72,2,0.92423415184021,0.8003267306650415
35,7,48,2,0.892021894454956,0.8003267306650415
35,7,80,2,0.9790287017822266,0.9128709291752772
35,7,96,2,0.9169000387191772,0.7071067811865475
35,7,7,3,0.8575089573860168,0.6299407883487121
35,7,11,3,0.862693190574646,0.8888888888888892
35,7,19,3,0.9230610132217407,0.8888888888888892
35,7,35,3,0.9230625033378601,0.9444444444444448
35,7,67,3,0.9467790722846985,0.9444444444444448
35,7,13,3,0.8792280554771423,0.8520128672302589
35,7,21,3,0.9230625033378601,0.9444444444444448
35,7,37,3,0.849334716796875,0.843274042711568
35,7,69,3,0.9237032532691956,0.6299407883487121
35,7,25,3,0.9230625033378601,0.9444444444444448
35,7,41,3,0.7620978355407715,0.4629100498862757
35,7,73,3,0.914466381072998,0.6299407883487121
35,7,49,3,0.8938978314399719,0.811107105653813
35,7,81,3,0.9659163951873779,0.8651809126974006
35,7,97,3,0.9187701940536499,0.8333333333333336
35,7,14,3,0.8477194309234619,0.8542821429703308
35,7,22,3,0.9110633134841919,0.9146591207600474
35,7,38,3,0.9007571935653687,0.9045340337332914
35,7,70,3,0.930925726890564,0.9045340337332914
35,7,26,3,0.9020665884017944,0.8574929257125444
35,7,42,3,0.8007347583770752,0.5000000000000001
35,7,74,3,0.9404003620147705,0.8542821429703308
35,7,50,3,0.9020665884017944,0.8574929257125444
35,7,82,3,0.9775292277336121,0.9258200997725516
35,7,98,3,0.9556989073753357,0.9128709291752772
35,7,28,3,0.971184492111206,0.9045340337332914
35,7,44,3,0.971184492111206,0.9045340337332914
35,7,76,3,0.930925726890564,0.9045340337332914
35,7,52,3,0.896278977394104,0.811107105653813
35,7,84,3,0.9790287017822266,0.9128709291752772
35,7,100,3,0.930925726890564,0.9045340337332914
35,7,56,3,0.8855739831924438,0.8003267306650415
35,7,88,3,0.9790287017822266,0.9128709291752772
35,7,104,3,0.9360698461532593,0.8333333333333336
35,7,112,3,0.9618785977363586,0.8574929257125444
35,7,15,4,0.907060444355011,0.9444444444444448
35,7,23,4,0.9230625033378601,0.9444444444444448
35,7,39,4,0.9086744785308838,0.9444444444444448
35,7,71,4,0.9153895378112793,0.6299407883487121
35,7,27,4,0.9171460866928101,0.8888888888888892
35,7,43,4,0.862693190574646,0.8888888888888892
35,7,75,4,0.9515792727470398,0.9444444444444448
35,7,51,4,0.9230610132217407,0.8888888888888892
35,7,83,4,0.9976766109466553,0.9444444444444448
35,7,99,4,0.9467790722846985,0.9444444444444448
35,7,29,4,0.9230625033378601,0.9444444444444448
35,7,45,4,0.8517091274261475,0.8888888888888892
35,7,77,4,0.9650058150291443,0.9444444444444448
35,7,53,4,0.9230625033378601,0.9444444444444448
35,7,85,4,0.9999999403953552,1.0000000000000002
35,7,101,4,0.9999999403953552,1.0000000000000002
35,7,57,4,0.890952467918396,0.811107105653813
35,7,89,4,0.9641073346138,0.8888888888888892
35,7,105,4,0.9515792727470398,0.9444444444444448
35,7,113,4,0.9659163951873779,0.8651809126974006
35,7,30,4,0.9116467237472534,0.9045340337332914
35,7,46,4,0.9007571935653687,0.9045340337332914
35,7,78,4,0.9307801723480225,0.9045340337332914
35,7,54,4,0.9116467237472534,0.9045340337332914
35,7,86,4,0.9817028045654297,0.9547859244962521
35,7,102,4,0.930925726890564,0.9045340337332914
35,7,58,4,0.9020665884017944,0.8574929257125444
35,7,90,4,0.9797889590263367,0.9428090415820631
35,7,106,4,0.9404003620147705,0.8542821429703308
35,7,114,4,0.9775292277336121,0.9258200997725516
35,7,60,4,0.971184492111206,0.9045340337332914
35,7,92,4,0.9790287017822266,0.9128709291752772
35,7,108,4,0.930925726890564,0.9045340337332914
35,7,116,4,0.9790287017822266,0.9128709291752772
35,7,120,4,0.9790287017822266,0.9128709291752772
35,7,31,5,0.9230625033378601,0.9444444444444448
35,7,47,5,0.907060444355011,0.9444444444444448
35,7,79,5,0.9650058150291443,0.9444444444444448
35,7,55,5,0.9230625033378601,0.9444444444444448
35,7,87,5,0.9999999403953552,1.0000000000000002
35,7,103,5,0.9650058150291443,0.9444444444444448
35,7,59,5,0.9171460866928101,0.8888888888888892
35,7,91,5,0.9999999403953552,1.0000000000000002
35,7,107,5,0.9650058150291443,0.9444444444444448
35,7,115,5,0.9976766109466553,0.9444444444444448
35,7,61,5,0.9230625033378601,0.9444444444444448
35,7,93,5,0.9999999403953552,1.0000000000000002
35,7,109,5,0.9515792727470398,0.9444444444444448
35,7,117,5,0.9999999403953552,1.0000000000000002
35,7,121,5,0.9860637187957764,0.9718253158075504
35,7,62,5,0.8198881149291992,0.7071067811865476
35,7,94,5,0.9817028045654297,0.9547859244962521
35,7,110,5,0.9307801723480225,0.9045340337332914
35,7,118,5,0.9817028045654297,0.9547859244962521
35,7,122,5,0.9797889590263367,0.9428090415820631
35,7,124,5,0.9790287017822266,0.9128709291752772
35,7,63,6,0.9230625033378601,0.9444444444444448
35,7,95,6,0.9999999403953552,1.0000000000000002
35,7,111,6,0.9650058150291443,0.9444444444444448
35,7,119,6,0.9999999403953552,1.0000000000000002
35,7,123,6,0.9999999403953552,1.0000000000000002
35,7,125,6,0.9999999403953552,1.0000000000000002
35,7,126,6,0.9817028045654297,0.9547859244962521
36,7,127,7,0.9999999403953552,1.0000000000000007
36,7,0,0,0.7882866859436035,0.18490006540840975
36,7,1,1,0.8274178504943848,0.3466876226407683
36,7,2,1,0.857475996017456,0.3706246583305508
36,7,4,1,0.8784647583961487,0.4615384615384618
36,7,8,1,0.8351004123687744,0.3706246583305508
36,7,16,1,0.8272722959518433,0.5581563056514381
36,7,32,1,0.8335898518562317,0.40032038451271795
36,7,64,1,0.8352857828140259,0.3363363969981563
36,7,3,2,0.8742494583129883,0.48536267169707564
36,7,5,2,0.8670171499252319,0.5447047794019222
36,7,9,2,0.8708518743515015,0.41602514716892197
36,7,17,2,0.777421236038208,0.3363363969981563
36,7,33,2,0.8327829241752625,0.3396831102433789
36,7,65,2,0.8183813095092773,0.3202563076101744
36,7,6,2,0.9182007312774658,0.5188745216627711
36,7,10,2,0.9189587831497192,0.699913239273356
36,7,18,2,0.901299774646759,0.6362847629757782
36,7,34,2,0.8728185892105103,0.42966892442365984
36,7,66,2,0.8673133850097656,0.26906911759852503
36,7,12,2,0.9093765020370483,0.4615384615384618
36,7,20,2,0.8784647583961487,0.4615384615384618
36,7,36,2,0.8784647583961487,0.4615384615384618
36,7,68,2,0.8965717554092407,0.5188745216627711
36,7,24,2,0.8356078863143921,0.35805743701971654
36,7,40,2,0.8683892488479614,0.42966892442365984
36,7,72,2,0.8731940388679504,0.48038446141526153
36,7,48,2,0.8066149353981018,0.40032038451271795
36,7,80,2,0.8143759965896606,0.27735009811261463
36,7,96,2,0.8707442879676819,0.4615384615384618
36,7,7,3,0.9206148386001587,0.5728918992315465
36,7,11,3,0.8882728219032288,0.5012804118276032
36,7,19,3,0.842388391494751,0.41602514716892197
36,7,35,3,0.8850327134132385,0.48536267169707564
36,7,67,3,0.8949880599975586,0.5381382351970502
36,7,13,3,0.890798807144165,0.41602514716892197
36,7,21,3,0.8728417158126831,0.5012804118276032
36,7,37,3,0.8728417158126831,0.5012804118276032
36,7,69,3,0.8817606568336487,0.48536267169707564
36,7,25,3,0.8343245983123779,0.42966892442365984
36,7,41,3,0.8756771087646484,0.5188745216627711
36,7,73,3,0.9102752804756165,0.7205766921228923
36,7,49,3,0.8292168974876404,0.41602514716892197
36,7,81,3,0.8183813095092773,0.3202563076101744
36,7,97,3,0.8183813095092773,0.3202563076101744
36,7,14,3,0.9383014440536499,0.5728918992315465
36,7,22,3,0.9182007312774658,0.5188745216627711
36,7,38,3,0.9182007312774658,0.5188745216627711
36,7,70,3,0.9423393607139587,0.5929994533288813
36,7,26,3,0.9249244928359985,0.7526178090063819
36,7,42,3,0.887176513671875,0.4615384615384618
36,7,74,3,0.9043036699295044,0.5188745216627711
36,7,50,3,0.8768943548202515,0.444749589996661
36,7,82,3,0.8985904455184937,0.5012804118276032
36,7,98,3,0.8915817737579346,0.5012804118276032
36,7,28,3,0.9093765020370483,0.4615384615384618
36,7,44,3,0.9157585501670837,0.5384615384615388
36,7,76,3,0.9175034165382385,0.5384615384615388
36,7,52,3,0.8784647583961487,0.4615384615384618
36,7,84,3,0.8965717554092407,0.5188745216627711
36,7,100,3,0.9213322401046753,0.6362847629757782
36,7,56,3,0.8683892488479614,0.42966892442365984
36,7,88,3,0.8736488819122314,0.42966892442365984
36,7,104,3,0.8805445432662964,0.3846153846153848
36,7,112,3,0.8173819184303284,0.2401922307076308
36,7,15,4,0.9380124807357788,0.6445033866354898
36,7,23,4,0.9233483076095581,0.5728918992315465
36,7,39,4,0.9206148386001587,0.5728918992315465
36,7,71,4,0.9416153430938721,0.6445033866354898
36,7,27,4,0.9130327701568604,0.7692307692307697
36,7,43,4,0.8882728219032288,0.5012804118276032
36,7,75,4,0.9097710251808167,0.5547001962252293
36,7,51,4,0.8850327134132385,0.48536267169707564
36,7,83,4,0.8949880599975586,0.5381382351970502
36,7,99,4,0.8949880599975586,0.5381382351970502
36,7,29,4,0.9059270024299622,0.5012804118276032
36,7,45,4,0.9103902578353882,0.5728918992315465
36,7,77,4,0.9148077964782715,0.5728918992315465
36,7,53,4,0.8728417158126831,0.5012804118276032
36,7,85,4,0.9190864562988281,0.5929994533288813
36,7,101,4,0.897050142288208,0.5381382351970502
36,7,57,4,0.8756771087646484,0.5188745216627711
36,7,89,4,0.916869580745697,0.8006407690254359
36,7,105,4,0.8914070129394531,0.5728918992315465
36,7,113,4,0.8183813095092773,0.3202563076101744
36,7,30,4,0.9704908132553101,0.8062257748298552
36,7,46,4,0.9383014440536499,0.5728918992315465
36,7,78,4,0.9423393607139587,0.5929994533288813
36,7,54,4,0.9333880543708801,0.5547001962252293
36,7,86,4,0.9374668598175049,0.5188745216627711
36,7,102,4,0.9462018609046936,0.6445033866354898
36,7,58,4,0.887176513671875,0.4615384615384618
36,7,90,4,0.9052886962890625,0.5188745216627711
36,7,106,4,0.9096633791923523,0.48038446141526153
36,7,114,4,0.8915817737579346,0.5012804118276032
36,7,60,4,0.9157585501670837,0.5384615384615388
36,7,92,4,0.9175034165382385,0.5384615384615388
36,7,108,4,0.9554708003997803,0.8271701918685117
36,7,116,4,0.9242138266563416,0.5929994533288813
36,7,120,4,0.8833639025688171,0.48536267169707564
36,7,31,5,0.9380124807357788,0.6445033866354898
36,7,47,5,0.9380124807357788,0.6445033866354898
36,7,79,5,0.9416153430938721,0.6445033866354898
36,7,55,5,0.9233483076095581,0.5728918992315465
36,7,87,5,0.9416153430938721,0.6445033866354898
36,7,103,5,0.9442754983901978,0.6933752452815366
36,7,59,5,0.9109960794448853,0.6153846153846155
36,7,91,5,0.9172999262809753,0.6405126152203487
36,7,107,5,0.9071105718612671,0.5726562866782003
36,7,115,5,0.8949880599975586,0.5381382351970502
36,7,61,5,0.9103902578353882,0.5728918992315465
36,7,93,5,0.9190864562988281,0.5929994533288813
36,7,109,5,0.9230360984802246,0.6445033866354898
36,7,117,5,0.9076395034790039,0.5381382351970502
36,7,121,5,0.8914070129394531,0.5728918992315465
36,7,62,5,0.9390630722045898,0.5929994533288813
36,7,94,5,0.9423393607139587,0.5929994533288813
36,7,110,5,0.9462018609046936,0.6445033866354898
36,7,118,5,0.9462018609046936,0.6445033866354898
36,7,122,5,0.8923047780990601,0.5012804118276032
36,7,124,5,0.9242138266563416,0.5929994533288813
36,7,63,6,0.9380124807357788,0.6445033866354898
36,7,95,6,0.9416153430938721,0.6445033866354898
36,7,111,6,0.9948532581329346,0.9636241116594318
36,7,119,6,0.9442754983901978,0.6933752452815366
36,7,123,6,0.9071105718612671,0.5726562866782003
36,7,125,6,0.9230360984802246,0.6445033866354898
36,7,126,6,0.9462018609046936,0.6445033866354898
37,7,127,7,0.9999999403953552,0.9999999999999993
37,7,0,0,0.8037371635437012,0.8468097984399406
37,7,1,1,0.8134976029396057,0.8190283593479221
37,7,2,1,0.8001684546470642,0.7807200583588262
37,7,4,1,0.8597867488861084,0.8510644963469902
37,7,8,1,0.8148260116577148,0.3600411499115478
37,7,16,1,0.8037371635437012,0.8468097984399406
37,7,32,1,0.8037371635437012,0.8468097984399406
37,7,64,1,0.8232786655426025,0.8468097984399406
37,7,3,2,0.8357566595077515,0.7324670207647144
37,7,5,2,0.8322266936302185,0.8189230248533256
37,7,9,2,0.8529173731803894,0.7619047619047616
37,7,17,2,0.8147282600402832,0.8559209850218257
37,7,33,2,0.8134976029396057,0.8190283593479221
37,7,65,2,0.8466695547103882,0.8189230248533256
37,7,6,2,0.8437975645065308,0.50709255283711
37,7,10,2,0.8279388546943665,0.7409585736349482
37,7,18,2,0.8001684546470642,0.7807200583588262
37,7,34,2,0.8001684546470642,0.7807200583588262
37,7,66,2,0.8261297345161438,0.8095238095238092
37,7,12,2,0.9072876572608948,0.8189230248533256
37,7,20,2,0.8597867488861084,0.8510644963469902
37,7,36,2,0.8467682600021362,0.8374357893586236
37,7,68,2,0.8598573803901672,0.8510644963469902
37,7,24,2,0.7936043739318848,0.4665694748158435
37,7,40,2,0.8083441257476807,0.5634361698190111
37,7,72,2,0.8289693593978882,0.8510644963469902
37,7,48,2,0.7639903426170349,0.44095855184409843
37,7,80,2,0.8232786655426025,0.8468097984399406
37,7,96,2,0.8232786655426025,0.8468097984399406
37,7,7,3,0.8948204517364502,0.927105069301106
37,7,11,3,0.8553456664085388,0.8095238095238092
37,7,19,3,0.8357566595077515,0.7324670207647144
37,7,35,3,0.8414848446846008,0.7324670207647144
37,7,67,3,0.8335168361663818,0.8374357893586236
37,7,13,3,0.8994027376174927,0.8473185457363236
37,7,21,3,0.8322266936302185,0.8189230248533256
37,7,37,3,0.8322266936302185,0.8189230248533256
37,7,69,3,0.8683506846427917,0.8783100656536794
37,7,25,3,0.8471429944038391,0.7619047619047616
37,7,41,3,0.8529173731803894,0.7619047619047616
37,7,73,3,0.8599779009819031,0.7262730392025629
37,7,49,3,0.8059645295143127,0.7867957924694433
37,7,81,3,0.8197661638259888,0.8295150620062528
37,7,97,3,0.8237854242324829,0.8190283593479221
37,7,14,3,0.9072775840759277,0.927105069301106
37,7,22,3,0.8437975645065308,0.50709255283711
37,7,38,3,0.8392937183380127,0.524890659167824
37,7,70,3,0.8462492227554321,0.524890659167824
37,7,26,3,0.8290342688560486,0.8095238095238092
37,7,42,3,0.8165773153305054,0.7909115788387001
37,7,74,3,0.8242865800857544,0.4909902530309828
37,7,50,3,0.8048758506774902,0.7807200583588262
37,7,82,3,0.8232786655426025,0.8468097984399406
37,7,98,3,0.8232786655426025,0.8468097984399406
37,7,28,3,0.8983750939369202,0.7867957924694433
37,7,44,3,0.8776670098304749,0.7867957924694433
37,7,76,3,0.9735994338989258,0.927105069301106
37,7,52,3,0.8533479571342468,0.8510644963469902
37,7,84,3,0.8598573803901672,0.8510644963469902
37,7,100,3,0.8598573803901672,0.8510644963469902
37,7,56,3,0.7998433113098145,0.45074893585520887
37,7,88,3,0.8050425052642822,0.4665694748158435
37,7,104,3,0.8289693593978882,0.8510644963469902
37,7,112,3,0.8232786655426025,0.8468097984399406
37,7,15,4,0.9084909558296204,0.8748177652797064
37,7,23,4,0.8907781839370728,0.927105069301106
37,7,39,4,0.895071268081665,0.864529934867251
37,7,71,4,0.98936527967453,0.9759000729485326
37,7,27,4,0.8524603247642517,0.8095238095238092
37,7,43,4,0.8290648460388184,0.816496580927726
37,7,75,4,0.8742949366569519,0.816496580927726
37,7,51,4,0.8357566595077515,0.7324670207647144
37,7,83,4,0.8335168361663818,0.8374357893586236
37,7,99,4,0.8335168361663818,0.8374357893586236
37,7,29,4,0.8857290744781494,0.8473185457363236
37,7,45,4,0.8868863582611084,0.8183170883849711
37,7,77,4,0.9854006767272949,0.9078412990032039
37,7,53,4,0.8322266936302185,0.8189230248533256
37,7,85,4,0.9822009205818176,0.951189731211342
37,7,101,4,0.9641739130020142,0.927105069301106
37,7,57,4,0.840498685836792,0.6998542122237651
37,7,89,4,0.8599779009819031,0.7262730392025629
37,7,105,4,0.8599779009819031,0.7262730392025629
37,7,113,4,0.8092608451843262,0.7867957924694433
37,7,30,4,0.9184442758560181,0.9523809523809518
37,7,46,4,0.9030066132545471,0.9523809523809518
37,7,78,4,0.9856963753700256,0.9759000729485326
37,7,54,4,0.8682407736778259,0.8839599998785471
37,7,86,4,0.8462492227554321,0.524890659167824
37,7,102,4,0.882972002029419,0.9011271137791661
37,7,58,4,0.8291683197021484,0.8765009801785555
37,7,90,4,0.8472656607627869,0.7855844048495724
37,7,106,4,0.8404316902160645,0.8190283593479221
37,7,114,4,0.8232786655426025,0.8468097984399406
37,7,60,4,0.8776670098304749,0.7867957924694433
37,7,92,4,0.9735994338989258,0.927105069301106
37,7,108,4,0.9735994338989258,0.927105069301106
37,7,116,4,0.8598573803901672,0.8510644963469902
37,7,120,4,0.8289693593978882,0.8510644963469902
37,7,31,5,0.9059745669364929,0.8748177652797064
37,7,47,5,0.890690803527832,0.8748177652797064
37,7,79,5,0.9999999403953552,0.9999999999999993
37,7,55,5,0.8948204517364502,0.927105069301106
37,7,87,5,0.98936527967453,0.9759000729485326
37,7,103,5,0.98936527967453,0.9759000729485326
37,7,59,5,0.8285412788391113,0.7909115788387001
37,7,91,5,0.8695263266563416,0.816496580927726
37,7,107,5,0.8742949366569519,0.816496580927726
37,7,115,5,0.8328643441200256,0.8660254037844388
37,7,61,5,0.8868863582611084,0.8183170883849711
37,7,93,5,0.9854006767272949,0.9078412990032039
37,7,109,5,0.9854006767272949,0.9078412990032039
37,7,117,5,0.9822009205818176,0.951189731211342
37,7,121,5,0.8599779009819031,0.7262730392025629
37,7,62,5,0.909252941608429,0.8748177652797064
37,7,94,5,0.9999999403953552,0.9999999999999993
37,7,110,5,0.9856963753700256,0.9759000729485326
37,7,118,5,0.8755550980567932,0.8839599998785471
37,7,122,5,0.845554769039154,0.8374357893586236
37,7,124,5,0.9927092790603638,0.927105069301106
37,7,63,6,0.9074242115020752,0.8748177652797064
37,7,95,6,0.9999999403953552,0.9999999999999993
37,7,111,6,0.9999999403953552,0.9999999999999993
37,7,119,6,0.98936527967453,0.9759000729485326
37,7,123,6,0.8695263266563416,0.816496580927726
37,7,125,6,0.9854006767272949,0.9078412990032039
37,7,126,6,0.9999999403953552,0.9999999999999993
39,4,15,4,1.0,1.0000000000000002
39,4,0,0,0.8253772854804993,0.5163977794943223
39,4,1,1,0.8560858368873596,0.739600261633639
39,4,2,1,0.8354054689407349,0.739600261633639
39,4,4,1,0.804986298084259,0.4811252243246882
39,4,8,1,0.8102343082427979,0.5163977794943223
39,4,3,2,0.8354054689407349,0.739600261633639
39,4,5,2,0.8072232007980347,0.6471502289294342
39,4,9,2,0.8240563869476318,0.8249579113843055
39,4,6,2,0.8310668468475342,0.6471502289294342
39,4,10,2,0.9084265232086182,0.4622501635210244
39,4,12,2,0.9534713625907898,0.7126966450997986
39,4,7,3,0.8377202749252319,0.739600261633639
39,4,11,3,0.8496257066726685,0.8249579113843055
39,4,13,3,0.9845377802848816,0.8017837257372734
39,4,14,3,1.0,1.0000000000000002
40,7,127,7,0.9999998807907104,1.0000000000000007
40,7,0,0,0.8134316205978394,0.11952286093343939
40,7,1,1,0.919761598110199,0.6671243849949914
40,7,2,1,0.9147827625274658,0.6671243849949914
40,7,4,1,0.9096025824546814,0.6900655593423545
40,7,8,1,0.8134316205978394,0.11952286093343939
40,7,16,1,0.816985011100769,0.13363062095621223
40,7,32,1,0.8723803162574768,0.5345224838248489
40,7,64,1,0.9322641491889954,0.7715167498104599
40,7,3,2,0.9144684076309204,0.6943650748294139
40,7,5,2,0.9079596996307373,0.668153104781061
40,7,9,2,0.919761598110199,0.6671243849949914
40,7,17,2,0.9089182019233704,0.6671243849949914
40,7,33,2,0.9457101225852966,0.8153742483272116
40,7,65,2,0.911980152130127,0.6900655593423545
40,7,6,2,0.9096025824546814,0.6900655593423545
40,7,10,2,0.9147827625274658,0.6671243849949914
40,7,18,2,0.8976799249649048,0.601337794302955
40,7,34,2,0.9567590951919556,0.8894991799933217
40,7,66,2,0.9322641491889954,0.7715167498104599
40,7,12,2,0.9096025824546814,0.6900655593423545
40,7,20,2,0.9078798294067383,0.6900655593423545
40,7,36,2,0.9078798294067383,0.6900655593423545
40,7,68,2,0.9045246839523315,0.668153104781061
40,7,24,2,0.816985011100769,0.13363062095621223
40,7,40,2,0.896372377872467,0.6172133998483679
40,7,72,2,0.9322641491889954,0.7715167498104599
40,7,48,2,0.8552566170692444,0.2592814894208658
40,7,80,2,0.8538670539855957,0.2519763153394849
40,7,96,2,0.9178259372711182,0.7349684152591671
40,7,7,3,0.9096025824546814,0.6900655593423545
40,7,11,3,0.911514163017273,0.6943650748294139
40,7,19,3,0.8588500022888184,0.2142857142857144
40,7,35,3,0.9581832885742188,0.8894991799933217
40,7,67,3,0.943242073059082,0.7349684152591671
40,7,13,3,0.9079596996307373,0.668153104781061
40,7,21,3,0.9096025824546814,0.6900655593423545
40,7,37,3,0.9607651233673096,0.8894991799933217
40,7,69,3,0.9458523392677307,0.848668424791506
40,7,25,3,0.8656167984008789,0.2535462764185551
40,7,41,3,0.9581832885742188,0.8894991799933217
40,7,73,3,0.8534451127052307,0.2519763153394849
40,7,49,3,0.9964044094085693,1.0000000000000007
40,7,81,3,0.937572181224823,0.6900655593423545
40,7,97,3,0.9124330282211304,0.46770717334674283
40,7,14,3,0.9045246839523315,0.668153104781061
40,7,22,3,0.9592623710632324,0.7349684152591671
40,7,38,3,0.9567590951919556,0.8894991799933217
40,7,70,3,0.8647060394287109,0.29649972666444063
40,7,26,3,0.8976799249649048,0.601337794302955
40,7,42,3,0.9567590951919556,0.8894991799933217
40,7,74,3,0.8957948684692383,0.621059003408119
40,7,50,3,0.9964044094085693,1.0000000000000007
40,7,82,3,0.9464448690414429,0.7349684152591671
40,7,98,3,0.9567590951919556,0.8894991799933217
40,7,28,3,0.9045246839523315,0.668153104781061
40,7,44,3,0.9567590951919556,0.8894991799933217
40,7,76,3,0.9101816415786743,0.668153104781061
40,7,52,3,0.9965226054191589,1.0000000000000007
40,7,84,3,0.9900287389755249,0.9636241116594318
40,7,100,3,0.937453031539917,0.9285714285714293
40,7,56,3,0.8552566170692444,0.2592814894208658
40,7,88,3,0.8534451127052307,0.2519763153394849
40,7,104,3,0.885744571685791,0.4183300132670378
40,7,112,3,0.9515988826751709,0.583383351196948
40,7,15,4,0.9079596996307373,0.668153104781061
40,7,23,4,0.9929637312889099,0.9636241116594318
40,7,39,4,0.9607651233673096,0.8894991799933217
40,7,71,4,0.9458523392677307,0.848668424791506
40,7,27,4,0.852817714214325,0.26726124191242445
40,7,43,4,0.9581832885742188,0.8894991799933217
40,7,75,4,0.862000584602356,0.3149703941743561
40,7,51,4,0.9515988826751709,0.583383351196948
40,7,83,4,0.9929637312889099,0.9636241116594318
40,7,99,4,0.9581832885742188,0.8894991799933217
40,7,29,4,0.9096025824546814,0.6900655593423545
40,7,45,4,0.9581832885742188,0.8894991799933217
40,7,77,4,0.9446120858192444,0.848668424791506
40,7,53,4,0.944294810295105,0.6446583712203044
40,7,85,4,0.9929637312889099,0.9636241116594318
40,7,101,4,0.9607651233673096,0.8894991799933217
40,7,57,4,0.9394052624702454,0.5916079783099619
40,7,89,4,0.9929637312889099,0.9636241116594318
40,7,105,4,0.8800771236419678,0.5455447255899812
40,7,113,4,0.9198296070098877,0.7071067811865478
40,7,30,4,0.9096025824546814,0.6900655593423545
40,7,46,4,0.9567590951919556,0.8894991799933217
40,7,78,4,0.9078798294067383,0.6900655593423545
40,7,54,4,0.9965226054191589,1.0000000000000007
40,7,86,4,0.9929637312889099,0.9636241116594318
40,7,102,4,0.9567590951919556,0.8894991799933217
40,7,58,4,0.9965226054191589,1.0000000000000007
40,7,90,4,0.9464448690414429,0.7349684152591671
40,7,106,4,0.9567590951919556,0.8894991799933217
40,7,114,4,0.9964044094085693,1.0000000000000007
40,7,60,4,0.9965226054191589,1.0000000000000007
40,7,92,4,0.9767446517944336,0.6900655593423545
40,7,108,4,0.9567590951919556,0.8894991799933217
40,7,116,4,0.9964044094085693,1.0000000000000007
40,7,120,4,0.9525183439254761,0.583383351196948
40,7,31,5,0.9728088974952698,0.7778444682625972
40,7,47,5,0.9581832885742188,0.8894991799933217
40,7,79,5,0.9446120858192444,0.848668424791506
40,7,55,5,0.9999998807907104,1.0000000000000007
40,7,87,5,0.9929637312889099,0.9636241116594318
40,7,103,5,0.9607651233673096,0.8894991799933217
40,7,59,5,0.9999998807907104,1.0000000000000007
40,7,91,5,0.9929637312889099,0.9636241116594318
40,7,107,5,0.9124330282211304,0.46770717334674283
40,7,115,5,0.944294810295105,0.6446583712203044
40,7,61,5,0.9999998807907104,1.0000000000000007
40,7,93,5,0.9929637312889099,0.9636241116594318
40,7,109,5,0.9022316932678223,0.5070925528371102
40,7,117,5,0.944294810295105,0.6446583712203044
40,7,121,5,0.9198296070098877,0.7071067811865478
40,7,62,5,0.9999998807907104,1.0000000000000007
40,7,94,5,0.9929637312889099,0.9636241116594318
40,7,110,5,0.9581832885742188,0.8894991799933217
40,7,118,5,0.9999998807907104,1.0000000000000007
40,7,122,5,0.9964044094085693,1.0000000000000007
40,7,124,5,0.9964044094085693,1.0000000000000007
40,7,63,6,0.9999998807907104,1.0000000000000007
40,7,95,6,0.9929637312889099,0.9636241116594318
40,7,111,6,0.9581832885742188,0.8894991799933217
40,7,119,6,0.9999998807907104,1.0000000000000007
40,7,123,6,0.9999998807907104,1.0000000000000007
40,7,125,6,0.944294810295105,0.6446583712203044
40,7,126,6,0.9964044094085693,1.0000000000000007
41,5,31,5,1.0,1.0000000000000007
41,5,0,0,0.8402695655822754,0.7357672073819593
41,5,1,1,0.8687424659729004,0.8907986681660895
41,5,2,1,0.8725031614303589,0.8421052631578954
41,5,4,1,0.8616808652877808,0.8651809126974006
41,5,8,1,0.8953971862792969,0.8947368421052638
41,5,16,1,0.9337747097015381,0.8902638145194519
41,5,3,2,0.8503780961036682,0.7299963950884318
41,5,5,2,0.8267524242401123,0.4588314677411237
41,5,9,2,0.9254970550537109,0.9473684210526323
41,5,17,2,0.9374749064445496,0.8111071056538132
41,5,6,2,0.8340103030204773,0.7894736842105269
41,5,10,2,0.8984946012496948,0.8947368421052638
41,5,18,2,0.9337747097015381,0.8902638145194519
41,5,12,2,0.8796071410179138,0.8010018789148143
41,5,20,2,0.9347072839736938,0.8651809126974006
41,5,24,2,0.9803565740585327,0.8947368421052638
41,5,7,3,0.8011993169784546,0.3973597071195133
41,5,11,3,0.9436799883842468,0.9733285267845757
41,5,19,3,0.9546084403991699,0.9733285267845757
41,5,13,3,0.8192073106765747,0.5735393346764046
41,5,21,3,0.9723495244979858,0.9473684210526323
41,5,25,3,1.0,1.0000000000000007
41,5,14,3,0.8841400146484375,0.8651809126974006
41,5,22,3,0.9337747097015381,0.8902638145194519
41,5,26,3,0.9708646535873413,0.9192547197409882
41,5,28,3,0.9708646535873413,0.9192547197409882
41,5,15,4,0.8550782203674316,0.5564148840746573
41,5,23,4,0.9546084403991699,0.9733285267845757
41,5,27,4,0.9944725036621094,0.8947368421052638
41,5,29,4,0.9271659851074219,0.6622661785325222
41,5,30,4,0.9708646535873413,0.9192547197409882
43,7,127,7,1.0,0.9999999999999999
43,7,0,0,0.798397421836853,0.298142396999972
43,7,1,1,0.8894325494766235,0.7006490497453708
43,7,2,1,0.8147692680358887,0.2760262237369418
43,7,4,1,0.8726264238357544,0.6227991553292185
43,7,8,1,0.7780239582061768,0.1380131118684709
43,7,16,1,0.9557781219482422,0.8198915917499229
43,7,32,1,0.8147692680358887,0.2760262237369418
43,7,64,1,0.9276760816574097,0.7348469228349536
43,7,3,2,0.8504440784454346,0.2666666666666667
43,7,5,2,0.9137315154075623,0.7745966692414835
43,7,9,2,0.8849970102310181,0.6885303726590964
43,7,17,2,0.9669604301452637,0.8563488385776754
43,7,33,2,0.8516196012496948,0.31311214554257477
43,7,65,2,0.8752954006195068,0.35805743701971654
43,7,6,2,0.8940902352333069,0.5962847939999439
43,7,10,2,0.7995093464851379,0.18786728732554486
43,7,18,2,0.9473454356193542,0.7784989441615231
43,7,34,2,0.7858600616455078,0.20701966780270636
43,7,66,2,0.9129746556282043,0.5715476066494084
43,7,12,2,0.9028948545455933,0.7302967433402219
43,7,20,2,0.9864764213562012,0.8593378488473197
43,7,36,2,0.8809177875518799,0.6900655593423545
43,7,68,2,0.9521458148956299,0.7453559924999299
43,7,24,2,0.9127005934715271,0.5163977794943223
43,7,40,2,0.7780239582061768,0.1380131118684709
43,7,72,2,0.9152287244796753,0.6445033866354898
43,7,48,2,0.9473454356193542,0.7784989441615231
43,7,80,2,0.9691983461380005,0.8563488385776754
43,7,96,2,0.9202913045883179,0.6666666666666667
43,7,7,3,0.9172676205635071,0.8164965809277261
43,7,11,3,0.8345392942428589,0.34503277967117724
43,7,19,3,0.9669604301452637,0.8563488385776754
43,7,35,3,0.8609983325004578,0.33333333333333337
43,7,67,3,0.8752954006195068,0.35805743701971654
43,7,13,3,0.9239436984062195,0.8563488385776754
43,7,21,3,0.9908329844474792,0.8593378488473197
43,7,37,3,0.9239436984062195,0.8563488385776754
43,7,69,3,0.9672383069992065,0.8944271909999159
43,7,25,3,0.9632139801979065,0.7784989441615231
43,7,41,3,0.9050616025924683,0.6708203932499369
43,7,73,3,0.9322914481163025,0.6708203932499369
43,7,49,3,0.9702681303024292,0.8944271909999159
43,7,81,3,0.974529504776001,0.930949336251263
43,7,97,3,0.8446758985519409,0.2666666666666667
43,7,14,3,0.9026601314544678,0.7453559924999299
43,7,22,3,0.9797224998474121,0.8198915917499229
43,7,38,3,0.8203505277633667,0.19364916731037085
43,7,70,3,0.8940744400024414,0.33333333333333337
43,7,26,3,0.892113208770752,0.1380131118684709
43,7,42,3,0.7969004511833191,0.10540925533894603
43,7,74,3,0.9023630619049072,0.6445033866354898
43,7,50,3,0.9473454356193542,0.7784989441615231
43,7,82,3,0.9715908765792847,0.8198915917499229
43,7,98,3,0.927075207233429,0.6227991553292185
43,7,28,3,0.9859442710876465,0.8970852271450608
43,7,44,3,0.9051292538642883,0.7514691493021792
43,7,76,3,0.9537453651428223,0.6900655593423545
43,7,52,3,0.9156218767166138,0.4618802153517007
43,7,84,3,0.9931015372276306,0.8970852271450608
43,7,100,3,0.9539361000061035,0.6900655593423545
43,7,56,3,0.9220460653305054,0.5636018619766345
43,7,88,3,0.9512402415275574,0.8593378488473197
43,7,104,3,0.9152287244796753,0.6445033866354898
43,7,112,3,0.9697104692459106,0.8198915917499229
43,7,15,4,0.9101011753082275,0.7877263614433764
43,7,23,4,0.9908329844474792,0.8593378488473197
43,7,39,4,0.9239436984062195,0.8563488385776754
43,7,71,4,0.9672383069992065,0.8944271909999159
43,7,27,4,0.9560961723327637,0.8593378488473197
43,7,43,4,0.8058419227600098,0.316227766016838
43,7,75,4,0.8657910823822021,0.40824829046386313
43,7,51,4,0.9203790426254272,0.4666666666666667
43,7,83,4,0.9112086892127991,0.6024640760767094
43,7,99,4,0.8446758985519409,0.2666666666666667
43,7,29,4,0.9923415184020996,0.930949336251263
43,7,45,4,0.9101011753082275,0.7877263614433764
43,7,77,4,0.9633848071098328,0.7999999999999999
43,7,53,4,0.992181122303009,0.8666666666666666
43,7,85,4,0.9993550777435303,0.9333333333333332
43,7,101,4,0.9621407985687256,0.8970852271450608
43,7,57,4,0.9678966999053955,0.8198915917499229
43,7,89,4,0.9729461073875427,0.8593378488473197
43,7,105,4,0.9267399907112122,0.7006490497453708
43,7,113,4,0.974529504776001,0.930949336251263
43,7,30,4,0.8937925100326538,0.3651483716701108
43,7,46,4,0.9026601314544678,0.7453559924999299
43,7,78,4,0.9605100750923157,0.8280786712108253
43,7,54,4,0.9797224998474121,0.8198915917499229
43,7,86,4,0.9931015372276306,0.8970852271450608
43,7,102,4,0.9539361000061035,0.6900655593423545
43,7,58,4,0.9042130708694458,0.4383570037596047
43,7,90,4,0.9417048692703247,0.7514691493021792
43,7,106,4,0.9212384819984436,0.7453559924999299
43,7,114,4,0.9697104692459106,0.8198915917499229
43,7,60,4,0.9864409565925598,0.930949336251263
43,7,92,4,0.9840019345283508,0.7877263614433764
43,7,108,4,0.9490112066268921,0.5477225575051663
43,7,116,4,0.9931015372276306,0.8970852271450608
43,7,120,4,0.9566519856452942,0.8593378488473197
43,7,31,5,0.9923415184020996,0.930949336251263
43,7,47,5,0.9101011753082275,0.7877263614433764
43,7,79,5,0.9602158665657043,0.8280786712108253
43,7,55,5,0.992181122303009,0.8666666666666666
43,7,87,5,0.9993550777435303,0.9333333333333332
43,7,103,5,0.9621407985687256,0.8970852271450608
43,7,59,5,0.9087845087051392,0.5012804118276032
43,7,91,5,0.9729461073875427,0.8593378488473197
43,7,107,5,0.9365940690040588,0.8593378488473197
43,7,115,5,0.974529504776001,0.930949336251263
43,7,61,5,0.9938404560089111,0.9660917830792962
43,7,93,5,1.0,0.9999999999999999
43,7,109,5,0.9568797945976257,0.8970852271450608
43,7,117,5,0.9927772879600525,0.8280786712108253
43,7,121,5,0.9729461073875427,0.8593378488473197
43,7,62,5,0.8937925100326538,0.3651483716701108
43,7,94,5,0.9923693537712097,0.9660917830792962
43,7,110,5,0.951653778553009,0.7877263614433764
43,7,118,5,0.9931015372276306,0.8970852271450608
43,7,122,5,0.9417048692703247,0.7514691493021792
43,7,124,5,0.9923693537712097,0.9660917830792962
43,7,63,6,0.9931977987289429,0.9333333333333332
43,7,95,6,1.0,0.9999999999999999
43,7,111,6,0.9568797945976257,0.8970852271450608
43,7,119,6,0.9927772879600525,0.8280786712108253
43,7,123,6,0.9823330044746399,0.9660917830792962
43,7,125,6,1.0,0.9999999999999999
43,7,126,6,0.9923693537712097,0.9660917830792962
46,7,127,7,1.0,1.0000000000000007
46,7,0,0,0.8742205500602722,0.5000000000000002
46,7,1,1,0.9015870690345764,0.7252406676228424
46,7,2,1,0.839076578617096,0.4140393356054127
46,7,4,1,0.8746761679649353,0.5669467095138411
46,7,8,1,0.8992992639541626,0.816496580927726
46,7,16,1,0.8583651781082153,0.5518254055364695
46,7,32,1,0.9271321296691895,0.7244616763479589
46,7,64,1,0.8583651781082153,0.5518254055364695
46,7,3,2,0.8681185245513916,0.6929348671835833
46,7,5,2,0.8225977420806885,0.5455447255899812
46,7,9,2,0.963042140007019,0.9285714285714293
46,7,17,2,0.9263142347335815,0.8280786712108253
46,7,33,2,1.0,1.0000000000000007
46,7,65,2,0.9501769542694092,0.8748177652797064
46,7,6,2,0.8576490879058838,0.7142857142857147
46,7,10,2,0.9072060585021973,0.7768985960673558
46,7,18,2,0.806073009967804,0.3571428571428573
46,7,34,2,0.8991909027099609,0.7559289460184545
46,7,66,2,0.8326602578163147,0.6289709020331511
46,7,12,2,0.9128580689430237,0.816496580927726
46,7,20,2,0.8010858297348022,0.1195228609334394
46,7,36,2,0.9209626913070679,0.6687338550904236
46,7,68,2,0.8430691361427307,0.6415330278717848
46,7,24,2,0.9128580689430237,0.816496580927726
46,7,40,2,0.966618537902832,0.8748177652797064
46,7,72,2,0.9131143689155579,0.816496580927726
46,7,48,2,0.9271321296691895,0.7244616763479589
46,7,80,2,0.8583651781082153,0.5518254055364695
46,7,96,2,0.9271321296691895,0.7244616763479589
46,7,7,3,0.9015870690345764,0.7252406676228424
46,7,11,3,0.9374337196350098,0.8571428571428578
46,7,19,3,0.8946360945701599,0.6681531047810612
46,7,35,3,0.9934820532798767,1.0000000000000007
46,7,67,3,0.8864331245422363,0.7857142857142863
46,7,13,3,0.9632477760314941,0.9285714285714293
46,7,21,3,0.9468461275100708,0.8894991799933217
46,7,37,3,0.9431772232055664,0.8571428571428578
46,7,69,3,0.9379075765609741,0.8748177652797064
46,7,25,3,0.9632477760314941,0.9285714285714293
46,7,41,3,1.0,1.0000000000000007
46,7,73,3,0.9379075765609741,0.8748177652797064
46,7,49,3,0.9796007871627808,0.9331389496316869
46,7,81,3,0.9402090907096863,0.8864052604279185
46,7,97,3,0.9934820532798767,1.0000000000000007
46,7,14,3,0.9072060585021973,0.7768985960673558
46,7,22,3,0.7849046587944031,0.09449111825230684
46,7,38,3,0.9070829153060913,0.7581753965757456
46,7,70,3,0.8507482409477234,0.601337794302955
46,7,26,3,0.9072060585021973,0.7768985960673558
46,7,42,3,0.967839241027832,0.8748177652797064
46,7,74,3,0.9199787378311157,0.816496580927726
46,7,50,3,0.8991909027099609,0.7559289460184545
46,7,82,3,0.8326602578163147,0.6289709020331511
46,7,98,3,0.9796007871627808,0.9331389496316869
46,7,28,3,0.9128580689430237,0.816496580927726
46,7,44,3,0.966618537902832,0.8748177652797064
46,7,76,3,0.9143871068954468,0.8017837257372732
46,7,52,3,0.8705049753189087,0.583383351196948
46,7,84,3,0.8667507767677307,0.6573757351339165
46,7,100,3,0.966618537902832,0.8748177652797064
46,7,56,3,0.966618537902832,0.8748177652797064
46,7,88,3,0.9143871068954468,0.8017837257372732
46,7,104,3,0.967839241027832,0.8748177652797064
46,7,112,3,0.9271321296691895,0.7244616763479589
46,7,15,4,0.9632477760314941,0.9285714285714293
46,7,23,4,0.8637343645095825,0.7590721152765899
46,7,39,4,0.9431772232055664,0.8571428571428578
46,7,71,4,0.9073915481567383,0.8571428571428578
46,7,27,4,0.9632477760314941,0.9285714285714293
46,7,43,4,0.9934820532798767,1.0000000000000007
46,7,75,4,0.9632477760314941,0.9285714285714293
46,7,51,4,0.9934820532798767,1.0000000000000007
46,7,83,4,0.9632477760314941,0.9285714285714293
46,7,99,4,1.0,1.0000000000000007
46,7,29,4,0.95494544506073,0.9285714285714293
46,7,45,4,0.9934820532798767,1.0000000000000007
46,7,77,4,0.9379075765609741,0.8748177652797064
46,7,53,4,0.9431772232055664,0.8571428571428578
46,7,85,4,0.9516894817352295,0.9285714285714293
46,7,101,4,0.9934820532798767,1.0000000000000007
46,7,57,4,0.9934820532798767,1.0000000000000007
46,7,89,4,0.9379075765609741,0.8748177652797064
46,7,105,4,0.9924158453941345,0.9636241116594318
46,7,113,4,1.0,1.0000000000000007
46,7,30,4,0.9072060585021973,0.7768985960673558
46,7,46,4,0.966618537902832,0.8748177652797064
46,7,78,4,0.8961378335952759,0.816496580927726
46,7,54,4,0.9070829153060913,0.7581753965757456
46,7,86,4,0.8508734107017517,0.6837634587578281
46,7,102,4,0.9794443845748901,0.9331389496316869
46,7,58,4,0.966618537902832,0.8748177652797064
46,7,90,4,0.9199787378311157,0.816496580927726
46,7,106,4,0.967839241027832,0.8748177652797064
46,7,114,4,0.9796007871627808,0.9331389496316869
46,7,60,4,0.966618537902832,0.8748177652797064
46,7,92,4,0.9128580689430237,0.816496580927726
46,7,108,4,0.967839241027832,0.8748177652797064
46,7,116,4,0.966618537902832,0.8748177652797064
46,7,120,4,0.9794443845748901,0.9331389496316869
46,7,31,5,0.9632477760314941,0.9285714285714293
46,7,47,5,0.9934820532798767,1.0000000000000007
46,7,79,5,0.9632477760314941,0.9285714285714293
46,7,55,5,0.9581313133239746,0.9285714285714293
46,7,87,5,0.8988869190216064,0.8571428571428578
46,7,103,5,0.9934820532798767,1.0000000000000007
46,7,59,5,0.9934820532798767,1.0000000000000007
46,7,91,5,0.9632477760314941,0.9285714285714293
46,7,107,5,1.0,1.0000000000000007
46,7,115,5,1.0,1.0000000000000007
46,7,61,5,0.9934820532798767,1.0000000000000007
46,7,93,5,0.9449471235275269,0.9285714285714293
46,7,109,5,1.0,1.0000000000000007
46,7,117,5,0.9796007871627808,0.9331389496316869
46,7,121,5,0.9924158453941345,0.9636241116594318
46,7,62,5,0.966618537902832,0.8748177652797064
46,7,94,5,0.9199787378311157,0.816496580927726
46,7,110,5,0.9794443845748901,0.9331389496316869
46,7,118,5,0.9794443845748901,0.9331389496316869
46,7,122,5,0.967839241027832,0.8748177652797064
46,7,124,5,0.9794443845748901,0.9331389496316869
46,7,63,6,0.9934820532798767,1.0000000000000007
46,7,95,6,0.9449471235275269,0.9285714285714293
46,7,111,6,1.0,1.0000000000000007
46,7,119,6,0.9934820532798767,1.0000000000000007
46,7,123,6,0.9796007871627808,0.9331389496316869
46,7,125,6,1.0,1.0000000000000007
46,7,126,6,0.9794443845748901,0.9331389496316869
47,5,31,5,1.0,1.0
47,5,0,0,0.835491418838501,0.8043996665398437
47,5,1,1,0.8801740407943726,0.8072073527955753
47,5,2,1,0.885167121887207,0.8401680504168058
47,5,4,1,0.893488883972168,0.9095085938862488
47,5,8,1,0.9202746748924255,0.9393364366277241
47,5,16,1,0.835491418838501,0.8043996665398437
47,5,3,2,0.947542667388916,0.8426648406178137
47,5,5,2,0.9593024849891663,0.9701425001453321
47,5,9,2,0.9581494331359863,0.9411764705882353
47,5,17,2,0.8912101984024048,0.8072073527955753
47,5,6,2,0.942456841468811,0.9095085938862488
47,5,10,2,0.8905695676803589,0.8401680504168058
47,5,18,2,0.885167121887207,0.8401680504168058
47,5,12,2,0.9202746748924255,0.9393364366277241
47,5,20,2,0.9181354641914368,0.9393364366277241
47,5,24,2,0.8942301273345947,0.9095085938862488
47,5,7,3,1.0,1.0
47,5,11,3,0.9713442325592041,0.9411764705882353
47,5,19,3,0.947542667388916,0.8426648406178137
47,5,13,3,0.9593024849891663,0.9701425001453321
47,5,21,3,0.9593024849891663,0.9701425001453321
47,5,25,3,0.9264840483665466,0.8744746321952066
47,5,14,3,0.9648977518081665,0.9701425001453321
47,5,22,3,0.967941164970398,0.9701425001453321
47,5,26,3,0.8939588069915771,0.8401680504168058
47,5,28,3,0.9202746748924255,0.9393364366277241
47,5,15,4,1.0,1.0
47,5,23,4,1.0,1.0
47,5,27,4,0.9790107011795044,0.9411764705882353
47,5,29,4,0.9541367888450623,0.9411764705882353
47,5,30,4,0.9648977518081665,0.9701425001453321
49,4,15,4,1.0,1.0000000000000002
49,4,0,0,0.7951657772064209,0.1672484020014182
49,4,1,1,0.7586843967437744,0.26967994498529685
49,4,2,1,0.8017738461494446,0.24174688920761417
49,4,4,1,0.9564713835716248,0.8181818181818182
49,4,8,1,0.7952743768692017,0.18181818181818182
49,4,3,2,0.7880797386169434,0.30151134457776363
49,4,5,2,0.9462346434593201,0.8581163303210334
49,4,9,2,0.7821958065032959,0.40451991747794525
49,4,6,2,0.9420331716537476,0.8581163303210334
49,4,10,2,0.822321891784668,0.23354968324845693
49,4,12,2,0.9791640639305115,0.9045340337332909
49,4,7,3,0.9662119746208191,0.9090909090909093
49,4,11,3,0.8109651803970337,0.45226701686664544
49,4,13,3,0.9429628849029541,0.3344968040028364
49,4,14,3,0.9892359972000122,0.9534625892455927
50,7,127,7,0.9999999403953552,1.0000000000000002
50,7,0,0,0.7613753080368042,0.16903085094570336
50,7,1,1,0.7457779049873352,0.26967994498529685
50,7,2,1,0.7424297332763672,0.316227766016838
50,7,4,1,0.7747504711151123,0.421637021355784
50,7,8,1,0.739147424697876,0.4103913408340618
50,7,16,1,0.788978099822998,0.4767312946227963
50,7,32,1,0.7885098457336426,0.4103913408340618
50,7,64,1,0.7805781364440918,0.4103913408340618
50,7,3,2,0.7610460519790649,0.248069469178417
50,7,5,2,0.7349523305892944,0.316227766016838
50,7,9,2,0.7635506391525269,0.4000000000000001
50,7,17,2,0.7794736623764038,0.2390457218668788
50,7,33,2,0.8226505517959595,0.40451991747794525
50,7,65,2,0.8103567957878113,0.3872983346207418
50,7,6,2,0.738690197467804,0.2581988897471612
50,7,10,2,0.774418830871582,0.4338609156373124
50,7,18,2,0.8516854643821716,0.5720775535473556
50,7,34,2,0.7829182744026184,0.3721042037676255
50,7,66,2,0.7861433029174805,0.421637021355784
50,7,12,2,0.774418830871582,0.4338609156373124
50,7,20,2,0.8516854643821716,0.5720775535473556
50,7,36,2,0.7829182744026184,0.3721042037676255
50,7,68,2,0.8116937875747681,0.5129891760425773
50,7,24,2,0.8586086630821228,0.5999999999999999
50,7,40,2,0.8099019527435303,0.381385035698237
50,7,72,2,0.8359905481338501,0.5129891760425773
50,7,48,2,0.8940712213516235,0.692820323027551
50,7,80,2,0.8644503355026245,0.597614304667197
50,7,96,2,0.8489940166473389,0.447213595499958
50,7,7,3,0.7415915131568909,0.23094010767585035
50,7,11,3,0.7519927024841309,0.447213595499958
50,7,19,3,0.7873444557189941,0.2581988897471612
50,7,35,3,0.8685547709465027,0.4000000000000001
50,7,67,3,0.8249894380569458,0.3872983346207418
50,7,13,3,0.7635506391525269,0.4000000000000001
50,7,21,3,0.7852708101272583,0.223606797749979
50,7,37,3,0.8132533431053162,0.3380617018914067
50,7,69,3,0.7893980741500854,0.3354101966249685
50,7,25,3,0.9372310042381287,0.7071067811865478
50,7,41,3,0.8616460561752319,0.7745966692414836
50,7,73,3,0.887313723564148,0.7745966692414836
50,7,49,3,0.8295913338661194,0.3721042037676255
50,7,81,3,0.8409705758094788,0.3354101966249685
50,7,97,3,0.8543519973754883,0.447213595499958
50,7,14,3,0.774418830871582,0.4338609156373124
50,7,22,3,0.754313051700592,0.248069469178417
50,7,38,3,0.7829182744026184,0.3721042037676255
50,7,70,3,0.7864744663238525,0.421637021355784
50,7,26,3,0.8613719940185547,0.6155870112510928
50,7,42,3,0.8179613351821899,0.5163977794943224
50,7,74,3,0.8285253047943115,0.52704627669473
50,7,50,3,0.7460634112358093,0.3464101615137755
50,7,82,3,0.8644503355026245,0.597614304667197
50,7,98,3,0.8304004669189453,0.496138938356834
50,7,28,3,0.8691996335983276,0.5999999999999999
50,7,44,3,0.8179613351821899,0.5163977794943224
50,7,76,3,0.8359905481338501,0.5129891760425773
50,7,52,3,0.8940712213516235,0.692820323027551
50,7,84,3,0.8714999556541443,0.597614304667197
50,7,100,3,0.8508435487747192,0.5163977794943224
50,7,56,3,0.8927105665206909,0.6999999999999998
50,7,88,3,0.8721463680267334,0.6155870112510928
50,7,104,3,0.8712272644042969,0.6155870112510928
50,7,112,3,0.8940712213516235,0.692820323027551
50,7,15,4,0.7770777344703674,0.3651483716701108
50,7,23,4,0.7852708101272583,0.223606797749979
50,7,39,4,0.8132533431053162,0.3380617018914067
50,7,71,4,0.7819737195968628,0.3354101966249685
50,7,27,4,0.93896484375,0.894427190999916
50,7,43,4,0.8616460561752319,0.7745966692414836
50,7,75,4,0.887313723564148,0.7745966692414836
50,7,51,4,0.8321479558944702,0.3721042037676255
50,7,83,4,0.8409705758094788,0.3354101966249685
50,7,99,4,0.862566351890564,0.447213595499958
50,7,29,4,0.933204174041748,0.7453559924999299
50,7,45,4,0.8616460561752319,0.7745966692414836
50,7,77,4,0.887313723564148,0.7745966692414836
50,7,53,4,0.831805408000946,0.26967994498529685
50,7,85,4,0.8409705758094788,0.3354101966249685
50,7,101,4,0.862566351890564,0.447213595499958
50,7,57,4,0.9450329542160034,0.7302967433402217
50,7,89,4,0.9337784051895142,0.8000000000000002
50,7,105,4,0.9181481599807739,0.7302967433402217
50,7,113,4,0.8735513687133789,0.4338609156373124
50,7,30,4,0.8613719940185547,0.6155870112510928
50,7,46,4,0.8179613351821899,0.5163977794943224
50,7,78,4,0.8359905481338501,0.5129891760425773
50,7,54,4,0.7460634112358093,0.3464101615137755
50,7,86,4,0.8120105862617493,0.3721042037676255
50,7,102,4,0.8369762897491455,0.496138938356834
50,7,58,4,0.8927105665206909,0.6999999999999998
50,7,90,4,0.8721463680267334,0.6155870112510928
50,7,106,4,0.8712272644042969,0.6155870112510928
50,7,114,4,0.8410545587539673,0.4780914437337576
50,7,60,4,0.8927105665206909,0.6999999999999998
50,7,92,4,0.9536201357841492,0.894427190999916
50,7,108,4,0.8712272644042969,0.6155870112510928
50,7,116,4,0.8137744069099426,0.41039134083406176
50,7,120,4,0.8927105665206909,0.6999999999999998
50,7,31,5,0.9372310042381287,0.7071067811865478
50,7,47,5,0.8616460561752319,0.7745966692414836
50,7,79,5,0.887313723564148,0.7745966692414836
50,7,55,5,0.8347991704940796,0.3253956867279843
50,7,87,5,0.8409705758094788,0.3354101966249685
50,7,103,5,0.8100080490112305,0.4338609156373124
50,7,59,5,0.9999999403953552,1.0000000000000002
50,7,91,5,0.9337784051895142,0.8000000000000002
50,7,107,5,0.9690303802490234,0.894427190999916
50,7,115,5,0.8735513687133789,0.4338609156373124
50,7,61,5,0.9999999403953552,1.0000000000000002
50,7,93,5,0.9337784051895142,0.8000000000000002
50,7,109,5,0.9181481599807739,0.7302967433402217
50,7,117,5,0.8735513687133789,0.4338609156373124
50,7,121,5,0.938610315322876,0.8451542547285168
50,7,62,5,0.8927105665206909,0.6999999999999998
50,7,94,5,0.8721463680267334,0.6155870112510928
50,7,110,5,0.8712272644042969,0.6155870112510928
50,7,118,5,0.8410545587539673,0.4780914437337576
50,7,122,5,0.8927105665206909,0.6999999999999998
50,7,124,5,0.9999999403953552,1.0000000000000002
50,7,63,6,0.9999999403953552,1.0000000000000002
50,7,95,6,0.9337784051895142,0.8000000000000002
50,7,111,6,0.9690303802490234,0.894427190999916
50,7,119,6,0.8735513687133789,0.4338609156373124
50,7,123,6,0.9999999403953552,1.0000000000000002
50,7,125,6,0.9884310364723206,1.0000000000000002
50,7,126,6,0.8927105665206909,0.6999999999999998
51,7,127,7,1.0,1.0
51,7,0,0,0.7801024913787842,0.08333333333333333
51,7,1,1,0.8807510733604431,0.6495190528383291
51,7,2,1,0.8621214628219604,0.632455532033676
51,7,4,1,0.8914528489112854,0.7627127698096903
51,7,8,1,0.814072847366333,0.2867696673382023
51,7,16,1,0.8446254730224609,0.5345224838248489
51,7,32,1,0.7810930013656616,0.14433756729740646
51,7,64,1,0.8767729997634888,0.7115124735378855
51,7,3,2,0.7653856873512268,0.2834733547569205
51,7,5,2,0.8823511004447937,0.7627127698096903
51,7,9,2,0.7902958989143372,0.23570226039551587
51,7,17,2,0.8646144270896912,0.668153104781061
51,7,33,2,0.8429301381111145,0.7349684152591671
51,7,65,2,0.8749812841415405,0.7349684152591671
51,7,6,2,0.8791724443435669,0.7627127698096903
51,7,10,2,0.870597243309021,0.6933752452815366
51,7,18,2,0.8386476635932922,0.6875
51,7,34,2,0.8357150554656982,0.6255432421712245
51,7,66,2,0.8512470722198486,0.6030226891555274
51,7,12,2,0.8935453295707703,0.7627127698096903
51,7,20,2,0.8727943301200867,0.7627127698096903
51,7,36,2,0.8837130069732666,0.7349684152591671
51,7,68,2,0.8904993534088135,0.8017837257372732
51,7,24,2,0.8170734643936157,0.2946278254943948
51,7,40,2,0.7849589586257935,0.2946278254943948
51,7,72,2,0.8573743104934692,0.6666666666666666
51,7,48,2,0.7711502909660339,0.15075567228888181
51,7,80,2,0.8489279747009277,0.6495190528383292
51,7,96,2,0.8332163691520691,0.20801257358446096
51,7,7,3,0.8794662356376648,0.8249579113843053
51,7,11,3,0.7697498798370361,0.20412414523193154
51,7,19,3,0.770094633102417,0.25
51,7,35,3,0.7557468414306641,0.18898223650461365
51,7,67,3,0.7789676785469055,0.223606797749979
51,7,13,3,0.8961648941040039,0.8320502943378439
51,7,21,3,0.9825299978256226,0.9354143466934853
51,7,37,3,0.8907084465026855,0.8017837257372732
51,7,69,3,0.876688539981842,0.7882407813680823
51,7,25,3,0.8425599336624146,0.75
51,7,41,3,0.7382528781890869,0.47245559126153414
51,7,73,3,0.8863484263420105,0.7537783614444092
51,7,49,3,0.7697868347167969,0.3354101966249685
51,7,81,3,0.7493759393692017,0.3061862178478973
51,7,97,3,0.774806797504425,0.223606797749979
51,7,14,3,0.8749393224716187,0.7627127698096903
51,7,22,3,0.8870916962623596,0.7627127698096903
51,7,38,3,0.851376473903656,0.727606875108999
51,7,70,3,0.8768473863601685,0.8017837257372732
51,7,26,3,0.7888282537460327,0.15075567228888181
51,7,42,3,0.7571519613265991,0.09449111825230683
51,7,74,3,0.8369073271751404,0.34412360080584276
51,7,50,3,0.8023728132247925,0.25
51,7,82,3,0.8143136501312256,0.3354101966249684
51,7,98,3,0.7887628674507141,0.2834733547569205
51,7,28,3,0.9771113395690918,0.8685990362153793
51,7,44,3,0.8767362236976624,0.7349684152591671
51,7,76,3,0.8887503743171692,0.7745966692414833
51,7,52,3,0.8721179366111755,0.7349684152591671
51,7,84,3,0.960845410823822,0.9013878188659976
51,7,100,3,0.896127462387085,0.8017837257372732
51,7,56,3,0.8396041989326477,0.7216878364870325
51,7,88,3,0.81529700756073,0.2946278254943948
51,7,104,3,0.8273025751113892,0.20801257358446096
51,7,112,3,0.8179271817207336,0.20044593143431833
51,7,15,4,0.8994973301887512,0.875
51,7,23,4,0.8873049020767212,0.8685990362153793
51,7,39,4,0.8962690830230713,0.8838834764831842
51,7,71,4,0.9251277446746826,0.9045340337332911
51,7,27,4,0.7447019815444946,0.18898223650461365
51,7,43,4,0.7719463109970093,0.18898223650461365
51,7,75,4,0.7967972755432129,0.447213595499958
51,7,51,4,0.7656230926513672,0.18898223650461365
51,7,83,4,0.7566863298416138,0.375
51,7,99,4,0.797906756401062,0.2834733547569205
51,7,29,4,0.9825299978256226,0.9354143466934853
51,7,45,4,0.8808370232582092,0.7071067811865475
51,7,77,4,0.879388689994812,0.8017837257372732
51,7,53,4,0.8824402093887329,0.8017837257372732
51,7,85,4,0.9661486148834229,0.9354143466934853
51,7,101,4,0.863882303237915,0.8249579113843053
51,7,57,4,0.8303259015083313,0.566946709513841
51,7,89,4,0.7629830837249756,0.47245559126153414
51,7,105,4,0.7308990359306335,0.474341649025257
51,7,113,4,0.7657192945480347,0.3354101966249685
51,7,30,4,0.8747786283493042,0.7627127698096903
51,7,46,4,0.8728261590003967,0.7349684152591671
51,7,78,4,0.8693795204162598,0.7745966692414833
51,7,54,4,0.95474773645401,0.8685990362153793
51,7,86,4,0.9473526477813721,0.8017837257372732
51,7,102,4,0.8854597806930542,0.727606875108999
51,7,58,4,0.7893329858779907,0.2867696673382023
51,7,90,4,0.8987871408462524,0.4909902530309828
51,7,106,4,0.8240583539009094,0.36490022459988086
51,7,114,4,0.8846378326416016,0.7071067811865477
51,7,60,4,0.9771113395690918,0.8685990362153793
51,7,92,4,0.960845410823822,0.9013878188659976
51,7,108,4,0.8998842239379883,0.7745966692414833
51,7,116,4,0.9812554121017456,0.9354143466934853
51,7,120,4,0.7962073087692261,0.26726124191242445
51,7,31,5,0.9945493340492249,0.9375
51,7,47,5,0.899789035320282,0.8125
51,7,79,5,0.9011170864105225,0.875
51,7,55,5,0.8821752667427063,0.8391463916782735
51,7,87,5,0.9806021451950073,0.968245836551854
51,7,103,5,0.8696950078010559,0.8603090020146071
51,7,59,5,0.7594982385635376,0.1767766952966369
51,7,91,5,0.7475496530532837,0.566946709513841
51,7,107,5,0.736373782157898,0.566946709513841
51,7,115,5,0.8838021755218506,0.7071067811865477
51,7,61,5,0.9825299978256226,0.9354143466934853
51,7,93,5,0.9661486148834229,0.9354143466934853
51,7,109,5,0.8640634417533875,0.8391463916782735
51,7,117,5,0.9260119795799255,0.6666666666666666
51,7,121,5,0.7886146306991577,0.5303300858899107
51,7,62,5,0.8717894554138184,0.7349684152591671
51,7,94,5,0.8681899309158325,0.8017837257372732
51,7,110,5,0.8721370697021484,0.7349684152591671
51,7,118,5,0.956627368927002,0.8391463916782735
51,7,122,5,0.9199627637863159,0.5330017908890262
51,7,124,5,0.9768686890602112,0.9354143466934853
51,7,63,6,0.9945493340492249,0.9375
51,7,95,6,0.9806021451950073,0.968245836551854
51,7,111,6,0.9011170864105225,0.875
51,7,119,6,0.9376529455184937,0.7115124735378855
51,7,123,6,0.8838021755218506,0.7071067811865477
51,7,125,6,0.9832437634468079,0.968245836551854
51,7,126,6,0.8738330602645874,0.7349684152591671
52,5,31,5,1.0,1.0000000000000002
52,5,0,0,0.7723963260650635,0.3061862178478973
52,5,1,1,0.8281064033508301,0.22360679774997902
52,5,2,1,0.9070136547088623,0.6681531047810612
52,5,4,1,0.7905560731887817,0.26726124191242445
52,5,8,1,0.8862171173095703,0.3922322702763682
52,5,16,1,0.9170060157775879,0.4902903378454603
52,5,3,2,0.9348418712615967,0.790569415042095
52,5,5,2,0.8290873765945435,0.3429971702850177
52,5,9,2,0.9222171902656555,0.4724555912615342
52,5,17,2,0.893937349319458,0.35355339059327373
52,5,6,2,0.902974009513855,0.7216878364870323
52,5,10,2,0.983269453048706,0.8660254037844387
52,5,18,2,0.983269453048706,0.8660254037844387
52,5,12,2,0.9039241671562195,0.5477225575051662
52,5,20,2,0.8935731053352356,0.5000000000000001
52,5,24,2,0.9170060157775879,0.4902903378454603
52,5,7,3,0.9272112250328064,0.7500000000000001
52,5,11,3,0.99546217918396,0.9354143466934857
52,5,19,3,0.9373183846473694,0.5103103630798288
52,5,13,3,0.9082125425338745,0.5330017908890261
52,5,21,3,0.8907433748245239,0.5103103630798288
52,5,25,3,0.9031692743301392,0.4264014327112209
52,5,14,3,0.9757384657859802,0.9354143466934857
52,5,22,3,0.9845156073570251,0.9354143466934857
52,5,26,3,0.983269453048706,0.8660254037844387
52,5,28,3,0.8935731053352356,0.5000000000000001
52,5,15,4,0.9942507743835449,1.0000000000000002
52,5,23,4,1.0,1.0000000000000002
52,5,27,4,0.9973790049552917,0.9354143466934857
52,5,29,4,0.9256411790847778,0.5892556509887896
52,5,30,4,0.9845156073570251,0.9354143466934857
53,6,63,6,1.0,0.9999999999999999
53,6,0,0,0.7568871974945068,0.33333333333333337
53,6,1,1,0.8756358027458191,0.8215838362577492
53,6,2,1,0.8812402486801147,0.8593378488473197
53,6,4,1,0.7815131545066833,0.3757345746510897
53,6,8,1,0.8276691436767578,0.4383570037596047
53,6,16,1,0.7882758378982544,0.47387910220727403
53,6,32,1,0.8308746814727783,0.33333333333333337
53,6,3,2,0.8179644346237183,0.4564354645876385
53,6,5,2,0.7889431715011597,0.27386127875258315
53,6,9,2,0.85794997215271,0.8198915917499229
53,6,17,2,0.8807286024093628,0.7006490497453708
53,6,33,2,0.8918636441230774,0.7348469228349536
53,6,6,2,0.8812402486801147,0.8593378488473197
53,6,10,2,0.8990527391433716,0.8593378488473197
53,6,18,2,0.939954936504364,0.8970852271450608
53,6,34,2,0.9210189580917358,0.819891591749923
53,6,12,2,0.8276691436767578,0.4383570037596047
53,6,20,2,0.8227434158325195,0.40824829046386313
53,6,36,2,0.8310322761535645,0.4383570037596047
53,6,24,2,0.8838698863983154,0.447213595499958
53,6,40,2,0.9199448823928833,0.5012804118276032
53,6,48,2,0.8712997436523438,0.42966892442365984
53,6,7,3,0.8388156890869141,0.46709936649691386
53,6,11,3,0.9173046350479126,0.930949336251263
53,6,19,3,1.0,0.9999999999999999
53,6,35,3,0.8881471753120422,0.5163977794943223
53,6,13,3,0.8963780403137207,0.8944271909999159
53,6,21,3,0.7986689209938049,0.5728918992315465
53,6,37,3,0.8502408862113953,0.46709936649691386
53,6,25,3,0.9369006752967834,0.7877263614433764
53,6,41,3,0.9197590947151184,0.8593378488473197
53,6,49,3,0.9259836077690125,0.8280786712108253
53,6,14,3,0.9090734124183655,0.8944271909999159
53,6,22,3,0.939954936504364,0.8970852271450608
53,6,38,3,0.9448451995849609,0.8593378488473197
53,6,26,3,0.9953534603118896,0.9999999999999999
53,6,42,3,0.9488555788993835,0.930949336251263
53,6,50,3,0.9958138465881348,0.9999999999999999
53,6,28,3,0.8666996359825134,0.48686449556014777
53,6,44,3,0.8297685384750366,0.4383570037596047
53,6,52,3,0.8712076544761658,0.6024640760767094
53,6,56,3,0.9199448823928833,0.5012804118276032
53,6,15,4,0.9173046350479126,0.930949336251263
53,6,23,4,0.8670996427536011,0.521749194749951
53,6,39,4,0.8682019710540771,0.521749194749951
53,6,27,4,1.0,0.9999999999999999
53,6,43,4,1.0,0.9999999999999999
53,6,51,4,0.9607229232788086,0.6445033866354898
53,6,29,4,0.9323976039886475,0.8970852271450608
53,6,45,4,0.9197590947151184,0.8593378488473197
53,6,53,4,0.8127167224884033,0.2696799449852969
53,6,57,4,0.9777510166168213,0.8981462390204987
53,6,30,4,0.9953534603118896,0.9999999999999999
53,6,46,4,0.9488555788993835,0.930949336251263
53,6,54,4,0.9511743783950806,0.6445033866354898
53,6,58,4,0.9958138465881348,0.9999999999999999
53,6,60,4,0.9230544567108154,0.5477225575051663
53,6,31,5,1.0,0.9999999999999999
53,6,47,5,1.0,0.9999999999999999
53,6,55,5,0.9607229232788086,0.6445033866354898
53,6,59,5,1.0,0.9999999999999999
53,6,61,5,1.0,0.9999999999999999
53,6,62,5,0.9958138465881348,0.9999999999999999
54,4,15,4,1.0,1.0
54,4,0,0,0.8779827356338501,0.7844645405527362
54,4,1,1,0.8292753100395203,0.3846153846153847
54,4,2,1,0.8696814775466919,0.8461538461538463
54,4,4,1,0.834134578704834,0.16012815380508716
54,4,8,1,0.8618057370185852,0.23076923076923084
54,4,3,2,0.803368330001831,0.3846153846153847
54,4,5,2,0.8423418998718262,0.3846153846153847
54,4,9,2,0.8860083818435669,0.4615384615384616
54,4,6,2,0.9487329721450806,0.5188745216627709
54,4,10,2,0.8695223331451416,0.23076923076923084
54,4,12,2,0.888375461101532,0.2964997266644406
54,4,7,3,0.9397876858711243,0.6289709020331512
54,4,11,3,0.8860083818435669,0.4615384615384616
54,4,13,3,0.8819597363471985,0.4447495899966608
54,4,14,3,0.9237891435623169,0.7893522173763265
55,7,127,7,1.0,1.0000000000000007
55,7,0,0,0.7714757919311523,0.18898223650461368
55,7,1,1,0.7990269660949707,0.4008918628686367
55,7,2,1,0.8542460799217224,0.7142857142857147
55,7,4,1,0.8140375018119812,0.5929994533288813
55,7,8,1,0.9450252056121826,0.6943650748294139
55,7,16,1,0.8594767451286316,0.7357672073819593
55,7,32,1,0.880599856376648,0.6900655593423545
55,7,64,1,0.8645097017288208,0.621059003408119
55,7,3,2,0.8338037729263306,0.6837634587578281
55,7,5,2,0.8216328024864197,0.7142857142857147
55,7,9,2,0.9897488951683044,1.0000000000000007
55,7,17,2,0.858599066734314,0.8153742483272116
55,7,33,2,0.8974062204360962,0.621059003408119
55,7,65,2,0.8622151613235474,0.7590721152765899
55,7,6,2,0.8166104555130005,0.621059003408119
55,7,10,2,0.9464999437332153,0.7768985960673558
55,7,18,2,0.8696287274360657,0.6900655593423545
55,7,34,2,0.8693864345550537,0.7581753965757456
55,7,66,2,0.8766091465950012,0.7590721152765899
55,7,12,2,0.9077339768409729,0.6943650748294139
55,7,20,2,0.8138766884803772,0.3571428571428573
55,7,36,2,0.8708175420761108,0.7412493166611015
55,7,68,2,0.8564656972885132,0.6929348671835833
55,7,24,2,0.9743211269378662,0.8571428571428578
55,7,40,2,0.9707745313644409,0.925820099772552
55,7,72,2,0.8601875901222229,0.6428571428571432
55,7,48,2,0.8480715751647949,0.43643578047198495
55,7,80,2,0.8278524279594421,0.7142857142857147
55,7,96,2,0.8098840713500977,0.6446583712203044
55,7,7,3,0.8342427015304565,0.6900655593423545
55,7,11,3,0.9897488951683044,1.0000000000000007
55,7,19,3,0.8787415623664856,0.7349684152591671
55,7,35,3,0.8656058311462402,0.7142857142857147
55,7,67,3,0.8773455023765564,0.7857142857142863
55,7,13,3,0.9897488951683044,1.0000000000000007
55,7,21,3,0.8642038106918335,0.8153742483272116
55,7,37,3,0.8906354904174805,0.8894991799933217
55,7,69,3,0.8706742525100708,0.848668424791506
55,7,25,3,0.9897488951683044,1.0000000000000007
55,7,41,3,1.0,1.0000000000000007
55,7,73,3,0.9833292961120605,0.9331389496316869
55,7,49,3,0.8925881385803223,0.8894991799933217
55,7,81,3,0.87856125831604,0.8571428571428578
55,7,97,3,0.8849614262580872,0.7590721152765899
55,7,14,3,0.9642530083656311,0.8153742483272116
55,7,22,3,0.8579614162445068,0.8153742483272116
55,7,38,3,0.8254522085189819,0.6900655593423545
55,7,70,3,0.8491308689117432,0.7412493166611015
55,7,26,3,0.9694831967353821,0.8571428571428578
55,7,42,3,0.9811156988143921,0.8571428571428578
55,7,74,3,0.9405233860015869,0.7768985960673558
55,7,50,3,0.9101409912109375,0.7857142857142863
55,7,82,3,0.8800393342971802,0.7590721152765899
55,7,98,3,0.8917542099952698,0.8153742483272116
55,7,28,3,0.9743211269378662,0.8571428571428578
55,7,44,3,0.9899383187294006,0.9285714285714293
55,7,76,3,0.9250330924987793,0.7171371656006361
55,7,52,3,0.9021851420402527,0.9285714285714293
55,7,84,3,0.8165633678436279,0.7142857142857147
55,7,100,3,0.8708175420761108,0.7412493166611015
55,7,56,3,0.9743558168411255,0.925820099772552
55,7,88,3,0.985884964466095,0.9285714285714293
55,7,104,3,0.9522739052772522,0.7407437469876471
55,7,112,3,0.9138853549957275,0.9285714285714293
55,7,15,4,0.9897488951683044,1.0000000000000007
55,7,23,4,0.8711733818054199,0.8571428571428578
55,7,39,4,0.8671613335609436,0.7590721152765899
55,7,71,4,0.8739305734634399,0.8153742483272116
55,7,27,4,1.0,1.0000000000000007
55,7,43,4,0.983871579170227,0.9636241116594318
55,7,75,4,0.988592267036438,0.9331389496316869
55,7,51,4,0.8925881385803223,0.8894991799933217
55,7,83,4,0.8859905004501343,0.8571428571428578
55,7,99,4,0.9311123490333557,0.9285714285714293
55,7,29,4,0.9728564023971558,0.9636241116594318
55,7,45,4,0.9444397687911987,0.8153742483272116
55,7,77,4,0.9833292961120605,0.9331389496316869
55,7,53,4,0.9138853549957275,0.9285714285714293
55,7,85,4,0.8851085901260376,0.8571428571428578
55,7,101,4,0.8906354904174805,0.8894991799933217
55,7,57,4,0.9897488951683044,1.0000000000000007
55,7,89,4,1.0,1.0000000000000007
55,7,105,4,0.99448162317276,0.9636241116594318
55,7,113,4,0.9138853549957275,0.9285714285714293
55,7,30,4,1.0,1.0000000000000007
55,7,46,4,1.0,1.0000000000000007
55,7,78,4,0.9289228320121765,0.7768985960673558
55,7,54,4,0.9076871871948242,0.9285714285714293
55,7,86,4,0.8715206384658813,0.8571428571428578
55,7,102,4,0.9044821858406067,0.8894991799933217
55,7,58,4,0.9475137591362,0.668153104781061
55,7,90,4,0.9423534870147705,0.583383351196948
55,7,106,4,0.9323826432228088,0.5345224838248489
55,7,114,4,0.919647753238678,0.7349684152591671
55,7,60,4,0.9743558168411255,0.925820099772552
55,7,92,4,0.9815494418144226,0.8571428571428578
55,7,108,4,0.9277147650718689,0.7857142857142863
55,7,116,4,0.829491138458252,0.6546536707079775
55,7,120,4,0.9743558168411255,0.925820099772552
55,7,31,5,0.9897488951683044,1.0000000000000007
55,7,47,5,0.983871579170227,0.9636241116594318
55,7,79,5,0.9897488951683044,1.0000000000000007
55,7,55,5,0.9043115377426147,0.9285714285714293
55,7,87,5,0.8848051428794861,0.8571428571428578
55,7,103,5,0.8952021598815918,0.8894991799933217
55,7,59,5,0.9897488951683044,1.0000000000000007
55,7,91,5,1.0,1.0000000000000007
55,7,107,5,0.983871579170227,0.9636241116594318
55,7,115,5,0.903704047203064,0.9285714285714293
55,7,61,5,0.9897488951683044,1.0000000000000007
55,7,93,5,1.0,1.0000000000000007
55,7,109,5,0.983871579170227,0.9636241116594318
55,7,117,5,0.9076871871948242,0.9285714285714293
55,7,121,5,1.0,1.0000000000000007
55,7,62,5,0.9897488951683044,1.0000000000000007
55,7,94,5,1.0,1.0000000000000007
55,7,110,5,0.9707745313644409,0.925820099772552
55,7,118,5,0.9076871871948242,0.9285714285714293
55,7,122,5,0.9507453441619873,0.668153104781061
55,7,124,5,0.9743558168411255,0.925820099772552
55,7,63,6,0.9897488951683044,1.0000000000000007
55,7,95,6,1.0,1.0000000000000007
55,7,111,6,0.983871579170227,0.9636241116594318
55,7,119,6,0.9076871871948242,0.9285714285714293
55,7,123,6,1.0,1.0000000000000007
55,7,125,6,0.9897488951683044,1.0000000000000007
55,7,126,6,1.0,1.0000000000000007
57,5,31,5,0.9999999403953552,1.0
57,5,0,0,0.835631251335144,0.6013377943029548
57,5,1,1,0.8922948241233826,0.8571428571428572
57,5,2,1,0.8438602685928345,0.7142857142857144
57,5,4,1,0.8688840270042419,0.5929994533288812
57,5,8,1,0.9131836295127869,0.44543540318737396
57,5,16,1,0.9148290157318115,0.8153742483272114
57,5,3,2,0.9136664271354675,0.8571428571428572
57,5,5,2,0.8754543662071228,0.8571428571428572
57,5,9,2,0.947068989276886,0.5916079783099617
57,5,17,2,0.8978617191314697,0.5669467095138409
57,5,6,2,0.9284588694572449,0.8894991799933215
57,5,10,2,0.8766758441925049,0.44543540318737396
57,5,18,2,0.9999999403953552,1.0
57,5,12,2,0.8930800557136536,0.44543540318737396
57,5,20,2,0.9583395719528198,0.8894991799933215
57,5,24,2,0.9666651487350464,0.8894991799933215
57,5,7,3,0.8647869825363159,0.8571428571428572
57,5,11,3,0.947068989276886,0.5916079783099617
57,5,19,3,0.9685085415840149,0.9285714285714286
57,5,13,3,0.947068989276886,0.5916079783099617
57,5,21,3,0.8724560737609863,0.5976143046671969
57,5,25,3,0.947068989276886,0.5916079783099617
57,5,14,3,0.947068989276886,0.5916079783099617
57,5,22,3,0.9999999403953552,1.0
57,5,26,3,0.9937267303466797,1.0
57,5,28,3,0.9666651487350464,0.8894991799933215
57,5,15,4,0.947068989276886,0.5916079783099617
57,5,23,4,0.9685085415840149,0.9285714285714286
57,5,27,4,0.9999999403953552,1.0
57,5,29,4,0.947068989276886,0.5916079783099617
57,5,30,4,0.9937267303466797,1.0
58,6,63,6,1.0000001192092896,1.0000000000000007
58,6,0,0,0.7928473353385925,0.22237479499833046
58,6,1,1,0.8213308453559875,0.3344968040028364
58,6,2,1,0.8321514129638672,0.400320384512718
58,6,4,1,0.8852933645248413,0.5604485383178052
58,6,8,1,0.7873277068138123,0.23076923076923087
58,6,16,1,0.8622633218765259,0.6445033866354898
58,6,32,1,0.9230728149414062,0.7205766921228923
58,6,3,2,0.8377851247787476,0.4615384615384618
58,6,5,2,0.8863863945007324,0.5241424183609593
58,6,9,2,0.7964215278625488,0.4529108136578385
58,6,17,2,0.8139320015907288,0.3706246583305508
58,6,33,2,0.879109263420105,0.496138938356834
58,6,6,2,0.8707331418991089,0.5661385170722981
58,6,10,2,0.8845843076705933,0.8153742483272116
58,6,18,2,0.8361871242523193,0.44539933408304466
58,6,34,2,0.9599846601486206,0.8807048459279795
58,6,12,2,0.9153797030448914,0.5090278103806225
58,6,20,2,0.9394208192825317,0.9230769230769237
58,6,36,2,0.9634069800376892,0.8807048459279795
58,6,24,2,0.7973925471305847,0.3076923076923078
58,6,40,2,0.9436667561531067,0.6689936080056728
58,6,48,2,0.9326503872871399,0.7526178090063819
58,6,7,3,0.8250700831413269,0.5661385170722981
58,6,11,3,0.795307457447052,0.4529108136578385
58,6,19,3,0.7822940349578857,0.27735009811261463
58,6,35,3,0.8758137822151184,0.5661385170722981
58,6,13,3,0.8700217008590698,0.5661385170722981
58,6,21,3,0.8707331418991089,0.5661385170722981
58,6,37,3,1.0000001192092896,1.0000000000000007
58,6,25,3,0.8050356507301331,0.4529108136578385
58,6,41,3,0.8758137822151184,0.5661385170722981
58,6,49,3,0.8764693737030029,0.496138938356834
58,6,14,3,0.8700217008590698,0.5661385170722981
58,6,22,3,0.8863863945007324,0.5241424183609593
58,6,38,3,1.0000001192092896,1.0000000000000007
58,6,26,3,0.882715106010437,0.8153742483272116
58,6,42,3,0.9705081582069397,0.9230769230769237
58,6,50,3,0.99503493309021,0.9607689228305231
58,6,28,3,0.9119114875793457,0.5090278103806225
58,6,44,3,0.9634069800376892,0.8807048459279795
58,6,52,3,0.9634069800376892,0.8807048459279795
58,6,56,3,0.9337774515151978,0.7526178090063819
58,6,15,4,0.8700217008590698,0.5661385170722981
58,6,23,4,0.8707331418991089,0.5661385170722981
58,6,39,4,1.0000001192092896,1.0000000000000007
58,6,27,4,0.7586737275123596,0.4529108136578385
58,6,43,4,0.8758137822151184,0.5661385170722981
58,6,51,4,0.8693090677261353,0.496138938356834
58,6,29,4,0.8539126515388489,0.5661385170722981
58,6,45,4,1.0000001192092896,1.0000000000000007
58,6,53,4,1.0000001192092896,1.0000000000000007
58,6,57,4,0.8758137822151184,0.5661385170722981
58,6,30,4,0.8863863945007324,0.5241424183609593
58,6,46,4,1.0000001192092896,1.0000000000000007
58,6,54,4,1.0000001192092896,1.0000000000000007
58,6,58,4,0.9641982913017273,0.9230769230769237
58,6,60,4,0.9634069800376892,0.8807048459279795
58,6,31,5,0.8250700831413269,0.5661385170722981
58,6,47,5,0.9219071865081787,0.6793662204867578
58,6,55,5,1.0000001192092896,1.0000000000000007
58,6,59,5,0.8758137822151184,0.5661385170722981
58,6,61,5,1.0000001192092896,1.0000000000000007
58,6,62,5,1.0000001192092896,1.0000000000000007
59,5,31,5,0.9999999403953552,1.0000000000000002
59,5,0,0,0.8378967642784119,0.6804138174397719
59,5,1,1,0.8143049478530884,0.645497224367903
59,5,2,1,0.8340457677841187,0.7001400420140049
59,5,4,1,0.8295189142227173,0.6172133998483679
59,5,8,1,0.9896413683891296,1.0000000000000002
59,5,16,1,0.9099708199501038,0.848668424791506
59,5,3,2,0.8143049478530884,0.645497224367903
59,5,5,2,0.8143049478530884,0.645497224367903
59,5,9,2,0.9908526539802551,0.9271726499455312
59,5,17,2,0.8870735764503479,0.8609460320922789
59,5,6,2,0.8393527269363403,0.6943650748294139
59,5,10,2,0.9908526539802551,0.9271726499455312
59,5,18,2,0.8870735764503479,0.8609460320922789
59,5,12,2,0.9797623753547668,0.9271726499455312
59,5,20,2,0.9099708199501038,0.848668424791506
59,5,24,2,0.9797623753547668,0.9271726499455312
59,5,7,3,0.9099708199501038,0.848668424791506
59,5,11,3,0.9908526539802551,0.9271726499455312
59,5,19,3,0.902384877204895,0.916666666666667
59,5,13,3,0.9235555529594421,0.7745966692414836
59,5,21,3,0.8143049478530884,0.645497224367903
59,5,25,3,0.9461826682090759,0.6172133998483679
59,5,14,3,0.9908526539802551,0.9271726499455312
59,5,22,3,0.9099708199501038,0.848668424791506
59,5,26,3,0.9999999403953552,1.0000000000000002
59,5,28,3,0.9797623753547668,0.9271726499455312
59,5,15,4,0.9908526539802551,0.9271726499455312
59,5,23,4,0.9099708199501038,0.848668424791506
59,5,27,4,0.9999999403953552,1.0000000000000002
59,5,29,4,0.9908526539802551,0.9271726499455312
59,5,30,4,0.9999999403953552,1.0000000000000002
60,6,63,6,1.0,1.0000000000000007
60,6,0,0,0.8112038373947144,0.21483446221182995
60,6,1,1,0.8783550262451172,0.6689936080056728
60,6,2,1,0.812052845954895,0.14824986333222032
60,6,4,1,0.9234335422515869,0.6139406135149208
60,6,8,1,0.9082427024841309,0.6671243849949914
60,6,16,1,0.8921266198158264,0.6671243849949914
60,6,32,1,0.8300312757492065,0.29649972666444063
60,6,3,2,0.8762671947479248,0.6405126152203487
60,6,5,2,0.9670376777648926,0.8770580193070298
60,6,9,2,0.9138660430908203,0.7161148740394331
60,6,17,2,0.8913973569869995,0.6671243849949914
60,6,33,2,0.9078493714332581,0.7692307692307697
60,6,6,2,0.9214990139007568,0.6471502289294342
60,6,10,2,0.8900071382522583,0.6671243849949914
60,6,18,2,0.8719441890716553,0.5728918992315465
60,6,34,2,0.8208059668540955,0.29649972666444063
60,6,12,2,0.9328787326812744,0.6689936080056728
60,6,20,2,0.9243149757385254,0.6689936080056728
60,6,36,2,0.8824074864387512,0.29649972666444063
60,6,24,2,0.9512462019920349,0.8461538461538467
60,6,40,2,0.9381247162818909,0.8006407690254359
60,6,48,2,0.8982200622558594,0.7526178090063819
60,6,7,3,0.9670376777648926,0.8770580193070298
60,6,11,3,0.9444853663444519,0.6689936080056728
60,6,19,3,0.8220574855804443,0.2964997266644406
60,6,35,3,0.8973174691200256,0.7205766921228923
60,6,13,3,0.9811121821403503,0.8807048459279795
60,6,21,3,0.949445366859436,0.8461538461538467
60,6,37,3,0.9778841137886047,0.9607689228305231
60,6,25,3,0.9469359517097473,0.8153742483272116
60,6,41,3,0.9389001131057739,0.8006407690254359
60,6,49,3,0.9078493714332581,0.7692307692307697
60,6,14,3,0.9328787326812744,0.6689936080056728
60,6,22,3,0.9258305430412292,0.6405126152203487
60,6,38,3,0.8749409317970276,0.22237479499833046
60,6,26,3,0.9025348424911499,0.7161148740394331
60,6,42,3,0.9085736274719238,0.7526178090063819
60,6,50,3,0.8982200622558594,0.7526178090063819
60,6,28,3,0.9533590078353882,0.8461538461538467
60,6,44,3,0.9437764883041382,0.8006407690254359
60,6,52,3,0.9335685968399048,0.7526178090063819
60,6,56,3,0.9474966526031494,0.8461538461538467
60,6,15,4,0.9809429049491882,0.8807048459279795
60,6,23,4,0.9585297107696533,0.8807048459279795
60,6,39,4,0.9746576547622681,0.9198662110078001
60,6,27,4,0.9524077773094177,0.8153742483272116
60,6,43,4,0.9389001131057739,0.8006407690254359
60,6,51,4,0.9078493714332581,0.7692307692307697
60,6,29,4,0.9663879871368408,0.8807048459279795
60,6,45,4,0.998372495174408,0.9607689228305231
60,6,53,4,0.9778841137886047,0.9607689228305231
60,6,57,4,0.9488821625709534,0.7692307692307697
60,6,30,4,0.9437764883041382,0.8006407690254359
60,6,46,4,0.9453377723693848,0.7526178090063819
60,6,54,4,0.9349240064620972,0.6689936080056728
60,6,58,4,0.9367693066596985,0.8153742483272116
60,6,60,4,0.9649008512496948,0.8807048459279795
60,6,31,5,0.9679363369941711,0.7692307692307697
60,6,47,5,0.998372495174408,0.9607689228305231
60,6,55,5,0.9778841137886047,0.9607689228305231
60,6,59,5,0.9552881121635437,0.8461538461538467
60,6,61,5,0.9663879871368408,0.8807048459279795
60,6,62,5,0.9649008512496948,0.8807048459279795
63,6,63,6,0.9999999403953552,1.0000000000000002
63,6,0,0,0.788188636302948,0.2886751345948129
63,6,1,1,0.7750642895698547,0.3849001794597506
63,6,2,1,0.8146570920944214,0.5163977794943224
63,6,4,1,0.7559189796447754,0.3273268353539887
63,6,8,1,0.7718470096588135,0.5163977794943224
63,6,16,1,0.7670827507972717,0.2886751345948129
63,6,32,1,0.8750287294387817,0.3872983346207418
63,6,3,2,0.8352106809616089,0.408248290463863
63,6,5,2,0.7952683568000793,0.408248290463863
63,6,9,2,0.7894595861434937,0.5345224838248488
63,6,17,2,0.7862916588783264,0.3273268353539887
63,6,33,2,0.9038742184638977,0.5661385170722981
63,6,6,2,0.8250207304954529,0.6154574548966638
63,6,10,2,0.844306230545044,0.645497224367903
63,6,18,2,0.8052875995635986,0.492365963917331
63,6,34,2,0.9113422632217407,0.6154574548966638
63,6,12,2,0.7917358875274658,0.492365963917331
63,6,20,2,0.7420142889022827,0.43643578047198495
63,6,36,2,0.8340105414390564,0.35355339059327384
63,6,24,2,0.7869030833244324,0.5163977794943224
63,6,40,2,0.877483069896698,0.5892556509887897
63,6,48,2,0.8510390520095825,0.36927447293799825
63,6,7,3,0.8024053573608398,0.5455447255899812
63,6,11,3,0.8306699395179749,0.7745966692414836
63,6,19,3,0.8383557796478271,0.408248290463863
63,6,35,3,0.9130276441574097,0.5892556509887897
63,6,13,3,0.829759418964386,0.5892556509887897
63,6,21,3,0.7913389801979065,0.5773502691896258
63,6,37,3,0.9038742184638977,0.5661385170722981
63,6,25,3,0.8316947221755981,0.5661385170722981
63,6,41,3,0.9130276441574097,0.5892556509887897
63,6,49,3,0.9038742184638977,0.5661385170722981
63,6,14,3,0.8250207304954529,0.6154574548966638
63,6,22,3,0.8250207304954529,0.6154574548966638
63,6,38,3,0.8988463878631592,0.5892556509887897
63,6,26,3,0.805888295173645,0.6154574548966638
63,6,42,3,0.9113422632217407,0.6154574548966638
63,6,50,3,0.9020258784294128,0.6154574548966638
63,6,28,3,0.7961335182189941,0.492365963917331
63,6,44,3,0.9003058075904846,0.5892556509887897
63,6,52,3,0.8526387214660645,0.3396831102433788
63,6,56,3,0.9015300869941711,0.6154574548966638
63,6,15,4,0.8361550569534302,0.5892556509887897
63,6,23,4,0.7881454229354858,0.5661385170722981
63,6,39,4,0.9038742184638977,0.5661385170722981
63,6,27,4,0.7955144643783569,0.7715167498104598
63,6,43,4,0.9681509733200073,0.9258200997725518
63,6,51,4,0.9130276441574097,0.5892556509887897
63,6,29,4,0.786452054977417,0.5661385170722981
63,6,45,4,0.9681509733200073,0.9258200997725518
63,6,53,4,0.9038742184638977,0.5661385170722981
63,6,57,4,0.915920615196228,0.6793662204867578
63,6,30,4,0.8250207304954529,0.6154574548966638
63,6,46,4,0.9035742282867432,0.5892556509887897
63,6,54,4,0.8988463878631592,0.5892556509887897
63,6,58,4,0.9113422632217407,0.6154574548966638
63,6,60,4,0.8765220642089844,0.4714045207910318
63,6,31,5,0.8361550569534302,0.5892556509887897
63,6,47,5,0.9681509733200073,0.9258200997725518
63,6,55,5,0.9038742184638977,0.5661385170722981
63,6,59,5,0.9681509733200073,0.9258200997725518
63,6,61,5,0.9404804706573486,0.6931032800836722
63,6,62,5,0.9035742282867432,0.5892556509887897
64,6,63,6,1.0,1.0000000000000007
64,6,0,0,0.8132317066192627,0.6153846153846158
64,6,1,1,0.832482099533081,0.2941742027072761
64,6,2,1,0.8424419164657593,0.6821910402406467
64,6,4,1,0.8374478816986084,0.6052275326688025
64,6,8,1,0.9564322233200073,0.8006407690254359
64,6,16,1,0.8588976860046387,0.18490006540840975
64,6,32,1,0.8374509811401367,0.7526178090063819
64,6,3,2,0.787672758102417,0.27735009811261463
64,6,5,2,0.8329081535339355,0.7190924955066749
64,6,9,2,0.8928655385971069,0.4160251471689219
64,6,17,2,0.8913943767547607,0.35082320772281184
64,6,33,2,0.8698893785476685,0.838627869377535
64,6,6,2,0.8232447504997253,0.5547001962252293
64,6,10,2,0.9629054069519043,0.838627869377535
64,6,18,2,0.8709776401519775,0.26311740579210885
64,6,34,2,0.8260430693626404,0.35082320772281184
64,6,12,2,0.9564322233200073,0.8006407690254359
64,6,20,2,0.888351559638977,0.7399400733959439
64,6,36,2,0.8417186737060547,0.7526178090063819
64,6,24,2,0.925702691078186,0.35082320772281184
64,6,40,2,0.9544200897216797,0.838627869377535
64,6,48,2,0.9036368131637573,0.3698001308168195
64,6,7,3,0.8037354350090027,0.3922322702763682
64,6,11,3,0.8864830732345581,0.4160251471689219
64,6,19,3,0.8840335607528687,0.35082320772281184
64,6,35,3,0.8958344459533691,0.8320502943378438
64,6,13,3,0.9397798180580139,0.7925939239012174
64,6,21,3,0.8849664926528931,0.4615384615384618
64,6,37,3,0.8637810945510864,0.8770580193070298
64,6,25,3,0.9322727918624878,0.4181210050035455
64,6,41,3,0.9302061796188354,0.4385290096535148
64,6,49,3,0.9111243486404419,0.4385290096535148
64,6,14,3,0.985663652420044,0.9302605094190638
64,6,22,3,0.9188803434371948,0.5929994533288813
64,6,38,3,0.8459033966064453,0.7205766921228923
64,6,26,3,0.9305953979492188,0.3698001308168195
64,6,42,3,0.9544200897216797,0.838627869377535
64,6,50,3,0.8365519046783447,0.5853694070049636
64,6,28,3,0.9253814220428467,0.4615384615384618
64,6,44,3,0.972926676273346,0.8825226081218286
64,6,52,3,0.9042562246322632,0.7635417155709339
64,6,56,3,0.9406243562698364,0.4385290096535148
64,6,15,4,0.9180043339729309,0.6793662204867578
64,6,23,4,0.8594894409179688,0.6201736729460425
64,6,39,4,0.8848825693130493,0.8807048459279795
64,6,27,4,0.9384703636169434,0.4181210050035455
64,6,43,4,0.9758695363998413,0.9245003270420487
64,6,51,4,0.9601705074310303,0.9607689228305231
64,6,29,4,0.9397798180580139,0.7925939239012174
64,6,45,4,0.9643378853797913,0.9198662110078001
64,6,53,4,0.9102350473403931,0.5384615384615388
64,6,57,4,0.934761106967926,0.5547001962252293
64,6,30,4,0.954321563243866,0.6445033866354898
64,6,46,4,1.0,1.0000000000000007
64,6,54,4,0.9531154036521912,0.9230769230769237
64,6,58,4,0.9468979835510254,0.5929994533288813
64,6,60,4,0.9746947884559631,0.9198662110078001
64,6,31,5,0.9540908932685852,0.6445033866354898
64,6,47,5,1.0,1.0000000000000007
64,6,55,5,0.9188803434371948,0.5929994533288813
64,6,59,5,1.0,1.0000000000000007
64,6,61,5,0.9466825723648071,0.5929994533288813
64,6,62,5,1.0,1.0000000000000007
66,6,63,6,1.0,1.0000000000000007
66,6,0,0,0.8350881338119507,0.24525573579398646
66,6,1,1,0.8964853286743164,0.8153742483272116
66,6,2,1,0.8357462882995605,0.08908708063747481
66,6,4,1,0.889159619808197,0.42257712736425845
66,6,8,1,0.8752506375312805,0.5520524474738836
66,6,16,1,0.8488880395889282,0.36788360369097967
66,6,32,1,0.9741855263710022,0.8153742483272116
66,6,3,2,0.9036499857902527,0.8451542547285171
66,6,5,2,0.9415068626403809,0.8864052604279185
66,6,9,2,0.8841627240180969,0.5188745216627711
66,6,17,2,0.886282205581665,0.7349684152591671
66,6,33,2,0.9121171832084656,0.34503277967117724
66,6,6,2,0.9090943336486816,0.5070925528371102
66,6,10,2,0.8793535232543945,0.6299407883487121
66,6,18,2,0.886282205581665,0.7349684152591671
66,6,34,2,0.9287536144256592,0.4008918628686367
66,6,12,2,0.9412657022476196,0.9074852129730302
66,6,20,2,0.9099075794219971,0.8280786712108253
66,6,36,2,0.9426252841949463,0.43643578047198495
66,6,24,2,0.8476769328117371,0.455842305838552
66,6,40,2,0.954045295715332,0.7559289460184547
66,6,48,2,0.9254999160766602,0.46770717334674283
66,6,7,3,0.9415068626403809,0.8864052604279185
66,6,11,3,0.874956488609314,0.5400617248673218
66,6,19,3,0.886282205581665,0.7349684152591671
66,6,35,3,0.9380353689193726,0.7715167498104599
66,6,13,3,0.9483017921447754,0.9354143466934853
66,6,21,3,0.9338390827178955,0.8571428571428578
66,6,37,3,0.9485683441162109,0.5669467095138411
66,6,25,3,0.9186278581619263,0.8571428571428578
66,6,41,3,0.9784060716629028,0.9285714285714293
66,6,49,3,0.9601790904998779,0.8894991799933217
66,6,14,3,0.9276223182678223,0.8571428571428578
66,6,22,3,0.8937296271324158,0.4409585518440986
66,6,38,3,0.9421124458312988,0.42857142857142877
66,6,26,3,0.8867576122283936,0.5400617248673218
66,6,42,3,0.954045295715332,0.7559289460184547
66,6,50,3,0.9014090299606323,0.41833001326703784
66,6,28,3,0.9119046330451965,0.8970852271450608
66,6,44,3,1.0,1.0000000000000007
66,6,52,3,0.9478767514228821,0.4724555912615342
66,6,56,3,0.954045295715332,0.7559289460184547
66,6,15,4,0.905396044254303,0.583383351196948
66,6,23,4,0.9415068626403809,0.8864052604279185
66,6,39,4,0.9485683441162109,0.5669467095138411
66,6,27,4,0.9186278581619263,0.8571428571428578
66,6,43,4,0.9784060716629028,0.9285714285714293
66,6,51,4,0.9509405493736267,0.7412493166611015
66,6,29,4,0.9222837090492249,0.8970852271450608
66,6,45,4,1.0,1.0000000000000007
66,6,53,4,0.9410548210144043,0.6546536707079775
66,6,57,4,0.9831621646881104,0.9285714285714293
66,6,30,4,0.9119046330451965,0.8970852271450608
66,6,46,4,0.9960659742355347,1.0000000000000007
66,6,54,4,0.9447054862976074,0.5916079783099619
66,6,58,4,0.954045295715332,0.7559289460184547
66,6,60,4,1.0,1.0000000000000007
66,6,31,5,0.9495924115180969,0.9285714285714293
66,6,47,5,1.0,1.0000000000000007
66,6,55,5,0.9495572447776794,0.6236095644623237
66,6,59,5,0.9831621646881104,0.9285714285714293
66,6,61,5,1.0,1.0000000000000007
66,6,62,5,0.9960659742355347,1.0000000000000007
67,4,15,4,0.9999998807907104,1.0000000000000002
67,4,0,0,0.8003630042076111,0.11785113019775792
67,4,1,1,0.8284025192260742,0.6236095644623237
67,4,2,1,0.8391745686531067,0.28867513459481287
67,4,4,1,0.902454137802124,0.6735753140545635
67,4,8,1,0.855048656463623,0.6471502289294342
67,4,3,2,0.8879657983779907,0.7378647873726218
67,4,5,2,0.8355565071105957,0.5833333333333333
67,4,9,2,0.8274339437484741,0.6024640760767094
67,4,6,2,0.893532395362854,0.316227766016838
67,4,10,2,0.8856087923049927,0.6708203932499368
67,4,12,2,0.9415441751480103,0.7698003589195012
67,4,7,3,0.9755504727363586,0.9428090415820635
67,4,11,3,0.9114196300506592,0.8432740427115678
67,4,13,3,0.9420552849769592,0.8017837257372734
67,4,14,3,0.961787223815918,0.8320502943378438
69,4,15,4,1.0,1.0000000000000002
69,4,0,0,0.7976585626602173,0.11785113019775792
69,4,1,1,0.9093604683876038,0.8017837257372734
69,4,2,1,0.8484309315681458,0.6030226891555273
69,4,4,1,0.9093604683876038,0.8017837257372734
69,4,8,1,0.971627414226532,0.8320502943378438
69,4,3,2,0.9179631471633911,0.8888888888888891
69,4,5,2,0.906947672367096,0.7126966450997986
69,4,9,2,1.0,1.0000000000000002
69,4,6,2,0.9093604683876038,0.8017837257372734
69,4,10,2,0.971627414226532,0.8320502943378438
69,4,12,2,0.939612865447998,0.502518907629606
69,4,7,3,0.9179631471633911,0.8888888888888891
69,4,11,3,0.939612865447998,0.502518907629606
69,4,13,3,1.0,1.0000000000000002
69,4,14,3,0.9911838173866272,0.8908708063747482
70,6,63,6,1.0,1.0
70,6,0,0,0.8661254644393921,0.8125
70,6,1,1,0.8924807906150818,0.790569415042095
70,6,2,1,0.8359816074371338,0.32274861218395146
70,6,4,1,0.8661254644393921,0.8125
70,6,8,1,0.8856608271598816,0.7882407813680824
70,6,16,1,0.9365694522857666,0.46770717334674283
70,6,32,1,0.8661254644393921,0.8125
70,6,3,2,0.8981143832206726,0.7537783614444092
70,6,5,2,0.8924807906150818,0.790569415042095
70,6,9,2,0.8752751350402832,0.790569415042095
70,6,17,2,0.9129768013954163,0.6123724356957946
70,6,33,2,0.9910410642623901,0.9045340337332911
70,6,6,2,0.8661254644393921,0.8125
70,6,10,2,0.8856608271598816,0.7882407813680824
70,6,18,2,0.9545433521270752,0.5547001962252293
70,6,34,2,1.0,1.0
70,6,12,2,0.8856608271598816,0.7882407813680824
70,6,20,2,0.8224210739135742,0.2165063509461097
70,6,36,2,0.976702094078064,0.9095085938862489
70,6,24,2,1.0,1.0
70,6,40,2,1.0,1.0
70,6,48,2,0.9545433521270752,0.5547001962252293
70,6,7,3,0.8981143832206726,0.7537783614444092
70,6,11,3,0.8752751350402832,0.790569415042095
70,6,19,3,0.9129768013954163,0.6123724356957946
70,6,35,3,0.9910410642623901,0.9045340337332911
70,6,13,3,0.8924807906150818,0.790569415042095
70,6,21,3,1.0,1.0
70,6,37,3,0.9910410642623901,0.9045340337332911
70,6,25,3,0.9129768013954163,0.6123724356957946
70,6,41,3,0.9910410642623901,0.9045340337332911
70,6,49,3,1.0,1.0
70,6,14,3,0.8856608271598816,0.7882407813680824
70,6,22,3,0.8592326641082764,0.41602514716892197
70,6,38,3,1.0,1.0
70,6,26,3,0.9545433521270752,0.5547001962252293
70,6,42,3,0.9545433521270752,0.5547001962252293
70,6,50,3,0.9545433521270752,0.5547001962252293
70,6,28,3,0.9545433521270752,0.5547001962252293
70,6,44,3,0.9338359832763672,0.8488746876271657
70,6,52,3,0.9962862730026245,1.0
70,6,56,3,0.9545433521270752,0.5547001962252293
70,6,15,4,0.8752751350402832,0.790569415042095
70,6,23,4,0.9910410642623901,0.9045340337332911
70,6,39,4,0.9910410642623901,0.9045340337332911
70,6,27,4,0.9129768013954163,0.6123724356957946
70,6,43,4,0.9399833679199219,0.8291561975888502
70,6,51,4,1.0,1.0
70,6,29,4,0.9129768013954163,0.6123724356957946
70,6,45,4,0.9910410642623901,0.9045340337332911
70,6,53,4,1.0,1.0
70,6,57,4,1.0,1.0
70,6,30,4,0.948374330997467,0.5547001962252293
70,6,46,4,1.0,1.0
70,6,54,4,0.9545433521270752,0.5547001962252293
70,6,58,4,0.9545433521270752,0.5547001962252293
70,6,60,4,0.9545433521270752,0.5547001962252293
70,6,31,5,1.0,1.0
70,6,47,5,0.9910410642623901,0.9045340337332911
70,6,55,5,1.0,1.0
70,6,59,5,1.0,1.0
70,6,61,5,1.0,1.0
70,6,62,5,0.9545433521270752,0.5547001962252293
71,7,127,7,0.9999999403953552,1.0000000000000007
71,7,0,0,0.8610445261001587,0.6446583712203044
71,7,1,1,0.8661989569664001,0.6172133998483679
71,7,2,1,0.8528183102607727,0.5640760748177664
71,7,4,1,0.9123959541320801,0.6943650748294139
71,7,8,1,0.8141142725944519,0.3149703941743561
71,7,16,1,0.8825886249542236,0.5929994533288813
71,7,32,1,0.8511780500411987,0.5929994533288813
71,7,64,1,0.9139354228973389,0.6671243849949914
71,7,3,2,0.8774893283843994,0.5929994533288813
71,7,5,2,0.8598189949989319,0.32410186177608225
71,7,9,2,0.8731737732887268,0.7142857142857147
71,7,17,2,0.8733198642730713,0.7412493166611015
71,7,33,2,0.8654288053512573,0.6671243849949914
71,7,65,2,0.9159252643585205,0.6900655593423545
71,7,6,2,0.9050421118736267,0.6943650748294139
71,7,10,2,0.8983086347579956,0.5520524474738836
71,7,18,2,0.8409029245376587,0.5714285714285717
71,7,34,2,0.8524341583251953,0.5572782125753529
71,7,66,2,0.9070616960525513,0.6943650748294139
71,7,12,2,0.9446977376937866,0.8153742483272116
71,7,20,2,0.9057530760765076,0.5714285714285717
71,7,36,2,0.9132940173149109,0.6943650748294139
71,7,68,2,0.9450147747993469,0.8058229640253805
71,7,24,2,0.8784648180007935,0.4830458915396481
71,7,40,2,0.903831958770752,0.621059003408119
71,7,72,2,0.9427413940429688,0.6929348671835833
71,7,48,2,0.8852099180221558,0.7349684152591671
71,7,80,2,0.9411946535110474,0.848668424791506
71,7,96,2,0.9195725917816162,0.7142857142857147
71,7,7,3,0.8582279682159424,0.4008918628686367
71,7,11,3,0.8846035003662109,0.5188745216627711
71,7,19,3,0.8693355917930603,0.8153742483272116
71,7,35,3,0.8406723737716675,0.6943650748294139
71,7,67,3,0.9424225687980652,0.848668424791506
71,7,13,3,0.9555809497833252,0.9285714285714293
71,7,21,3,0.9228458404541016,0.7778444682625973
71,7,37,3,0.9079110622406006,0.621059003408119
71,7,69,3,0.9599314332008362,0.8894991799933217
71,7,25,3,0.8631737232208252,0.42857142857142877
71,7,41,3,0.9405732154846191,0.8894991799933217
71,7,73,3,0.9775986671447754,0.9636241116594318
71,7,49,3,0.8693355917930603,0.8153742483272116
71,7,81,3,0.9336445927619934,0.8894991799933217
71,7,97,3,0.9199695587158203,0.848668424791506
71,7,14,3,0.9447360038757324,0.848668424791506
71,7,22,3,0.8958358764648438,0.6428571428571432
71,7,38,3,0.9206646084785461,0.6428571428571432
71,7,70,3,0.9505413174629211,0.8058229640253805
71,7,26,3,0.9222124814987183,0.7778444682625972
71,7,42,3,0.8496226072311401,0.6482037235521645
71,7,74,3,0.965997576713562,0.7857142857142863
71,7,50,3,0.8409029245376587,0.5714285714285717
71,7,82,3,0.9096697568893433,0.7412493166611015
71,7,98,3,0.9195725917816162,0.7142857142857147
71,7,28,3,0.9447360038757324,0.848668424791506
71,7,44,3,0.9447360038757324,0.848668424791506
71,7,76,3,0.9813833832740784,0.848668424791506
71,7,52,3,0.911352276802063,0.7349684152591671
71,7,84,3,0.9545813202857971,0.8153742483272116
71,7,100,3,0.9471059441566467,0.8058229640253805
71,7,56,3,0.7958202958106995,0.3857583749052299
71,7,88,3,0.9658045768737793,0.8426648406178137
71,7,104,3,0.9659417271614075,0.8280786712108253
71,7,112,3,0.9395149946212769,0.8153742483272116
71,7,15,4,0.9555809497833252,0.9285714285714293
71,7,23,4,0.958137571811676,0.7778444682625973
71,7,39,4,0.9199709892272949,0.7412493166611015
71,7,71,4,0.9599314332008362,0.8894991799933217
71,7,27,4,0.8846035003662109,0.5188745216627711
71,7,43,4,0.9405732154846191,0.8894991799933217
71,7,75,4,0.9775986671447754,0.9636241116594318
71,7,51,4,0.8739010095596313,0.7349684152591671
71,7,83,4,0.9426652193069458,0.8894991799933217
71,7,99,4,0.9424225687980652,0.848668424791506
71,7,29,4,0.9555809497833252,0.9285714285714293
71,7,45,4,0.9555809497833252,0.9285714285714293
71,7,77,4,0.9945967793464661,0.9285714285714293
71,7,53,4,0.9482617378234863,0.7778444682625973
71,7,85,4,0.9696080088615417,0.9285714285714293
71,7,101,4,0.9599314332008362,0.8894991799933217
71,7,57,4,0.9354645013809204,0.7857142857142863
71,7,89,4,0.9775986671447754,0.9636241116594318
71,7,105,4,0.9775986671447754,0.9636241116594318
71,7,113,4,0.9100457429885864,0.8894991799933217
71,7,30,4,0.9447360038757324,0.848668424791506
71,7,46,4,0.9447360038757324,0.848668424791506
71,7,78,4,0.9813817143440247,0.8864052604279185
71,7,54,4,0.8958358764648438,0.6428571428571432
71,7,86,4,0.9651502966880798,0.848668424791506
71,7,102,4,0.9505413174629211,0.8058229640253805
71,7,58,4,0.9053159356117249,0.6943650748294139
71,7,90,4,0.9658045768737793,0.8426648406178137
71,7,106,4,0.9739920496940613,0.8571428571428578
71,7,114,4,0.9052441120147705,0.7412493166611015
71,7,60,4,0.9447360038757324,0.848668424791506
71,7,92,4,0.9890082478523254,0.8970852271450608
71,7,108,4,0.9813833832740784,0.848668424791506
71,7,116,4,0.9545813202857971,0.8153742483272116
71,7,120,4,0.965897798538208,0.8894991799933217
71,7,31,5,0.9555809497833252,0.9285714285714293
71,7,47,5,0.9555809497833252,0.9285714285714293
71,7,79,5,0.9945967793464661,0.9285714285714293
71,7,55,5,0.958137571811676,0.7778444682625973
71,7,87,5,0.9778083562850952,0.9636241116594318
71,7,103,5,0.9599314332008362,0.8894991799933217
71,7,59,5,0.8846035003662109,0.5188745216627711
71,7,91,5,0.9775986671447754,0.9636241116594318
71,7,107,5,0.9775986671447754,0.9636241116594318
71,7,115,5,0.9566438794136047,0.8894991799933217
71,7,61,5,0.9555809497833252,0.9285714285714293
71,7,93,5,0.9999999403953552,1.0000000000000007
71,7,109,5,0.9945967793464661,0.9285714285714293
71,7,117,5,0.9763857126235962,0.9285714285714293
71,7,121,5,0.9814041256904602,0.9636241116594318
71,7,62,5,0.9088827967643738,0.848668424791506
71,7,94,5,0.985873818397522,0.925820099772552
71,7,110,5,0.985873818397522,0.925820099772552
71,7,118,5,0.9651502966880798,0.848668424791506
71,7,122,5,0.9658045768737793,0.8426648406178137
71,7,124,5,0.9876093864440918,0.848668424791506
71,7,63,6,0.9527797698974609,0.9285714285714293
71,7,95,6,0.9999999403953552,1.0000000000000007
71,7,111,6,0.9945967793464661,0.9285714285714293
71,7,119,6,0.9696080088615417,0.9285714285714293
71,7,123,6,0.9775986671447754,0.9636241116594318
71,7,125,6,0.9999999403953552,1.0000000000000007
71,7,126,6,0.985873818397522,0.925820099772552
73,7,127,7,1.0,1.0
73,7,0,0,0.8062580823898315,0.09449111825230681
73,7,1,1,0.8619250655174255,0.5050762722761055
73,7,2,1,0.806169867515564,0.09449111825230681
73,7,4,1,0.830657958984375,0.4834937784152281
73,7,8,1,0.803005576133728,0.09449111825230681
73,7,16,1,0.8154494166374207,0.21821789023599242
73,7,32,1,0.8059066534042358,0.09449111825230681
73,7,64,1,0.8438363075256348,0.5714285714285716
73,7,3,2,0.8549437522888184,0.4629100498862758
73,7,5,2,0.951623260974884,0.8894991799933216
73,7,9,2,0.8550171852111816,0.5345224838248488
73,7,17,2,0.9245579838752747,0.6681531047810609
73,7,33,2,0.8696882128715515,0.7606388292556652
73,7,65,2,0.8910190463066101,0.5188745216627709
73,7,6,2,0.8237766027450562,0.4285714285714287
73,7,10,2,0.846339225769043,0.4834937784152281
73,7,18,2,0.8143718838691711,0.3585685828003181
73,7,34,2,0.806169867515564,0.09449111825230681
73,7,66,2,0.7558271884918213,0.0
73,7,12,2,0.8298510313034058,0.2964997266644406
73,7,20,2,0.9714219570159912,0.8426648406178137
73,7,36,2,0.8084074854850769,0.09449111825230681
73,7,68,2,0.8986228704452515,0.5520524474738835
73,7,24,2,0.9266664981842041,0.8189230248533256
73,7,40,2,0.803005576133728,0.09449111825230681
73,7,72,2,0.8438363075256348,0.5714285714285716
73,7,48,2,0.8614899516105652,0.5345224838248488
73,7,80,2,0.8977829217910767,0.5345224838248488
73,7,96,2,0.836000919342041,0.4285714285714287
73,7,7,3,0.9562970399856567,0.8894991799933216
73,7,11,3,0.8428215980529785,0.6681531047810608
73,7,19,3,0.9326822757720947,0.734968415259167
73,7,35,3,0.8590251207351685,0.6428571428571431
73,7,67,3,0.9101560115814209,0.6900655593423544
73,7,13,3,0.9011028409004211,0.8058229640253802
73,7,21,3,0.9930146932601929,1.0
73,7,37,3,0.9556614756584167,0.8894991799933216
73,7,69,3,0.9523482918739319,0.9636241116594316
73,7,25,3,0.9627197980880737,0.9285714285714286
73,7,41,3,0.8528813123703003,0.6900655593423544
73,7,73,3,0.8718344569206238,0.5520524474738835
73,7,49,3,0.9461294412612915,0.8583950752789523
73,7,81,3,0.9280205965042114,0.7970811413304558
73,7,97,3,0.9136029481887817,0.8189230248533256
73,7,14,3,0.8432366251945496,0.314970394174356
73,7,22,3,0.9672885537147522,0.7590721152765898
73,7,38,3,0.840662956237793,0.4409585518440984
73,7,70,3,0.9107769727706909,0.5714285714285716
73,7,26,3,0.9144407510757446,0.734968415259167
73,7,42,3,0.8257571458816528,0.4285714285714287
73,7,74,3,0.8413481712341309,0.5669467095138409
73,7,50,3,0.8228096961975098,0.32732683535398865
73,7,82,3,0.8984342813491821,0.4008918628686366
73,7,98,3,0.7618772387504578,0.0
73,7,28,3,0.9819858074188232,0.8819171036881968
73,7,44,3,0.8831299543380737,0.5241424183609593
73,7,76,3,0.9272830486297607,0.8058229640253802
73,7,52,3,0.9694315195083618,0.7357672073819592
73,7,84,3,0.9672885537147522,0.7590721152765898
73,7,100,3,0.9107769727706909,0.5714285714285716
73,7,56,3,0.9266664981842041,0.8189230248533256
73,7,88,3,0.9144407510757446,0.734968415259167
73,7,104,3,0.8438363075256348,0.5714285714285716
73,7,112,3,0.8984342813491821,0.4008918628686366
73,7,15,4,0.903300404548645,0.8451542547285169
73,7,23,4,0.9930146932601929,1.0
73,7,39,4,0.9556614756584167,0.8894991799933216
73,7,71,4,0.9386060833930969,0.8583950752789523
73,7,27,4,0.9461294412612915,0.8583950752789523
73,7,43,4,0.8549997806549072,0.6210590034081189
73,7,75,4,0.9029873609542847,0.7970811413304557
73,7,51,4,0.9326822757720947,0.734968415259167
73,7,83,4,0.9313424229621887,0.7970811413304558
73,7,99,4,0.9136029481887817,0.8189230248533256
73,7,29,4,0.9930146932601929,1.0
73,7,45,4,0.8712401390075684,0.7349684152591669
73,7,77,4,0.9189436435699463,0.8583950752789523
73,7,53,4,0.9930146932601929,1.0
73,7,85,4,0.9930146932601929,1.0
73,7,101,4,0.9523482918739319,0.9636241116594316
73,7,57,4,0.899165689945221,0.7970811413304557
73,7,89,4,0.954193115234375,0.8583950752789523
73,7,105,4,0.8849283456802368,0.7349684152591669
73,7,113,4,0.9245579838752747,0.6681531047810609
73,7,30,4,0.9785846471786499,0.8819171036881968
73,7,46,4,0.9082204103469849,0.545544725589981
73,7,78,4,0.9239317178726196,0.734968415259167
73,7,54,4,0.9672885537147522,0.7590721152765898
73,7,86,4,0.9742035865783691,0.8017837257372731
73,7,102,4,0.9107769727706909,0.5714285714285716
73,7,58,4,0.9280570149421692,0.8189230248533256
73,7,90,4,0.9144407510757446,0.734968415259167
73,7,106,4,0.8413481712341309,0.5669467095138409
73,7,114,4,0.8984342813491821,0.4008918628686366
73,7,60,4,0.9413285255432129,0.6210590034081189
73,7,92,4,0.9459443092346191,0.6546536707079772
73,7,108,4,0.9304216504096985,0.8058229640253802
73,7,116,4,0.9496439099311829,0.7412493166611014
73,7,120,4,0.9144407510757446,0.734968415259167
73,7,31,5,1.0,1.0
73,7,47,5,0.8941745758056641,0.7590721152765898
73,7,79,5,0.9421815276145935,0.9285714285714286
73,7,55,5,0.9930146932601929,1.0
73,7,87,5,1.0,1.0
73,7,103,5,0.935549259185791,0.8583950752789523
73,7,59,5,0.8976695537567139,0.7970811413304557
73,7,91,5,0.9510627388954163,0.8894991799933216
73,7,107,5,0.9029873609542847,0.7970811413304557
73,7,115,5,0.9461294412612915,0.8583950752789523
73,7,61,5,0.9930146932601929,1.0
73,7,93,5,1.0,1.0
73,7,109,5,0.9160710573196411,0.801783725737273
73,7,117,5,0.9930146932601929,1.0
73,7,121,5,0.954193115234375,0.8583950752789523
73,7,62,5,0.9819858074188232,0.8819171036881968
73,7,94,5,0.9459443092346191,0.6546536707079772
73,7,110,5,0.9239317178726196,0.734968415259167
73,7,118,5,0.9313516616821289,0.5976143046671969
73,7,122,5,0.9144407510757446,0.734968415259167
73,7,124,5,0.9819858074188232,0.8819171036881968
73,7,63,6,0.9930146932601929,1.0
73,7,95,6,1.0,1.0
73,7,111,6,0.9375200271606445,0.7970811413304558
73,7,119,6,1.0,1.0
73,7,123,6,0.9510627388954163,0.8894991799933216
73,7,125,6,1.0,1.0
73,7,126,6,0.9819858074188232,0.8819171036881968
74,7,127,7,1.0,1.0000000000000002
74,7,0,0,0.7579306364059448,0.4045199174779453
74,7,1,1,0.72957444190979,0.28284271247461906
74,7,2,1,0.743395209312439,0.31622776601683794
74,7,4,1,0.7360730767250061,0.2927700218845599
74,7,8,1,0.7480950355529785,0.3796283011826483
74,7,16,1,0.7771708965301514,0.21213203435596428
74,7,32,1,0.7181410789489746,0.3415650255319866
74,7,64,1,0.7063723802566528,0.24806946917841696
74,7,3,2,0.7242816686630249,0.35909242322980406
74,7,5,2,0.7293707132339478,0.32274861218395146
74,7,9,2,0.7674202919006348,0.43412157106222965
74,7,17,2,0.761347770690918,0.2940858488375232
74,7,33,2,0.731458306312561,0.25819888974716115
74,7,65,2,0.7329092621803284,0.25819888974716115
74,7,6,2,0.7252725958824158,0.24806946917841696
74,7,10,2,0.7576168179512024,0.4045199174779453
74,7,18,2,0.7956485748291016,0.43412157106222965
74,7,34,2,0.7568489909172058,0.33541019662496846
74,7,66,2,0.7364083528518677,0.33541019662496846
74,7,12,2,0.7476367950439453,0.3913118960624632
74,7,20,2,0.804827868938446,0.37210420376762543
74,7,36,2,0.7420249581336975,0.3012320380383545
74,7,68,2,0.721226155757904,0.29999999999999993
74,7,24,2,0.8052512407302856,0.37210420376762543
74,7,40,2,0.7517388463020325,0.39036002917941326
74,7,72,2,0.7436887621879578,0.32539568672798425
74,7,48,2,0.8477837443351746,0.39528470752104744
74,7,80,2,0.7863727807998657,0.22360679774997894
74,7,96,2,0.8417782783508301,0.32274861218395146
74,7,7,3,0.7590987682342529,0.32274861218395146
74,7,11,3,0.7695733308792114,0.46188021535170065
74,7,19,3,0.801628053188324,0.4041451884327381
74,7,35,3,0.764783501625061,0.37210420376762543
74,7,67,3,0.7547377347946167,0.3499999999999999
74,7,13,3,0.76798015832901,0.32274861218395146
74,7,21,3,0.7990057468414307,0.3100868364730212
74,7,37,3,0.7448866367340088,0.3999999999999999
74,7,69,3,0.7464312314987183,0.25819888974716115
74,7,25,3,0.7944929599761963,0.4183300132670378
74,7,41,3,0.7550699710845947,0.4767312946227963
74,7,73,3,0.7773160338401794,0.3872983346207417
74,7,49,3,0.8505570888519287,0.4183300132670378
74,7,81,3,0.7898707389831543,0.3100868364730212
74,7,97,3,0.8097461462020874,0.31622776601683794
74,7,14,3,0.7644652128219604,0.49999999999999994
74,7,22,3,0.7956485748291016,0.43412157106222965
74,7,38,3,0.7621561884880066,0.37210420376762543
74,7,70,3,0.7252725958824158,0.24806946917841696
74,7,26,3,0.7956485748291016,0.43412157106222965
74,7,42,3,0.7655707001686096,0.466252404120157
74,7,74,3,0.7471314668655396,0.4472135954999579
74,7,50,3,0.8624200820922852,0.5196152422706632
74,7,82,3,0.7982905507087708,0.38729833462074176
74,7,98,3,0.8206895589828491,0.4472135954999579
74,7,28,3,0.7946528196334839,0.4045199174779453
74,7,44,3,0.7234385013580322,0.23717082451262844
74,7,76,3,0.7773160338401794,0.3872983346207417
74,7,52,3,0.8673128485679626,0.47809144373375745
74,7,84,3,0.791276752948761,0.35355339059327384
74,7,100,3,0.8195365071296692,0.3689323936863109
74,7,56,3,0.8588047027587891,0.4472135954999579
74,7,88,3,0.8340342044830322,0.37210420376762543
74,7,104,3,0.8581656217575073,0.5590169943749475
74,7,112,3,0.8416453003883362,0.35355339059327384
74,7,15,4,0.7695733308792114,0.46188021535170065
74,7,23,4,0.7901105284690857,0.45184805705753206
74,7,39,4,0.7783551216125488,0.43412157106222965
74,7,71,4,0.7603415250778198,0.3100868364730212
74,7,27,4,0.7977923154830933,0.4183300132670378
74,7,43,4,0.7363412976264954,0.4472135954999579
74,7,75,4,0.7773160338401794,0.3872983346207417
74,7,51,4,0.8703493475914001,0.5031152949374527
74,7,83,4,0.7942930459976196,0.4041451884327381
74,7,99,4,0.7999825477600098,0.6324555320336759
74,7,29,4,0.7993517518043518,0.37210420376762543
74,7,45,4,0.7569513320922852,0.3464101615137755
74,7,77,4,0.7773160338401794,0.3872983346207417
74,7,53,4,0.8830901384353638,0.5378528742004771
74,7,85,4,0.7962808012962341,0.3100868364730212
74,7,101,4,0.8097461462020874,0.31622776601683794
74,7,57,4,0.9360361099243164,0.8000000000000002
74,7,89,4,0.7987772226333618,0.4041451884327381
74,7,105,4,0.8220301270484924,0.5070925528371101
74,7,113,4,0.8685619235038757,0.5031152949374527
74,7,30,4,0.7669976949691772,0.39528470752104744
74,7,46,4,0.7573596835136414,0.4898979485566356
74,7,78,4,0.7471314668655396,0.4472135954999579
74,7,54,4,0.8624200820922852,0.5196152422706632
74,7,86,4,0.7881888747215271,0.4041451884327381
74,7,102,4,0.8377624154090881,0.4618802153517007
74,7,58,4,0.8691078424453735,0.6708203932499368
74,7,90,4,0.7928410172462463,0.5
74,7,106,4,0.8324437141418457,0.6
74,7,114,4,0.8598654866218567,0.48809353009197637
74,7,60,4,0.862752377986908,0.47809144373375745
74,7,92,4,0.8049176931381226,0.37210420376762543
74,7,108,4,0.8581656217575073,0.5590169943749475
74,7,116,4,0.8419997096061707,0.43412157106222965
74,7,120,4,0.8681021928787231,0.47809144373375745
74,7,31,5,0.7959195971488953,0.5590169943749475
74,7,47,5,0.7971149682998657,0.6324555320336759
74,7,79,5,0.7773160338401794,0.3872983346207417
74,7,55,5,0.8830901384353638,0.5378528742004771
74,7,87,5,0.7833243608474731,0.3585685828003181
74,7,103,5,0.7999825477600098,0.6324555320336759
74,7,59,5,0.9360361099243164,0.8000000000000002
74,7,91,5,0.9360361099243164,0.8000000000000002
74,7,107,5,0.7999825477600098,0.6324555320336759
74,7,115,5,0.8703493475914001,0.5031152949374527
74,7,61,5,0.8703493475914001,0.5031152949374527
74,7,93,5,0.7919578552246094,0.33541019662496846
74,7,109,5,0.7999825477600098,0.6324555320336759
74,7,117,5,0.8570632338523865,0.4618802153517007
74,7,121,5,0.8685619235038757,0.5031152949374527
74,7,62,5,0.8691078424453735,0.6708203932499368
74,7,94,5,0.7928410172462463,0.5
74,7,110,5,0.8324437141418457,0.6
74,7,118,5,0.8689188957214355,0.5031152949374527
74,7,122,5,0.9697964787483215,0.8207826816681235
74,7,124,5,0.8681021928787231,0.47809144373375745
74,7,63,6,0.9360361099243164,0.8000000000000002
74,7,95,6,0.7932071089744568,0.5
74,7,111,6,0.7999825477600098,0.6324555320336759
74,7,119,6,0.8703493475914001,0.5031152949374527
74,7,123,6,0.9055901169776917,0.6708203932499368
74,7,125,6,0.9055901169776917,0.6708203932499368
74,7,126,6,0.9697964787483215,0.8207826816681235
75,7,127,7,1.0,0.9999999999999999
75,7,0,0,0.8611544370651245,0.6390096504226939
75,7,1,1,0.8517346382141113,0.6390096504226939
75,7,2,1,0.8558108806610107,0.6390096504226939
75,7,4,1,0.8499961495399475,0.4146442144313648
75,7,8,1,0.8256896734237671,0.38924947208076155
75,7,16,1,0.8613913059234619,0.4383570037596047
75,7,32,1,0.8444351553916931,0.35540932665545555
75,7,64,1,0.9272176623344421,0.8198915917499229
75,7,3,2,0.8642078638076782,0.5728918992315465
75,7,5,2,0.8835715651512146,0.5520524474738836
75,7,9,2,0.8438730239868164,0.6708203932499369
75,7,17,2,0.8394975662231445,0.316227766016838
75,7,33,2,0.8169474005699158,0.32274861218395146
75,7,65,2,0.9004469513893127,0.6445033866354898
75,7,6,2,0.8373733162879944,0.447213595499958
75,7,10,2,0.8377709984779358,0.38729833462074176
75,7,18,2,0.8651353716850281,0.4383570037596047
75,7,34,2,0.8766692280769348,0.6900655593423545
75,7,66,2,0.9272176623344421,0.8198915917499229
75,7,12,2,0.8449971675872803,0.4383570037596047
75,7,20,2,0.9192968010902405,0.8593378488473197
75,7,36,2,0.9010899066925049,0.47387910220727403
75,7,68,2,0.9405149221420288,0.8944271909999159
75,7,24,2,0.8651353716850281,0.4383570037596047
75,7,40,2,0.9274943470954895,0.7590721152765899
75,7,72,2,0.9289003610610962,0.8198915917499229
75,7,48,2,0.8995225429534912,0.47387910220727403
75,7,80,2,0.90720534324646,0.48686449556014777
75,7,96,2,0.9555436968803406,0.8593378488473197
75,7,7,3,0.8835715651512146,0.5520524474738836
75,7,11,3,0.868020236492157,0.5728918992315465
75,7,19,3,0.8580186367034912,0.4
75,7,35,3,0.8235771656036377,0.25819888974716115
75,7,67,3,0.9003379344940186,0.7006490497453708
75,7,13,3,0.9121158123016357,0.8593378488473197
75,7,21,3,0.9485946297645569,0.930949336251263
75,7,37,3,0.9260192513465881,0.8280786712108253
75,7,69,3,0.9566559791564941,0.930949336251263
75,7,25,3,0.8930491209030151,0.7161148740394331
75,7,41,3,0.8444008231163025,0.32274861218395146
75,7,73,3,0.8848674893379211,0.4
75,7,49,3,0.8462899327278137,0.29277002188456
75,7,81,3,0.8955095410346985,0.39036002917941337
75,7,97,3,0.910635232925415,0.38729833462074176
75,7,14,3,0.8468272686004639,0.4383570037596047
75,7,22,3,0.9192968010902405,0.8593378488473197
75,7,38,3,0.9129408001899719,0.47387910220727403
75,7,70,3,0.9405149221420288,0.8944271909999159
75,7,26,3,0.9223464727401733,0.8198915917499229
75,7,42,3,0.9059146642684937,0.7161148740394331
75,7,74,3,0.9289003610610962,0.8198915917499229
75,7,50,3,0.948661744594574,0.8280786712108253
75,7,82,3,0.9613144397735596,0.8593378488473197
75,7,98,3,0.9555436968803406,0.8593378488473197
75,7,28,3,0.9348400831222534,0.8944271909999159
75,7,44,3,0.8468272686004639,0.4383570037596047
75,7,76,3,0.9446038007736206,0.8944271909999159
75,7,52,3,0.9566996097564697,0.8970852271450608
75,7,84,3,0.9702332019805908,0.930949336251263
75,7,100,3,0.969941258430481,0.930949336251263
75,7,56,3,0.9450590014457703,0.8280786712108253
75,7,88,3,0.9613144397735596,0.8593378488473197
75,7,104,3,0.9576963186264038,0.8280786712108253
75,7,112,3,0.9331568479537964,0.5331139899831833
75,7,15,4,0.855317234992981,0.5962847939999439
75,7,23,4,0.9401816129684448,0.8593378488473197
75,7,39,4,0.8910940885543823,0.7999999999999999
75,7,71,4,0.9566559791564941,0.930949336251263
75,7,27,4,0.9014172554016113,0.7877263614433764
75,7,43,4,0.857562780380249,0.621059003408119
75,7,75,4,0.9033847451210022,0.7453559924999299
75,7,51,4,0.8462899327278137,0.29277002188456
75,7,83,4,0.8955095410346985,0.39036002917941337
75,7,99,4,0.860853374004364,0.3757345746510897
75,7,29,4,0.9501594305038452,0.930949336251263
75,7,45,4,0.9121158123016357,0.8593378488473197
75,7,77,4,0.9566559791564941,0.930949336251263
75,7,53,4,0.9385743141174316,0.8970852271450608
75,7,85,4,0.9801807999610901,0.9660917830792962
75,7,101,4,0.9728652834892273,0.8970852271450608
75,7,57,4,0.841829240322113,0.3265986323710905
75,7,89,4,0.8791967630386353,0.40824829046386313
75,7,105,4,0.934622049331665,0.7590721152765899
75,7,113,4,0.9256224632263184,0.5449492609130662
75,7,30,4,0.9348400831222534,0.8944271909999159
75,7,46,4,0.8792896866798401,0.4146442144313648
75,7,78,4,0.9405149221420288,0.8944271909999159
75,7,54,4,0.9505463242530823,0.8970852271450608
75,7,86,4,0.9653346538543701,0.930949336251263
75,7,102,4,0.9655814170837402,0.930949336251263
75,7,58,4,0.948661744594574,0.8280786712108253
75,7,90,4,0.9613144397735596,0.8593378488473197
75,7,106,4,0.9534136652946472,0.7999999999999999
75,7,114,4,0.9838009476661682,0.8970852271450608
75,7,60,4,0.9566996097564697,0.8970852271450608
75,7,92,4,0.9702332019805908,0.930949336251263
75,7,108,4,0.969941258430481,0.930949336251263
75,7,116,4,0.9903497695922852,0.9660917830792962
75,7,120,4,0.9838009476661682,0.8970852271450608
75,7,31,5,0.9401816129684448,0.8593378488473197
75,7,47,5,0.921419620513916,0.8280786712108253
75,7,79,5,0.9566559791564941,0.930949336251263
75,7,55,5,0.9385743141174316,0.8970852271450608
75,7,87,5,0.9801807999610901,0.9660917830792962
75,7,103,5,0.9805684089660645,0.9660917830792962
75,7,59,5,0.8952010273933411,0.6900655593423545
75,7,91,5,0.9326553344726562,0.7877263614433764
75,7,107,5,0.9297426342964172,0.7877263614433764
75,7,115,5,0.9427772164344788,0.5449492609130662
75,7,61,5,0.9385743141174316,0.8970852271450608
75,7,93,5,0.9801807999610901,0.9660917830792962
75,7,109,5,0.9805684089660645,0.9660917830792962
75,7,117,5,1.0,0.9999999999999999
75,7,121,5,0.9083573818206787,0.46709936649691386
75,7,62,5,0.9505463242530823,0.8970852271450608
75,7,94,5,0.9702332019805908,0.930949336251263
75,7,110,5,0.9379302263259888,0.8593378488473197
75,7,118,5,0.9843429327011108,0.9660917830792962
75,7,122,5,0.9838009476661682,0.8970852271450608
75,7,124,5,0.9903497695922852,0.9660917830792962
75,7,63,6,0.9385743141174316,0.8970852271450608
75,7,95,6,0.965674638748169,0.8593378488473197
75,7,111,6,0.9805684089660645,0.9660917830792962
75,7,119,6,1.0,0.9999999999999999
75,7,123,6,0.9710403084754944,0.7999999999999999
75,7,125,6,1.0,0.9999999999999999
75,7,126,6,0.9843429327011108,0.9660917830792962
76,5,31,5,1.0000001192092896,1.0000000000000007
76,5,0,0,0.8377779126167297,0.5929994533288813
76,5,1,1,0.8987672328948975,0.9230769230769237
76,5,2,1,0.8786047101020813,0.7844645405527362
76,5,4,1,0.8715095520019531,0.8006407690254359
76,5,8,1,0.8171602487564087,0.6445033866354898
76,5,16,1,0.8310511708259583,0.5728918992315465
76,5,3,2,0.8987672328948975,0.9230769230769237
76,5,5,2,0.9026797413825989,0.9230769230769237
76,5,9,2,0.8987672328948975,0.9230769230769237
76,5,17,2,0.9283161163330078,0.8807048459279795
76,5,6,2,0.8760506510734558,0.8072073527955752
76,5,10,2,0.8786047101020813,0.7844645405527362
76,5,18,2,0.8777568936347961,0.6933752452815366
76,5,12,2,0.8739877343177795,0.8006407690254359
76,5,20,2,0.9518213272094727,0.6933752452815366
76,5,24,2,0.9174391031265259,0.6923076923076927
76,5,7,3,0.9068872928619385,0.9152086306448588
76,5,11,3,0.882361888885498,0.8894991799933217
76,5,19,3,0.9405763149261475,0.8894991799933217
76,5,13,3,0.8955807089805603,0.9230769230769237
76,5,21,3,0.9581267833709717,0.7442084075352511
76,5,25,3,0.9422961473464966,0.8894991799933217
76,5,14,3,0.8739877343177795,0.8006407690254359
76,5,22,3,0.9898235201835632,0.9198662110078001
76,5,26,3,0.9739507436752319,0.8498365855987975
76,5,28,3,0.9518213272094727,0.6933752452815366
76,5,15,4,0.882361888885498,0.8894991799933217
76,5,23,4,1.0000001192092896,1.0000000000000007
76,5,27,4,0.9955177307128906,1.0000000000000007
76,5,29,4,0.9919333457946777,0.9607689228305231
76,5,30,4,0.9898235201835632,0.9198662110078001
77,6,63,6,1.0,0.9999999999999992
77,6,0,0,0.8345323204994202,0.7807200583588262
77,6,1,1,0.9011375904083252,0.8999999999999994
77,6,2,1,0.8631988167762756,0.8082903768654762
77,6,4,1,0.8962322473526001,0.9499999999999993
77,6,8,1,0.8559271097183228,0.8499999999999994
77,6,16,1,0.8345323204994202,0.7807200583588262
77,6,32,1,0.964195728302002,0.9219544457292882
77,6,3,2,0.9011375904083252,0.8999999999999994
77,6,5,2,0.8949100971221924,0.9499999999999993
77,6,9,2,0.8877395987510681,0.8062257748298552
77,6,17,2,0.9011375904083252,0.8999999999999994
77,6,33,2,0.987493634223938,0.9499999999999993
77,6,6,2,0.8962322473526001,0.9499999999999993
77,6,10,2,0.8408365845680237,0.7807200583588262
77,6,18,2,0.8691602945327759,0.8959786703810404
77,6,34,2,0.987493634223938,0.9499999999999993
77,6,12,2,0.8962322473526001,0.9499999999999993
77,6,20,2,0.8962322473526001,0.9499999999999993
77,6,36,2,1.0,0.9999999999999992
77,6,24,2,0.8415684103965759,0.7807200583588262
77,6,40,2,0.964195728302002,0.9219544457292882
77,6,48,2,0.964195728302002,0.9219544457292882
77,6,7,3,0.8949100971221924,0.9499999999999993
77,6,11,3,0.8877395987510681,0.8062257748298552
77,6,19,3,0.9011375904083252,0.8999999999999994
77,6,35,3,0.987493634223938,0.9499999999999993
77,6,13,3,0.8962322473526001,0.9499999999999993
77,6,21,3,0.90347820520401,0.9499999999999993
77,6,37,3,1.0,0.9999999999999992
77,6,25,3,0.9011375904083252,0.8999999999999994
77,6,41,3,0.987493634223938,0.9499999999999993
77,6,49,3,0.987493634223938,0.9499999999999993
77,6,14,3,0.8962322473526001,0.9499999999999993
77,6,22,3,0.8962322473526001,0.9499999999999993
77,6,38,3,1.0,0.9999999999999992
77,6,26,3,0.8817894458770752,0.8499999999999994
77,6,42,3,0.987493634223938,0.9499999999999993
77,6,50,3,0.987493634223938,0.9499999999999993
77,6,28,3,0.8962322473526001,0.9499999999999993
77,6,44,3,1.0,0.9999999999999992
77,6,52,3,1.0,0.9999999999999992
77,6,56,3,0.987493634223938,0.9499999999999993
77,6,15,4,0.8937532901763916,0.927105069301106
77,6,23,4,0.90347820520401,0.9499999999999993
77,6,39,4,1.0,0.9999999999999992
77,6,27,4,0.8959655165672302,0.8062257748298552
77,6,43,4,0.9798547625541687,0.8682431421244595
77,6,51,4,0.928207278251648,0.8295150620062528
77,6,29,4,0.90347820520401,0.9499999999999993
77,6,45,4,1.0,0.9999999999999992
77,6,53,4,1.0,0.9999999999999992
77,6,57,4,0.987493634223938,0.9499999999999993
77,6,30,4,0.8962322473526001,0.9499999999999993
77,6,46,4,1.0,0.9999999999999992
77,6,54,4,1.0,0.9999999999999992
77,6,58,4,0.987493634223938,0.9499999999999993
77,6,60,4,1.0,0.9999999999999992
77,6,31,5,0.8962322473526001,0.9499999999999993
77,6,47,5,1.0,0.9999999999999992
77,6,55,5,1.0,0.9999999999999992
77,6,59,5,0.9798547625541687,0.8682431421244595
77,6,61,5,1.0,0.9999999999999992
77,6,62,5,1.0,0.9999999999999992
79,7,127,7,0.9999999403953552,1.0
79,7,0,0,0.7674566507339478,0.38949041885226016
79,7,1,1,0.8197915554046631,0.280056016805602
79,7,2,1,0.812706470489502,0.2100420126042015
79,7,4,1,0.8035198450088501,0.7058823529411765
79,7,8,1,0.8312792778015137,0.26906911759852503
79,7,16,1,0.8255319595336914,0.7050239879106323
79,7,32,1,0.8298243880271912,0.7789808377045203
79,7,64,1,0.871999979019165,0.7233393492970546
79,7,3,2,0.9074988961219788,0.4708709557974189
79,7,5,2,0.8127485513687134,0.26906911759852503
79,7,9,2,0.8621315360069275,0.280056016805602
79,7,17,2,0.8122580647468567,0.24253562503633294
79,7,33,2,0.8154694437980652,0.280056016805602
79,7,65,2,0.8861660957336426,0.36563621206356534
79,7,6,2,0.8308401107788086,0.2300894966542112
79,7,10,2,0.8386734127998352,0.2100420126042015
79,7,18,2,0.841849148273468,0.6482037235521644
79,7,34,2,0.8913441896438599,0.7882407813680824
79,7,66,2,0.8766852021217346,0.8072073527955753
79,7,12,2,0.9151760935783386,0.35007002100700246
79,7,20,2,0.7769596576690674,0.2592814894208658
79,7,36,2,0.8021274209022522,0.6676978608895888
79,7,68,2,0.8997658491134644,0.7514691493021792
79,7,24,2,0.8383065462112427,0.3338489304447944
79,7,40,2,0.9038866758346558,0.42008402520840293
79,7,72,2,0.9232896566390991,0.7276068751089991
79,7,48,2,0.8298243880271912,0.7789808377045203
79,7,80,2,0.9183803796768188,0.7431605356175385
79,7,96,2,0.8996437788009644,0.6581451817144176
79,7,7,3,0.9222043752670288,0.5185629788417315
79,7,11,3,0.9827167391777039,0.8775269089525568
79,7,19,3,0.9074988961219788,0.4708709557974189
79,7,35,3,0.9074988961219788,0.4708709557974189
79,7,67,3,0.9425462484359741,0.7882407813680824
79,7,13,3,0.8864889740943909,0.7647058823529412
79,7,21,3,0.8642613291740417,0.36563621206356534
79,7,37,3,0.8559715151786804,0.3363363969981563
79,7,69,3,0.8542760610580444,0.5716619504750297
79,7,25,3,0.8532297611236572,0.2592814894208658
79,7,41,3,0.9530469179153442,0.8823529411764707
79,7,73,3,0.9275158047676086,0.6676978608895888
79,7,49,3,0.8206870555877686,0.29250896965085227
79,7,81,3,0.8861660957336426,0.36563621206356534
79,7,97,3,0.8948595523834229,0.6669729688499159
79,7,14,3,0.918675422668457,0.4036036763977876
79,7,22,3,0.8697571754455566,0.7130240959073808
79,7,38,3,0.8837096691131592,0.4036036763977876
79,7,70,3,0.9344905018806458,0.8140915784106941
79,7,26,3,0.8766652345657349,0.29250896965085227
79,7,42,3,0.9109932780265808,0.38892223413129867
79,7,74,3,0.95303875207901,0.8574929257125445
79,7,50,3,0.9353101849555969,0.876714007519209
79,7,82,3,0.9109926819801331,0.8426648406178137
79,7,98,3,0.9194842576980591,0.7276068751089991
79,7,28,3,0.8665460348129272,0.36563621206356534
79,7,44,3,0.9183883666992188,0.4708709557974189
79,7,76,3,0.9590390920639038,0.7882407813680824
79,7,52,3,0.7958236932754517,0.3757345746510897
79,7,84,3,0.9372537732124329,0.8072073527955753
79,7,100,3,0.9246614575386047,0.7514691493021792
79,7,56,3,0.8624300956726074,0.2100420126042015
79,7,88,3,0.9222406148910522,0.3363363969981563
79,7,104,3,0.9013569355010986,0.6902684899626336
79,7,112,3,0.9239569306373596,0.7058823529411765
79,7,15,4,0.9827167391777039,0.8775269089525568
79,7,23,4,0.9222043752670288,0.5185629788417315
79,7,39,4,0.9649606943130493,0.9411764705882354
79,7,71,4,0.9952340722084045,0.8823529411764707
79,7,27,4,0.9477112889289856,0.583383351196948
79,7,43,4,0.9291706085205078,0.7669649888473706
79,7,75,4,0.9291706085205078,0.7669649888473706
79,7,51,4,0.9074988961219788,0.4708709557974189
79,7,83,4,0.9074988961219788,0.4708709557974189
79,7,99,4,0.9425462484359741,0.7882407813680824
79,7,29,4,0.8713982105255127,0.4036036763977876
79,7,45,4,0.9368190765380859,0.7431605356175386
79,7,77,4,0.9637236595153809,0.8823529411764707
79,7,53,4,0.8704389929771423,0.4036036763977876
79,7,85,4,0.8978774547576904,0.4036036763977876
79,7,101,4,0.9376533031463623,0.7647058823529412
79,7,57,4,0.8394769430160522,0.2100420126042015
79,7,89,4,0.9065274000167847,0.4036036763977876
79,7,105,4,0.9375694990158081,0.7431605356175386
79,7,113,4,0.933936357498169,0.876714007519209
79,7,30,4,0.9390360713005066,0.4708709557974189
79,7,46,4,0.9241605997085571,0.4036036763977876
79,7,78,4,0.985471248626709,0.9701425001453322
79,7,54,4,0.9599928259849548,0.9393364366277239
79,7,86,4,0.9532983303070068,0.9074852129730301
79,7,102,4,0.9382048845291138,0.7701540462154054
79,7,58,4,0.9156136512756348,0.4383570037596047
79,7,90,4,0.9068524837493896,0.42008402520840293
79,7,106,4,0.9391438364982605,0.7001400420140048
79,7,114,4,0.899020254611969,0.6902684899626336
79,7,60,4,0.9416310787200928,0.5381382351970502
79,7,92,4,0.9687942266464233,0.9074852129730301
79,7,108,4,0.9653987288475037,0.7882407813680824
79,7,116,4,0.9094308018684387,0.6902684899626336
79,7,120,4,0.9566847085952759,0.823529411764706
79,7,31,5,0.9457764625549316,0.5381382351970502
79,7,47,5,0.9999999403953552,1.0
79,7,79,5,0.9999999403953552,1.0
79,7,55,5,0.9322651028633118,0.5381382351970502
79,7,87,5,0.988134503364563,0.9411764705882354
79,7,103,5,0.9594244956970215,0.823529411764706
79,7,59,5,0.9477112889289856,0.583383351196948
79,7,91,5,0.9477112889289856,0.583383351196948
79,7,107,5,0.9952340722084045,0.8823529411764707
79,7,115,5,0.9291706085205078,0.7669649888473706
79,7,61,5,0.8367930054664612,0.35007002100700246
79,7,93,5,0.9254059791564941,0.4537426064865151
79,7,109,5,0.9723958969116211,0.8003267306650416
79,7,117,5,0.950532853603363,0.9095085938862489
79,7,121,5,0.9545689821243286,0.8823529411764707
79,7,62,5,0.9393861889839172,0.5381382351970502
79,7,94,5,0.9847190380096436,0.876714007519209
79,7,110,5,0.985471248626709,0.9701425001453322
79,7,118,5,0.9395709037780762,0.808452083454443
79,7,122,5,0.95303875207901,0.8574929257125445
79,7,124,5,0.9678367376327515,0.8436614877321077
79,7,63,6,0.9477112889289856,0.583383351196948
79,7,95,6,0.9971325397491455,0.9701425001453322
79,7,111,6,0.9999999403953552,1.0
79,7,119,6,0.9715524911880493,0.8043996665398437
79,7,123,6,0.9999999403953552,1.0
79,7,125,6,0.9789221286773682,0.9411764705882354
79,7,126,6,0.985471248626709,0.9701425001453322
80,4,15,4,1.0,1.0000000000000002
80,4,0,0,0.804133415222168,0.18181818181818182
80,4,1,1,0.8167190551757812,0.25087260300212727
80,4,2,1,0.7795697450637817,0.25087260300212727
80,4,4,1,0.8860734701156616,0.25087260300212727
80,4,8,1,0.8847405910491943,0.7627700713964741
80,4,3,2,0.785653293132782,0.26967994498529685
80,4,5,2,0.9193278551101685,0.3481553119113957
80,4,9,2,0.9030702114105225,0.7627700713964741
80,4,6,2,0.8877553939819336,0.26967994498529685
80,4,10,2,0.8712450861930847,0.4029114820126903
80,4,12,2,0.8448466062545776,0.24174688920761417
80,4,7,3,0.8692798614501953,0.40451991747794525
80,4,11,3,0.9090065956115723,0.9090909090909093
80,4,13,3,0.9193278551101685,0.3481553119113957
80,4,14,3,0.9316853880882263,0.5698028822981899
81,7,127,7,0.9999998807907104,1.0000000000000007
81,7,0,0,0.7789549827575684,0.14824986333222032
81,7,1,1,0.7869393229484558,0.14824986333222032
81,7,2,1,0.8049416542053223,0.30860669992418394
81,7,4,1,0.7943887710571289,0.20701966780270636
81,7,8,1,0.9381510615348816,0.7126966450997986
81,7,16,1,0.8592954874038696,0.5000000000000002
81,7,32,1,0.7559793591499329,0.13363062095621223
81,7,64,1,0.8817086815834045,0.7126966450997986
81,7,3,2,0.8049416542053223,0.30860669992418394
81,7,5,2,0.8030498027801514,0.3340765523905306
81,7,9,2,0.9508996605873108,0.8451542547285171
81,7,17,2,0.8693952560424805,0.7606388292556654
81,7,33,2,0.8175811767578125,0.28571428571428586
81,7,65,2,0.8674358129501343,0.6761234037828137
81,7,6,2,0.8266028761863708,0.3571428571428573
81,7,10,2,0.9508996605873108,0.8451542547285171
81,7,18,2,0.8076225519180298,0.29649972666444063
81,7,34,2,0.8175811767578125,0.28571428571428586
81,7,66,2,0.9132061004638672,0.8451542547285171
81,7,12,2,0.9451536536216736,0.8451542547285171
81,7,20,2,0.8679563403129578,0.601337794302955
81,7,36,2,0.8756084442138672,0.6446583712203044
81,7,68,2,0.8559958934783936,0.6446583712203044
81,7,24,2,0.9204565286636353,0.6761234037828137
81,7,40,2,0.9723551869392395,0.8451542547285171
81,7,72,2,0.9592577815055847,0.8017837257372734
81,7,48,2,0.8447227478027344,0.6943650748294139
81,7,80,2,0.891715407371521,0.7126966450997986
81,7,96,2,0.8902466297149658,0.6671243849949914
81,7,7,3,0.8090533018112183,0.29649972666444063
81,7,11,3,0.9508996605873108,0.8451542547285171
81,7,19,3,0.8076225519180298,0.29649972666444063
81,7,35,3,0.8166850805282593,0.28571428571428586
81,7,67,3,0.8469256162643433,0.3706246583305508
81,7,13,3,0.9760303497314453,0.9636241116594318
81,7,21,3,0.8948434591293335,0.848668424791506
81,7,37,3,0.9077456593513489,0.7590721152765899
81,7,69,3,0.9244089126586914,0.848668424791506
81,7,25,3,0.9310554265975952,0.7715167498104599
81,7,41,3,0.9791334867477417,0.925820099772552
81,7,73,3,0.9693043231964111,0.8864052604279185
81,7,49,3,0.815132200717926,0.4140393356054127
81,7,81,3,0.8460413217544556,0.3571428571428573
81,7,97,3,0.9259290099143982,0.8864052604279185
81,7,14,3,0.9760303497314453,0.9636241116594318
81,7,22,3,0.8960403800010681,0.8153742483272116
81,7,38,3,0.839475154876709,0.4008918628686367
81,7,70,3,0.929332971572876,0.8058229640253805
81,7,26,3,0.9310554265975952,0.7715167498104599
81,7,42,3,0.9791334867477417,0.925820099772552
81,7,74,3,0.9693043231964111,0.8864052604279185
81,7,50,3,0.8130866289138794,0.4140393356054127
81,7,82,3,0.9114151000976562,0.8058229640253805
81,7,98,3,0.8596464395523071,0.3571428571428573
81,7,28,3,0.962969183921814,0.8864052604279185
81,7,44,3,0.9691658020019531,0.8451542547285171
81,7,76,3,0.9759824275970459,0.8864052604279185
81,7,52,3,0.8930104970932007,0.7715167498104599
81,7,84,3,0.9075819849967957,0.6446583712203044
81,7,100,3,0.9543197154998779,0.8058229640253805
81,7,56,3,0.9707486629486084,0.8864052604279185
81,7,88,3,0.9551950097084045,0.7606388292556654
81,7,104,3,0.9723551869392395,0.8451542547285171
81,7,112,3,0.909343957901001,0.8058229640253805
81,7,15,4,0.9786609411239624,0.9636241116594318
81,7,23,4,0.8329023718833923,0.4008918628686367
81,7,39,4,0.8398236036300659,0.4008918628686367
81,7,71,4,0.8177979588508606,0.3571428571428573
81,7,27,4,0.9310554265975952,0.7715167498104599
81,7,43,4,0.9791334867477417,0.925820099772552
81,7,75,4,0.9693043231964111,0.8864052604279185
81,7,51,4,0.8097195625305176,0.4140393356054127
81,7,83,4,0.8460413217544556,0.3571428571428573
81,7,99,4,0.8576141595840454,0.42857142857142877
81,7,29,4,0.9760303497314453,0.9636241116594318
81,7,45,4,0.9647332429885864,0.8864052604279185
81,7,77,4,0.9957137703895569,0.9636241116594318
81,7,53,4,0.9016953706741333,0.8571428571428578
81,7,85,4,0.9242508411407471,0.8894991799933217
81,7,101,4,0.9308595657348633,0.8894991799933217
81,7,57,4,0.9814070463180542,0.9636241116594318
81,7,89,4,0.9648339152336121,0.848668424791506
81,7,105,4,0.9791334867477417,0.925820099772552
81,7,113,4,0.857711911201477,0.4830458915396481
81,7,30,4,0.9760303497314453,0.9636241116594318
81,7,46,4,0.9978697299957275,0.9636241116594318
81,7,78,4,0.9957137703895569,0.9636241116594318
81,7,54,4,0.8170199990272522,0.4629100498862759
81,7,86,4,0.9209592342376709,0.7412493166611015
81,7,102,4,0.9404847621917725,0.925820099772552
81,7,58,4,0.9814070463180542,0.9636241116594318
81,7,90,4,0.9640251994132996,0.848668424791506
81,7,106,4,0.9788650274276733,0.925820099772552
81,7,114,4,0.8604425191879272,0.4830458915396481
81,7,60,4,0.944946825504303,0.848668424791506
81,7,92,4,0.9817752242088318,0.925820099772552
81,7,108,4,0.983142614364624,0.8864052604279185
81,7,116,4,0.9293046593666077,0.848668424791506
81,7,120,4,0.9670936465263367,0.8864052604279185
81,7,31,5,0.9786609411239624,0.9636241116594318
81,7,47,5,0.9999998807907104,1.0000000000000007
81,7,79,5,0.9963570833206177,0.9636241116594318
81,7,55,5,0.8404672741889954,0.4537426064865151
81,7,87,5,0.873297929763794,0.46770717334674283
81,7,103,5,0.9357499480247498,0.925820099772552
81,7,59,5,0.9814070463180542,0.9636241116594318
81,7,91,5,0.9648339152336121,0.848668424791506
81,7,107,5,0.9791334867477417,0.925820099772552
81,7,115,5,0.857711911201477,0.4830458915396481
81,7,61,5,0.9995080232620239,1.0000000000000007
81,7,93,5,0.9889835119247437,0.9636241116594318
81,7,109,5,0.9911965131759644,0.9636241116594318
81,7,117,5,0.9339464902877808,0.9285714285714293
81,7,121,5,0.9814270734786987,0.9636241116594318
81,7,62,5,0.9995080232620239,1.0000000000000007
81,7,94,5,0.9957137703895569,0.9636241116594318
81,7,110,5,0.9999998807907104,1.0000000000000007
81,7,118,5,0.9366346597671509,0.9285714285714293
81,7,122,5,0.9814070463180542,0.9636241116594318
81,7,124,5,0.9781084060668945,0.925820099772552
81,7,63,6,0.9999998807907104,1.0000000000000007
81,7,95,6,0.9963570833206177,0.9636241116594318
81,7,111,6,0.9999998807907104,1.0000000000000007
81,7,119,6,0.8785971403121948,0.5185629788417315
81,7,123,6,0.9814070463180542,0.9636241116594318
81,7,125,6,0.9937734603881836,1.0000000000000007
81,7,126,6,0.9999998807907104,1.0000000000000007
82,7,127,7,1.0,1.0000000000000007
82,7,0,0,0.7418923377990723,0.18156825980064073
82,7,1,1,0.8163776993751526,0.5728918992315465
82,7,2,1,0.8289182782173157,0.3698001308168195
82,7,4,1,0.7709282636642456,0.13867504905630731
82,7,8,1,0.7783750891685486,0.36313651960128157
82,7,16,1,0.7510930895805359,0.28644594961577324
82,7,32,1,0.8278982639312744,0.7412493166611015
82,7,64,1,0.9125347137451172,0.6289709020331512
82,7,3,2,0.7887686491012573,0.35082320772281184
82,7,5,2,0.8591938018798828,0.5604485383178052
82,7,9,2,0.822203516960144,0.6793662204867578
82,7,17,2,0.7868107557296753,0.5726562866782003
82,7,33,2,0.8553665280342102,0.7627127698096903
82,7,65,2,0.9312412738800049,0.6923076923076927
82,7,6,2,0.8443930745124817,0.5241424183609593
82,7,10,2,0.8437340259552002,0.5241424183609593
82,7,18,2,0.8497725129127502,0.3698001308168195
82,7,34,2,0.8607746958732605,0.5853694070049636
82,7,66,2,0.8741135597229004,0.4902903378454603
82,7,12,2,0.8784042000770569,0.7692307692307697
82,7,20,2,0.8385264277458191,0.6445033866354898
82,7,36,2,0.8784042000770569,0.7692307692307697
82,7,68,2,0.8967616558074951,0.5853694070049636
82,7,24,2,0.7906010746955872,0.3846153846153848
82,7,40,2,0.793960452079773,0.41602514716892197
82,7,72,2,0.8688291311264038,0.6139406135149208
82,7,48,2,0.8302968144416809,0.7205766921228923
82,7,80,2,0.7933495044708252,0.4385290096535148
82,7,96,2,0.925734281539917,0.836242010007091
82,7,7,3,0.9257625937461853,0.8894991799933217
82,7,11,3,0.8692902326583862,0.7627127698096903
82,7,19,3,0.8330315351486206,0.4529108136578385
82,7,35,3,0.8607746958732605,0.5853694070049636
82,7,67,3,0.9378125667572021,0.8770580193070298
82,7,13,3,0.914920449256897,0.7877263614433764
82,7,21,3,0.86277174949646,0.5853694070049636
82,7,37,3,0.9111091494560242,0.7161148740394331
82,7,69,3,0.9261992573738098,0.7412493166611015
82,7,25,3,0.8160039782524109,0.6923076923076927
82,7,41,3,0.8597134947776794,0.8006407690254359
82,7,73,3,0.844416618347168,0.6153846153846158
82,7,49,3,0.8046416640281677,0.49613893835683387
82,7,81,3,0.8203386068344116,0.5017452060042545
82,7,97,3,0.9769836664199829,0.8593378488473197
82,7,14,3,0.8388752937316895,0.4902903378454603
82,7,22,3,0.8443930745124817,0.5241424183609593
82,7,38,3,0.857920229434967,0.739600261633639
82,7,70,3,0.8720328211784363,0.6289709020331512
82,7,26,3,0.8042693734169006,0.5204834387696164
82,7,42,3,0.8891981840133667,0.739600261633639
82,7,74,3,0.9361346960067749,0.6289709020331512
82,7,50,3,0.9093630313873291,0.6689936080056728
82,7,82,3,0.9138293266296387,0.6793662204867578
82,7,98,3,0.9093630313873291,0.6689936080056728
82,7,28,3,0.8784042000770569,0.7692307692307697
82,7,44,3,0.8977721929550171,0.7692307692307697
82,7,76,3,0.9044340252876282,0.7016464154456238
82,7,52,3,0.8523346781730652,0.7692307692307697
82,7,84,3,0.875883936882019,0.5853694070049636
82,7,100,3,0.9303414821624756,0.8320502943378438
82,7,56,3,0.793960452079773,0.41602514716892197
82,7,88,3,0.9103582501411438,0.7692307692307697
82,7,104,3,0.8176819682121277,0.5661385170722981
82,7,112,3,0.9211187362670898,0.7893522173763268
82,7,15,4,0.8787246942520142,0.739940073395944
82,7,23,4,0.8882396817207336,0.7627127698096903
82,7,39,4,0.9257625937461853,0.8894991799933217
82,7,71,4,0.930492639541626,0.8770580193070298
82,7,27,4,0.8692902326583862,0.7627127698096903
82,7,43,4,0.9093630313873291,0.6689936080056728
82,7,75,4,0.930492639541626,0.8770580193070298
82,7,51,4,0.9257625937461853,0.8894991799933217
82,7,83,4,0.9316155314445496,0.836242010007091
82,7,99,4,0.9925693273544312,1.0000000000000007
82,7,29,4,0.8714940547943115,0.6923076923076927
82,7,45,4,0.9160559773445129,0.8271701918685117
82,7,77,4,0.9756209254264832,0.8907986681660895
82,7,53,4,0.914920449256897,0.7877263614433764
82,7,85,4,0.9386776685714722,0.7161148740394331
82,7,101,4,0.9843653440475464,0.8498365855987975
82,7,57,4,0.8553665280342102,0.7627127698096903
82,7,89,4,0.9296886324882507,0.8153742483272116
82,7,105,4,0.9728431701660156,0.8807048459279795
82,7,113,4,0.9328321218490601,0.7877263614433764
82,7,30,4,0.8698800802230835,0.5853694070049636
82,7,46,4,0.8891981840133667,0.739600261633639
82,7,78,4,0.9361346960067749,0.6289709020331512
82,7,54,4,0.8545094728469849,0.739600261633639
82,7,86,4,0.8717945218086243,0.6289709020331512
82,7,102,4,0.8940123915672302,0.7161148740394331
82,7,58,4,0.8545094728469849,0.739600261633639
82,7,90,4,0.9603853821754456,0.8320502943378438
82,7,106,4,0.9603853821754456,0.8320502943378438
82,7,114,4,0.9093630313873291,0.6689936080056728
82,7,60,4,0.8977721929550171,0.7692307692307697
82,7,92,4,0.9557744860649109,0.8461538461538467
82,7,108,4,0.9599756598472595,0.8807048459279795
82,7,116,4,0.9303414821624756,0.8320502943378438
82,7,120,4,0.9650906324386597,0.836242010007091
82,7,31,5,0.8692902326583862,0.7627127698096903
82,7,47,5,0.9093630313873291,0.6689936080056728
82,7,79,5,0.9019606709480286,0.6726727939963126
82,7,55,5,0.8628882169723511,0.5853694070049636
82,7,87,5,0.9314585328102112,0.8770580193070298
82,7,103,5,1.0,1.0000000000000007
82,7,59,5,0.9093630313873291,0.6689936080056728
82,7,91,5,0.9925693273544312,1.0000000000000007
82,7,107,5,0.9925693273544312,1.0000000000000007
82,7,115,5,0.9925693273544312,1.0000000000000007
82,7,61,5,0.9160559773445129,0.8271701918685117
82,7,93,5,0.9756209254264832,0.8907986681660895
82,7,109,5,0.9387091398239136,0.9230769230769237
82,7,117,5,0.9811838269233704,0.8744746321952065
82,7,121,5,0.9728431701660156,0.8807048459279795
82,7,62,5,0.8891981840133667,0.739600261633639
82,7,94,5,0.9156919121742249,0.6793662204867578
82,7,110,5,0.9603853821754456,0.8320502943378438
82,7,118,5,0.9093630313873291,0.6689936080056728
82,7,122,5,0.9603853821754456,0.8320502943378438
82,7,124,5,0.9599756598472595,0.8807048459279795
82,7,63,6,0.8628882169723511,0.5853694070049636
82,7,95,6,0.9925693273544312,1.0000000000000007
82,7,111,6,1.0,1.0000000000000007
82,7,119,6,0.9925693273544312,1.0000000000000007
82,7,123,6,1.0,1.0000000000000007
82,7,125,6,0.9387091398239136,0.9230769230769237
82,7,126,6,0.9603853821754456,0.8320502943378438
83,5,31,5,1.0000001192092896,1.0000000000000007
83,5,0,0,0.7128691673278809,0.45291081365783853
83,5,1,1,0.7609729766845703,0.25087260300212727
83,5,2,1,0.7335419654846191,0.14824986333222032
83,5,4,1,0.7651663422584534,0.22237479499833046
83,5,8,1,0.8447116613388062,0.2941742027072761
83,5,16,1,0.764998197555542,0.25087260300212727
83,5,3,2,0.7552258968353271,0.13867504905630731
83,5,5,2,0.7742784023284912,0.2401922307076308
83,5,9,2,0.7584904432296753,0.14322297480788662
83,5,17,2,0.7791357040405273,0.3344968040028364
83,5,6,2,0.7588901519775391,0.3344968040028364
83,5,10,2,0.8476389646530151,0.5604485383178052
83,5,18,2,0.7791357040405273,0.3344968040028364
83,5,12,2,0.8645470142364502,0.3698001308168195
83,5,20,2,0.7622175812721252,0.3202563076101744
83,5,24,2,0.8527067303657532,0.3698001308168195
83,5,7,3,0.8032752275466919,0.3344968040028364
83,5,11,3,0.86082923412323,0.35082320772281184
83,5,19,3,0.7969221472740173,0.35082320772281184
83,5,13,3,0.8591128587722778,0.35082320772281184
83,5,21,3,0.7904326915740967,0.3202563076101744
83,5,25,3,0.8601353168487549,0.35082320772281184
83,5,14,3,0.8580062389373779,0.35082320772281184
83,5,22,3,0.7999516725540161,0.3344968040028364
83,5,26,3,0.7759787440299988,0.35082320772281184
83,5,28,3,0.8727949857711792,0.4385290096535148
83,5,15,4,0.8946291208267212,0.4385290096535148
83,5,23,4,0.8210061192512512,0.7016464154456238
83,5,27,4,0.8491140604019165,0.4181210050035455
83,5,29,4,0.8822275400161743,0.4181210050035455
83,5,30,4,0.9439120888710022,0.6933752452815366
84,6,63,6,1.0,1.0
84,6,0,0,0.7722972631454468,0.15569978883230462
84,6,1,1,0.7928124666213989,0.12909944487358058
84,6,2,1,0.7678645849227905,0.19364916731037085
84,6,4,1,0.7963019609451294,0.149071198499986
84,6,8,1,0.7472249269485474,0.12909944487358058
84,6,16,1,0.7533676624298096,0.14322297480788662
84,6,32,1,0.790578305721283,0.149071198499986
84,6,3,2,0.7744148969650269,0.3872983346207417
84,6,5,2,0.8578168749809265,0.3872983346207417
84,6,9,2,0.7838548421859741,0.20000000000000004
84,6,17,2,0.7807397842407227,0.09759000729485334
84,6,33,2,0.8200920820236206,0.20701966780270636
84,6,6,2,0.7894726395606995,0.105409255338946
84,6,10,2,0.8527134656906128,0.6708203932499369
84,6,18,2,0.7867361307144165,0.22360679774997902
84,6,34,2,0.8228520154953003,0.33333333333333337
84,6,12,2,0.8482478857040405,0.7161148740394331
84,6,20,2,0.8107326626777649,0.1380131118684709
84,6,36,2,0.8575502038002014,0.6885303726590963
84,6,24,2,0.8508676886558533,0.32274861218395146
84,6,40,2,0.8157974481582642,0.23354968324845693
84,6,48,2,0.7985623478889465,0.17213259316477408
84,6,7,3,0.8744661808013916,0.39036002917941337
84,6,11,3,0.7723031044006348,0.210818510677892
84,6,19,3,0.7479375600814819,0.210818510677892
84,6,35,3,0.8011307716369629,0.3265986323710905
84,6,13,3,0.8525838851928711,0.7161148740394331
84,6,21,3,0.8863537311553955,0.3872983346207417
84,6,37,3,0.9498688578605652,0.7784989441615231
84,6,25,3,0.8525619506835938,0.5163977794943223
84,6,41,3,0.8712341785430908,0.7006490497453708
84,6,49,3,0.8633535504341125,0.6900655593423545
84,6,14,3,0.9466514587402344,0.8563488385776754
84,6,22,3,0.9410962462425232,0.5477225575051662
84,6,38,3,0.7835908532142639,0.08606629658238704
84,6,26,3,0.783845841884613,0.24494897427831785
84,6,42,3,0.862491250038147,0.6900655593423545
84,6,50,3,0.8096622824668884,0.3265986323710905
84,6,28,3,0.9789630174636841,0.894427190999916
84,6,44,3,0.8520908355712891,0.7877263614433764
84,6,52,3,0.9346566200256348,0.7784989441615231
84,6,56,3,0.8122725486755371,0.5009794328681196
84,6,15,4,0.8748971223831177,0.39036002917941337
84,6,23,4,0.8765608668327332,0.4618802153517007
84,6,39,4,0.8791397213935852,0.4618802153517007
84,6,27,4,0.8004710674285889,0.38924947208076155
84,6,43,4,0.8705319166183472,0.7877263614433764
84,6,51,4,0.8598996996879578,0.7784989441615231
84,6,29,4,0.919261634349823,0.5773502691896258
84,6,45,4,0.9514210820198059,0.8944271909999159
84,6,53,4,0.9776137471199036,0.8944271909999159
84,6,57,4,0.9523457884788513,0.876714007519209
84,6,30,4,0.9457551836967468,0.6885303726590964
84,6,46,4,0.9466514587402344,0.8563488385776754
84,6,54,4,0.9937883615493774,0.9689627902499088
84,6,58,4,0.900851845741272,0.6024640760767094
84,6,60,4,0.987156093120575,0.930949336251263
84,6,31,5,0.9348031878471375,0.737864787372622
84,6,47,5,0.9545484781265259,0.8593378488473197
84,6,55,5,0.9937883615493774,0.9689627902499088
84,6,59,5,0.9580122828483582,0.9393364366277239
84,6,61,5,0.9967944622039795,1.0
84,6,62,5,0.9457551836967468,0.6885303726590964
85,4,15,4,1.0,1.0000000000000002
85,4,0,0,0.8961230516433716,0.7462025072446365
85,4,1,1,0.887834370136261,0.7272727272727274
85,4,2,1,0.9083598852157593,0.7627700713964741
85,4,4,1,0.9728443622589111,0.9045340337332909
85,4,8,1,0.916558027267456,0.8040302522073697
85,4,3,2,0.8509323596954346,0.4181210050035455
85,4,5,2,0.870776891708374,0.31139957766460924
85,4,9,2,0.9472653865814209,0.8181818181818183
85,4,6,2,0.9249017238616943,0.4264014327112209
85,4,10,2,0.9365841150283813,0.8581163303210334
85,4,12,2,0.9728443622589111,0.9045340337332909
85,4,7,3,0.9446570873260498,0.502518907629606
85,4,11,3,0.9442563652992249,0.836242010007091
85,4,13,3,0.935407280921936,0.4181210050035455
85,4,14,3,0.9850138425827026,0.9534625892455927
86,5,31,5,1.0,1.0000000000000002
86,5,0,0,0.7726185321807861,0.17407765595569785
86,5,1,1,0.7847921848297119,0.298142396999972
86,5,2,1,0.7849667072296143,0.17407765595569785
86,5,4,1,0.845321774482727,0.2611164839335468
86,5,8,1,0.7475923895835876,0.11785113019775795
86,5,16,1,0.8009129762649536,0.3202563076101744
86,5,3,2,0.7883174419403076,0.28867513459481287
86,5,5,2,0.8436275720596313,0.3333333333333334
86,5,9,2,0.7550451159477234,0.1666666666666667
86,5,17,2,0.8135097026824951,0.6963106238227913
86,5,6,2,0.922610878944397,0.8215838362577493
86,5,10,2,0.7629979252815247,0.23145502494313797
86,5,18,2,0.8466935157775879,0.6495190528383291
86,5,12,2,0.8110700845718384,0.25000000000000006
86,5,20,2,0.8960888385772705,0.7302967433402217
86,5,24,2,0.7838951349258423,0.2401922307076308
86,5,7,3,0.9208917617797852,0.912870929175277
86,5,11,3,0.7574225664138794,0.2886751345948129
86,5,19,3,0.8776710033416748,0.8333333333333336
86,5,13,3,0.8044050335884094,0.3333333333333334
86,5,21,3,0.9211259484291077,0.957427107756338
86,5,25,3,0.7956193685531616,0.4330127018922194
86,5,14,3,0.824074923992157,0.28867513459481287
86,5,22,3,0.8702846169471741,0.7833494518006402
86,5,26,3,0.7668831944465637,0.20412414523193154
86,5,28,3,0.890225887298584,0.25000000000000006
86,5,15,4,0.7925882339477539,0.4330127018922194
86,5,23,4,0.8891000747680664,0.916666666666667
86,5,27,4,0.8031949400901794,0.3849001794597505
86,5,29,4,0.8558911085128784,0.5773502691896258
86,5,30,4,0.8950937986373901,0.8215838362577493
89,4,15,4,1.0,1.0
89,4,0,0,0.7067972421646118,0.0
89,4,1,1,0.7459256649017334,0.375
89,4,2,1,0.7036343812942505,0.13867504905630731
89,4,4,1,0.8385722041130066,0.1767766952966369
89,4,8,1,0.8077173233032227,0.16666666666666666
89,4,3,2,0.7459256649017334,0.375
89,4,5,2,0.916219174861908,0.6030226891555273
89,4,9,2,0.8435156941413879,0.5
89,4,6,2,0.901942253112793,0.45226701686664544
89,4,10,2,0.7823042869567871,0.30151134457776363
89,4,12,2,0.8802719712257385,0.5773502691896258
89,4,7,3,0.916219174861908,0.6030226891555273
89,4,11,3,0.8543175458908081,0.632455532033676
89,4,13,3,0.9261201620101929,0.7537783614444091
89,4,14,3,0.905526340007782,0.6030226891555273
91,6,63,6,0.9999999403953552,1.0000000000000007
91,6,0,0,0.793378472328186,0.1672484020014182
91,6,1,1,0.8166762590408325,0.27735009811261463
91,6,2,1,0.8598739504814148,0.3466876226407683
91,6,4,1,0.7825500965118408,0.242091013067521
91,6,8,1,0.8388960361480713,0.22237479499833046
91,6,16,1,0.8781225681304932,0.14322297480788662
91,6,32,1,0.8026565909385681,0.22645540682891926
91,6,3,2,0.8427892327308655,0.4385290096535148
91,6,5,2,0.8517550230026245,0.35082320772281184
91,6,9,2,0.868988573551178,0.4385290096535148
91,6,17,2,0.9220983386039734,0.35805743701971654
91,6,33,2,0.9005095958709717,0.5547001962252293
91,6,6,2,0.8456007838249207,0.35082320772281184
91,6,10,2,0.8775182962417603,0.444749589996661
91,6,18,2,0.8996579647064209,0.4036036763977876
91,6,34,2,0.9032249450683594,0.4708709557974189
91,6,12,2,0.8388960361480713,0.22237479499833046
91,6,20,2,0.8781225681304932,0.14322297480788662
91,6,36,2,0.8055086731910706,0.23076923076923087
91,6,24,2,0.8822684288024902,0.26906911759852503
91,6,40,2,0.8968333005905151,0.42966892442365984
91,6,48,2,0.8904863595962524,0.3076923076923078
91,6,7,3,0.875922679901123,0.5262348115842178
91,6,11,3,0.8684572577476501,0.4622501635210244
91,6,19,3,0.9255535006523132,0.4385290096535148
91,6,35,3,0.8887742757797241,0.5017452060042545
91,6,13,3,0.8684572577476501,0.4622501635210244
91,6,21,3,0.9199817776679993,0.4385290096535148
91,6,37,3,0.8968709707260132,0.5853694070049636
91,6,25,3,0.9232441782951355,0.42966892442365984
91,6,41,3,0.8962669372558594,0.5012804118276032
91,6,49,3,0.9950485825538635,1.0000000000000007
91,6,14,3,0.8743842840194702,0.444749589996661
91,6,22,3,0.8996579647064209,0.4036036763977876
91,6,38,3,0.8968709707260132,0.5853694070049636
91,6,26,3,0.9625380039215088,0.9230769230769237
91,6,42,3,0.8962669372558594,0.5012804118276032
91,6,50,3,0.9261850714683533,0.7205766921228923
91,6,28,3,0.9497604370117188,0.8153742483272116
91,6,44,3,0.8907854557037354,0.35805743701971654
91,6,52,3,0.899353563785553,0.29649972666444063
91,6,56,3,0.9388135671615601,0.41602514716892197
91,6,15,4,0.8684572577476501,0.4622501635210244
91,6,23,4,0.9255535006523132,0.4385290096535148
91,6,39,4,0.8968709707260132,0.5853694070049636
91,6,27,4,0.9232441782951355,0.42966892442365984
91,6,43,4,0.8903016448020935,0.5262348115842178
91,6,51,4,0.9999999403953552,1.0000000000000007
91,6,29,4,0.9625380039215088,0.9230769230769237
91,6,45,4,0.8962669372558594,0.5012804118276032
91,6,53,4,0.9999999403953552,1.0000000000000007
91,6,57,4,0.9999999403953552,1.0000000000000007
91,6,30,4,0.9628587961196899,0.9230769230769237
91,6,46,4,0.8962669372558594,0.5012804118276032
91,6,54,4,0.9832947850227356,0.9230769230769237
91,6,58,4,0.9999999403953552,1.0000000000000007
91,6,60,4,0.9270675778388977,0.444749589996661
91,6,31,5,0.9226462841033936,0.4385290096535148
91,6,47,5,0.8903016448020935,0.5262348115842178
91,6,55,5,0.9401084184646606,0.5853694070049636
91,6,59,5,0.9999999403953552,1.0000000000000007
91,6,61,5,0.9999999403953552,1.0000000000000007
91,6,62,5,0.9999999403953552,1.0000000000000007
93,7,127,7,1.0,1.0000000000000007
93,7,0,0,0.83976811170578,0.566946709513841
93,7,1,1,0.8428864479064941,0.6943650748294139
93,7,2,1,0.8911479711532593,0.7559289460184547
93,7,4,1,0.8462672829627991,0.6671243849949914
93,7,8,1,0.859947681427002,0.6236095644623237
93,7,16,1,0.8459717035293579,0.6172133998483679
93,7,32,1,0.8428017497062683,0.6172133998483679
93,7,64,1,0.8366129994392395,0.6614378277661479
93,7,3,2,0.8705427646636963,0.7606388292556654
93,7,5,2,0.8676337003707886,0.621059003408119
93,7,9,2,0.8698107004165649,0.6172133998483679
93,7,17,2,0.8667172789573669,0.6761234037828137
93,7,33,2,0.8721343278884888,0.7412493166611015
93,7,65,2,0.9098203778266907,0.7606388292556654
93,7,6,2,0.9389600157737732,0.7142857142857147
93,7,10,2,0.8879672884941101,0.6299407883487121
93,7,18,2,0.8850036859512329,0.5128225940683709
93,7,34,2,0.8740606307983398,0.7412493166611015
93,7,66,2,0.9668376445770264,0.8058229640253805
93,7,12,2,0.8134713172912598,0.2592814894208658
93,7,20,2,0.8091168403625488,0.5714285714285717
93,7,36,2,0.8663429021835327,0.6446583712203044
93,7,68,2,0.8831789493560791,0.6761234037828137
93,7,24,2,0.8464424014091492,0.6172133998483679
93,7,40,2,0.8686144351959229,0.6671243849949914
93,7,72,2,0.9151437878608704,0.7126966450997986
93,7,48,2,0.840757429599762,0.6172133998483679
93,7,80,2,0.8366129994392395,0.6614378277661479
93,7,96,2,0.9387453198432922,0.8451542547285171
93,7,7,3,0.9403960704803467,0.7412493166611015
93,7,11,3,0.9472821950912476,0.8153742483272116
93,7,19,3,0.8909729719161987,0.7252406676228424
93,7,35,3,0.929931640625,0.848668424791506
93,7,67,3,0.89039146900177,0.7252406676228424
93,7,13,3,0.79058837890625,0.22237479499833046
93,7,21,3,0.8676337003707886,0.621059003408119
93,7,37,3,0.8841195106506348,0.7715167498104599
93,7,69,3,0.8544403910636902,0.6446583712203044
93,7,25,3,0.7989680767059326,0.17817416127494962
93,7,41,3,0.8812557458877563,0.7412493166611015
93,7,73,3,0.8531845808029175,0.6446583712203044
93,7,49,3,0.8721343278884888,0.7412493166611015
93,7,81,3,0.8996293544769287,0.7715167498104599
93,7,97,3,0.9264282584190369,0.848668424791506
93,7,14,3,0.8921819925308228,0.6744532734334627
93,7,22,3,0.913483738899231,0.6900655593423545
93,7,38,3,0.948566734790802,0.7349684152591671
93,7,70,3,0.9723513722419739,0.8894991799933217
93,7,26,3,0.8879672884941101,0.6299407883487121
93,7,42,3,0.9164623022079468,0.668153104781061
93,7,74,3,0.9593625068664551,0.7412493166611015
93,7,50,3,0.9257676601409912,0.7857142857142858
93,7,82,3,0.9661923050880432,0.8571428571428578
93,7,98,3,0.9211897850036621,0.8017837257372734
93,7,28,3,0.7888193130493164,0.30656966974248306
93,7,44,3,0.8779863715171814,0.642857142857143
93,7,76,3,0.9162704348564148,0.6744532734334627
93,7,52,3,0.874150276184082,0.7142857142857147
93,7,84,3,0.8906164169311523,0.7142857142857144
93,7,100,3,0.913678765296936,0.7606388292556654
93,7,56,3,0.8700883388519287,0.6671243849949914
93,7,88,3,0.8507411479949951,0.2142857142857144
93,7,104,3,0.9184648990631104,0.7412493166611015
93,7,112,3,0.9387453198432922,0.8451542547285171
93,7,15,4,0.9381594061851501,0.8153742483272116
93,7,23,4,0.9283425807952881,0.7715167498104599
93,7,39,4,0.9579234719276428,0.8571428571428578
93,7,71,4,0.977994441986084,0.8571428571428578
93,7,27,4,0.9472821950912476,0.8153742483272116
93,7,43,4,0.9707062244415283,0.8571428571428578
93,7,75,4,0.9477834701538086,0.7715167498104599
93,7,51,4,0.9177191257476807,0.848668424791506
93,7,83,4,0.8605355620384216,0.7606388292556654
93,7,99,4,0.9609799385070801,0.8864052604279185
93,7,29,4,0.79058837890625,0.22237479499833046
93,7,45,4,0.9449525475502014,0.8153742483272116
93,7,77,4,0.9082162380218506,0.7715167498104599
93,7,53,4,0.8841195106506348,0.7715167498104599
93,7,85,4,0.8866353034973145,0.7252406676228424
93,7,101,4,0.9264806509017944,0.848668424791506
93,7,57,4,0.8812557458877563,0.7412493166611015
93,7,89,4,0.8611375689506531,0.2672612419124244
93,7,105,4,0.9290115833282471,0.8153742483272116
93,7,113,4,0.9264282584190369,0.848668424791506
93,7,30,4,0.8725625872612,0.5185629788417315
93,7,46,4,0.9554100036621094,0.8017837257372732
93,7,78,4,0.9599943161010742,0.7412493166611015
93,7,54,4,0.9462149739265442,0.8280786712108253
93,7,86,4,0.9723513722419739,0.8894991799933217
93,7,102,4,0.9837096333503723,0.848668424791506
93,7,58,4,0.8962298631668091,0.601337794302955
93,7,90,4,0.9614796042442322,0.7715167498104599
93,7,106,4,0.94846510887146,0.8189230248533258
93,7,114,4,0.9540127515792847,0.8864052604279185
93,7,60,4,0.8670616745948792,0.6446583712203044
93,7,92,4,0.9162704348564148,0.6744532734334627
93,7,108,4,0.9114841818809509,0.7252406676228424
93,7,116,4,0.9131233096122742,0.8058229640253805
93,7,120,4,0.9271734356880188,0.7606388292556654
93,7,31,5,0.9308379888534546,0.8153742483272116
93,7,47,5,0.9707062244415283,0.8571428571428578
93,7,79,5,0.9739701747894287,0.8970852271450608
93,7,55,5,0.9579234719276428,0.8571428571428578
93,7,87,5,0.977994441986084,0.8571428571428578
93,7,103,5,1.0,1.0000000000000007
93,7,59,5,0.9707062244415283,0.8571428571428578
93,7,91,5,0.948321521282196,0.8153742483272116
93,7,107,5,0.9978442788124084,0.9636241116594318
93,7,115,5,0.9669461846351624,0.925820099772552
93,7,61,5,0.8833008408546448,0.7412493166611015
93,7,93,5,0.9451165795326233,0.7142857142857147
93,7,109,5,0.9769026637077332,0.8894991799933217
93,7,117,5,0.9264806509017944,0.848668424791506
93,7,121,5,0.9290115833282471,0.8153742483272116
93,7,62,5,0.9554100036621094,0.8017837257372732
93,7,94,5,0.9599943161010742,0.7412493166611015
93,7,110,5,0.9973214268684387,0.9354143466934853
93,7,118,5,0.9603257179260254,0.8970852271450608
93,7,122,5,0.942957878112793,0.8058229640253805
93,7,124,5,0.913051962852478,0.7252406676228424
93,7,63,6,0.9579234719276428,0.8571428571428578
93,7,95,6,0.9739701747894287,0.8970852271450608
93,7,111,6,0.9981735944747925,0.9285714285714293
93,7,119,6,0.9981735944747925,0.9285714285714293
93,7,123,6,0.9522590637207031,0.8685990362153794
93,7,125,6,0.9217500686645508,0.8153742483272116
93,7,126,6,0.9973214268684387,0.9354143466934853
94,5,31,5,0.9999998807907104,1.0
94,5,0,0,0.8252084851264954,0.7349684152591671
94,5,1,1,0.7968761920928955,0.5103103630798288
94,5,2,1,0.8448294401168823,0.2886751345948129
94,5,4,1,0.8252084851264954,0.7349684152591671
94,5,8,1,0.8681464195251465,0.8125
94,5,16,1,0.8681464195251465,0.8125
94,5,3,2,0.9052720069885254,0.9375
94,5,5,2,0.8205574750900269,0.5103103630798288
94,5,9,2,0.8334329128265381,0.5103103630798288
94,5,17,2,0.8193892240524292,0.447213595499958
94,5,6,2,0.8566049337387085,0.75
94,5,10,2,0.8977646827697754,0.8291561975888502
94,5,18,2,0.8811786770820618,0.875
94,5,12,2,0.8681464195251465,0.8125
94,5,20,2,0.8811786770820618,0.875
94,5,24,2,0.8681464195251465,0.8125
94,5,7,3,0.8986882567405701,0.8291561975888502
94,5,11,3,0.8977646827697754,0.8291561975888502
94,5,19,3,0.8193892240524292,0.447213595499958
94,5,13,3,0.8334329128265381,0.5103103630798288
94,5,21,3,0.8996030688285828,0.9375
94,5,25,3,0.8955166339874268,0.8125
94,5,14,3,0.9138041138648987,0.8696263565463045
94,5,22,3,0.8949652314186096,0.8291561975888502
94,5,26,3,0.9955015182495117,1.0
94,5,28,3,0.8681464195251465,0.8125
94,5,15,4,0.9112842679023743,0.8696263565463045
94,5,23,4,0.8949652314186096,0.8291561975888502
94,5,27,4,0.8867403864860535,0.790569415042095
94,5,29,4,0.8996030688285828,0.9375
94,5,30,4,0.9999998807907104,1.0
95,6,63,6,1.0,1.0000000000000007
95,6,0,0,0.7911917567253113,0.1672484020014182
95,6,1,1,0.8588464260101318,0.7016464154456238
95,6,2,1,0.7816901206970215,0.1672484020014182
95,6,4,1,0.866734504699707,0.6471502289294342
95,6,8,1,0.7703057527542114,0.1601281538050872
95,6,16,1,0.8832451701164246,0.7893522173763268
95,6,32,1,0.9447649717330933,0.739600261633639
95,6,3,2,0.7955379486083984,0.23076923076923087
95,6,5,2,0.9399763345718384,0.836242010007091
95,6,9,2,0.8712546229362488,0.7893522173763268
95,6,17,2,0.8610814809799194,0.739600261633639
95,6,33,2,0.9162611961364746,0.7205766921228923
95,6,6,2,0.8155374526977539,0.1672484020014182
95,6,10,2,0.7763877511024475,0.23076923076923087
95,6,18,2,0.8811295032501221,0.7893522173763268
95,6,34,2,0.9447649717330933,0.739600261633639
95,6,12,2,0.9117786288261414,0.739600261633639
95,6,20,2,0.9436769485473633,0.8770580193070298
95,6,36,2,0.875445544719696,0.5853694070049636
95,6,24,2,0.8948279619216919,0.8320502943378438
95,6,40,2,0.896700918674469,0.6201736729460423
95,6,48,2,0.883309006690979,0.6864064729836444
95,6,7,3,0.9399763345718384,0.836242010007091
95,6,11,3,0.8083910346031189,0.3076923076923078
95,6,19,3,0.8610814809799194,0.739600261633639
95,6,35,3,0.9162611961364746,0.7205766921228923
95,6,13,3,0.9376046061515808,0.8807048459279795
95,6,21,3,0.9525191783905029,0.9607689228305231
95,6,37,3,0.9620777368545532,0.8006407690254359
95,6,25,3,0.8957608938217163,0.836242010007091
95,6,41,3,0.9162611961364746,0.7205766921228923
95,6,49,3,0.9547297358512878,0.8006407690254359
95,6,14,3,0.8797203302383423,0.7016464154456238
95,6,22,3,0.9196393489837646,0.7692307692307697
95,6,38,3,0.8821388483047485,0.6864064729836444
95,6,26,3,0.880088746547699,0.7893522173763268
95,6,42,3,0.8912731409072876,0.6864064729836444
95,6,50,3,0.8854376673698425,0.6864064729836444
95,6,28,3,0.9436769485473633,0.8770580193070298
95,6,44,3,0.8821388483047485,0.6864064729836444
95,6,52,3,0.9343764185905457,0.739600261633639
95,6,56,3,0.9638323783874512,0.8770580193070298
95,6,15,4,0.9442976713180542,0.8807048459279795
95,6,23,4,0.9525191783905029,0.9607689228305231
95,6,39,4,0.9620777368545532,0.8006407690254359
95,6,27,4,0.8957608938217163,0.836242010007091
95,6,43,4,0.9547297358512878,0.8006407690254359
95,6,51,4,0.964893102645874,0.8807048459279795
95,6,29,4,0.9525191783905029,0.9607689228305231
95,6,45,4,0.9387547969818115,0.9198662110078001
95,6,53,4,1.0,1.0000000000000007
95,6,57,4,0.9674635529518127,0.9230769230769237
95,6,30,4,0.940845251083374,0.836242010007091
95,6,46,4,0.8821388483047485,0.6864064729836444
95,6,54,4,0.9382470846176147,0.739600261633639
95,6,58,4,0.857924222946167,0.6864064729836444
95,6,60,4,0.986247181892395,0.8807048459279795
95,6,31,5,0.9525191783905029,0.9607689228305231
95,6,47,5,0.9387547969818115,0.9198662110078001
95,6,55,5,1.0,1.0000000000000007
95,6,59,5,0.964893102645874,0.8807048459279795
95,6,61,5,1.0,1.0000000000000007
95,6,62,5,0.986247181892395,0.8807048459279795
96,5,31,5,1.0,0.9999999999999999
96,5,0,0,0.8314095735549927,0.7590721152765899
96,5,1,1,0.892404317855835,0.8666666666666666
96,5,2,1,0.8385995626449585,0.6900655593423545
96,5,4,1,0.85595703125,0.7999999999999999
96,5,8,1,0.9124963283538818,0.9333333333333332
96,5,16,1,0.9320474863052368,0.9333333333333332
96,5,3,2,0.8808603286743164,0.8970852271450608
96,5,5,2,0.892404317855835,0.8666666666666666
96,5,9,2,0.9134168028831482,0.9333333333333332
96,5,17,2,0.8573878407478333,0.8666666666666666
96,5,6,2,0.8674415349960327,0.7333333333333333
96,5,10,2,0.9124963283538818,0.9333333333333332
96,5,18,2,0.9369190335273743,0.9036961141150638
96,5,12,2,0.881394624710083,0.447213595499958
96,5,20,2,0.9438121914863586,0.9237604307034014
96,5,24,2,0.9978628754615784,0.9999999999999999
96,5,7,3,0.892404317855835,0.8666666666666666
96,5,11,3,0.9134168028831482,0.9333333333333332
96,5,19,3,0.8586590886116028,0.8666666666666666
96,5,13,3,0.8523915410041809,0.8666666666666666
96,5,21,3,0.8650445938110352,0.8666666666666666
96,5,25,3,1.0,0.9999999999999999
96,5,14,3,0.9124963283538818,0.9333333333333332
96,5,22,3,0.9446495175361633,0.9333333333333332
96,5,26,3,0.9742792248725891,0.9660917830792962
96,5,28,3,0.9978628754615784,0.9999999999999999
96,5,15,4,0.8798611164093018,0.8970852271450608
96,5,23,4,0.8694420456886292,0.8666666666666666
96,5,27,4,1.0,0.9999999999999999
96,5,29,4,1.0,0.9999999999999999
96,5,30,4,0.9978628754615784,0.9999999999999999
98,6,63,6,1.0000001192092896,0.9999999999999999
98,6,0,0,0.7179516553878784,0.1380131118684709
98,6,1,1,0.7539381980895996,0.2581988897471611
98,6,2,1,0.7414180040359497,0.30429030972509236
98,6,4,1,0.7784236669540405,0.40414518843273806
98,6,8,1,0.769052267074585,0.3265986323710905
98,6,16,1,0.7527767419815063,0.2581988897471611
98,6,32,1,0.7276992201805115,0.149071198499986
98,6,3,2,0.7539381980895996,0.2581988897471611
98,6,5,2,0.7980948090553284,0.447213595499958
98,6,9,2,0.7672863006591797,0.34426518632954817
98,6,17,2,0.7372085452079773,0.372677996249965
98,6,33,2,0.7942283153533936,0.4666666666666667
98,6,6,2,0.7894887924194336,0.4260064336151293
98,6,10,2,0.7747818827629089,0.45184805705753206
98,6,18,2,0.7360296845436096,0.35805743701971654
98,6,34,2,0.7899754643440247,0.3651483716701108
98,6,12,2,0.766039252281189,0.3464101615137755
98,6,20,2,0.8544872999191284,0.42966892442365984
98,6,36,2,0.7528505325317383,0.40414518843273806
98,6,24,2,0.8746864795684814,0.38924947208076155
98,6,40,2,0.8221741914749146,0.40824829046386313
98,6,48,2,0.7575950622558594,0.21483446221182995
98,6,7,3,0.7436822652816772,0.298142396999972
98,6,11,3,0.7741614580154419,0.372677996249965
98,6,19,3,0.7372085452079773,0.372677996249965
98,6,35,3,0.8029025793075562,0.34426518632954817
98,6,13,3,0.7789736986160278,0.3872983346207417
98,6,21,3,0.8698900938034058,0.42966892442365984
98,6,37,3,0.7784236669540405,0.40414518843273806
98,6,25,3,0.8695217370986938,0.48304589153964816
98,6,41,3,0.8196796178817749,0.5012804118276032
98,6,49,3,0.7462412118911743,0.4140393356054127
98,6,14,3,0.7444024682044983,0.3464101615137755
98,6,22,3,0.8454407453536987,0.47387910220727403
98,6,38,3,0.7784236669540405,0.40414518843273806
98,6,26,3,0.7836339473724365,0.42966892442365984
98,6,42,3,0.8196666240692139,0.5163977794943223
98,6,50,3,0.8547015190124512,0.39440531887330776
98,6,28,3,0.976370632648468,0.8666666666666666
98,6,44,3,0.8134631514549255,0.4564354645876385
98,6,52,3,0.7639514207839966,0.40414518843273806
98,6,56,3,0.8746864795684814,0.38924947208076155
98,6,15,4,0.7789736986160278,0.3872983346207417
98,6,23,4,0.8454407453536987,0.47387910220727403
98,6,39,4,0.7942283153533936,0.4666666666666667
98,6,27,4,0.7761249542236328,0.42966892442365984
98,6,43,4,0.8196796178817749,0.5012804118276032
98,6,51,4,0.8574028611183167,0.372677996249965
98,6,29,4,0.976370632648468,0.8666666666666666
98,6,45,4,0.8160218000411987,0.421637021355784
98,6,53,4,0.7830279469490051,0.40414518843273806
98,6,57,4,0.8702778816223145,0.5009794328681196
98,6,30,4,0.976370632648468,0.8666666666666666
98,6,46,4,0.8206304311752319,0.43033148291193524
98,6,54,4,0.8540548086166382,0.4260064336151293
98,6,58,4,0.8702778816223145,0.5009794328681196
98,6,60,4,0.976370632648468,0.8666666666666666
98,6,31,5,0.976370632648468,0.8666666666666666
98,6,47,5,0.8160218000411987,0.421637021355784
98,6,55,5,0.8466066122055054,0.4383570037596047
98,6,59,5,0.8702778816223145,0.5009794328681196
98,6,61,5,0.976370632648468,0.8666666666666666
98,6,62,5,0.976370632648468,0.8666666666666666
99,6,63,6,1.0000001192092896,1.0000000000000007
99,6,0,0,0.861222505569458,0.6726727939963126
99,6,1,1,0.8884779810905457,0.7526178090063819
99,6,2,1,0.8499484062194824,0.6726727939963126
99,6,4,1,0.8146181106567383,0.26148818018424547
99,6,8,1,0.7836623191833496,0.22237479499833046
99,6,16,1,0.8480668067932129,0.22237479499833046
99,6,32,1,0.9491782784461975,0.7526178090063819
99,6,3,2,0.8884779810905457,0.7526178090063819
99,6,5,2,0.844996452331543,0.3922322702763682
99,6,9,2,0.915900707244873,0.9198662110078001
99,6,17,2,0.8474937081336975,0.3698001308168195
99,6,33,2,0.9470928907394409,0.836242010007091
99,6,6,2,0.791601836681366,0.1961161351381841
99,6,10,2,0.7918715476989746,0.21483446221182995
99,6,18,2,0.8423072695732117,0.27735009811261463
99,6,34,2,0.9502922296524048,0.6671243849949912
99,6,12,2,0.8209106922149658,0.3706246583305508
99,6,20,2,0.8434000015258789,0.3721042037676254
99,6,36,2,0.8973221778869629,0.42966892442365984
99,6,24,2,0.8472635746002197,0.28644594961577324
99,6,40,2,0.957189679145813,0.7526178090063819
99,6,48,2,0.915845513343811,0.35082320772281184
99,6,7,3,0.9115351438522339,0.8770580193070298
99,6,11,3,0.915900707244873,0.9198662110078001
99,6,19,3,0.8474937081336975,0.3698001308168195
99,6,35,3,0.9641381502151489,0.8770580193070298
99,6,13,3,0.8479450941085815,0.4385290096535148
99,6,21,3,0.9004635810852051,0.4622501635210244
99,6,37,3,0.9718113541603088,0.9198662110078001
99,6,25,3,0.943483829498291,0.9230769230769237
99,6,41,3,0.9788715839385986,0.9607689228305231
99,6,49,3,0.9877312779426575,0.9198662110078001
99,6,14,3,0.8961388468742371,0.7692307692307697
99,6,22,3,0.8485304117202759,0.25451390519031125
99,6,38,3,0.9026736617088318,0.41602514716892197
99,6,26,3,0.8472635746002197,0.28644594961577324
99,6,42,3,0.957189679145813,0.7526178090063819
99,6,50,3,0.9168063402175903,0.3144854510165756
99,6,28,3,0.8713189363479614,0.42966892442365984
99,6,44,3,0.9653113484382629,0.9198662110078001
99,6,52,3,0.9368904829025269,0.3922322702763682
99,6,56,3,0.9361603260040283,0.45760431532242957
99,6,15,4,0.8479450941085815,0.4385290096535148
99,6,23,4,0.9004635810852051,0.4622501635210244
99,6,39,4,0.9718113541603088,0.9198662110078001
99,6,27,4,0.943483829498291,0.9230769230769237
99,6,43,4,0.9788715839385986,0.9607689228305231
99,6,51,4,0.9877312779426575,0.9198662110078001
99,6,29,4,0.9003920555114746,0.5262348115842178
99,6,45,4,0.9788715839385986,0.9607689228305231
99,6,53,4,0.9882838726043701,0.8593378488473197
99,6,57,4,1.0000001192092896,1.0000000000000007
99,6,30,4,0.8898338675498962,0.41602514716892197
99,6,46,4,0.9653113484382629,0.9198662110078001
99,6,54,4,0.8727039694786072,0.35805743701971654
99,6,58,4,0.9200894832611084,0.3202563076101744
99,6,60,4,0.9887083768844604,0.9607689228305231
99,6,31,5,0.9546127319335938,0.9607689228305231
99,6,47,5,0.9788715839385986,0.9607689228305231
99,6,55,5,0.9954118728637695,0.9607689228305231
99,6,59,5,1.0000001192092896,1.0000000000000007
99,6,61,5,1.0000001192092896,1.0000000000000007
99,6,62,5,0.9887083768844604,0.9607689228305231
100,7,127,7,1.0000001192092896,1.0000000000000007
100,7,0,0,0.8525508046150208,0.6172133998483679
100,7,1,1,0.8588890433311462,0.7252406676228424
100,7,2,1,0.789304792881012,0.1380131118684709
100,7,4,1,0.8910711407661438,0.6446583712203044
100,7,8,1,0.8851701021194458,0.6761234037828137
100,7,16,1,0.7904444932937622,0.18394180184548986
100,7,32,1,0.8903180360794067,0.583383351196948
100,7,64,1,0.8122167587280273,0.10910894511799624
100,7,3,2,0.8588890433311462,0.7252406676228424
100,7,5,2,0.8964622616767883,0.7715167498104599
100,7,9,2,0.9078431129455566,0.8058229640253805
100,7,17,2,0.879869282245636,0.6671243849949914
100,7,33,2,0.9306014776229858,0.7590721152765899
100,7,65,2,0.8769937753677368,0.6446583712203044
100,7,6,2,0.8819167017936707,0.6172133998483679
100,7,10,2,0.8851701021194458,0.6761234037828137
100,7,18,2,0.8652263879776001,0.46770717334674283
100,7,34,2,0.8187147974967957,0.15430334996209197
100,7,66,2,0.8122167587280273,0.10910894511799624
100,7,12,2,0.9160618782043457,0.8058229640253805
100,7,20,2,0.8926107883453369,0.6943650748294139
100,7,36,2,0.9389835596084595,0.668153104781061
100,7,68,2,0.9060506820678711,0.6671243849949914
100,7,24,2,0.9159929752349854,0.8451542547285171
100,7,40,2,0.9263174533843994,0.6943650748294139
100,7,72,2,0.8781355023384094,0.6172133998483679
100,7,48,2,0.846061110496521,0.28347335475692054
100,7,80,2,0.8320892453193665,0.30304576336566336
100,7,96,2,0.8583090305328369,0.28347335475692054
100,7,7,3,0.8964622616767883,0.7715167498104599
100,7,11,3,0.9078431129455566,0.8058229640253805
100,7,19,3,0.8857056498527527,0.7606388292556654
100,7,35,3,0.9257507920265198,0.7715167498104599
100,7,67,3,0.8961002230644226,0.7126966450997986
100,7,13,3,0.9305986762046814,0.848668424791506
100,7,21,3,0.9093198776245117,0.8058229640253805
100,7,37,3,0.9427853226661682,0.7857142857142863
100,7,69,3,0.9208607077598572,0.8153742483272116
100,7,25,3,0.9279387593269348,0.8864052604279185
100,7,41,3,0.9480458498001099,0.848668424791506
100,7,73,3,0.9328616857528687,0.848668424791506
100,7,49,3,0.9339905977249146,0.7857142857142863
100,7,81,3,0.9132464528083801,0.7142857142857147
100,7,97,3,0.9510014057159424,0.8280786712108253
100,7,14,3,0.9150789976119995,0.7252406676228424
100,7,22,3,0.8926107883453369,0.6943650748294139
100,7,38,3,0.8351898789405823,0.18898223650461368
100,7,70,3,0.8291837573051453,0.2390457218668788
100,7,26,3,0.9159929752349854,0.8451542547285171
100,7,42,3,0.9263174533843994,0.6943650748294139
100,7,74,3,0.8781355023384094,0.6172133998483679
100,7,50,3,0.8355520963668823,0.20203050891044225
100,7,82,3,0.8303166627883911,0.21821789023599247
100,7,98,3,0.8541940450668335,0.18898223650461368
100,7,28,3,0.9396864771842957,0.8864052604279185
100,7,44,3,0.972820520401001,0.7412493166611015
100,7,76,3,0.9393012523651123,0.7715167498104599
100,7,52,3,0.9416277408599854,0.7412493166611015
100,7,84,3,0.9248151779174805,0.7412493166611015
100,7,100,3,0.9542392492294312,0.7142857142857147
100,7,56,3,0.9520368576049805,0.848668424791506
100,7,88,3,0.8927159309387207,0.40089186286863665
100,7,104,3,0.9172869920730591,0.6671243849949914
100,7,112,3,0.8762022256851196,0.30304576336566336
100,7,15,4,0.9305986762046814,0.848668424791506
100,7,23,4,0.9093198776245117,0.8058229640253805
100,7,39,4,0.9291694760322571,0.7590721152765899
100,7,71,4,0.9208607077598572,0.8153742483272116
100,7,27,4,0.9279387593269348,0.8864052604279185
100,7,43,4,0.9480458498001099,0.848668424791506
100,7,75,4,0.9391672611236572,0.848668424791506
100,7,51,4,0.9321058988571167,0.7142857142857147
100,7,83,4,0.9132464528083801,0.7142857142857147
100,7,99,4,0.9510014057159424,0.8280786712108253
100,7,29,4,0.9503898620605469,0.925820099772552
100,7,45,4,0.9646642804145813,0.8894991799933217
100,7,77,4,0.9456557035446167,0.8894991799933217
100,7,53,4,0.9544354677200317,0.8280786712108253
100,7,85,4,0.9374054670333862,0.8894991799933217
100,7,101,4,0.9736485481262207,0.8685990362153793
100,7,57,4,0.9641764163970947,0.8894991799933217
100,7,89,4,0.9569608569145203,0.925820099772552
100,7,105,4,0.9879516959190369,0.8894991799933217
100,7,113,4,0.9539753198623657,0.8571428571428578
100,7,30,4,0.9396864771842957,0.8864052604279185
100,7,46,4,0.972820520401001,0.7412493166611015
100,7,78,4,0.9393012523651123,0.7715167498104599
100,7,54,4,0.9318704009056091,0.7142857142857147
100,7,86,4,0.9248151779174805,0.7412493166611015
100,7,102,4,0.9582747220993042,0.7412493166611015
100,7,58,4,0.9520368576049805,0.848668424791506
100,7,90,4,0.8927159309387207,0.40089186286863665
100,7,106,4,0.9172869920730591,0.6671243849949914
100,7,114,4,0.8762022256851196,0.30304576336566336
100,7,60,4,0.9084233045578003,0.43643578047198495
100,7,92,4,0.9011899828910828,0.4780914437337576
100,7,108,4,0.9937173128128052,0.8153742483272116
100,7,116,4,0.9601007103919983,0.7857142857142863
100,7,120,4,0.9225341081619263,0.43643578047198495
100,7,31,5,0.9503898620605469,0.925820099772552
100,7,47,5,0.9646642804145813,0.8894991799933217
100,7,79,5,0.9456557035446167,0.8894991799933217
100,7,55,5,0.9544354677200317,0.8280786712108253
100,7,87,5,0.9374054670333862,0.8894991799933217
100,7,103,5,0.9736485481262207,0.8685990362153793
100,7,59,5,0.9641764163970947,0.8894991799933217
100,7,91,5,0.9569608569145203,0.925820099772552
100,7,107,5,0.9879516959190369,0.8894991799933217
100,7,115,5,0.9539753198623657,0.8571428571428578
100,7,61,5,0.9781005382537842,0.9285714285714293
100,7,93,5,0.9707298874855042,0.9636241116594318
100,7,109,5,0.9993572235107422,0.9285714285714293
100,7,117,5,0.9733779430389404,0.8970852271450608
100,7,121,5,0.9893602132797241,0.9636241116594318
100,7,62,5,0.9388742446899414,0.43643578047198495
100,7,94,5,0.9011899828910828,0.4780914437337576
100,7,110,5,0.9937173128128052,0.8153742483272116
100,7,118,5,0.9601007103919983,0.7857142857142863
100,7,122,5,0.9347257614135742,0.43643578047198495
100,7,124,5,0.9413673877716064,0.5455447255899812
100,7,63,6,0.979642391204834,0.9285714285714293
100,7,95,6,0.9707298874855042,0.9636241116594318
100,7,111,6,0.9993572235107422,0.9285714285714293
100,7,119,6,0.9733779430389404,0.8970852271450608
100,7,123,6,0.9893602132797241,0.9636241116594318
100,7,125,6,1.0000001192092896,1.0000000000000007
100,7,126,6,0.9413673877716064,0.5455447255899812
101,7,127,7,1.0,1.0000000000000002
101,7,0,0,0.7412718534469604,0.21821789023599247
101,7,1,1,0.7823880910873413,0.44543540318737396
101,7,2,1,0.7869288921356201,0.43643578047198495
101,7,4,1,0.7833720445632935,0.3273268353539887
101,7,8,1,0.8135426640510559,0.3872983346207418
101,7,16,1,0.8527833223342896,0.4682929057908472
101,7,32,1,0.719832718372345,0.26111648393354686
101,7,64,1,0.775232195854187,0.39605901719066977
101,7,3,2,0.7982546091079712,0.4564354645876384
101,7,5,2,0.8233450651168823,0.4529108136578385
101,7,9,2,0.7713924646377563,0.30860669992418394
101,7,17,2,0.8810649514198303,0.6172133998483679
101,7,33,2,0.8327497243881226,0.421637021355784
101,7,65,2,0.8446357846260071,0.5661385170722981
101,7,6,2,0.7825202941894531,0.43643578047198495
101,7,10,2,0.7452267408370972,0.492365963917331
101,7,18,2,0.874623715877533,0.6154574548966638
101,7,34,2,0.874905526638031,0.6123724356957946
101,7,66,2,0.8850328922271729,0.7302967433402217
101,7,12,2,0.8178641200065613,0.3872983346207418
101,7,20,2,0.8933103680610657,0.6123724356957946
101,7,36,2,0.874905526638031,0.6123724356957946
101,7,68,2,0.8788160085678101,0.7302967433402217
101,7,24,2,0.8933103680610657,0.6123724356957946
101,7,40,2,0.945104718208313,0.7302967433402217
101,7,72,2,1.0,1.0000000000000002
101,7,48,2,0.9025999307632446,0.6236095644623236
101,7,80,2,0.9167772531509399,0.6390096504226938
101,7,96,2,0.8679965138435364,0.5455447255899812
101,7,7,3,0.7654364705085754,0.4256282653793745
101,7,11,3,0.7881467342376709,0.4330127018922194
101,7,19,3,0.8777438998222351,0.5773502691896258
101,7,35,3,0.874905526638031,0.6123724356957946
101,7,67,3,0.8850328922271729,0.7302967433402217
101,7,13,3,0.7953735589981079,0.46291004988627593
101,7,21,3,0.8790351152420044,0.6172133998483679
101,7,37,3,0.8265594840049744,0.421637021355784
101,7,69,3,0.8446357846260071,0.5661385170722981
101,7,25,3,0.8810649514198303,0.6172133998483679
101,7,41,3,0.874905526638031,0.6123724356957946
101,7,73,3,0.8788160085678101,0.7302967433402217
101,7,49,3,0.9398775100708008,0.7715167498104598
101,7,81,3,0.8774991035461426,0.5661385170722981
101,7,97,3,0.8788003325462341,0.5455447255899812
101,7,14,3,0.7740432024002075,0.492365963917331
101,7,22,3,0.8495481014251709,0.52704627669473
101,7,38,3,0.8044576644897461,0.421637021355784
101,7,70,3,0.8215499520301819,0.52704627669473
101,7,26,3,0.8627504110336304,0.6172133998483679
101,7,42,3,0.9177163243293762,0.7302967433402217
101,7,74,3,0.9219480752944946,0.8333333333333336
101,7,50,3,0.894348680973053,0.6154574548966638
101,7,82,3,0.9219480752944946,0.8333333333333336
101,7,98,3,0.9436558485031128,0.912870929175277
101,7,28,3,0.8491917252540588,0.48112522432468824
101,7,44,3,0.945104718208313,0.7302967433402217
101,7,76,3,0.8788160085678101,0.7302967433402217
101,7,52,3,0.8836952447891235,0.5345224838248488
101,7,84,3,0.9219480752944946,0.8333333333333336
101,7,100,3,0.9470208883285522,0.8164965809277261
101,7,56,3,0.9461313486099243,0.7302967433402217
101,7,88,3,0.9219480752944946,0.8333333333333336
101,7,104,3,0.9925509095191956,0.912870929175277
101,7,112,3,0.9925509095191956,0.912870929175277
101,7,15,4,0.7881467342376709,0.4330127018922194
101,7,23,4,0.8777438998222351,0.5773502691896258
101,7,39,4,0.874905526638031,0.6123724356957946
101,7,71,4,0.8639693856239319,0.4082482904638631
101,7,27,4,0.8555084466934204,0.4714045207910318
101,7,43,4,0.874905526638031,0.6123724356957946
101,7,75,4,0.8850328922271729,0.7302967433402217
101,7,51,4,0.9370803833007812,0.7216878364870323
101,7,83,4,0.9219480752944946,0.8333333333333336
101,7,99,4,0.9449954628944397,0.912870929175277
101,7,29,4,0.8810649514198303,0.6172133998483679
101,7,45,4,0.874905526638031,0.6123724356957946
101,7,77,4,0.8788160085678101,0.7302967433402217
101,7,53,4,0.9398775100708008,0.7715167498104598
101,7,85,4,0.8783198595046997,0.6546536707079775
101,7,101,4,0.939078152179718,0.7637626158259738
101,7,57,4,0.9398775100708008,0.7715167498104598
101,7,89,4,0.9219480752944946,0.8333333333333336
101,7,105,4,0.9470208883285522,0.8164965809277261
101,7,113,4,0.9114732146263123,0.632455532033676
101,7,30,4,0.8627504110336304,0.6172133998483679
101,7,46,4,0.8813347816467285,0.5477225575051663
101,7,78,4,0.8788160085678101,0.7302967433402217
101,7,54,4,0.8733553886413574,0.5661385170722981
101,7,86,4,0.9219480752944946,0.8333333333333336
101,7,102,4,0.8700295686721802,0.632455532033676
101,7,58,4,0.8733553886413574,0.5661385170722981
101,7,90,4,0.9219480752944946,0.8333333333333336
101,7,106,4,1.0,1.0000000000000002
101,7,114,4,1.0,1.0000000000000002
101,7,60,4,0.9461313486099243,0.7302967433402217
101,7,92,4,0.9219480752944946,0.8333333333333336
101,7,108,4,0.9925509095191956,0.912870929175277
101,7,116,4,0.9925509095191956,0.912870929175277
101,7,120,4,0.9925509095191956,0.912870929175277
101,7,31,5,0.8777438998222351,0.5773502691896258
101,7,47,5,0.874905526638031,0.6123724356957946
101,7,79,5,0.8788160085678101,0.7302967433402217
101,7,55,5,0.9370803833007812,0.7216878364870323
101,7,87,5,0.9219480752944946,0.8333333333333336
101,7,103,5,0.8887597322463989,0.6546536707079775
101,7,59,5,0.9370803833007812,0.7216878364870323
101,7,91,5,0.9219480752944946,0.8333333333333336
101,7,107,5,0.9449954628944397,0.912870929175277
101,7,115,5,1.0,1.0000000000000002
101,7,61,5,0.9398775100708008,0.7715167498104598
101,7,93,5,0.8863939046859741,0.7216878364870323
101,7,109,5,0.9470208883285522,0.8164965809277261
101,7,117,5,0.9112269878387451,0.7144345083117604
101,7,121,5,1.0,1.0000000000000002
101,7,62,5,0.894348680973053,0.6154574548966638
101,7,94,5,0.9219480752944946,0.8333333333333336
101,7,110,5,1.0,1.0000000000000002
101,7,118,5,1.0,1.0000000000000002
101,7,122,5,1.0,1.0000000000000002
101,7,124,5,0.9925509095191956,0.912870929175277
101,7,63,6,0.9370803833007812,0.7216878364870323
101,7,95,6,0.9219480752944946,0.8333333333333336
101,7,111,6,0.9449954628944397,0.912870929175277
101,7,119,6,0.939078152179718,0.7637626158259738
101,7,123,6,1.0,1.0000000000000002
101,7,125,6,0.9952494502067566,0.9258200997725518
101,7,126,6,1.0,1.0000000000000002
102,5,31,5,1.0,1.0000000000000002
102,5,0,0,0.7223129868507385,0.0
102,5,1,1,0.725737988948822,0.13483997249264842
102,5,2,1,0.721393346786499,0.0
102,5,4,1,0.7688767313957214,0.10259783520851545
102,5,8,1,0.8634815216064453,0.1195228609334394
102,5,16,1,0.7692798376083374,0.13483997249264842
102,5,3,2,0.7149766087532043,0.0
102,5,5,2,0.8272293210029602,0.28284271247461906
102,5,9,2,0.8769943714141846,0.4000000000000001
102,5,17,2,0.7729697227478027,0.210818510677892
102,5,6,2,0.7863540053367615,0.10259783520851545
102,5,10,2,0.7985267043113708,0.1240347345892085
102,5,18,2,0.727034866809845,0.0
102,5,12,2,0.8727723956108093,0.210818510677892
102,5,20,2,0.8046111464500427,0.210818510677892
102,5,24,2,0.8506882786750793,0.2581988897471612
102,5,7,3,0.8049782514572144,0.223606797749979
102,5,11,3,0.8877778649330139,0.4780914437337576
102,5,19,3,0.7187732458114624,0.0
102,5,13,3,0.9217491149902344,0.3872983346207418
102,5,21,3,0.8479923009872437,0.30779350562554636
102,5,25,3,0.8756687641143799,0.30779350562554636
102,5,14,3,0.8727723956108093,0.210818510677892
102,5,22,3,0.8018747568130493,0.2051956704170309
102,5,26,3,0.8186342716217041,0.248069469178417
102,5,28,3,0.9019131660461426,0.316227766016838
102,5,15,4,1.0,1.0000000000000002
102,5,23,4,0.7991204857826233,0.2390457218668788
102,5,27,4,0.8446762561798096,0.3464101615137755
102,5,29,4,0.9277890920639038,0.4
102,5,30,4,0.9019131660461426,0.316227766016838
103,6,63,6,1.0,1.0
103,6,0,0,0.7813446521759033,0.21483446221182995
103,6,1,1,0.8428440093994141,0.34503277967117724
103,6,2,1,0.8122304677963257,0.22537446792760443
103,6,4,1,0.8589740991592407,0.4140393356054127
103,6,8,1,0.8754368424415588,0.5163977794943223
103,6,16,1,0.8365721702575684,0.33806170189140666
103,6,32,1,0.7931902408599854,0.34641016151377546
103,6,3,2,0.8605871796607971,0.5163977794943223
103,6,5,2,0.8754368424415588,0.5163977794943223
103,6,9,2,0.8589740991592407,0.4140393356054127
103,6,17,2,0.8542202115058899,0.45184805705753206
103,6,33,2,0.8822294473648071,0.5163977794943223
103,6,6,2,0.8700953722000122,0.5163977794943223
103,6,10,2,0.8576934933662415,0.43033148291193524
103,6,18,2,0.8542202115058899,0.45184805705753206
103,6,34,2,0.8546755313873291,0.34641016151377546
103,6,12,2,0.8752163648605347,0.5449492609130662
103,6,20,2,0.8487812280654907,0.5163977794943223
103,6,36,2,0.8910940885543823,0.9036961141150638
103,6,24,2,0.8354262113571167,0.4383570037596047
103,6,40,2,1.0,1.0
103,6,48,2,0.835969865322113,0.5009794328681196
103,6,7,3,0.8696126937866211,0.5449492609130662
103,6,11,3,0.8611464500427246,0.5715476066494084
103,6,19,3,0.8605871796607971,0.5163977794943223
103,6,35,3,0.9957375526428223,1.0
103,6,13,3,0.8707801103591919,0.5163977794943223
103,6,21,3,0.8700953722000122,0.5163977794943223
103,6,37,3,0.937769889831543,0.9333333333333333
103,6,25,3,0.8632135391235352,0.5333333333333333
103,6,41,3,0.937769889831543,0.9333333333333333
103,6,49,3,0.8834136724472046,0.5715476066494084
103,6,14,3,0.8752163648605347,0.5449492609130662
103,6,22,3,0.8700953722000122,0.5163977794943223
103,6,38,3,0.835969865322113,0.5009794328681196
103,6,26,3,0.8469843864440918,0.5163977794943223
103,6,42,3,1.0,1.0
103,6,50,3,0.835969865322113,0.5009794328681196
103,6,28,3,0.8936775922775269,0.9036961141150638
103,6,44,3,1.0,1.0
103,6,52,3,0.9461723566055298,0.9036961141150638
103,6,56,3,1.0,1.0
103,6,15,4,0.8611464500427246,0.5715476066494084
103,6,23,4,0.8623529672622681,0.5449492609130662
103,6,39,4,0.9957375526428223,1.0
103,6,27,4,0.9237461090087891,0.9660917830792962
103,6,43,4,1.0,1.0
103,6,51,4,0.9461723566055298,0.9036961141150638
103,6,29,4,0.8574366569519043,0.5449492609130662
103,6,45,4,0.937769889831543,0.9333333333333333
103,6,53,4,0.937769889831543,0.9333333333333333
103,6,57,4,1.0,1.0
103,6,30,4,0.9050201773643494,0.9333333333333333
103,6,46,4,0.937769889831543,0.9333333333333333
103,6,54,4,0.8953170776367188,0.9333333333333333
103,6,58,4,1.0,1.0
103,6,60,4,1.0,1.0
103,6,31,5,0.8621684908866882,0.5333333333333333
103,6,47,5,0.9957375526428223,1.0
103,6,55,5,0.9957375526428223,1.0
103,6,59,5,1.0,1.0
103,6,61,5,0.937769889831543,0.9333333333333333
103,6,62,5,1.0,1.0
104,5,31,5,1.0,1.0000000000000002
104,5,0,0,0.8303000330924988,0.29918303680270636
104,5,1,1,0.8414989113807678,0.2558408596267326
104,5,2,1,0.8245564699172974,0.2724746304565331
104,5,4,1,0.8626000881195068,0.29918303680270636
104,5,8,1,0.8574717044830322,0.3015113445777636
104,5,16,1,0.8303000330924988,0.29918303680270636
104,5,3,2,0.8181560039520264,0.24370871833797697
104,5,5,2,0.8626000881195068,0.29918303680270636
104,5,9,2,0.8750000596046448,0.38533731779422625
104,5,17,2,0.8414989113807678,0.2558408596267326
104,5,6,2,0.8449112176895142,0.2522624895547566
104,5,10,2,0.8516331911087036,0.2942449431682498
104,5,18,2,0.8448832035064697,0.3597384670922507
104,5,12,2,0.8750000596046448,0.38533731779422625
104,5,20,2,0.8626000881195068,0.29918303680270636
104,5,24,2,0.8574717044830322,0.3015113445777636
104,5,7,3,0.8150193691253662,0.2088931871468374
104,5,11,3,1.0,1.0000000000000002
104,5,19,3,0.8384650945663452,0.24370871833797703
104,5,13,3,0.8279850482940674,0.1797866299901979
104,5,21,3,0.8597403764724731,0.2522624895547566
104,5,25,3,0.8750000596046448,0.38533731779422625
104,5,14,3,0.8516331911087036,0.2942449431682498
104,5,22,3,0.850548267364502,0.316227766016838
104,5,26,3,0.8516331911087036,0.2942449431682498
104,5,28,3,0.8750000596046448,0.38533731779422625
104,5,15,4,0.8750000596046448,0.38533731779422625
104,5,23,4,0.8521350622177124,0.24370871833797697
104,5,27,4,1.0,1.0000000000000002
104,5,29,4,0.8557381629943848,0.26178515720236806
104,5,30,4,0.8516331911087036,0.2942449431682498
105,5,31,5,0.9999999403953552,0.9999999999999999
105,5,0,0,0.7924948930740356,0.23354968324845693
105,5,1,1,0.8217746019363403,0.42966892442365984
105,5,2,1,0.8217746019363403,0.42966892442365984
105,5,4,1,0.8552017211914062,0.7514691493021792
105,5,8,1,0.861212432384491,0.8970852271450608
105,5,16,1,0.8687682151794434,0.40824829046386313
105,5,3,2,0.8217746019363403,0.42966892442365984
105,5,5,2,0.8980316519737244,0.4830458915396481
105,5,9,2,0.8134673237800598,0.35805743701971654
105,5,17,2,0.8997583389282227,0.5012804118276032
105,5,6,2,0.9401407241821289,0.9333333333333332
105,5,10,2,0.8160744309425354,0.42966892442365984
105,5,18,2,0.8984140157699585,0.5012804118276032
105,5,12,2,0.9318276643753052,0.9333333333333332
105,5,20,2,0.8793299198150635,0.4830458915396481
105,5,24,2,0.906518280506134,0.7161148740394331
105,5,7,3,0.8980316519737244,0.4830458915396481
105,5,11,3,0.8296031951904297,0.2817180849095055
105,5,19,3,0.8793299198150635,0.4830458915396481
105,5,13,3,0.9401407241821289,0.9333333333333332
105,5,21,3,0.9999999403953552,0.9999999999999999
105,5,25,3,0.946276843547821,0.9660917830792962
105,5,14,3,0.8980316519737244,0.4830458915396481
105,5,22,3,0.9999999403953552,0.9999999999999999
105,5,26,3,0.9342177510261536,0.9333333333333332
105,5,28,3,0.9999999403953552,0.9999999999999999
105,5,15,4,0.8980316519737244,0.4830458915396481
105,5,23,4,0.9901063442230225,0.8981462390204987
105,5,27,4,0.9178174138069153,0.9333333333333332
105,5,29,4,0.9999999403953552,0.9999999999999999
105,5,30,4,0.9999999403953552,0.9999999999999999
108,6,63,6,1.0,0.9999999999999999
108,6,0,0,0.7812097072601318,0.31139957766460924
108,6,1,1,0.8511636257171631,0.46709936649691386
108,6,2,1,0.7900656461715698,0.31139957766460924
108,6,4,1,0.8249762058258057,0.4260064336151293
108,6,8,1,0.9360864758491516,0.8280786712108253
108,6,16,1,0.8672537207603455,0.7302967433402215
108,6,32,1,0.9290041327476501,0.8280786712108253
108,6,3,2,0.8511636257171631,0.46709936649691386
108,6,5,2,0.8422626256942749,0.48989794855663577
108,6,9,2,0.9566238522529602,0.8970852271450608
108,6,17,2,0.9065595865249634,0.46709936649691386
108,6,33,2,0.9444320201873779,0.930949336251263
108,6,6,2,0.827021598815918,0.4383570037596047
108,6,10,2,0.9342621564865112,0.8082903768654762
108,6,18,2,0.8714303374290466,0.7302967433402215
108,6,34,2,0.875758707523346,0.47387910220727403
108,6,12,2,0.9433930516242981,0.8280786712108253
108,6,20,2,0.8766053915023804,0.5185449728701349
108,6,36,2,0.8606439232826233,0.4794633014853843
108,6,24,2,0.9780893325805664,0.8970852271450608
108,6,40,2,0.9587365388870239,0.8970852271450608
108,6,48,2,0.9471904039382935,0.8280786712108253
108,6,7,3,0.8347600102424622,0.40824829046386313
108,6,11,3,0.9566238522529602,0.8970852271450608
108,6,19,3,0.9065595865249634,0.46709936649691386
108,6,35,3,0.9444320201873779,0.930949336251263
108,6,13,3,0.9566238522529602,0.8970852271450608
108,6,21,3,0.9790488481521606,0.9333333333333332
108,6,37,3,0.9444320201873779,0.930949336251263
108,6,25,3,0.9915578365325928,0.9660917830792962
108,6,41,3,0.974461555480957,0.9660917830792962
108,6,49,3,0.8890153169631958,0.521749194749951
108,6,14,3,0.9375290870666504,0.8280786712108253
108,6,22,3,0.8826296925544739,0.45573271518765013
108,6,38,3,0.8625116348266602,0.47387910220727403
108,6,26,3,0.9780893325805664,0.8970852271450608
108,6,42,3,0.9559963345527649,0.8970852271450608
108,6,50,3,0.9124950170516968,0.46188021535170065
108,6,28,3,0.9780893325805664,0.8970852271450608
108,6,44,3,0.9559963345527649,0.8970852271450608
108,6,52,3,0.8933050632476807,0.52704627669473
108,6,56,3,0.9907629489898682,0.9333333333333332
108,6,15,4,0.974461555480957,0.9660917830792962
108,6,23,4,0.9645072221755981,0.8593378488473197
108,6,39,4,0.9444320201873779,0.930949336251263
108,6,27,4,0.9915578365325928,0.9660917830792962
108,6,43,4,0.974461555480957,0.9660917830792962
108,6,51,4,0.9291962385177612,0.5962847939999439
108,6,29,4,1.0,0.9999999999999999
108,6,45,4,0.974461555480957,0.9660917830792962
108,6,53,4,0.984161913394928,0.9660917830792962
108,6,57,4,1.0,0.9999999999999999
108,6,30,4,0.9780893325805664,0.8970852271450608
108,6,46,4,0.9611853361129761,0.930949336251263
108,6,54,4,0.9147337675094604,0.5196152422706632
108,6,58,4,0.9907629489898682,0.9333333333333332
108,6,60,4,0.9907629489898682,0.9333333333333332
108,6,31,5,1.0,0.9999999999999999
108,6,47,5,0.974461555480957,0.9660917830792962
108,6,55,5,0.984161913394928,0.9660917830792962
108,6,59,5,0.9008722901344299,0.5477225575051662
108,6,61,5,1.0,0.9999999999999999
108,6,62,5,0.9907629489898682,0.9333333333333332
109,5,31,5,1.0,1.0000000000000002
109,5,0,0,0.7699835300445557,0.149071198499986
109,5,1,1,0.8755650520324707,0.670820393249937
109,5,2,1,0.7798833847045898,0.17407765595569785
109,5,4,1,0.7948599457740784,0.1601281538050872
109,5,8,1,0.8544163703918457,0.6963106238227913
109,5,16,1,0.8111225962638855,0.22360679774997902
109,5,3,2,0.8082212805747986,0.2886751345948129
109,5,5,2,0.8568600416183472,0.6963106238227913
109,5,9,2,0.8955304622650146,0.7833494518006402
109,5,17,2,0.8453257083892822,0.372677996249965
109,5,6,2,0.7873064279556274,0.15430334996209197
109,5,10,2,0.8864802122116089,0.7833494518006402
109,5,18,2,0.7988538146018982,0.36084391824351614
109,5,12,2,0.9156225919723511,0.7500000000000002
109,5,20,2,0.8049596548080444,0.23145502494313797
109,5,24,2,0.8700535297393799,0.7833494518006402
109,5,7,3,0.9488887190818787,0.8703882797784891
109,5,11,3,0.966153621673584,0.916666666666667
109,5,19,3,0.888887882232666,0.372677996249965
109,5,13,3,0.9716965556144714,0.8703882797784891
109,5,21,3,0.9219247102737427,0.3857583749052299
109,5,25,3,0.9215885400772095,0.8703882797784891
109,5,14,3,0.8864802122116089,0.7833494518006402
109,5,22,3,0.8004981279373169,0.22360679774997902
109,5,26,3,0.8227884769439697,0.30860669992418394
109,5,28,3,0.9277662038803101,0.8333333333333336
109,5,15,4,1.0,1.0000000000000002
109,5,23,4,0.9301185607910156,0.447213595499958
109,5,27,4,0.9357239603996277,0.8703882797784891
109,5,29,4,0.9904533624649048,0.957427107756338
109,5,30,4,0.8609530925750732,0.3857583749052299
110,6,63,6,0.9999998211860657,1.0000000000000007
110,6,0,0,0.838106632232666,0.6445033866354898
110,6,1,1,0.7994636297225952,0.25087260300212727
110,6,2,1,0.9307621121406555,0.6689936080056728
110,6,4,1,0.8531225323677063,0.5604485383178052
110,6,8,1,0.9087199568748474,0.836242010007091
110,6,16,1,0.838106632232666,0.6445033866354898
110,6,32,1,0.7818326354026794,0.28306925853614906
110,6,3,2,0.8764982223510742,0.4385290096535148
110,6,5,2,0.8837982416152954,0.6405126152203487
110,6,9,2,0.9124818444252014,0.4803844614152616
110,6,17,2,0.8627598285675049,0.6153846153846158
110,6,33,2,0.8027395606040955,0.23076923076923087
110,6,6,2,0.9376825094223022,0.7205766921228923
110,6,10,2,0.9603837728500366,0.8461538461538467
110,6,18,2,0.9307621121406555,0.6689936080056728
110,6,34,2,0.9379101395606995,0.7893522173763268
110,6,12,2,0.9359318614006042,0.836242010007091
110,6,20,2,0.8488909006118774,0.6153846153846155
110,6,36,2,0.8445495367050171,0.6689936080056728
110,6,24,2,0.9087199568748474,0.836242010007091
110,6,40,2,0.9068821668624878,0.8153742483272115
110,6,48,2,0.8664616346359253,0.6689936080056728
110,6,7,3,0.9747931361198425,0.6671243849949914
110,6,11,3,0.9891244769096375,0.9230769230769237
110,6,19,3,0.8916369676589966,0.40032038451271795
110,6,35,3,0.9471907615661621,0.6923076923076927
110,6,13,3,0.9591425657272339,0.8807048459279795
110,6,21,3,0.8499917984008789,0.6153846153846158
110,6,37,3,0.8837982416152954,0.6405126152203487
110,6,25,3,0.9120734930038452,0.8807048459279795
110,6,41,3,0.8654426336288452,0.4615384615384618
110,6,49,3,0.8225009441375732,0.26311740579210885
110,6,14,3,0.9685399532318115,0.9230769230769237
110,6,22,3,0.9376825094223022,0.7205766921228923
110,6,38,3,0.9484853744506836,0.836242010007091
110,6,26,3,0.9603837728500366,0.8461538461538467
110,6,42,3,0.9744882583618164,0.9230769230769237
110,6,50,3,0.9377504587173462,0.7526178090063819
110,6,28,3,0.9359318614006042,0.836242010007091
110,6,44,3,0.9359318614006042,0.836242010007091
110,6,52,3,0.828741729259491,0.6405126152203487
110,6,56,3,0.867591142654419,0.4160251471689219
110,6,15,4,0.9514551758766174,0.6153846153846158
110,6,23,4,0.9906347393989563,0.7412493166611015
110,6,39,4,0.9678159952163696,0.8461538461538467
110,6,27,4,0.9999998211860657,1.0000000000000007
110,6,43,4,0.9941589832305908,1.0000000000000007
110,6,51,4,0.9496591091156006,0.6671243849949914
110,6,29,4,0.9448339939117432,0.8807048459279795
110,6,45,4,0.951339602470398,0.8807048459279795
110,6,53,4,0.8879360556602478,0.6923076923076927
110,6,57,4,0.8934166431427002,0.4803844614152616
110,6,30,4,0.9685399532318115,0.9230769230769237
110,6,46,4,0.9758631587028503,0.930949336251263
110,6,54,4,0.938360333442688,0.8006407690254359
110,6,58,4,0.9744882583618164,0.9230769230769237
110,6,60,4,0.9359318614006042,0.836242010007091
110,6,31,5,0.9999998211860657,1.0000000000000007
110,6,47,5,0.9999998211860657,1.0000000000000007
110,6,55,5,0.9678159952163696,0.8461538461538467
110,6,59,5,0.9999998211860657,1.0000000000000007
110,6,61,5,0.951339602470398,0.8807048459279795
110,6,62,5,0.9744882583618164,0.9230769230769237
112,7,127,7,1.0000001192092896,1.0
112,7,0,0,0.8423901200294495,0.2504897164340598
112,7,1,1,0.8576102256774902,0.4383570037596047
112,7,2,1,0.8785006999969482,0.7001400420140049
112,7,4,1,0.803922176361084,0.18786728732554486
112,7,8,1,0.8537119030952454,0.29411764705882354
112,7,16,1,0.904931902885437,0.33384893044479447
112,7,32,1,0.9185510873794556,0.7312724241271307
112,7,64,1,0.8340023159980774,0.30316953129541624
112,7,3,2,0.8555989265441895,0.4383570037596047
112,7,5,2,0.8576102256774902,0.4383570037596047
112,7,9,2,0.916337251663208,0.7130240959073808
112,7,17,2,0.9078103303909302,0.7514691493021795
112,7,33,2,0.9354778528213501,0.7882407813680823
112,7,65,2,0.8835355639457703,0.4708709557974189
112,7,6,2,0.8785006999969482,0.7001400420140049
112,7,10,2,0.916993260383606,0.7701540462154054
112,7,18,2,0.8864206671714783,0.6301260378126045
112,7,34,2,0.9157732725143433,0.7312724241271307
112,7,66,2,0.8361542820930481,0.30678599553894825
112,7,12,2,0.8537119030952454,0.29411764705882354
112,7,20,2,0.9458549618721008,0.8043996665398437
112,7,36,2,0.9157732725143433,0.7312724241271307
112,7,68,2,0.8503084182739258,0.30316953129541624
112,7,24,2,0.9626360535621643,0.8072073527955752
112,7,40,2,0.9433255195617676,0.7130240959073809
112,7,72,2,0.8820339441299438,0.36563621206356534
112,7,48,2,0.9437021017074585,0.7701540462154054
112,7,80,2,0.9797554612159729,0.8744746321952065
112,7,96,2,0.9232822060585022,0.7312724241271307
112,7,7,3,0.8555989265441895,0.4383570037596047
112,7,11,3,0.9237072467803955,0.8426648406178137
112,7,19,3,0.9683654308319092,0.9393364366277241
112,7,35,3,0.9341174364089966,0.8426648406178137
112,7,67,3,0.8746957778930664,0.4900980294098034
112,7,13,3,0.9360382556915283,0.8767140075192092
112,7,21,3,0.9692696332931519,0.9393364366277241
112,7,37,3,0.9341174364089966,0.8426648406178137
112,7,69,3,0.8835355639457703,0.4708709557974189
112,7,25,3,0.9711436033248901,0.9393364366277241
112,7,41,3,0.9644429087638855,0.8767140075192092
112,7,73,3,0.9043184518814087,0.5294117647058824
112,7,49,3,0.9510472416877747,0.8043996665398437
112,7,81,3,0.9896259307861328,0.9701425001453321
112,7,97,3,0.924688458442688,0.8426648406178137
112,7,14,3,0.916993260383606,0.7701540462154054
112,7,22,3,0.954204261302948,0.8401680504168059
112,7,38,3,0.9157732725143433,0.7312724241271307
112,7,70,3,0.8361542820930481,0.30678599553894825
112,7,26,3,0.962334394454956,0.8767140075192092
112,7,42,3,0.9526273012161255,0.7701540462154054
112,7,74,3,0.9447348713874817,0.7778444682625973
112,7,50,3,0.937582790851593,0.7701540462154054
112,7,82,3,0.9797554612159729,0.8744746321952065
112,7,98,3,0.9232822060585022,0.7312724241271307
112,7,28,3,0.9626360535621643,0.8072073527955752
112,7,44,3,0.9498386383056641,0.6888467201936643
112,7,76,3,0.8765488862991333,0.35007002100700246
112,7,52,3,0.9437021017074585,0.7701540462154054
112,7,84,3,0.9845688343048096,0.8426648406178138
112,7,100,3,0.9232822060585022,0.7312724241271307
112,7,56,3,0.9474413990974426,0.7514691493021792
112,7,88,3,0.9683261513710022,0.8426648406178138
112,7,104,3,0.9759483933448792,0.8426648406178138
112,7,112,3,0.9438902139663696,0.7701540462154054
112,7,15,4,0.9237072467803955,0.8426648406178137
112,7,23,4,0.9683654308319092,0.9393364366277241
112,7,39,4,0.9341174364089966,0.8426648406178137
112,7,71,4,0.8746957778930664,0.4900980294098034
112,7,27,4,0.9711436033248901,0.9393364366277241
112,7,43,4,0.9602811336517334,0.8767140075192092
112,7,75,4,0.9469348192214966,0.9095085938862488
112,7,51,4,0.9547632336616516,0.8767140075192092
112,7,83,4,0.9882711172103882,0.9701425001453321
112,7,99,4,0.924688458442688,0.8426648406178137
112,7,29,4,0.9711436033248901,0.9393364366277241
112,7,45,4,0.9644429087638855,0.8767140075192092
112,7,77,4,0.9043184518814087,0.5294117647058824
112,7,53,4,0.9510472416877747,0.8043996665398437
112,7,85,4,0.9896259307861328,0.9701425001453321
112,7,101,4,0.924688458442688,0.8426648406178137
112,7,57,4,0.9651626348495483,0.8823529411764707
112,7,89,4,1.0000001192092896,1.0
112,7,105,4,0.9952282309532166,0.9701425001453321
112,7,113,4,0.9850957989692688,0.9101820546182063
112,7,30,4,0.962334394454956,0.8767140075192092
112,7,46,4,0.9526273012161255,0.7701540462154054
112,7,78,4,0.9447348713874817,0.7778444682625973
112,7,54,4,0.9377009868621826,0.7701540462154054
112,7,86,4,0.9797554612159729,0.8744746321952065
112,7,102,4,0.9232822060585022,0.7312724241271307
112,7,58,4,0.9616397619247437,0.8823529411764706
112,7,90,4,0.9888509511947632,0.9074852129730302
112,7,106,4,0.9509482383728027,0.7701540462154054
112,7,114,4,0.9797554612159729,0.8744746321952065
112,7,60,4,0.9527042508125305,0.7778444682625973
112,7,92,4,0.9683261513710022,0.8426648406178138
112,7,108,4,0.9759483933448792,0.8426648406178138
112,7,116,4,0.9438902139663696,0.7701540462154054
112,7,120,4,0.9786460399627686,0.876714007519209
112,7,31,5,0.9711436033248901,0.9393364366277241
112,7,47,5,0.9583581686019897,0.8488746876271656
112,7,79,5,0.9517698287963867,0.9095085938862488
112,7,55,5,0.9547632336616516,0.8767140075192092
112,7,87,5,0.9882711172103882,0.9701425001453321
112,7,103,5,0.924688458442688,0.8426648406178137
112,7,59,5,0.9651626348495483,0.8823529411764707
112,7,91,5,1.0000001192092896,1.0
112,7,107,5,0.9952282309532166,0.9701425001453321
112,7,115,5,0.9896259307861328,0.9701425001453321
112,7,61,5,0.9651626348495483,0.8823529411764707
112,7,93,5,1.0000001192092896,1.0
112,7,109,5,0.9952282309532166,0.9701425001453321
112,7,117,5,0.9896259307861328,0.9701425001453321
112,7,121,5,1.0000001192092896,1.0
112,7,62,5,0.9616397619247437,0.8823529411764706
112,7,94,5,0.976417601108551,0.8744746321952065
112,7,110,5,0.9829068183898926,0.8744746321952065
112,7,118,5,0.9797554612159729,0.8744746321952065
112,7,122,5,0.9888509511947632,0.9074852129730302
112,7,124,5,0.9786460399627686,0.876714007519209
112,7,63,6,0.9651626348495483,0.8823529411764707
112,7,95,6,1.0000001192092896,1.0
112,7,111,6,0.9952282309532166,0.9701425001453321
112,7,119,6,0.9896259307861328,0.9701425001453321
112,7,123,6,1.0000001192092896,1.0
112,7,125,6,1.0000001192092896,1.0
112,7,126,6,0.9888509511947632,0.9074852129730302
113,6,63,6,1.0,1.0000000000000002
113,6,0,0,0.7480098605155945,0.3311330892662611
113,6,1,1,0.7381234169006348,0.2401922307076308
113,6,2,1,0.7272385358810425,0.2100420126042015
113,6,4,1,0.84369295835495,0.4564354645876386
113,6,8,1,0.8113671541213989,0.43301270189221935
113,6,16,1,0.7722851634025574,0.298142396999972
113,6,32,1,0.8879458904266357,0.5103103630798288
113,6,3,2,0.7381234169006348,0.2401922307076308
113,6,5,2,0.9008423089981079,0.5051814855409226
113,6,9,2,0.7977105379104614,0.38888888888888895
113,6,17,2,0.7974492907524109,0.35007002100700246
113,6,33,2,0.8261293768882751,0.3202563076101744
113,6,6,2,0.8501167297363281,0.4564354645876386
113,6,10,2,0.8112466931343079,0.45184805705753206
113,6,18,2,0.7477948665618896,0.2581988897471611
113,6,34,2,0.875178873538971,0.48038446141526153
113,6,12,2,0.8608248233795166,0.5163977794943224
113,6,20,2,0.7970409393310547,0.3481553119113957
113,6,36,2,0.9362285137176514,0.645497224367903
113,6,24,2,0.8898922204971313,0.4564354645876386
113,6,40,2,0.877704381942749,0.5103103630798288
113,6,48,2,0.8941261768341064,0.5222329678670935
113,6,7,3,0.9008423089981079,0.5051814855409226
113,6,11,3,0.7838392853736877,0.3333333333333334
113,6,19,3,0.7809643149375916,0.35007002100700246
113,6,35,3,0.8607549071311951,0.447213595499958
113,6,13,3,0.9360522031784058,0.7071067811865477
113,6,21,3,0.9008423089981079,0.5051814855409226
113,6,37,3,0.9027613997459412,0.5051814855409226
113,6,25,3,0.7989530563354492,0.372677996249965
113,6,41,3,0.8654463887214661,0.3849001794597505
113,6,49,3,0.867602527141571,0.45184805705753184
113,6,14,3,0.8524850606918335,0.4564354645876386
113,6,22,3,0.8463420867919922,0.447213595499958
113,6,38,3,0.917502224445343,0.5400617248673218
113,6,26,3,0.8094005584716797,0.4330127018922194
113,6,42,3,0.877704381942749,0.5103103630798288
113,6,50,3,0.8810508847236633,0.48038446141526153
113,6,28,3,0.8783111572265625,0.5163977794943224
113,6,44,3,0.9362285137176514,0.645497224367903
113,6,52,3,0.9360522031784058,0.7071067811865477
113,6,56,3,0.8879458904266357,0.5103103630798288
113,6,15,4,0.8156070113182068,0.36084391824351614
113,6,23,4,0.8739699125289917,0.447213595499958
113,6,39,4,0.9027613997459412,0.5051814855409226
113,6,27,4,0.7903687953948975,0.3333333333333334
113,6,43,4,0.8654463887214661,0.3849001794597505
113,6,51,4,0.8607549071311951,0.447213595499958
113,6,29,4,0.9360522031784058,0.7071067811865477
113,6,45,4,0.9402582049369812,0.4446486458999437
113,6,53,4,0.9027613997459412,0.5051814855409226
113,6,57,4,0.8654463887214661,0.3849001794597505
113,6,30,4,0.9209200143814087,0.5773502691896258
113,6,46,4,0.9360522031784058,0.7071067811865477
113,6,54,4,0.9360522031784058,0.7071067811865477
113,6,58,4,0.8812218904495239,0.4629100498862759
113,6,60,4,0.9362285137176514,0.645497224367903
113,6,31,5,0.8774466514587402,0.447213595499958
113,6,47,5,0.9049786329269409,0.5222329678670935
113,6,55,5,0.908068835735321,0.5222329678670935
113,6,59,5,0.8592984080314636,0.3849001794597505
113,6,61,5,1.0,1.0000000000000002
113,6,62,5,0.9252808094024658,0.7071067811865477
114,7,127,7,1.0000001192092896,1.0000000000000002
114,7,0,0,0.8744543194770813,0.7500000000000002
114,7,1,1,0.9072935581207275,0.8249579113843054
114,7,2,1,0.8979414701461792,0.8249579113843054
114,7,4,1,0.8538362979888916,0.521749194749951
114,7,8,1,0.8118034601211548,0.2842676218074806
114,7,16,1,0.8135908246040344,0.4743416490252569
114,7,32,1,0.8181397914886475,0.725774738602423
114,7,64,1,0.8657338619232178,0.5594309277855158
114,7,3,2,0.9138966798782349,0.8520128672302587
114,7,5,2,0.8538362979888916,0.521749194749951
114,7,9,2,0.8519559502601624,0.521749194749951
114,7,17,2,0.8419352173805237,0.5883484054145522
114,7,33,2,1.0000001192092896,1.0000000000000002
114,7,65,2,0.8396909236907959,0.521749194749951
114,7,6,2,0.8391906023025513,0.45760431532242957
114,7,10,2,0.9003995656967163,0.8249579113843054
114,7,18,2,0.8368637561798096,0.5883484054145522
114,7,34,2,0.8889716267585754,0.5883484054145522
114,7,66,2,0.8352334499359131,0.4409585518440986
114,7,12,2,0.8080001473426819,0.4264014327112209
114,7,20,2,0.8169811367988586,0.4762896722078403
114,7,36,2,0.882063090801239,0.8333333333333335
114,7,68,2,0.9023326635360718,0.566946709513841
114,7,24,2,0.7878075838088989,0.15713484026367724
114,7,40,2,0.8464312553405762,0.7431605356175385
114,7,72,2,0.9066478610038757,0.566946709513841
114,7,48,2,1.0000001192092896,1.0000000000000002
114,7,80,2,0.9205573797225952,0.9444444444444446
114,7,96,2,1.0000001192092896,1.0000000000000002
114,7,7,3,0.8519559502601624,0.521749194749951
114,7,11,3,0.8519559502601624,0.521749194749951
114,7,19,3,0.8419352173805237,0.5883484054145522
114,7,35,3,0.8733763694763184,0.8333333333333335
114,7,67,3,0.8396909236907959,0.521749194749951
114,7,13,3,0.8519559502601624,0.521749194749951
114,7,21,3,0.8614126443862915,0.5883484054145522
114,7,37,3,0.9130436182022095,0.8574929257125444
114,7,69,3,0.9037274122238159,0.566946709513841
114,7,25,3,0.8614126443862915,0.5883484054145522
114,7,41,3,0.8906551599502563,0.8574929257125444
114,7,73,3,0.8396909236907959,0.521749194749951
114,7,49,3,1.0000001192092896,1.0000000000000002
114,7,81,3,1.0000001192092896,1.0000000000000002
114,7,97,3,1.0000001192092896,1.0000000000000002
114,7,14,3,0.846889078617096,0.5443310539518175
114,7,22,3,0.8957194089889526,0.9146591207600474
114,7,38,3,0.8889716267585754,0.5883484054145522
114,7,70,3,0.9078311920166016,0.5477225575051663
114,7,26,3,0.8957194089889526,0.9146591207600474
114,7,42,3,0.8889716267585754,0.5883484054145522
114,7,74,3,0.8951887488365173,0.5229763603684909
114,7,50,3,1.0000001192092896,1.0000000000000002
114,7,82,3,1.0000001192092896,1.0000000000000002
114,7,98,3,1.0000001192092896,1.0000000000000002
114,7,28,3,0.837824821472168,0.49746833816309105
114,7,44,3,0.8238469958305359,0.7222222222222223
114,7,76,3,0.868253767490387,0.45760431532242957
114,7,52,3,1.0000001192092896,1.0000000000000002
114,7,84,3,0.8821135759353638,0.8888888888888891
114,7,100,3,1.0000001192092896,1.0000000000000002
114,7,56,3,0.9632396101951599,0.8838834764831844
114,7,88,3,0.9205573797225952,0.9444444444444446
114,7,104,3,1.0000001192092896,1.0000000000000002
114,7,112,3,1.0000001192092896,1.0000000000000002
114,7,15,4,0.8519559502601624,0.521749194749951
114,7,23,4,0.8614126443862915,0.5883484054145522
114,7,39,4,0.871635377407074,0.8333333333333335
114,7,71,4,0.9037274122238159,0.566946709513841
114,7,27,4,0.8634419441223145,0.5883484054145522
114,7,43,4,0.9321608543395996,0.9146591207600474
114,7,75,4,0.8396909236907959,0.521749194749951
114,7,51,4,1.0000001192092896,1.0000000000000002
114,7,83,4,0.9051363468170166,0.8017837257372734
114,7,99,4,1.0000001192092896,1.0000000000000002
114,7,29,4,0.8614126443862915,0.5883484054145522
114,7,45,4,0.8850256204605103,0.8574929257125444
114,7,77,4,0.9128553867340088,0.5883484054145522
114,7,53,4,1.0000001192092896,1.0000000000000002
114,7,85,4,0.9431655406951904,0.9444444444444446
114,7,101,4,1.0000001192092896,1.0000000000000002
114,7,57,4,1.0000001192092896,1.0000000000000002
114,7,89,4,0.8497670888900757,0.7126966450997986
114,7,105,4,1.0000001192092896,1.0000000000000002
114,7,113,4,1.0000001192092896,1.0000000000000002
114,7,30,4,0.9193998575210571,0.9428090415820634
114,7,46,4,0.8889716267585754,0.5883484054145522
114,7,78,4,0.8701234459877014,0.5883484054145522
114,7,54,4,1.0000001192092896,1.0000000000000002
114,7,86,4,0.9205573797225952,0.9444444444444446
114,7,102,4,1.0000001192092896,1.0000000000000002
114,7,58,4,1.0000001192092896,1.0000000000000002
114,7,90,4,1.0000001192092896,1.0000000000000002
114,7,106,4,1.0000001192092896,1.0000000000000002
114,7,114,4,1.0000001192092896,1.0000000000000002
114,7,60,4,0.9675325155258179,0.8838834764831844
114,7,92,4,0.9570472836494446,0.9718253158075504
114,7,108,4,0.9471863508224487,0.8574929257125444
114,7,116,4,1.0000001192092896,1.0000000000000002
114,7,120,4,1.0000001192092896,1.0000000000000002
114,7,31,5,0.9071221351623535,0.9146591207600474
114,7,47,5,0.8775608539581299,0.8574929257125444
114,7,79,5,0.9128553867340088,0.5883484054145522
114,7,55,5,0.9873448014259338,0.9718253158075504
114,7,87,5,0.9431655406951904,0.9444444444444446
114,7,103,5,1.0000001192092896,1.0000000000000002
114,7,59,5,1.0000001192092896,1.0000000000000002
114,7,91,5,0.9051363468170166,0.8017837257372734
114,7,107,5,1.0000001192092896,1.0000000000000002
114,7,115,5,1.0000001192092896,1.0000000000000002
114,7,61,5,0.9873448014259338,0.9718253158075504
114,7,93,5,0.9570472836494446,0.9718253158075504
114,7,109,5,1.0000001192092896,1.0000000000000002
114,7,117,5,1.0000001192092896,1.0000000000000002
114,7,121,5,0.9051363468170166,0.8017837257372734
114,7,62,5,0.9873448014259338,0.9718253158075504
114,7,94,5,0.9570472836494446,0.9718253158075504
114,7,110,5,1.0000001192092896,1.0000000000000002
114,7,118,5,1.0000001192092896,1.0000000000000002
114,7,122,5,0.9952327609062195,1.0000000000000002
114,7,124,5,1.0000001192092896,1.0000000000000002
114,7,63,6,0.9873448014259338,0.9718253158075504
114,7,95,6,0.9570472836494446,0.9718253158075504
114,7,111,6,1.0000001192092896,1.0000000000000002
114,7,119,6,1.0000001192092896,1.0000000000000002
114,7,123,6,1.0000001192092896,1.0000000000000002
114,7,125,6,1.0000001192092896,1.0000000000000002
114,7,126,6,1.0000001192092896,1.0000000000000002
115,7,127,7,1.0,1.0000000000000002
115,7,0,0,0.745222806930542,0.2981423969999719
115,7,1,1,0.7576180100440979,0.36369648372665386
115,7,2,1,0.7340263724327087,0.3553345272593508
115,7,4,1,0.7406470775604248,0.35634832254989923
115,7,8,1,0.7834196090698242,0.447213595499958
115,7,16,1,0.8535694479942322,0.408248290463863
115,7,32,1,0.8031590580940247,0.44543540318737407
115,7,64,1,0.7580316662788391,0.44543540318737407
115,7,3,2,0.7404413223266602,0.32338083338177726
115,7,5,2,0.7681556344032288,0.35634832254989923
115,7,9,2,0.7679495811462402,0.42163702135578396
115,7,17,2,0.8483842015266418,0.4622501635210244
115,7,33,2,0.8155362606048584,0.4170288281141496
115,7,65,2,0.7991588711738586,0.4622501635210244
115,7,6,2,0.7176889181137085,0.33333333333333326
115,7,10,2,0.7130263447761536,0.48686449556014766
115,7,18,2,0.8225433826446533,0.3698001308168195
115,7,34,2,0.7957194447517395,0.43033148291193524
115,7,66,2,0.7837021946907043,0.44543540318737407
115,7,12,2,0.7603785991668701,0.35355339059327373
115,7,20,2,0.8249531984329224,0.3726779962499649
115,7,36,2,0.7347123622894287,0.320750149549792
115,7,68,2,0.7663487195968628,0.34426518632954817
115,7,24,2,0.7721096873283386,0.3333333333333333
115,7,40,2,0.73664790391922,0.3440312310280934
115,7,72,2,0.8081965446472168,0.5
115,7,48,2,0.889552116394043,0.43033148291193524
115,7,80,2,0.8109065294265747,0.5892556509887896
115,7,96,2,0.740553081035614,0.41666666666666663
115,7,7,3,0.7263070940971375,0.340206908719886
115,7,11,3,0.7609508037567139,0.5443310539518174
115,7,19,3,0.8109065294265747,0.5892556509887896
115,7,35,3,0.7735497951507568,0.3333333333333333
115,7,67,3,0.7991588711738586,0.4622501635210244
115,7,13,3,0.7813299894332886,0.42163702135578396
115,7,21,3,0.8560795783996582,0.3333333333333333
115,7,37,3,0.7393988370895386,0.36369648372665386
115,7,69,3,0.7991588711738586,0.4622501635210244
115,7,25,3,0.8109065294265747,0.5892556509887896
115,7,41,3,0.7496366500854492,0.18490006540840975
115,7,73,3,0.7952104806900024,0.5962847939999439
115,7,49,3,1.0,1.0000000000000002
115,7,81,3,0.8871091604232788,0.49999999999999994
115,7,97,3,0.8496322631835938,0.5547001962252293
115,7,14,3,0.6912735104560852,0.4573295603800235
115,7,22,3,0.8225433826446533,0.3698001308168195
115,7,38,3,0.7317680716514587,0.3333333333333333
115,7,70,3,0.76908278465271,0.44543540318737407
115,7,26,3,0.8822346925735474,0.44543540318737407
115,7,42,3,0.8046764731407166,0.42640143271122094
115,7,74,3,0.7562710642814636,0.42163702135578396
115,7,50,3,0.9102014303207397,0.5345224838248489
115,7,82,3,0.875459611415863,0.5443310539518174
115,7,98,3,0.8201313614845276,0.5163977794943223
115,7,28,3,0.8170372247695923,0.4850712500726658
115,7,44,3,0.7952319979667664,0.42163702135578396
115,7,76,3,0.7950208187103271,0.5
115,7,52,3,0.9376099109649658,0.6804138174397717
115,7,84,3,0.875459611415863,0.5443310539518174
115,7,100,3,0.8574060201644897,0.7071067811865476
115,7,56,3,0.9933601021766663,0.9486832980505138
115,7,88,3,0.8109065294265747,0.5892556509887896
115,7,104,3,0.8715238571166992,0.6804138174397717
115,7,112,3,0.9672175645828247,0.8819171036881968
115,7,15,4,0.7624907493591309,0.447213595499958
115,7,23,4,0.8351756930351257,0.5039526306789697
115,7,39,4,0.7498443722724915,0.35634832254989923
115,7,71,4,0.7991588711738586,0.4622501635210244
115,7,27,4,0.8109065294265747,0.5892556509887896
115,7,43,4,0.83420729637146,0.3849001794597505
115,7,75,4,0.7952104806900024,0.5962847939999439
115,7,51,4,1.0,1.0000000000000002
115,7,83,4,0.8878098130226135,0.447213595499958
115,7,99,4,0.8496322631835938,0.5547001962252293
115,7,29,4,0.7830694913864136,0.5039526306789697
115,7,45,4,0.7029397487640381,0.23570226039551584
115,7,77,4,0.787818193435669,0.6804138174397717
115,7,53,4,0.8537172079086304,0.7559289460184544
115,7,85,4,0.8507378101348877,0.44721359549995787
115,7,101,4,0.8496322631835938,0.5547001962252293
115,7,57,4,0.922893762588501,0.8249579113843055
115,7,89,4,0.8109065294265747,0.5892556509887896
115,7,105,4,0.8728938102722168,0.816496580927726
115,7,113,4,1.0,1.0000000000000002
115,7,30,4,0.8128136396408081,0.3333333333333333
115,7,46,4,0.7246061563491821,0.3928371006591931
115,7,78,4,0.7562710642814636,0.42163702135578396
115,7,54,4,0.9102014303207397,0.5345224838248489
115,7,86,4,0.875459611415863,0.5443310539518174
115,7,102,4,0.8585032820701599,0.6804138174397717
115,7,58,4,1.0,1.0000000000000002
115,7,90,4,1.0,1.0000000000000002
115,7,106,4,0.8717710971832275,0.7453559924999299
115,7,114,4,1.0,1.0000000000000002
115,7,60,4,0.9376099109649658,0.6804138174397717
115,7,92,4,0.8250482082366943,0.5443310539518174
115,7,108,4,0.8715238571166992,0.6804138174397717
115,7,116,4,0.9672175645828247,0.8819171036881968
115,7,120,4,0.9672175645828247,0.8819171036881968
115,7,31,5,0.8109065294265747,0.5892556509887896
115,7,47,5,0.762226939201355,0.6804138174397717
115,7,79,5,0.7952104806900024,0.5962847939999439
115,7,55,5,0.9280616044998169,0.5345224838248489
115,7,87,5,0.8617021441459656,0.4622501635210244
115,7,103,5,0.8496322631835938,0.5547001962252293
115,7,59,5,1.0,1.0000000000000002
115,7,91,5,0.8109065294265747,0.5892556509887896
115,7,107,5,0.856513500213623,0.5962847939999439
115,7,115,5,0.9200778603553772,0.5345224838248489
115,7,61,5,0.922893762588501,0.8249579113843055
115,7,93,5,0.8109065294265747,0.5892556509887896
115,7,109,5,0.8728938102722168,0.816496580927726
115,7,117,5,0.9037148952484131,0.6885303726590964
115,7,121,5,1.0,1.0000000000000002
115,7,62,5,1.0,1.0000000000000002
115,7,94,5,1.0,1.0000000000000002
115,7,110,5,0.8715238571166992,0.6804138174397717
115,7,118,5,0.8668084144592285,0.6804138174397717
115,7,122,5,1.0,1.0000000000000002
115,7,124,5,0.9672175645828247,0.8819171036881968
115,7,63,6,1.0,1.0000000000000002
115,7,95,6,1.0,1.0000000000000002
115,7,111,6,0.856513500213623,0.5962847939999439
115,7,119,6,0.88646000623703,0.5833333333333333
115,7,123,6,1.0,1.0000000000000002
115,7,125,6,1.0,1.0000000000000002
115,7,126,6,1.0,1.0000000000000002
116,5,31,5,0.9999999403953552,1.0000000000000007
116,5,0,0,0.8012332916259766,0.08770580193070296
116,5,1,1,0.8818491697311401,0.639009650422694
116,5,2,1,0.8070107698440552,0.1450952500220024
116,5,4,1,0.913287878036499,0.7606388292556654
116,5,8,1,0.8075925707817078,0.4601789933084224
116,5,16,1,0.8439005613327026,0.5070925528371102
116,5,3,2,0.8249053955078125,0.26311740579210885
116,5,5,2,0.9164026379585266,0.7115124735378855
116,5,9,2,0.7994651794433594,0.23904572186687884
116,5,17,2,0.8503015637397766,0.5163977794943224
116,5,6,2,0.8883802890777588,0.6761234037828137
116,5,10,2,0.7861819863319397,0.47193990372426964
116,5,18,2,0.8403934836387634,0.5533985905294665
116,5,12,2,0.9562476873397827,0.653197264742181
116,5,20,2,0.9130756258964539,0.7606388292556654
116,5,24,2,0.8420693874359131,0.5368754921931594
116,5,7,3,0.9260154366493225,0.7627700713964741
116,5,11,3,0.8226678967475891,0.26311740579210885
116,5,19,3,0.8758641481399536,0.5656854249492382
116,5,13,3,0.9631961584091187,0.7627700713964741
116,5,21,3,0.8719105124473572,0.5656854249492382
116,5,25,3,0.8820112943649292,0.5656854249492382
116,5,14,3,0.9765308499336243,0.8451542547285171
116,5,22,3,0.9130756258964539,0.7606388292556654
116,5,26,3,0.8376560807228088,0.5520524474738834
116,5,28,3,0.9256514310836792,0.7606388292556654
116,5,15,4,0.9561302661895752,0.7627700713964741
116,5,23,4,0.8719105124473572,0.5656854249492382
116,5,27,4,0.9549343585968018,0.9000000000000006
116,5,29,4,0.8646944761276245,0.5656854249492382
116,5,30,4,0.9794191718101501,0.8451542547285171
118,7,127,7,1.000000238418579,0.9999999999999999
118,7,0,0,0.8361551761627197,0.14322297480788662
118,7,1,1,0.8314813375473022,0.20701966780270636
118,7,2,1,0.9183633327484131,0.8198915917499229
118,7,4,1,0.823899507522583,0.2760262237369418
118,7,8,1,0.8502717018127441,0.149071198499986
118,7,16,1,0.8429110646247864,0.2666666666666667
118,7,32,1,0.8274562358856201,0.20701966780270636
118,7,64,1,0.9696105718612671,0.8164965809277261
118,7,3,2,0.8486447334289551,0.521749194749951
118,7,5,2,0.8314813375473022,0.20701966780270636
118,7,9,2,0.8232223987579346,0.31139957766460924
118,7,17,2,0.849810779094696,0.32274861218395146
118,7,33,2,0.8273471593856812,0.20701966780270636
118,7,65,2,0.9655143022537231,0.7161148740394331
118,7,6,2,0.9254716634750366,0.8593378488473197
118,7,10,2,0.9254716634750366,0.8593378488473197
118,7,18,2,0.9254716634750366,0.8593378488473197
118,7,34,2,0.9254716634750366,0.8593378488473197
118,7,66,2,0.9929085969924927,0.9660917830792962
118,7,12,2,0.9021854400634766,0.7590721152765899
118,7,20,2,0.8889783620834351,0.7453559924999299
118,7,36,2,0.8155797123908997,0.2760262237369418
118,7,68,2,0.9572986364364624,0.8198915917499229
118,7,24,2,0.9173802137374878,0.7877263614433764
118,7,40,2,0.8463037610054016,0.33333333333333337
118,7,72,2,0.987554669380188,0.8593378488473197
118,7,48,2,0.8460628390312195,0.34503277967117724
118,7,80,2,0.973483681678772,0.8593378488473197
118,7,96,2,0.9572986364364624,0.8198915917499229
118,7,7,3,0.8486447334289551,0.521749194749951
118,7,11,3,0.8486447334289551,0.521749194749951
118,7,19,3,0.8650052547454834,0.521749194749951
118,7,35,3,0.8486447334289551,0.521749194749951
118,7,67,3,0.9968768358230591,0.9999999999999999
118,7,13,3,0.8461167812347412,0.447213595499958
118,7,21,3,0.8543417453765869,0.4383570037596047
118,7,37,3,0.8304404020309448,0.34503277967117724
118,7,69,3,0.9688955545425415,0.7590721152765899
118,7,25,3,0.8461167812347412,0.447213595499958
118,7,41,3,0.844692587852478,0.2760262237369418
118,7,73,3,0.991860032081604,0.8970852271450608
118,7,49,3,0.8595284819602966,0.3757345746510897
118,7,81,3,0.9818204641342163,0.8280786712108253
118,7,97,3,0.9690988659858704,0.8280786712108253
118,7,14,3,0.9224764108657837,0.8593378488473197
118,7,22,3,0.9254716634750366,0.8593378488473197
118,7,38,3,0.9254716634750366,0.8593378488473197
118,7,70,3,0.9893326759338379,0.9660917830792962
118,7,26,3,0.9254716634750366,0.8593378488473197
118,7,42,3,0.9254716634750366,0.8593378488473197
118,7,74,3,0.9929085969924927,0.9660917830792962
118,7,50,3,0.9254716634750366,0.8593378488473197
118,7,82,3,0.9920387268066406,0.9660917830792962
118,7,98,3,0.9929085969924927,0.9660917830792962
118,7,28,3,0.9224764108657837,0.8593378488473197
118,7,44,3,0.9254716634750366,0.8593378488473197
118,7,76,3,0.9893326759338379,0.9660917830792962
118,7,52,3,0.8411393165588379,0.33333333333333337
118,7,84,3,0.973483681678772,0.8593378488473197
118,7,100,3,0.9572986364364624,0.8198915917499229
118,7,56,3,0.9052769541740417,0.7590721152765899
118,7,88,3,0.9781491160392761,0.8593378488473197
118,7,104,3,0.9881932139396667,0.930949336251263
118,7,112,3,0.973483681678772,0.8593378488473197
118,7,15,4,0.8486447334289551,0.521749194749951
118,7,23,4,0.8650052547454834,0.521749194749951
118,7,39,4,0.8507648706436157,0.521749194749951
118,7,71,4,0.9968768358230591,0.9999999999999999
118,7,27,4,0.8632453680038452,0.5449492609130662
118,7,43,4,0.8507648706436157,0.521749194749951
118,7,75,4,0.9968768358230591,0.9999999999999999
118,7,51,4,0.8650052547454834,0.521749194749951
118,7,83,4,0.9968768358230591,0.9999999999999999
118,7,99,4,0.9968768358230591,0.9999999999999999
118,7,29,4,0.8486447334289551,0.521749194749951
118,7,45,4,0.8726801872253418,0.521749194749951
118,7,77,4,0.9978280067443848,0.8970852271450608
118,7,53,4,0.8597666621208191,0.38729833462074176
118,7,85,4,0.983811616897583,0.8970852271450608
118,7,101,4,0.9930287599563599,0.8970852271450608
118,7,57,4,0.8461167812347412,0.447213595499958
118,7,89,4,0.9899241328239441,0.9333333333333332
118,7,105,4,0.9899241328239441,0.9333333333333332
118,7,113,4,0.975662112236023,0.8280786712108253
118,7,30,4,0.9254716634750366,0.8593378488473197
118,7,46,4,0.9254716634750366,0.8593378488473197
118,7,78,4,0.9929085969924927,0.9660917830792962
118,7,54,4,0.9254716634750366,0.8593378488473197
118,7,86,4,0.9920387268066406,0.9660917830792962
118,7,102,4,0.9929085969924927,0.9660917830792962
118,7,58,4,0.9224764108657837,0.8593378488473197
118,7,90,4,0.9929085969924927,0.9660917830792962
118,7,106,4,0.9929085969924927,0.9660917830792962
118,7,114,4,0.9929085969924927,0.9660917830792962
118,7,60,4,0.9224764108657837,0.8593378488473197
118,7,92,4,0.9929085969924927,0.9660917830792962
118,7,108,4,0.9881932139396667,0.930949336251263
118,7,116,4,0.973483681678772,0.8593378488473197
118,7,120,4,0.9781491160392761,0.8593378488473197
118,7,31,5,0.8632453680038452,0.5449492609130662
118,7,47,5,0.8650052547454834,0.521749194749951
118,7,79,5,0.9968768358230591,0.9999999999999999
118,7,55,5,0.8650052547454834,0.521749194749951
118,7,87,5,0.9968768358230591,0.9999999999999999
118,7,103,5,0.9968768358230591,0.9999999999999999
118,7,59,5,0.8507648706436157,0.521749194749951
118,7,91,5,1.000000238418579,0.9999999999999999
118,7,107,5,0.9968768358230591,0.9999999999999999
118,7,115,5,0.9951838254928589,0.9999999999999999
118,7,61,5,0.8686822652816772,0.521749194749951
118,7,93,5,0.9739563465118408,0.8666666666666666
118,7,109,5,0.9930287599563599,0.8970852271450608
118,7,117,5,0.983811616897583,0.8970852271450608
118,7,121,5,0.9899241328239441,0.9333333333333332
118,7,62,5,0.9254716634750366,0.8593378488473197
118,7,94,5,0.9929085969924927,0.9660917830792962
118,7,110,5,0.9929085969924927,0.9660917830792962
118,7,118,5,0.9929085969924927,0.9660917830792962
118,7,122,5,0.9920387268066406,0.9660917830792962
118,7,124,5,0.9929085969924927,0.9660917830792962
118,7,63,6,0.8686822652816772,0.521749194749951
118,7,95,6,0.9951838254928589,0.9999999999999999
118,7,111,6,0.9968768358230591,0.9999999999999999
118,7,119,6,0.9951838254928589,0.9999999999999999
118,7,123,6,0.9951838254928589,0.9999999999999999
118,7,125,6,0.9979304671287537,0.9660917830792962
118,7,126,6,0.9920387268066406,0.9660917830792962
119,7,127,7,1.0000001192092896,1.0000000000000004
119,7,0,0,0.7192357778549194,0.40089186286863665
119,7,1,1,0.726464033126831,0.45834924851410574
119,7,2,1,0.755852460861206,0.5819143739626464
119,7,4,1,0.7346621751785278,0.40089186286863665
119,7,8,1,0.8109533786773682,0.6236095644623237
119,7,16,1,0.7610684633255005,0.47245559126153414
119,7,32,1,0.7617119550704956,0.5640760748177664
119,7,64,1,0.7613756656646729,0.3468439878096482
119,7,3,2,0.7400508522987366,0.4335549847620601
119,7,5,2,0.723471999168396,0.46291004988627593
119,7,9,2,0.8250194787979126,0.6936879756192963
119,7,17,2,0.7793513536453247,0.5916079783099617
119,7,33,2,0.7272678017616272,0.4948716593053935
119,7,65,2,0.8529289960861206,0.6069769786668843
119,7,6,2,0.6976937055587769,0.4454354031873741
119,7,10,2,0.7873440980911255,0.6761234037828134
119,7,18,2,0.7767573595046997,0.5640760748177664
119,7,34,2,0.7617119550704956,0.5640760748177664
119,7,66,2,0.8172732591629028,0.5500190982169268
119,7,12,2,0.7761497497558594,0.6416889479197481
119,7,20,2,0.7623486518859863,0.5640760748177664
119,7,36,2,0.7170528769493103,0.44543540318737407
119,7,68,2,0.7874987125396729,0.4193139346887675
119,7,24,2,0.7871171832084656,0.6446583712203044
119,7,40,2,0.7818788290023804,0.6446583712203044
119,7,72,2,0.8972300291061401,0.7559289460184546
119,7,48,2,0.7204331159591675,0.5070925528371101
119,7,80,2,0.8833403587341309,0.6614378277661478
119,7,96,2,0.8471616506576538,0.566946709513841
119,7,7,3,0.7400508522987366,0.4335549847620601
119,7,11,3,0.7762629985809326,0.6761234037828134
119,7,19,3,0.7962573766708374,0.5070925528371101
119,7,35,3,0.716484546661377,0.3380617018914067
119,7,67,3,0.8529289960861206,0.6069769786668843
119,7,13,3,0.8567310571670532,0.7142857142857146
119,7,21,3,0.7962573766708374,0.5070925528371101
119,7,37,3,0.7297307252883911,0.3585685828003182
119,7,69,3,0.9711235761642456,0.8571428571428575
119,7,25,3,0.8567310571670532,0.7142857142857146
119,7,41,3,0.8495043516159058,0.7142857142857146
119,7,73,3,1.0000001192092896,1.0000000000000004
119,7,49,3,0.7691259384155273,0.5916079783099617
119,7,81,3,1.0000001192092896,1.0000000000000004
119,7,97,3,0.8529289960861206,0.6069769786668843
119,7,14,3,0.8097867369651794,0.6803360514166092
119,7,22,3,0.7659463286399841,0.5500190982169268
119,7,38,3,0.7659463286399841,0.5500190982169268
119,7,70,3,0.7874987125396729,0.4193139346887675
119,7,26,3,0.79319828748703,0.6761234037828134
119,7,42,3,0.7873440980911255,0.6761234037828134
119,7,74,3,0.8725069761276245,0.7333587976225691
119,7,50,3,0.7873440980911255,0.6761234037828134
119,7,82,3,0.8725069761276245,0.7333587976225691
119,7,98,3,0.8225370049476624,0.5500190982169268
119,7,28,3,0.7934515476226807,0.6446583712203044
119,7,44,3,0.8495043516159058,0.7142857142857146
119,7,76,3,0.8725069761276245,0.7333587976225691
119,7,52,3,0.7659463286399841,0.5500190982169268
119,7,84,3,0.858822762966156,0.6614378277661478
119,7,100,3,0.8701841831207275,0.5241424183609593
119,7,56,3,0.7818788290023804,0.6446583712203044
119,7,88,3,0.8747128844261169,0.7252406676228426
119,7,104,3,0.8747128844261169,0.7252406676228426
119,7,112,3,0.8833403587341309,0.6614378277661478
119,7,15,4,0.8567310571670532,0.7142857142857146
119,7,23,4,0.7962573766708374,0.5070925528371101
119,7,39,4,0.7277793884277344,0.4285714285714288
119,7,71,4,0.9711235761642456,0.8571428571428575
119,7,27,4,0.8567310571670532,0.7142857142857146
119,7,43,4,0.8495043516159058,0.7142857142857146
119,7,75,4,1.0000001192092896,1.0000000000000004
119,7,51,4,0.7346587777137756,0.5916079783099617
119,7,83,4,0.9711235761642456,0.8571428571428575
119,7,99,4,0.8529289960861206,0.6069769786668843
119,7,29,4,0.8567310571670532,0.7142857142857146
119,7,45,4,0.8495043516159058,0.7142857142857146
119,7,77,4,1.0000001192092896,1.0000000000000004
119,7,53,4,0.7962573766708374,0.5070925528371101
119,7,85,4,0.9711235761642456,0.8571428571428575
119,7,101,4,0.9711235761642456,0.8571428571428575
119,7,57,4,0.8495043516159058,0.7142857142857146
119,7,89,4,1.0000001192092896,1.0000000000000004
119,7,105,4,1.0000001192092896,1.0000000000000004
119,7,113,4,0.8852630853652954,0.7606388292556651
119,7,30,4,0.7778525948524475,0.6761234037828134
119,7,46,4,0.8495043516159058,0.7142857142857146
119,7,78,4,0.8725069761276245,0.7333587976225691
119,7,54,4,0.7659463286399841,0.5500190982169268
119,7,86,4,0.8420778512954712,0.641688947919748
119,7,102,4,0.8420778512954712,0.641688947919748
119,7,58,4,0.7596062421798706,0.641688947919748
119,7,90,4,0.8725069761276245,0.7333587976225691
119,7,106,4,0.8725069761276245,0.7333587976225691
119,7,114,4,0.8725069761276245,0.7333587976225691
119,7,60,4,0.7672725319862366,0.641688947919748
119,7,92,4,1.0000001192092896,1.0000000000000004
119,7,108,4,0.8725069761276245,0.7333587976225691
119,7,116,4,0.8604512810707092,0.6936879756192963
119,7,120,4,0.8794326782226562,0.7126966450997986
119,7,31,5,0.8567310571670532,0.7142857142857146
119,7,47,5,0.8495043516159058,0.7142857142857146
119,7,79,5,1.0000001192092896,1.0000000000000004
119,7,55,5,0.7962573766708374,0.5070925528371101
119,7,87,5,0.9711235761642456,0.8571428571428575
119,7,103,5,0.9711235761642456,0.8571428571428575
119,7,59,5,0.8495043516159058,0.7142857142857146
119,7,91,5,1.0000001192092896,1.0000000000000004
119,7,107,5,1.0000001192092896,1.0000000000000004
119,7,115,5,0.9711235761642456,0.8571428571428575
119,7,61,5,0.8495043516159058,0.7142857142857146
119,7,93,5,1.0000001192092896,1.0000000000000004
119,7,109,5,1.0000001192092896,1.0000000000000004
119,7,117,5,0.9711235761642456,0.8571428571428575
119,7,121,5,1.0000001192092896,1.0000000000000004
119,7,62,5,0.7672725319862366,0.641688947919748
119,7,94,5,0.8725069761276245,0.7333587976225691
119,7,110,5,0.8725069761276245,0.7333587976225691
119,7,118,5,0.8420778512954712,0.641688947919748
119,7,122,5,0.8725069761276245,0.7333587976225691
119,7,124,5,0.8725069761276245,0.7333587976225691
119,7,63,6,0.8495043516159058,0.7142857142857146
119,7,95,6,1.0000001192092896,1.0000000000000004
119,7,111,6,1.0000001192092896,1.0000000000000004
119,7,119,6,0.9711235761642456,0.8571428571428575
119,7,123,6,1.0000001192092896,1.0000000000000004
119,7,125,6,1.0000001192092896,1.0000000000000004
119,7,126,6,0.8725069761276245,0.7333587976225691
120,6,63,6,1.0,0.9999999999999999
120,6,0,0,0.7832046747207642,0.31139957766460924
120,6,1,1,0.793781042098999,0.35805743701971654
120,6,2,1,0.8179883360862732,0.39752319599996255
120,6,4,1,0.8092132806777954,0.46188021535170065
120,6,8,1,0.8669923543930054,0.6885303726590964
120,6,16,1,0.8056156635284424,0.1825741858350554
120,6,32,1,0.8263295888900757,0.35805743701971654
120,6,3,2,0.8732392191886902,0.7999999999999999
120,6,5,2,0.770223081111908,0.27386127875258315
120,6,9,2,0.7822198867797852,0.12909944487358058
120,6,17,2,0.8444836735725403,0.4618802153517007
120,6,33,2,0.9097048044204712,0.8164965809277261
120,6,6,2,0.816374659538269,0.4146442144313648
120,6,10,2,0.859390377998352,0.7590721152765899
120,6,18,2,0.8062739372253418,0.38924947208076155
120,6,34,2,0.9045277833938599,0.8164965809277261
120,6,12,2,0.9786152839660645,0.8280786712108253
120,6,20,2,0.7944929599761963,0.298142396999972
120,6,36,2,0.8207985162734985,0.34641016151377546
120,6,24,2,0.7883102893829346,0.28644594961577324
120,6,40,2,0.8889796733856201,0.7333333333333334
120,6,48,2,0.8246517181396484,0.35540932665545555
120,6,7,3,0.8354958295822144,0.5009794328681196
120,6,11,3,0.8706895112991333,0.8593378488473197
120,6,19,3,0.8103102445602417,0.25819888974716115
120,6,35,3,0.8637853264808655,0.5196152422706632
120,6,13,3,0.842886209487915,0.5773502691896258
120,6,21,3,0.8196144104003906,0.39036002917941337
120,6,37,3,0.8365356922149658,0.40414518843273806
120,6,25,3,0.9139812588691711,0.5773502691896258
120,6,41,3,0.8825712203979492,0.44721359549995804
120,6,49,3,0.7958295345306396,0.39036002917941337
120,6,14,3,0.8419969081878662,0.7590721152765899
120,6,22,3,0.7918376326560974,0.40414518843273806
120,6,38,3,0.8275270462036133,0.37686733144071605
120,6,26,3,0.790472686290741,0.3757345746510897
120,6,42,3,0.9455262422561646,0.7999999999999999
120,6,50,3,0.7948333024978638,0.3853373177942263
120,6,28,3,0.9801202416419983,0.8944271909999159
120,6,44,3,0.932338535785675,0.46709936649691386
120,6,52,3,0.8200411200523376,0.34641016151377546
120,6,56,3,0.8161903023719788,0.3651483716701108
120,6,15,4,0.9020965099334717,0.5449492609130662
120,6,23,4,0.8161141276359558,0.42966892442365984
120,6,39,4,0.8649845123291016,0.5012804118276032
120,6,27,4,0.9118008613586426,0.5773502691896258
120,6,43,4,0.957423210144043,0.8970852271450608
120,6,51,4,0.8508811593055725,0.447213595499958
120,6,29,4,0.916566014289856,0.737864787372622
120,6,45,4,0.882012128829956,0.7590721152765899
120,6,53,4,0.8033410310745239,0.316227766016838
120,6,57,4,0.994154691696167,0.9660917830792962
120,6,30,4,0.984836995601654,0.9036961141150638
120,6,46,4,0.8870241641998291,0.4140393356054127
120,6,54,4,0.823823869228363,0.40414518843273806
120,6,58,4,0.8262697458267212,0.38924947208076155
120,6,60,4,0.9964189529418945,0.9999999999999999
120,6,31,5,0.916566014289856,0.737864787372622
120,6,47,5,0.9157130122184753,0.5331139899831833
120,6,55,5,0.8540433049201965,0.447213595499958
120,6,59,5,0.9959670305252075,0.9999999999999999
120,6,61,5,1.0,0.9999999999999999
120,6,62,5,0.984836995601654,0.9036961141150638
121,3,7,3,0.9999998807907104,1.0
121,3,0,0,0.8896965384483337,0.7216878364870324
121,3,1,1,0.9103060960769653,0.8249579113843053
121,3,2,1,0.8724911212921143,0.7216878364870324
121,3,4,1,0.8737229704856873,0.763762615825973
121,3,3,2,0.9999998807907104,1.0
121,3,5,2,0.9489497542381287,0.8838834764831842
121,3,6,2,0.9007593393325806,0.8125
123,7,127,7,0.9999999403953552,1.0000000000000007
123,7,0,0,0.8407034277915955,0.3499271061118826
123,7,1,1,0.8941537141799927,0.4905114715879729
123,7,2,1,0.958240270614624,0.9285714285714293
123,7,4,1,0.8057391047477722,0.28571428571428586
123,7,8,1,0.8549689054489136,0.4140393356054127
123,7,16,1,0.8941537141799927,0.4905114715879729
123,7,32,1,0.8407034277915955,0.3499271061118826
123,7,64,1,0.9095873832702637,0.4830458915396481
123,7,3,2,0.9089735746383667,0.5185629788417315
123,7,5,2,0.8941537141799927,0.4905114715879729
123,7,9,2,0.8941537141799927,0.4905114715879729
123,7,17,2,0.8941537141799927,0.4905114715879729
123,7,33,2,0.8881374597549438,0.4291975376394763
123,7,65,2,0.9388818740844727,0.5518254055364695
123,7,6,2,0.8678635954856873,0.4008918628686367
123,7,10,2,0.958240270614624,0.9285714285714293
123,7,18,2,0.9089735746383667,0.5185629788417315
123,7,34,2,0.9089735746383667,0.5185629788417315
123,7,66,2,0.9999999403953552,1.0000000000000007
123,7,12,2,0.8549689054489136,0.4140393356054127
123,7,20,2,0.8941537141799927,0.4905114715879729
123,7,36,2,0.8146069049835205,0.3779644730092273
123,7,68,2,0.9095873832702637,0.4830458915396481
123,7,24,2,0.8941537141799927,0.4905114715879729
123,7,40,2,0.8941537141799927,0.4905114715879729
123,7,72,2,0.9388818740844727,0.5518254055364695
123,7,48,2,0.9454096555709839,0.8685990362153794
123,7,80,2,0.8943362832069397,0.38892223413129867
123,7,96,2,0.8716998100280762,0.22237479499833046
123,7,7,3,0.9089735746383667,0.5185629788417315
123,7,11,3,0.9089735746383667,0.5185629788417315
123,7,19,3,0.9067214727401733,0.5185629788417315
123,7,35,3,0.9089735746383667,0.5185629788417315
123,7,67,3,0.9999999403953552,1.0000000000000007
123,7,13,3,0.8941537141799927,0.4905114715879729
123,7,21,3,0.8919284343719482,0.4905114715879729
123,7,37,3,0.8941537141799927,0.4905114715879729
123,7,69,3,0.9388818740844727,0.5518254055364695
123,7,25,3,0.8941537141799927,0.4905114715879729
123,7,41,3,0.8941537141799927,0.4905114715879729
123,7,73,3,0.9388818740844727,0.5518254055364695
123,7,49,3,0.8941537141799927,0.4905114715879729
123,7,81,3,0.9913918375968933,0.9354143466934854
123,7,97,3,0.9388818740844727,0.5518254055364695
123,7,14,3,0.958240270614624,0.9285714285714293
123,7,22,3,0.9089735746383667,0.5185629788417315
123,7,38,3,0.9089735746383667,0.5185629788417315
123,7,70,3,0.9999999403953552,1.0000000000000007
123,7,26,3,0.8837721347808838,0.5185629788417315
123,7,42,3,0.9527488946914673,0.8571428571428578
123,7,74,3,0.9999999403953552,1.0000000000000007
123,7,50,3,0.8837721347808838,0.5185629788417315
123,7,82,3,0.9999999403953552,1.0000000000000007
123,7,98,3,0.9509195685386658,0.583383351196948
123,7,28,3,0.8549689054489136,0.4140393356054127
123,7,44,3,0.8549689054489136,0.4140393356054127
123,7,76,3,0.9388818740844727,0.5518254055364695
123,7,52,3,0.8736414909362793,0.4537426064865151
123,7,84,3,0.9913918375968933,0.9354143466934854
123,7,100,3,0.9388818740844727,0.5518254055364695
123,7,56,3,0.8702095150947571,0.4905114715879729
123,7,88,3,0.9913918375968933,0.9354143466934854
123,7,104,3,0.9388818740844727,0.5518254055364695
123,7,112,3,0.9223951101303101,0.5185629788417315
123,7,15,4,0.9089735746383667,0.5185629788417315
123,7,23,4,0.9067214727401733,0.5185629788417315
123,7,39,4,0.8945218920707703,0.5640760748177664
123,7,71,4,0.9289791584014893,0.6446583712203044
123,7,27,4,0.9067214727401733,0.5185629788417315
123,7,43,4,0.9089735746383667,0.5185629788417315
123,7,75,4,0.9999999403953552,1.0000000000000007
123,7,51,4,0.9067214727401733,0.5185629788417315
123,7,83,4,0.9999999403953552,1.0000000000000007
123,7,99,4,0.9399482607841492,0.6446583712203044
123,7,29,4,0.8941537141799927,0.4905114715879729
123,7,45,4,0.8941537141799927,0.4905114715879729
123,7,77,4,0.9388818740844727,0.5518254055364695
123,7,53,4,0.8919284343719482,0.4905114715879729
123,7,85,4,0.9999999403953552,1.0000000000000007
123,7,101,4,0.9298102259635925,0.5929994533288813
123,7,57,4,0.8941537141799927,0.4905114715879729
123,7,89,4,0.9913918375968933,0.9354143466934854
123,7,105,4,0.9388818740844727,0.5518254055364695
123,7,113,4,0.9298102259635925,0.5929994533288813
123,7,30,4,0.9375929832458496,0.9636241116594318
123,7,46,4,0.9416158199310303,0.9285714285714293
123,7,78,4,0.9999999403953552,1.0000000000000007
123,7,54,4,0.8837721347808838,0.5185629788417315
123,7,86,4,0.9999999403953552,1.0000000000000007
123,7,102,4,0.9509195685386658,0.583383351196948
123,7,58,4,0.939532995223999,0.9285714285714293
123,7,90,4,0.9999999403953552,1.0000000000000007
123,7,106,4,0.9509195685386658,0.583383351196948
123,7,114,4,0.9999999403953552,1.0000000000000007
123,7,60,4,0.8702095150947571,0.4905114715879729
123,7,92,4,0.9913918375968933,0.9354143466934854
123,7,108,4,0.9388818740844727,0.5518254055364695
123,7,116,4,0.9913918375968933,0.9354143466934854
123,7,120,4,0.9388818740844727,0.5518254055364695
123,7,31,5,0.9067214727401733,0.5185629788417315
123,7,47,5,0.9089735746383667,0.5185629788417315
123,7,79,5,0.9999999403953552,1.0000000000000007
123,7,55,5,0.9043262600898743,0.5185629788417315
123,7,87,5,0.9999999403953552,1.0000000000000007
123,7,103,5,0.9399482607841492,0.6446583712203044
123,7,59,5,0.9067214727401733,0.5185629788417315
123,7,91,5,0.9999999403953552,1.0000000000000007
123,7,107,5,0.9399482607841492,0.6446583712203044
123,7,115,5,0.9999999403953552,1.0000000000000007
123,7,61,5,0.8941537141799927,0.4905114715879729
123,7,93,5,0.9388818740844727,0.5518254055364695
123,7,109,5,0.9388818740844727,0.5518254055364695
123,7,117,5,0.9388818740844727,0.5518254055364695
123,7,121,5,0.9388818740844727,0.5518254055364695
123,7,62,5,0.958240270614624,0.9285714285714293
123,7,94,5,0.9999999403953552,1.0000000000000007
123,7,110,5,0.9509195685386658,0.583383351196948
123,7,118,5,0.9999999403953552,1.0000000000000007
123,7,122,5,0.9999999403953552,1.0000000000000007
123,7,124,5,0.9388818740844727,0.5518254055364695
123,7,63,6,0.9067214727401733,0.5185629788417315
123,7,95,6,0.9999999403953552,1.0000000000000007
123,7,111,6,0.9999999403953552,1.0000000000000007
123,7,119,6,0.9399482607841492,0.6446583712203044
123,7,123,6,0.9999999403953552,1.0000000000000007
123,7,125,6,0.9388818740844727,0.5518254055364695
123,7,126,6,0.9999999403953552,1.0000000000000007
124,6,63,6,1.0,1.0000000000000007
124,6,0,0,0.8552554845809937,0.5853694070049636
124,6,1,1,0.789283275604248,0.1672484020014182
124,6,2,1,0.798548698425293,0.23076923076923087
124,6,4,1,0.919869065284729,0.7016464154456238
124,6,8,1,0.8581225872039795,0.5728918992315465
124,6,16,1,0.8949015140533447,0.6689936080056728
124,6,32,1,0.8637102842330933,0.3076923076923078
124,6,3,2,0.828609824180603,0.26311740579210885
124,6,5,2,0.9384540319442749,0.836242010007091
124,6,9,2,0.7934474945068359,0.25087260300212727
124,6,17,2,0.8406058549880981,0.35805743701971654
124,6,33,2,0.8360750079154968,0.35082320772281184
124,6,6,2,0.9445168375968933,0.8770580193070298
124,6,10,2,0.7983166575431824,0.1538461538461539
124,6,18,2,0.8508952856063843,0.27735009811261463
124,6,34,2,0.8546755313873291,0.2941742027072761
124,6,12,2,0.9281879663467407,0.7893522173763268
124,6,20,2,0.9473153352737427,0.7893522173763268
124,6,36,2,0.9470182657241821,0.7627127698096903
124,6,24,2,0.8639745712280273,0.3181423814878891
124,6,40,2,0.8685314655303955,0.28644594961577324
124,6,48,2,0.8835862874984741,0.29649972666444063
124,6,7,3,0.8882313370704651,0.4902903378454603
124,6,11,3,0.8099625706672668,0.2401922307076308
124,6,19,3,0.857335090637207,0.3706246583305508
124,6,35,3,0.8579909801483154,0.3698001308168195
124,6,13,3,0.9343208074569702,0.8461538461538467
124,6,21,3,0.9652805924415588,0.8807048459279795
124,6,37,3,0.9692004919052124,0.836242010007091
124,6,25,3,0.8423999547958374,0.3698001308168195
124,6,41,3,0.8578919172286987,0.41602514716892197
124,6,49,3,0.8795264959335327,0.41602514716892197
124,6,14,3,0.9337546825408936,0.836242010007091
124,6,22,3,0.953005313873291,0.8006407690254359
124,6,38,3,0.9664949774742126,0.8006407690254359
124,6,26,3,0.8612544536590576,0.3363363969981563
124,6,42,3,0.8587164282798767,0.26311740579210885
124,6,50,3,0.9000986814498901,0.3706246583305508
124,6,28,3,0.9576236009597778,0.836242010007091
124,6,44,3,0.9643130898475647,0.8770580193070298
124,6,52,3,0.9837537407875061,0.8770580193070298
124,6,56,3,0.9003857374191284,0.38177085778546693
124,6,15,4,0.9381625652313232,0.8461538461538467
124,6,23,4,0.9085366129875183,0.4622501635210244
124,6,39,4,0.9734698534011841,0.8807048459279795
124,6,27,4,0.8667968511581421,0.40032038451271795
124,6,43,4,0.8662135601043701,0.4385290096535148
124,6,51,4,0.8911598920822144,0.4385290096535148
124,6,29,4,0.913904070854187,0.5262348115842178
124,6,45,4,0.9481523633003235,0.836242010007091
124,6,53,4,0.9906899929046631,0.9198662110078001
124,6,57,4,0.8799721598625183,0.4708709557974189
124,6,30,4,0.9601022005081177,0.8807048459279795
124,6,46,4,0.9700676202774048,0.9198662110078001
124,6,54,4,0.9907525181770325,0.9198662110078001
124,6,58,4,0.897842526435852,0.40032038451271795
124,6,60,4,0.9882717132568359,0.9198662110078001
124,6,31,5,0.913904070854187,0.5262348115842178
124,6,47,5,0.9778470993041992,0.9607689228305231
124,6,55,5,0.9958736300468445,0.9607689228305231
124,6,59,5,0.9009771347045898,0.5017452060042545
124,6,61,5,0.9925420880317688,0.9607689228305231
124,6,62,5,0.9927026629447937,0.9607689228305231
128,5,31,5,1.0000001192092896,1.0000000000000002
128,5,0,0,0.7919682264328003,0.1666666666666667
128,5,1,1,0.8983538150787354,0.7302967433402217
128,5,2,1,0.8508694171905518,0.25000000000000006
128,5,4,1,0.8991827964782715,0.6666666666666669
128,5,8,1,0.9000144004821777,0.6735753140545635
128,5,16,1,0.8384087085723877,0.23145502494313797
128,5,3,2,0.9569178223609924,0.8215838362577493
128,5,5,2,0.9161560535430908,0.8215838362577493
128,5,9,2,0.9227873086929321,0.6963106238227913
128,5,17,2,0.919724702835083,0.8215838362577493
128,5,6,2,0.9640105962753296,0.912870929175277
128,5,10,2,0.9452353119850159,0.7302967433402217
128,5,18,2,0.9424500465393066,0.8660254037844388
128,5,12,2,0.9360706806182861,0.7698003589195012
128,5,20,2,0.9336950182914734,0.8660254037844388
128,5,24,2,0.8367769122123718,0.25000000000000006
128,5,7,3,0.9712499380111694,0.912870929175277
128,5,11,3,0.9539499878883362,0.7833494518006402
128,5,19,3,0.9739309549331665,0.912870929175277
128,5,13,3,0.9381619691848755,0.7833494518006402
128,5,21,3,0.9530403017997742,0.912870929175277
128,5,25,3,0.9470911026000977,0.8703882797784891
128,5,14,3,0.9780693650245667,0.8703882797784891
128,5,22,3,0.9640105962753296,0.912870929175277
128,5,26,3,0.9712039232254028,0.912870929175277
128,5,28,3,0.9604364633560181,0.912870929175277
128,5,15,4,0.9722946286201477,0.8333333333333336
128,5,23,4,0.9854714274406433,0.957427107756338
128,5,27,4,0.9934854507446289,0.957427107756338
128,5,29,4,0.9778727293014526,0.957427107756338
128,5,30,4,0.9824259281158447,0.957427107756338
129,6,63,6,1.0,1.0000000000000002
129,6,0,0,0.815585732460022,0.3223291856101522
129,6,1,1,0.8117928504943848,0.31139957766460924
129,6,2,1,0.820102870464325,0.22613350843332272
129,6,4,1,0.8006646633148193,0.25087260300212727
129,6,8,1,0.815585732460022,0.3223291856101522
129,6,16,1,0.8701316118240356,0.3481553119113957
129,6,32,1,0.8766849040985107,0.4045199174779453
129,6,3,2,0.8104566931724548,0.3223291856101522
129,6,5,2,0.9270899295806885,0.46709936649691386
129,6,9,2,0.8104566931724548,0.3223291856101522
129,6,17,2,0.8261991143226624,0.3223291856101522
129,6,33,2,0.8765552043914795,0.37688918072220456
129,6,6,2,0.8568036556243896,0.7272727272727274
129,6,10,2,0.8190282583236694,0.23354968324845693
129,6,18,2,0.8485639095306396,0.31139957766460924
129,6,34,2,0.828463077545166,0.22613350843332272
129,6,12,2,0.9287456274032593,0.4181210050035455
129,6,20,2,0.9287456274032593,0.4181210050035455
129,6,36,2,0.994230329990387,1.0000000000000002
129,6,24,2,0.8418785333633423,0.3481553119113957
129,6,40,2,0.864630937576294,0.37688918072220456
129,6,48,2,0.88740473985672,0.5222329678670936
129,6,7,3,0.9270899295806885,0.46709936649691386
129,6,11,3,0.8104566931724548,0.3223291856101522
129,6,19,3,0.8462252020835876,0.37688918072220456
129,6,35,3,0.866855263710022,0.24174688920761417
129,6,13,3,0.9281184077262878,0.46709936649691386
129,6,21,3,0.9228345155715942,0.46709936649691386
129,6,37,3,0.9016011953353882,0.5640760748177664
129,6,25,3,0.8377059102058411,0.38924947208076155
129,6,41,3,0.8536636829376221,0.40201512610368484
129,6,49,3,0.8797203898429871,0.502518907629606
129,6,14,3,0.8024795651435852,0.31139957766460924
129,6,22,3,0.9290672540664673,0.46709936649691386
129,6,38,3,0.8852363228797913,0.6689936080056728
129,6,26,3,0.821513831615448,0.26967994498529685
129,6,42,3,0.8332562446594238,0.23354968324845693
129,6,50,3,0.8788051009178162,0.3223291856101522
129,6,28,3,0.9287456274032593,0.4181210050035455
129,6,44,3,0.994230329990387,1.0000000000000002
129,6,52,3,0.9220179915428162,0.5698028822981899
129,6,56,3,0.88740473985672,0.5222329678670936
129,6,15,4,0.9270899295806885,0.46709936649691386
129,6,23,4,0.9287456274032593,0.4181210050035455
129,6,39,4,0.9441882371902466,0.48349377841522834
129,6,27,4,0.8453565835952759,0.38924947208076155
129,6,43,4,0.8718294501304626,0.38924947208076155
129,6,51,4,0.8696819543838501,0.38924947208076155
129,6,29,4,0.9189232587814331,0.4181210050035455
129,6,45,4,0.9589254856109619,0.836242010007091
129,6,53,4,0.9914134740829468,0.9341987329938277
129,6,57,4,0.8866139650344849,0.46709936649691386
129,6,30,4,0.9290672540664673,0.46709936649691386
129,6,46,4,0.9889556765556335,0.957427107756338
129,6,54,4,0.9889556765556335,0.957427107756338
129,6,58,4,0.8648036122322083,0.38924947208076155
129,6,60,4,0.9138844013214111,0.5698028822981899
129,6,31,5,0.9287456274032593,0.4181210050035455
129,6,47,5,0.9914134740829468,0.9341987329938277
129,6,55,5,1.0,1.0000000000000002
129,6,59,5,0.8911970853805542,0.46709936649691386
129,6,61,5,0.9844667911529541,0.9341987329938277
129,6,62,5,0.9889556765556335,0.957427107756338
130,5,31,5,1.0,1.0000000000000002
130,5,0,0,0.7908754348754883,0.2401922307076308
130,5,1,1,0.7951656579971313,0.28867513459481287
130,5,2,1,0.8353646397590637,0.5604485383178052
130,5,4,1,0.8340280652046204,0.7302967433402217
130,5,8,1,0.7690788507461548,0.3333333333333334
130,5,16,1,0.7876712083816528,0.1601281538050872
130,5,3,2,0.8060285449028015,0.3651483716701109
130,5,5,2,0.8580498695373535,0.6963106238227913
130,5,9,2,0.8143210411071777,0.19245008972987526
130,5,17,2,0.7951656579971313,0.28867513459481287
130,5,6,2,0.838805079460144,0.6735753140545635
130,5,10,2,0.8534518480300903,0.8703882797784891
130,5,18,2,0.7954559922218323,0.14433756729740646
130,5,12,2,0.8665499091148376,0.8215838362577493
130,5,20,2,0.8266658186912537,0.7302967433402217
130,5,24,2,0.7546976804733276,0.2886751345948129
130,5,7,3,0.9113282561302185,0.916666666666667
130,5,11,3,0.8267776370048523,0.4564354645876386
130,5,19,3,0.8371071219444275,0.27386127875258315
130,5,13,3,0.9348400235176086,0.8333333333333336
130,5,21,3,0.8143210411071777,0.19245008972987526
130,5,25,3,0.8143210411071777,0.19245008972987526
130,5,14,3,0.8447072505950928,0.8703882797784891
130,5,22,3,0.8577508926391602,0.7144345083117604
130,5,26,3,0.8534518480300903,0.8703882797784891
130,5,28,3,0.8665499091148376,0.8215838362577493
130,5,15,4,1.0,1.0000000000000002
130,5,23,4,0.9113282561302185,0.916666666666667
130,5,27,4,0.8069538474082947,0.4564354645876386
130,5,29,4,0.9348400235176086,0.8333333333333336
130,5,30,4,0.9931095242500305,0.957427107756338
131,5,31,5,0.9999999403953552,1.0
131,5,0,0,0.8231779932975769,0.4830458915396481
131,5,1,1,0.8368533849716187,0.48686449556014777
131,5,2,1,0.8496472835540771,0.4383570037596047
131,5,4,1,0.8888545036315918,0.48686449556014777
131,5,8,1,0.8211766481399536,0.46709936649691386
131,5,16,1,0.8967740535736084,0.5163977794943223
131,5,3,2,0.8373526930809021,0.45074893585520887
131,5,5,2,0.9050071835517883,0.6666666666666667
131,5,9,2,0.862665593624115,0.5520524474738836
131,5,17,2,0.8902453184127808,0.7348469228349536
131,5,6,2,0.7970264554023743,0.22360679774997902
131,5,10,2,0.8226917386054993,0.46709936649691386
131,5,18,2,0.8899637460708618,0.48686449556014777
131,5,12,2,0.8644142150878906,0.298142396999972
131,5,20,2,0.9448648691177368,0.5477225575051663
131,5,24,2,0.8522480726242065,0.48686449556014777
131,5,7,3,0.9114824533462524,0.6515837655350019
131,5,11,3,0.862665593624115,0.5520524474738836
131,5,19,3,0.8978754281997681,0.7348469228349536
131,5,13,3,0.9154256582260132,0.7006490497453708
131,5,21,3,0.9663501381874084,0.8164965809277261
131,5,25,3,0.8391891121864319,0.6227991553292185
131,5,14,3,0.8968059420585632,0.48686449556014777
131,5,22,3,0.9448648691177368,0.5477225575051663
131,5,26,3,0.8522480726242065,0.48686449556014777
131,5,28,3,0.9295936822891235,0.5477225575051663
131,5,15,4,0.9154256582260132,0.7006490497453708
131,5,23,4,0.9663501381874084,0.8164965809277261
131,5,27,4,0.883314847946167,0.7348469228349536
131,5,29,4,0.9435299038887024,0.8164965809277261
131,5,30,4,0.9313147068023682,0.5477225575051663
133,6,63,6,0.9999998807907104,1.0
133,6,0,0,0.8485403060913086,0.7537783614444092
133,6,1,1,0.855131983757019,0.7216878364870324
133,6,2,1,0.8522437810897827,0.7537783614444092
133,6,4,1,0.8608072996139526,0.7938566201357357
133,6,8,1,0.9093785285949707,0.790569415042095
133,6,16,1,0.9012202024459839,0.8320502943378439
133,6,32,1,0.88774174451828,0.7349684152591671
133,6,3,2,0.8871132135391235,0.8125
133,6,5,2,0.9090419411659241,0.875
133,6,9,2,0.7996469736099243,0.447213595499958
133,6,17,2,0.9466685056686401,0.9375
133,6,33,2,0.9278382062911987,0.8391463916782735
133,6,6,2,0.8768046498298645,0.8017837257372732
133,6,10,2,0.8540039658546448,0.75
133,6,18,2,0.9203041791915894,0.8391463916782735
133,6,34,2,0.8898847699165344,0.7349684152591671
133,6,12,2,0.8543172478675842,0.8017837257372732
133,6,20,2,0.9224556088447571,0.8391463916782735
133,6,36,2,0.9082738161087036,0.8017837257372732
133,6,24,2,0.9577423930168152,0.968245836551854
133,6,40,2,0.9036893844604492,0.875
133,6,48,2,0.9294686913490295,0.7745966692414833
133,6,7,3,0.9064030647277832,0.7537783614444092
133,6,11,3,0.8830801248550415,0.7745966692414833
133,6,19,3,0.9515100717544556,0.8696263565463045
133,6,35,3,0.9289395809173584,0.8391463916782735
133,6,13,3,0.7996469736099243,0.447213595499958
133,6,21,3,0.9432729482650757,0.9354143466934853
133,6,37,3,0.9064054489135742,0.6666666666666666
133,6,25,3,0.9539318680763245,0.8125
133,6,41,3,0.8155926465988159,0.447213595499958
133,6,49,3,0.9518783688545227,0.6784005252999683
133,6,14,3,0.8569904565811157,0.43301270189221935
133,6,22,3,0.9224556088447571,0.8391463916782735
133,6,38,3,0.8769452571868896,0.30151134457776363
133,6,26,3,0.9577423930168152,0.968245836551854
133,6,42,3,0.8920168876647949,0.7537783614444092
133,6,50,3,0.9066100120544434,0.8017837257372732
133,6,28,3,0.9577423930168152,0.968245836551854
133,6,44,3,0.8901681900024414,0.8391463916782735
133,6,52,3,0.9463209509849548,0.8391463916782735
133,6,56,3,0.9999998807907104,1.0
133,6,15,4,0.8868099451065063,0.9036961141150638
133,6,23,4,0.9400831460952759,0.8333333333333334
133,6,39,4,0.9289395809173584,0.8391463916782735
133,6,27,4,0.9467999339103699,0.8125
133,6,43,4,0.9016774296760559,0.9036961141150638
133,6,51,4,0.9641042947769165,0.8488746876271657
133,6,29,4,0.8784434795379639,0.5103103630798288
133,6,45,4,0.8155926465988159,0.447213595499958
133,6,53,4,0.9518783688545227,0.6784005252999683
133,6,57,4,0.9908052682876587,0.875
133,6,30,4,0.9577423930168152,0.968245836551854
133,6,46,4,0.8679070472717285,0.41602514716892197
133,6,54,4,0.9463209509849548,0.8391463916782735
133,6,58,4,0.9943589568138123,1.0
133,6,60,4,0.9812644720077515,0.968245836551854
133,6,31,5,0.9565568566322327,0.968245836551854
133,6,47,5,0.8939136266708374,0.7537783614444092
133,6,55,5,0.9572188258171082,0.7537783614444092
133,6,59,5,0.9929499626159668,1.0
133,6,61,5,0.9804178476333618,0.8696263565463045
133,6,62,5,0.9568074345588684,0.5547001962252293
134,7,127,7,1.0000001192092896,1.0000000000000004
134,7,0,0,0.7620644569396973,0.0
134,7,1,1,0.7840733528137207,0.19518001458970669
134,7,2,1,0.749444842338562,0.0
134,7,4,1,0.8145032525062561,0.2834733547569205
134,7,8,1,0.7536724805831909,0.0
134,7,16,1,0.7852561473846436,0.09759000729485334
134,7,32,1,0.8119374513626099,0.10482848367219187
134,7,64,1,0.7981839179992676,0.08908708063747482
134,7,3,2,0.7967911958694458,0.32732683535398865
134,7,5,2,0.8233292698860168,0.4558423058385519
134,7,9,2,0.7878241539001465,0.08451542547285165
134,7,17,2,0.8091082572937012,0.18898223650461365
134,7,33,2,0.8126335740089417,0.18898223650461365
134,7,65,2,0.853459358215332,0.4029114820126903
134,7,6,2,0.8240259289741516,0.3418817293789139
134,7,10,2,0.8162789344787598,0.3585685828003182
134,7,18,2,0.7764339447021484,0.10101525445522112
134,7,34,2,0.8653541803359985,0.26726124191242445
134,7,66,2,0.738442599773407,0.0
134,7,12,2,0.798686146736145,0.2834733547569205
134,7,20,2,0.8131377100944519,0.4193139346887675
134,7,36,2,0.9032385349273682,0.5241424183609593
134,7,68,2,0.8198919892311096,0.30304576336566336
134,7,24,2,0.7975890636444092,0.26726124191242445
134,7,40,2,0.8053538799285889,0.19518001458970669
134,7,72,2,0.8257601261138916,0.2834733547569205
134,7,48,2,0.831680178642273,0.20203050891044225
134,7,80,2,0.8194870948791504,0.18898223650461365
134,7,96,2,0.8833408951759338,0.17817416127494964
134,7,7,3,0.7990217208862305,0.32732683535398865
134,7,11,3,0.836813747882843,0.6172133998483679
134,7,19,3,0.8102480173110962,0.6761234037828134
134,7,35,3,0.9169836044311523,0.6060915267313267
134,7,67,3,0.7969568967819214,0.1833396994056423
134,7,13,3,0.836813747882843,0.6172133998483679
134,7,21,3,0.8329238891601562,0.6172133998483679
134,7,37,3,0.9486172199249268,0.6546536707079773
134,7,69,3,0.8661643266677856,0.5698028822981899
134,7,25,3,0.8565033674240112,0.6761234037828134
134,7,41,3,0.9375710487365723,0.4454354031873741
134,7,73,3,0.8802691698074341,0.6172133998483679
134,7,49,3,0.8260899782180786,0.3779644730092273
134,7,81,3,0.8686355948448181,0.5050762722761055
134,7,97,3,0.9035992622375488,0.32732683535398865
134,7,14,3,0.815288245677948,0.3585685828003182
134,7,22,3,0.8131377100944519,0.4193139346887675
134,7,38,3,0.9169836044311523,0.6060915267313267
134,7,70,3,0.8921624422073364,0.4040610178208845
134,7,26,3,0.7996920347213745,0.4879500364742667
134,7,42,3,0.9148486852645874,0.45834924851410574
134,7,74,3,0.8494358062744141,0.4558423058385519
134,7,50,3,0.8810332417488098,0.39036002917941337
134,7,82,3,0.8131334185600281,0.19518001458970669
134,7,98,3,0.8646805286407471,0.19518001458970669
134,7,28,3,0.7961592078208923,0.30304576336566336
134,7,44,3,0.8308658599853516,0.3666793988112846
134,7,76,3,0.8173357844352722,0.3223291856101522
134,7,52,3,0.9094780683517456,0.6060915267313267
134,7,84,3,0.8035280704498291,0.21821789023599245
134,7,100,3,0.8543009161949158,0.29277002188456
134,7,56,3,0.9175916910171509,0.5039526306789697
134,7,88,3,0.8330054879188538,0.3779644730092273
134,7,104,3,0.8913342356681824,0.3779644730092273
134,7,112,3,0.8611400127410889,0.19518001458970669
134,7,15,4,0.8355394601821899,0.47809144373375767
134,7,23,4,0.8408846855163574,0.47809144373375767
134,7,39,4,0.927367627620697,0.6060915267313267
134,7,71,4,0.8637242913246155,0.5241424183609593
134,7,27,4,0.8352143168449402,0.5976143046671971
134,7,43,4,0.9943467378616333,0.8571428571428575
134,7,75,4,0.8798980712890625,0.5698028822981899
134,7,51,4,0.9924033284187317,1.0000000000000004
134,7,83,4,0.9157164692878723,0.7715167498104598
134,7,99,4,0.9169836044311523,0.6060915267313267
134,7,29,4,0.8482288718223572,0.7715167498104598
134,7,45,4,0.9943467378616333,0.8571428571428575
134,7,77,4,0.8801215291023254,0.7142857142857146
134,7,53,4,0.9572633504867554,0.7977240352174658
134,7,85,4,0.8291683197021484,0.7715167498104598
134,7,101,4,0.9169836044311523,0.6060915267313267
134,7,57,4,0.9980076551437378,0.9258200997725518
134,7,89,4,0.8926006555557251,0.7715167498104598
134,7,105,4,0.9924930334091187,0.7715167498104598
134,7,113,4,0.9765162467956543,0.836660026534076
134,7,30,4,0.8097915649414062,0.40089186286863665
134,7,46,4,0.9121696352958679,0.6060915267313267
134,7,78,4,0.8481855392456055,0.4558423058385519
134,7,54,4,0.9094780683517456,0.6060915267313267
134,7,86,4,0.8532167673110962,0.5241424183609593
134,7,102,4,0.8998793363571167,0.5050762722761056
134,7,58,4,0.9310654997825623,0.6546536707079773
134,7,90,4,0.858032763004303,0.5039526306789697
134,7,106,4,0.8865083456039429,0.2834733547569205
134,7,114,4,0.8993401527404785,0.34684398780964815
134,7,60,4,0.9181195497512817,0.5976143046671971
134,7,92,4,0.8420308232307434,0.47245559126153414
134,7,108,4,0.9148486852645874,0.45834924851410574
134,7,116,4,0.8491483926773071,0.4193139346887675
134,7,120,4,0.9175916910171509,0.5039526306789697
134,7,31,5,0.8229457139968872,0.47245559126153414
134,7,47,5,0.9231538772583008,0.6060915267313267
134,7,79,5,0.8791517019271851,0.7142857142857146
134,7,55,5,0.9184503555297852,0.7071067811865478
134,7,87,5,0.8799917697906494,0.8451542547285168
134,7,103,5,0.927367627620697,0.6060915267313267
134,7,59,5,1.0000001192092896,1.0000000000000004
134,7,91,5,0.892836332321167,0.8571428571428575
134,7,107,5,0.9943467378616333,0.8571428571428575
134,7,115,5,0.9924033284187317,1.0000000000000004
134,7,61,5,1.0000001192092896,1.0000000000000004
134,7,93,5,0.8923019766807556,0.8571428571428575
134,7,109,5,0.9943467378616333,0.8571428571428575
134,7,117,5,0.9924033284187317,1.0000000000000004
134,7,121,5,0.9761098623275757,0.7171371656006366
134,7,62,5,0.9094780683517456,0.6060915267313267
134,7,94,5,0.8560629487037659,0.5698028822981899
134,7,110,5,0.9034382700920105,0.5050762722761056
134,7,118,5,0.9184503555297852,0.7071067811865478
134,7,122,5,0.9351894855499268,0.629940788348712
134,7,124,5,0.8985011577606201,0.47245559126153414
134,7,63,6,0.8970649838447571,0.6837634587578278
134,7,95,6,0.892836332321167,0.8571428571428575
134,7,111,6,0.9839051365852356,0.8571428571428575
134,7,119,6,0.9184503555297852,0.7071067811865478
134,7,123,6,1.0000001192092896,1.0000000000000004
134,7,125,6,1.0000001192092896,1.0000000000000004
134,7,126,6,0.912722647190094,0.6060915267313267
136,7,127,7,1.0000001192092896,1.0000000000000007
136,7,0,0,0.8683980107307434,0.5345224838248489
136,7,1,1,0.7943849563598633,0.28347335475692054
136,7,2,1,0.8683980107307434,0.5345224838248489
136,7,4,1,0.8541151285171509,0.42919753763947627
136,7,8,1,0.911342978477478,0.7857142857142863
136,7,16,1,0.8925679326057434,0.5400617248673218
136,7,32,1,0.8299919962882996,0.2142857142857144
136,7,64,1,0.8714225888252258,0.5714285714285717
136,7,3,2,0.8941006660461426,0.621059003408119
136,7,5,2,0.8159715533256531,0.4040610178208845
136,7,9,2,0.8775827288627625,0.4537426064865151
136,7,17,2,0.8260306119918823,0.3585685828003182
136,7,33,2,0.8454375267028809,0.3585685828003182
136,7,65,2,0.9273440837860107,0.6482037235521644
136,7,6,2,0.9184039831161499,0.7559289460184545
136,7,10,2,0.8993549346923828,0.7857142857142863
136,7,18,2,0.9287336468696594,0.7142857142857147
136,7,34,2,0.9049780368804932,0.5714285714285717
136,7,66,2,0.8807110786437988,0.5345224838248489
136,7,12,2,0.8810281157493591,0.4537426064865151
136,7,20,2,0.8793996572494507,0.6546536707079775
136,7,36,2,0.8282967805862427,0.4724555912615342
136,7,68,2,0.9139876961708069,0.3706246583305508
136,7,24,2,0.9845050573348999,0.9636241116594318
136,7,40,2,0.9325283765792847,0.46770717334674283
136,7,72,2,0.9706642031669617,0.8153742483272116
136,7,48,2,0.9550428986549377,0.8017837257372734
136,7,80,2,0.9150649309158325,0.6428571428571432
136,7,96,2,0.934456467628479,0.5520524474738836
136,7,7,3,0.8522265553474426,0.42919753763947627
136,7,11,3,0.8810281157493591,0.4537426064865151
136,7,19,3,0.9657298922538757,0.8894991799933217
136,7,35,3,0.8482918739318848,0.4040610178208845
136,7,67,3,0.9356732368469238,0.7349684152591671
136,7,13,3,0.8376182317733765,0.5050762722761056
136,7,21,3,0.8793996572494507,0.6546536707079775
136,7,37,3,0.8425779342651367,0.6060915267313267
136,7,69,3,0.8353415727615356,0.28347335475692054
136,7,25,3,0.8635884523391724,0.4040610178208845
136,7,41,3,0.8815822601318359,0.5455447255899812
136,7,73,3,0.9392548203468323,0.7857142857142863
136,7,49,3,0.9225804805755615,0.46770717334674283
136,7,81,3,0.9811315536499023,0.9285714285714293
136,7,97,3,0.972812294960022,0.8894991799933217
136,7,14,3,0.9179202318191528,0.7857142857142863
136,7,22,3,0.9068528413772583,0.42919753763947627
136,7,38,3,0.9543476104736328,0.7590721152765899
136,7,70,3,0.9356732368469238,0.7349684152591671
136,7,26,3,0.9845050573348999,0.9636241116594318
136,7,42,3,0.9836798310279846,0.8894991799933217
136,7,74,3,0.9706642031669617,0.8153742483272116
136,7,50,3,0.9432042241096497,0.7590721152765899
136,7,82,3,0.959040105342865,0.7412493166611015
136,7,98,3,0.9227438569068909,0.621059003408119
136,7,28,3,0.8635884523391724,0.4040610178208845
136,7,44,3,0.9263333082199097,0.46770717334674283
136,7,76,3,0.9246797561645508,0.4008918628686367
136,7,52,3,0.8815822601318359,0.5455447255899812
136,7,84,3,0.9811315536499023,0.9285714285714293
136,7,100,3,0.9208856821060181,0.5640760748177664
136,7,56,3,0.9325283765792847,0.46770717334674283
136,7,88,3,0.9811315536499023,0.9285714285714293
136,7,104,3,0.9927020072937012,0.9285714285714293
136,7,112,3,0.9537308216094971,0.7606388292556654
136,7,15,4,0.9153894186019897,0.7581753965757458
136,7,23,4,0.8793996572494507,0.6546536707079775
136,7,39,4,0.8380336761474609,0.6060915267313267
136,7,71,4,0.907963752746582,0.6482037235521644
136,7,27,4,0.9828334450721741,0.9636241116594318
136,7,43,4,0.9325283765792847,0.46770717334674283
136,7,75,4,0.9706642031669617,0.8153742483272116
136,7,51,4,0.965226411819458,0.8058229640253805
136,7,83,4,0.9811315536499023,0.9285714285714293
136,7,99,4,0.9504547119140625,0.8894991799933217
136,7,29,4,0.8617300987243652,0.4040610178208845
136,7,45,4,0.8815822601318359,0.5455447255899812
136,7,77,4,0.8759288191795349,0.41931393468876754
136,7,53,4,0.8815822601318359,0.5455447255899812
136,7,85,4,0.8974940776824951,0.32410186177608225
136,7,101,4,0.8832529783248901,0.6060915267313267
136,7,57,4,0.8815822601318359,0.5455447255899812
136,7,89,4,0.9895553588867188,0.8571428571428578
136,7,105,4,0.9445997476577759,0.5185629788417315
136,7,113,4,0.9534589648246765,0.8058229640253805
136,7,30,4,0.9845050573348999,0.9636241116594318
136,7,46,4,0.9836798310279846,0.8894991799933217
136,7,78,4,0.9706642031669617,0.8153742483272116
136,7,54,4,0.9845050573348999,0.9636241116594318
136,7,86,4,0.9713063836097717,0.8571428571428578
136,7,102,4,0.9811315536499023,0.9285714285714293
136,7,58,4,0.9836798310279846,0.8894991799933217
136,7,90,4,0.9811315536499023,0.9285714285714293
136,7,106,4,0.9927020072937012,0.9285714285714293
136,7,114,4,0.9537308216094971,0.7606388292556654
136,7,60,4,0.9263333082199097,0.46770717334674283
136,7,92,4,0.9811315536499023,0.9285714285714293
136,7,108,4,0.9927020072937012,0.9285714285714293
136,7,116,4,0.9811315536499023,0.9285714285714293
136,7,120,4,1.0000001192092896,1.0000000000000007
136,7,31,5,0.9064870476722717,0.38892223413129867
136,7,47,5,0.9780909419059753,0.8894991799933217
136,7,79,5,0.937110424041748,0.8571428571428578
136,7,55,5,0.9239833354949951,0.46770717334674283
136,7,87,5,0.9700052738189697,0.8571428571428578
136,7,103,5,0.9811315536499023,0.9285714285714293
136,7,59,5,0.9118194580078125,0.5070925528371102
136,7,91,5,1.0000001192092896,1.0000000000000007
136,7,107,5,0.9927020072937012,0.9285714285714293
136,7,115,5,0.9932575225830078,0.9285714285714293
136,7,61,5,0.8815822601318359,0.5455447255899812
136,7,93,5,0.9373711347579956,0.4537426064865151
136,7,109,5,0.934889554977417,0.6446583712203044
136,7,117,5,0.9420962333679199,0.583383351196948
136,7,121,5,0.9499961733818054,0.583383351196948
136,7,62,5,0.9836798310279846,0.8894991799933217
136,7,94,5,1.0000001192092896,1.0000000000000007
136,7,110,5,0.9927020072937012,0.9285714285714293
136,7,118,5,0.9811315536499023,0.9285714285714293
136,7,122,5,0.9811315536499023,0.9285714285714293
136,7,124,5,1.0000001192092896,1.0000000000000007
136,7,63,6,0.9780909419059753,0.8894991799933217
136,7,95,6,0.9895553588867188,0.8571428571428578
136,7,111,6,0.9927020072937012,0.9285714285714293
136,7,119,6,1.0000001192092896,1.0000000000000007
136,7,123,6,1.0000001192092896,1.0000000000000007
136,7,125,6,0.9499961733818054,0.583383351196948
136,7,126,6,0.9811315536499023,0.9285714285714293
137,5,31,5,0.9999999403953552,1.0000000000000002
137,5,0,0,0.8317572474479675,0.662122191971731
137,5,1,1,0.807616651058197,0.4629100498862759
137,5,2,1,0.8415048122406006,0.7453559924999299
137,5,4,1,0.8316996097564697,0.7385489458759967
137,5,8,1,0.9876724481582642,0.9271726499455312
137,5,16,1,0.917120099067688,0.8807048459279795
137,5,3,2,0.8516902923583984,0.8333333333333336
137,5,5,2,0.8489577770233154,0.7947194142390267
137,5,9,2,0.9876724481582642,0.9271726499455312
137,5,17,2,0.917120099067688,0.8807048459279795
137,5,6,2,0.8415048122406006,0.7453559924999299
137,5,10,2,0.9999999403953552,1.0000000000000002
137,5,18,2,0.9135305881500244,0.916666666666667
137,5,12,2,0.9876724481582642,0.9271726499455312
137,5,20,2,0.917854368686676,0.8391463916782734
137,5,24,2,0.9876724481582642,0.9271726499455312
137,5,7,3,0.8579664826393127,0.8333333333333336
137,5,11,3,0.9865022897720337,1.0000000000000002
137,5,19,3,0.9454655647277832,0.957427107756338
137,5,13,3,0.9876724481582642,0.9271726499455312
137,5,21,3,0.9217161536216736,0.8807048459279795
137,5,25,3,0.9999999403953552,1.0000000000000002
137,5,14,3,0.9999999403953552,1.0000000000000002
137,5,22,3,0.9135305881500244,0.916666666666667
137,5,26,3,0.9999999403953552,1.0000000000000002
137,5,28,3,0.9876724481582642,0.9271726499455312
137,5,15,4,0.9406495094299316,0.8807048459279795
137,5,23,4,0.9454655647277832,0.957427107756338
137,5,27,4,0.9865022897720337,1.0000000000000002
137,5,29,4,0.9999999403953552,1.0000000000000002
137,5,30,4,0.9999999403953552,1.0000000000000002
140,7,127,7,1.0000001192092896,1.0000000000000007
140,7,0,0,0.8237113356590271,0.7412493166611015
140,7,1,1,0.8487575650215149,0.7715167498104599
140,7,2,1,0.8354948163032532,0.8058229640253805
140,7,4,1,0.8383501172065735,0.7715167498104599
140,7,8,1,0.8805205225944519,0.8153742483272116
140,7,16,1,0.8468388319015503,0.7412493166611015
140,7,32,1,0.8862206935882568,0.4537426064865152
140,7,64,1,0.8732799291610718,0.848668424791506
140,7,3,2,0.7687498927116394,0.4780914437337576
140,7,5,2,0.7670915722846985,0.4780914437337576
140,7,9,2,0.9858177900314331,0.9636241116594318
140,7,17,2,1.0000001192092896,1.0000000000000007
140,7,33,2,1.0000001192092896,1.0000000000000007
140,7,65,2,0.8786805868148804,0.848668424791506
140,7,6,2,0.8287636637687683,0.7715167498104599
140,7,10,2,0.9892109036445618,1.0000000000000007
140,7,18,2,0.8422037959098816,0.6900655593423545
140,7,34,2,0.9221048355102539,0.7590721152765899
140,7,66,2,0.8732799291610718,0.848668424791506
140,7,12,2,0.9727029204368591,0.9285714285714293
140,7,20,2,0.8503304719924927,0.7412493166611015
140,7,36,2,0.9892109036445618,1.0000000000000007
140,7,68,2,0.8782820701599121,0.848668424791506
140,7,24,2,0.8683393597602844,0.7559289460184547
140,7,40,2,0.9235567450523376,0.5520524474738836
140,7,72,2,0.9892109036445618,1.0000000000000007
140,7,48,2,0.9285608530044556,0.7857142857142863
140,7,80,2,0.889518141746521,0.8571428571428578
140,7,96,2,0.9541151523590088,0.848668424791506
140,7,7,3,0.7670915722846985,0.4780914437337576
140,7,11,3,0.9089679718017578,0.925820099772552
140,7,19,3,0.756317138671875,0.5050762722761056
140,7,35,3,1.0000001192092896,1.0000000000000007
140,7,67,3,0.8639247417449951,0.8571428571428578
140,7,13,3,0.9858177900314331,0.9636241116594318
140,7,21,3,1.0000001192092896,1.0000000000000007
140,7,37,3,1.0000001192092896,1.0000000000000007
140,7,69,3,0.873578667640686,0.8571428571428578
140,7,25,3,1.0000001192092896,1.0000000000000007
140,7,41,3,0.953403115272522,0.6929348671835834
140,7,73,3,0.9892109036445618,1.0000000000000007
140,7,49,3,1.0000001192092896,1.0000000000000007
140,7,81,3,0.891648530960083,0.8571428571428578
140,7,97,3,0.9725919961929321,0.9285714285714293
140,7,14,3,0.9089679718017578,0.925820099772552
140,7,22,3,0.8208085298538208,0.7590721152765899
140,7,38,3,0.9892109036445618,1.0000000000000007
140,7,70,3,0.8889003396034241,0.8583950752789525
140,7,26,3,1.0000001192092896,1.0000000000000007
140,7,42,3,0.944933295249939,0.6929348671835834
140,7,74,3,1.0000001192092896,1.0000000000000007
140,7,50,3,0.9285608530044556,0.7857142857142863
140,7,82,3,0.8655987977981567,0.8017837257372732
140,7,98,3,0.9552503228187561,0.8571428571428578
140,7,28,3,0.944933295249939,0.6929348671835834
140,7,44,3,0.944933295249939,0.6929348671835834
140,7,76,3,1.0000001192092896,1.0000000000000007
140,7,52,3,0.9892109036445618,1.0000000000000007
140,7,84,3,0.889518141746521,0.8571428571428578
140,7,100,3,0.9425801038742065,0.848668424791506
140,7,56,3,0.923053503036499,0.5345224838248489
140,7,88,3,0.879289984703064,0.7715167498104599
140,7,104,3,0.9389824867248535,0.601337794302955
140,7,112,3,0.9824991822242737,0.925820099772552
140,7,15,4,0.9089679718017578,0.925820099772552
140,7,23,4,0.7562711238861084,0.5050762722761056
140,7,39,4,1.0000001192092896,1.0000000000000007
140,7,71,4,0.8832606673240662,0.8571428571428578
140,7,27,4,1.0000001192092896,1.0000000000000007
140,7,43,4,0.953403115272522,0.6929348671835834
140,7,75,4,1.0000001192092896,1.0000000000000007
140,7,51,4,1.0000001192092896,1.0000000000000007
140,7,83,4,0.8738671541213989,0.8571428571428578
140,7,99,4,0.9725919961929321,0.9285714285714293
140,7,29,4,1.0000001192092896,1.0000000000000007
140,7,45,4,0.944933295249939,0.6929348671835834
140,7,77,4,1.0000001192092896,1.0000000000000007
140,7,53,4,1.0000001192092896,1.0000000000000007
140,7,85,4,0.891648530960083,0.8571428571428578
140,7,101,4,0.9725919961929321,0.9285714285714293
140,7,57,4,0.953403115272522,0.6929348671835834
140,7,89,4,1.0000001192092896,1.0000000000000007
140,7,105,4,0.944933295249939,0.6929348671835834
140,7,113,4,0.9725919961929321,0.9285714285714293
140,7,30,4,0.944933295249939,0.6929348671835834
140,7,46,4,0.944933295249939,0.6929348671835834
140,7,78,4,1.0000001192092896,1.0000000000000007
140,7,54,4,0.9892109036445618,1.0000000000000007
140,7,86,4,0.8963430523872375,0.8571428571428578
140,7,102,4,0.9449077844619751,0.8571428571428578
140,7,58,4,0.944933295249939,0.6929348671835834
140,7,90,4,1.0000001192092896,1.0000000000000007
140,7,106,4,0.9265803694725037,0.5640760748177664
140,7,114,4,0.9552503228187561,0.8571428571428578
140,7,60,4,0.944933295249939,0.6929348671835834
140,7,92,4,0.8829061985015869,0.8571428571428578
140,7,108,4,0.9892109036445618,1.0000000000000007
140,7,116,4,0.9425801038742065,0.848668424791506
140,7,120,4,0.9824991822242737,0.925820099772552
140,7,31,5,1.0000001192092896,1.0000000000000007
140,7,47,5,0.953403115272522,0.6929348671835834
140,7,79,5,1.0000001192092896,1.0000000000000007
140,7,55,5,1.0000001192092896,1.0000000000000007
140,7,87,5,0.8631129264831543,0.8571428571428578
140,7,103,5,0.9725919961929321,0.9285714285714293
140,7,59,5,0.944933295249939,0.6929348671835834
140,7,91,5,1.0000001192092896,1.0000000000000007
140,7,107,5,1.0000001192092896,1.0000000000000007
140,7,115,5,0.9725919961929321,0.9285714285714293
140,7,61,5,0.953403115272522,0.6929348671835834
140,7,93,5,1.0000001192092896,1.0000000000000007
140,7,109,5,0.944933295249939,0.6929348671835834
140,7,117,5,0.9725919961929321,0.9285714285714293
140,7,121,5,0.944933295249939,0.6929348671835834
140,7,62,5,0.944933295249939,0.6929348671835834
140,7,94,5,1.0000001192092896,1.0000000000000007
140,7,110,5,0.9691253900527954,0.8908708063747482
140,7,118,5,0.9552503228187561,0.8571428571428578
140,7,122,5,0.9265803694725037,0.5640760748177664
140,7,124,5,0.9892109036445618,1.0000000000000007
140,7,63,6,1.0000001192092896,1.0000000000000007
140,7,95,6,1.0000001192092896,1.0000000000000007
140,7,111,6,1.0000001192092896,1.0000000000000007
140,7,119,6,0.9725919961929321,0.9285714285714293
140,7,123,6,0.944933295249939,0.6929348671835834
140,7,125,6,1.0000001192092896,1.0000000000000007
140,7,126,6,0.9265803694725037,0.5640760748177664
141,6,63,6,1.0000001192092896,1.0
141,6,0,0,0.8446372151374817,0.7302967433402217
141,6,1,1,0.8174965381622314,0.3651483716701108
141,6,2,1,0.9302258491516113,0.8970852271450607
141,6,4,1,0.8139724731445312,0.38924947208076155
141,6,8,1,0.8179654479026794,0.40824829046386313
141,6,16,1,0.8058028817176819,0.33333333333333337
141,6,32,1,0.9427405595779419,0.8970852271450607
141,6,3,2,0.8485123515129089,0.6024640760767094
141,6,5,2,0.8091809749603271,0.34426518632954817
141,6,9,2,0.828367292881012,0.48989794855663577
141,6,17,2,0.8111928105354309,0.4564354645876385
141,6,33,2,0.9534862041473389,0.9660917830792961
141,6,6,2,0.9191018342971802,0.8970852271450607
141,6,10,2,0.9441707134246826,0.9309493362512629
141,6,18,2,0.9112648963928223,0.8970852271450607
141,6,34,2,0.9833580851554871,0.9660917830792961
141,6,12,2,0.7902364134788513,0.40824829046386313
141,6,20,2,0.814936101436615,0.40824829046386313
141,6,36,2,0.9427405595779419,0.8970852271450607
141,6,24,2,0.8179654479026794,0.40824829046386313
141,6,40,2,0.9427405595779419,0.8970852271450607
141,6,48,2,0.9427405595779419,0.8970852271450607
141,6,7,3,0.8789466619491577,0.5449492609130662
141,6,11,3,0.8789466619491577,0.5449492609130662
141,6,19,3,0.8485123515129089,0.6024640760767094
141,6,35,3,0.94748455286026,0.6885303726590964
141,6,13,3,0.828367292881012,0.48989794855663577
141,6,21,3,0.837395191192627,0.48989794855663577
141,6,37,3,0.962289571762085,0.9660917830792961
141,6,25,3,0.828367292881012,0.48989794855663577
141,6,41,3,0.962289571762085,0.9660917830792961
141,6,49,3,0.962289571762085,0.9660917830792961
141,6,14,3,0.9441707134246826,0.9309493362512629
141,6,22,3,0.9191018342971802,0.8970852271450607
141,6,38,3,0.9833580851554871,0.9660917830792961
141,6,26,3,0.9191018342971802,0.8970852271450607
141,6,42,3,0.9833580851554871,0.9660917830792961
141,6,50,3,0.9833580851554871,0.9660917830792961
141,6,28,3,0.8179654479026794,0.40824829046386313
141,6,44,3,0.9427405595779419,0.8970852271450607
141,6,52,3,0.9427405595779419,0.8970852271450607
141,6,56,3,0.9427405595779419,0.8970852271450607
141,6,15,4,0.9324948191642761,0.9333333333333333
141,6,23,4,0.8529455661773682,0.5449492609130662
141,6,39,4,0.9946328401565552,1.0
141,6,27,4,0.954494059085846,0.6227991553292185
141,6,43,4,0.954494059085846,0.6227991553292185
141,6,51,4,0.954494059085846,0.6227991553292185
141,6,29,4,0.828367292881012,0.48989794855663577
141,6,45,4,0.962289571762085,0.9660917830792961
141,6,53,4,0.962289571762085,0.9660917830792961
141,6,57,4,0.962289571762085,0.9660917830792961
141,6,30,4,0.919241726398468,0.8970852271450607
141,6,46,4,0.9833580851554871,0.9660917830792961
141,6,54,4,0.9833580851554871,0.9660917830792961
141,6,58,4,0.9833580851554871,0.9660917830792961
141,6,60,4,0.9427405595779419,0.8970852271450607
141,6,31,5,0.8756451606750488,0.5449492609130662
141,6,47,5,0.954494059085846,0.6227991553292185
141,6,55,5,0.9946328401565552,1.0
141,6,59,5,0.954494059085846,0.6227991553292185
141,6,61,5,0.962289571762085,0.9660917830792961
141,6,62,5,0.9833580851554871,0.9660917830792961
142,5,31,5,1.0,1.0000000000000002
142,5,0,0,0.8036859035491943,0.18181818181818182
142,5,1,1,0.8361834287643433,0.25087260300212727
142,5,2,1,0.7738702297210693,0.2022599587389726
142,5,4,1,0.848948061466217,0.1611645928050761
142,5,8,1,0.7615103721618652,0.1672484020014182
142,5,16,1,0.8409379124641418,0.46709936649691386
142,5,3,2,0.8500255346298218,0.48349377841522834
142,5,5,2,0.8296065330505371,0.24174688920761417
142,5,9,2,0.8087379932403564,0.23354968324845693
142,5,17,2,0.8485691547393799,0.502518907629606
142,5,6,2,0.8999783396720886,0.29250896965085227
142,5,10,2,0.7675226926803589,0.09534625892455925
142,5,18,2,0.793149471282959,0.40201512610368484
142,5,12,2,0.833013117313385,0.1672484020014182
142,5,20,2,0.9297935962677002,0.8040302522073697
142,5,24,2,0.7857552170753479,0.25087260300212727
142,5,7,3,0.8531231880187988,0.17407765595569785
142,5,11,3,0.7567325830459595,0.12309149097933275
142,5,19,3,0.7997909784317017,0.381385035698237
142,5,13,3,0.8296065330505371,0.24174688920761417
142,5,21,3,0.8210004568099976,0.20100756305184242
142,5,25,3,0.7967469096183777,0.30151134457776363
142,5,14,3,0.8868399858474731,0.29250896965085227
142,5,22,3,0.9479843974113464,0.7833494518006402
142,5,26,3,0.8445490598678589,0.5640760748177664
142,5,28,3,0.9164692163467407,0.7627700713964741
142,5,15,4,0.8764798045158386,0.22792115291927595
142,5,23,4,0.8676995038986206,0.2461829819586655
142,5,27,4,0.7875009179115295,0.40201512610368484
142,5,29,4,0.8776315450668335,0.7272727272727274
142,5,30,4,0.9433997869491577,0.836242010007091
147,7,127,7,1.0,1.0000000000000007
147,7,0,0,0.7895718216896057,0.14824986333222032
147,7,1,1,0.7719762325286865,0.3273268353539887
147,7,2,1,0.8263066411018372,0.6744532734334627
147,7,4,1,0.8354631662368774,0.22237479499833046
147,7,8,1,0.8467707633972168,0.5916079783099619
147,7,16,1,0.8367294073104858,0.3678836036909797
147,7,32,1,0.763766884803772,0.18898223650461365
147,7,64,1,0.8559761047363281,0.6446583712203044
147,7,3,2,0.8084276914596558,0.3223291856101522
147,7,5,2,0.9173786640167236,0.8017837257372732
147,7,9,2,0.8545506000518799,0.7349684152591671
147,7,17,2,0.8510277271270752,0.39886201760873297
147,7,33,2,0.7688280940055847,0.1611645928050761
147,7,65,2,0.8315678238868713,0.35856858280031806
147,7,6,2,0.8663049340248108,0.6900655593423545
147,7,10,2,0.8716546893119812,0.6900655593423545
147,7,18,2,0.8519291877746582,0.4140393356054127
147,7,34,2,0.8253204226493835,0.6482037235521645
147,7,66,2,0.872739851474762,0.6943650748294139
147,7,12,2,0.9315721392631531,0.7715167498104599
147,7,20,2,0.8542322516441345,0.44095855184409855
147,7,36,2,0.844795823097229,0.6299407883487121
147,7,68,2,0.8497326374053955,0.4291975376394763
147,7,24,2,0.8277612924575806,0.19446111706564936
147,7,40,2,0.8992443084716797,0.7252406676228424
147,7,72,2,0.8863239884376526,0.7590721152765899
147,7,48,2,0.8448196649551392,0.5520524474738836
147,7,80,2,0.8448196649551392,0.5520524474738836
147,7,96,2,0.8608008623123169,0.7590721152765899
147,7,7,3,0.9110972881317139,0.9285714285714293
147,7,11,3,0.9331467151641846,0.8894991799933217
147,7,19,3,0.9161727428436279,0.8894991799933217
147,7,35,3,0.8718186616897583,0.7142857142857149
147,7,67,3,0.8660848736763,0.46770717334674283
147,7,13,3,0.957281768321991,0.9285714285714293
147,7,21,3,0.9305849075317383,0.9636241116594318
147,7,37,3,0.8780361413955688,0.7412493166611015
147,7,69,3,0.9148610830307007,0.8685990362153794
147,7,25,3,0.8384708762168884,0.4008918628686367
147,7,41,3,0.8329035043716431,0.6900655593423545
147,7,73,3,0.892366349697113,0.7349684152591671
147,7,49,3,0.8568003177642822,0.4029114820126903
147,7,81,3,0.8561225533485413,0.4008918628686367
147,7,97,3,0.850582480430603,0.4029114820126903
147,7,14,3,0.9867363572120667,0.9636241116594318
147,7,22,3,0.8673723936080933,0.6671243849949914
147,7,38,3,0.869024395942688,0.6428571428571432
147,7,70,3,0.9082079529762268,0.8426648406178138
147,7,26,3,0.884079098701477,0.8153742483272116
147,7,42,3,0.9081565737724304,0.7715167498104599
147,7,74,3,0.884079098701477,0.8153742483272116
147,7,50,3,0.9004701375961304,0.848668424791506
147,7,82,3,0.8519291877746582,0.4140393356054127
147,7,98,3,0.8520486354827881,0.7857142857142863
147,7,28,3,0.8429431915283203,0.1611645928050761
147,7,44,3,0.9027736186981201,0.6943650748294139
147,7,76,3,0.9020883440971375,0.6614378277661479
147,7,52,3,0.9046035408973694,0.8280786712108253
147,7,84,3,0.9046035408973694,0.8280786712108253
147,7,100,3,0.8995943069458008,0.8017837257372733
147,7,56,3,0.9162505269050598,0.42857142857142877
147,7,88,3,0.8300930261611938,0.35856858280031806
147,7,104,3,0.9059284925460815,0.7252406676228424
147,7,112,3,0.8448196649551392,0.5520524474738836
147,7,15,4,0.957281768321991,0.9285714285714293
147,7,23,4,0.9054272174835205,0.9285714285714293
147,7,39,4,0.9054272174835205,0.9285714285714293
147,7,71,4,0.9110972881317139,0.9285714285714293
147,7,27,4,0.892068088054657,0.8571428571428578
147,7,43,4,0.8858615159988403,0.8153742483272116
147,7,75,4,0.9143941402435303,0.8571428571428578
147,7,51,4,0.8620362877845764,0.48349377841522834
147,7,83,4,0.8620362877845764,0.48349377841522834
147,7,99,4,0.9143472909927368,0.8894991799933217
147,7,29,4,1.0,1.0000000000000007
147,7,45,4,0.9531587362289429,0.9285714285714293
147,7,77,4,0.9584715962409973,0.8153742483272116
147,7,53,4,0.9305849075317383,0.9636241116594318
147,7,85,4,0.9305849075317383,0.9636241116594318
147,7,101,4,0.9235175848007202,0.8426648406178138
147,7,57,4,0.9502602815628052,0.8685990362153793
147,7,89,4,0.8682243824005127,0.6671243849949914
147,7,105,4,0.8884420990943909,0.8017837257372732
147,7,113,4,0.8608415126800537,0.4008918628686367
147,7,30,4,0.9907814860343933,0.9636241116594318
147,7,46,4,0.9772501587867737,0.8894991799933217
147,7,78,4,0.9867363572120667,0.9636241116594318
147,7,54,4,0.8990578651428223,0.8571428571428578
147,7,86,4,0.8738721609115601,0.6943650748294139
147,7,102,4,0.9082079529762268,0.8426648406178138
147,7,58,4,0.884079098701477,0.8153742483272116
147,7,90,4,0.884079098701477,0.8153742483272116
147,7,106,4,0.8866181373596191,0.848668424791506
147,7,114,4,0.9004701375961304,0.848668424791506
147,7,60,4,0.8848481774330139,0.6236095644623237
147,7,92,4,0.8429431915283203,0.1611645928050761
147,7,108,4,0.9403954744338989,0.848668424791506
147,7,116,4,0.9046035408973694,0.8280786712108253
147,7,120,4,0.8300930261611938,0.35856858280031806
147,7,31,5,1.0,1.0000000000000007
147,7,47,5,0.9531587362289429,0.9285714285714293
147,7,79,5,0.953126072883606,0.9285714285714293
147,7,55,5,0.9110972881317139,0.9285714285714293
147,7,87,5,0.9054272174835205,0.9285714285714293
147,7,103,5,0.9054272174835205,0.9285714285714293
147,7,59,5,0.892068088054657,0.8571428571428578
147,7,91,5,0.892068088054657,0.8571428571428578
147,7,107,5,0.8786784410476685,0.8153742483272116
147,7,115,5,0.8620362877845764,0.48349377841522834
147,7,61,5,1.0,1.0000000000000007
147,7,93,5,1.0,1.0000000000000007
147,7,109,5,0.9267414808273315,0.7412493166611015
147,7,117,5,0.9262429475784302,0.8894991799933217
147,7,121,5,0.8889269232749939,0.8017837257372732
147,7,62,5,0.9907814860343933,0.9636241116594318
147,7,94,5,0.9907814860343933,0.9636241116594318
147,7,110,5,0.9867363572120667,0.9636241116594318
147,7,118,5,0.8673723936080933,0.6671243849949914
147,7,122,5,0.884079098701477,0.8153742483272116
147,7,124,5,0.8698816299438477,0.3571428571428573
147,7,63,6,1.0,1.0000000000000007
147,7,95,6,1.0,1.0000000000000007
147,7,111,6,0.9572696685791016,0.9285714285714293
147,7,119,6,0.9110972881317139,0.9285714285714293
147,7,123,6,0.938258945941925,0.8894991799933217
147,7,125,6,1.0,1.0000000000000007
147,7,126,6,0.9907814860343933,0.9636241116594318
