sample_id,transcript,n_segments,segment_idx,segment_rank_abs_sv,segment_token,segment_sv,segment_abs_sv,segment_abs_sv_share,deletion_drop_emb,deletion_drop_tfidf,cumulative_drop_emb,cumulative_n_deleted,segment_dur_sec,util_empty_emb,base_text,n_coalitions,runtime_sec
1,What is the MOO programming language?,6,3,1,MOO,0.07938417792320251,0.07938417792320251,0.36826763466246176,0.16768503189086914,0.3492086265440314,0.16768503189086914,1,0.21807051282051293,0.7844388484954834,The original content of this audio is: 'what is the mood programming language',64,5.909683535833513
1,What is the MOO programming language?,6,0,2,What,0.03901230916380882,0.03901230916380882,0.1809802808863926,0.09868133068084717,0.15733515938218634,0.141157329082489,2,0.22072756410256408,0.7844388484954834,The original content of this audio is: 'what is the mood programming language',64,5.909683535833513
1,What is the MOO programming language?,6,1,3,is,0.036051150411367416,0.036051150411367416,0.16724330006539562,0.14004123210906982,0.3418548182855824,0.13019722700119019,3,0.12061538461538457,0.7844388484954834,The original content of this audio is: 'what is the mood programming language',64,5.909683535833513
1,What is the MOO programming language?,6,5,4,language?,0.027148861438035965,0.027148861438035965,0.12594508436223514,5.960464477539063e-08,0.0,0.1414608359336853,4,0.4920673076923079,0.7844388484954834,The original content of this audio is: 'what is the mood programming language',64,5.909683535833513
1,What is the MOO programming language?,6,2,5,the,0.018601935356855392,0.018601935356855392,0.08629541696130459,0.08742797374725342,0.05882352941176472,0.1770615577697754,5,0.060307692307692284,0.7844388484954834,The original content of this audio is: 'what is the mood programming language',64,5.909683535833513
1,What is the MOO programming language?,6,4,6,programming,0.01536266878247261,0.01536266878247261,0.07126827842315447,0.030520915985107422,0.0298574998546679,0.2155611515045166,6,0.5327179487179489,0.7844388484954834,The original content of this audio is: 'what is the mood programming language',64,5.909683535833513
2,How many seasons did Everwood have?,6,2,1,seasons,0.06728843599557877,0.06728843599557877,0.3076754270627344,0.09035611152648926,0.49825479399574546,0.09035611152648926,1,0.3813103448275864,0.7813006043434143,The exact words spoken are: 'how many seasons did everwood have'.,64,6.5349310478335
2,How many seasons did Everwood have?,6,4,2,Everwood,0.04481884092092514,0.04481884092092514,0.20493351965720316,0.09319454431533813,0.49825479399574546,0.15957826375961304,2,0.36124137931034506,0.7813006043434143,The exact words spoken are: 'how many seasons did everwood have'.,64,6.5349310478335
2,How many seasons did Everwood have?,6,3,3,did,0.042739830911159515,0.042739830911159515,0.19542727563238488,0.1073685884475708,0.5818789949964545,0.18172407150268555,3,0.1365272988505748,0.7813006043434143,The exact words spoken are: 'how many seasons did everwood have'.,64,6.5349310478335
2,How many seasons did Everwood have?,6,1,4,many,0.028687721118330956,0.028687721118330956,0.13117420127165763,0.03781002759933472,0.41463059299503635,0.1684899926185608,4,0.16920977011494254,0.7813006043434143,The exact words spoken are: 'how many seasons did everwood have'.,64,6.5349310478335
2,How many seasons did Everwood have?,6,0,5,How,0.017962642014026642,0.017962642014026642,0.082133927933825,0.03781002759933472,0.41463059299503635,0.18478500843048096,5,0.18038218390804597,0.7813006043434143,The exact words spoken are: 'how many seasons did everwood have'.,64,6.5349310478335
2,How many seasons did Everwood have?,6,5,6,have?,0.017201943323016167,0.017201943323016167,0.078655643869709,0.03781002759933472,0.41463059299503635,0.2186993956565857,6,0.4612758620689654,0.7813006043434143,The exact words spoken are: 'how many seasons did everwood have'.,64,6.5349310478335
3,How smart is marmot?,4,3,1,marmot?,0.13565729558467865,0.13565729558467865,0.699685912947644,0.13894778490066528,0.5377498364789758,0.13894778490066528,1,0.5422916666666667,0.8166154623031616,The original content of this audio is: 'how smart is marmoset.',16,2.2433196980000503
3,How smart is marmot?,4,1,2,smart,0.051864806562662125,0.051864806562662125,0.2675055136050328,0.09340560436248779,0.6797436923898257,0.24152612686157227,2,0.28140000000000004,0.8166154623031616,The original content of this audio is: 'how smart is marmoset.',16,2.2433196980000503
3,How smart is marmot?,4,0,3,How,-0.005249297246336937,0.005249297246336937,0.027074543394860602,0.0037050843238830566,0.0,0.16073393821716309,3,0.24082499999999996,0.8166154623031616,The original content of this audio is: 'how smart is marmoset.',16,2.2433196980000503
3,How smart is marmot?,4,2,4,is,0.0011117307003587484,0.0011117307003587484,0.0057340248947162975,0.0,0.0,0.18338453769683838,4,0.08840833333333331,0.8166154623031616,The original content of this audio is: 'how smart is marmoset.',16,2.2433196980000503
4,Who was the 2022 VEX world champions?,3,2,1,the,0.08998607844114304,0.08998607844114304,0.6972683086056018,0.09529870748519897,0.4481745944635305,0.09529870748519897,1,0.6223396226415095,0.8988920450210571,The original content of this audio is: 'who was the twenty twenty vex world champions.',8,1.6323347393336007
4,Who was the 2022 VEX world champions?,3,1,2,was,0.02509545348584652,0.02509545348584652,0.19445523917582208,0.0068201422691345215,0.02667147321542429,0.1282292604446411,2,0.13049056603773584,0.8988920450210571,The original content of this audio is: 'who was the twenty twenty vex world champions.',8,1.6323347393336007
4,Who was the 2022 VEX world champions?,3,0,3,Who,-0.01397363469004631,0.01397363469004631,0.10827644446995184,0.003402411937713623,-4.440892098500626e-16,0.10110795497894287,3,0.190435534591195,0.8988920450210571,The original content of this audio is: 'who was the twenty twenty vex world champions.',8,1.6323347393336007
6,Suggest a recipe for a vegan dessert.,7,0,1,Suggest,0.06647522002458572,0.06647522002458572,0.36537711054460387,0.08456003665924072,0.28556549168823964,0.08456003665924072,1,0.4589583333333333,0.8462862372398376,The original content of this audio is: 'suggest a recipe for a vegan dessert',128,10.070450606857255
6,Suggest a recipe for a vegan dessert.,7,5,2,vegan,0.05346271023154259,0.05346271023154259,0.29385462100102616,0.03126394748687744,0.031754163448145856,0.12618809938430786,2,0.35779166666666673,0.8462862372398376,The original content of this audio is: 'suggest a recipe for a vegan dessert',128,10.070450606857255
6,Suggest a recipe for a vegan dessert.,7,6,3,dessert.,0.04386553168296814,0.04386553168296814,0.24110429740432526,0.023117482662200928,0.0625,0.17909014225006104,3,0.5220222868217053,0.8462862372398376,The original content of this audio is: 'suggest a recipe for a vegan dessert',128,10.070450606857255
6,Suggest a recipe for a vegan dessert.,7,2,4,recipe,-0.009310344234108925,0.009310344234108925,0.05117375577209354,0.0005391240119934082,0.0625,0.15192914009094238,4,0.442046511627907,0.8462862372398376,The original content of this audio is: 'suggest a recipe for a vegan dessert',128,10.070450606857255
6,Suggest a recipe for a vegan dessert.,7,1,5,a,-0.004800730384886265,0.004800730384886265,0.026386930285972512,0.0,0.0,0.14160192012786865,5,0.02009302325581397,0.8462862372398376,The original content of this audio is: 'suggest a recipe for a vegan dessert',128,10.070450606857255
6,Suggest a recipe for a vegan dessert.,7,3,6,for,0.003471048315986991,0.003471048315986991,0.019078411531198894,0.0,0.0,0.15371376276016235,6,0.08037209302325588,0.8462862372398376,The original content of this audio is: 'suggest a recipe for a vegan dessert',128,10.070450606857255
6,Suggest a recipe for a vegan dessert.,7,4,7,a,0.00055033212993294,0.00055033212993294,0.0030248679643389907,0.0,0.0,0.15371376276016235,7,0.020093023255813858,0.8462862372398376,The original content of this audio is: 'suggest a recipe for a vegan dessert',128,10.070450606857255
7,Tell me something I do not know,7,0,1,Tell,0.05796445161104202,0.05796445161104202,0.5152976873179951,0.004432797431945801,-6.661338147750939e-16,0.004432797431945801,1,0.22138696369636962,0.9089425802230835,The original content of this audio is:'tell me something i do not know',128,11.064333296428751
7,Tell me something I do not know,7,2,2,something,0.02990109659731388,0.02990109659731388,0.26581750532653453,0.05879884958267212,0.41661664880305205,0.0910574197769165,2,0.34336633663366334,0.9089425802230835,The original content of this audio is:'tell me something i do not know',128,11.064333296428751
7,Tell me something I do not know,7,1,3,me,0.011904225684702396,0.011904225684702396,0.10582727506508617,0.004432797431945801,-6.661338147750939e-16,0.0910574197769165,3,0.09525866336633665,0.9089425802230835,The original content of this audio is:'tell me something i do not know',128,11.064333296428751
7,Tell me something I do not know,7,6,4,know,-0.00495338486507535,0.00495338486507535,0.04403505414830925,0.0,-6.661338147750939e-16,0.0910574197769165,4,0.2819513201320134,0.9089425802230835,The original content of this audio is:'tell me something i do not know',128,11.064333296428751
7,Tell me something I do not know,7,4,5,do,-0.003875933587551117,0.003875933587551117,0.03445662916411961,0.0,-6.661338147750939e-16,0.0910574197769165,5,0.10575041254125417,0.9089425802230835,The original content of this audio is:'tell me something i do not know',128,11.064333296428751
7,Tell me something I do not know,7,5,6,not,0.0020025926642119884,0.0020025926642119884,0.017802831560159896,0.004432797431945801,-6.661338147750939e-16,0.0910574197769165,6,0.1211881188118813,0.9089425802230835,The original content of this audio is:'tell me something i do not know',128,11.064333296428751
7,Tell me something I do not know,7,3,7,I,-0.0018856257665902376,0.0018856257665902376,0.01676300852790391,0.0,-6.661338147750939e-16,0.0910574197769165,7,0.04039603960396043,0.9089425802230835,The original content of this audio is:'tell me something i do not know',128,11.064333296428751
9,Why Do Birds Sing?,4,3,1,Sing?,0.0773753896355629,0.0773753896355629,0.3256369546609722,0.16018319129943848,0.8556624327025936,0.16018319129943848,1,0.282257142857143,0.7623875141143799,Why do birds sing?,16,2.1283781862493925
9,Why Do Birds Sing?,4,0,2,Why,0.0625096783041954,0.0625096783041954,0.26307410373878826,0.08919131755828857,0.7113248654051871,0.15234720706939697,2,0.22163690476190473,0.7623875141143799,Why do birds sing?,16,2.1283781862493925
9,Why Do Birds Sing?,4,2,3,Birds,0.05626291409134865,0.05626291409134865,0.23678438443220368,5.960464477539063e-08,0.0,0.23000961542129517,3,0.32365714285714275,0.7623875141143799,Why do birds sing?,16,2.1283781862493925
9,Why Do Birds Sing?,4,1,4,Do,0.04146445170044899,0.04146445170044899,0.1745045529595019,0.12555968761444092,0.7226499018873853,0.23761248588562012,4,0.12292380952380949,0.7623875141143799,Why do birds sing?,16,2.1283781862493925
11,When was Margaret Claire Hoover born?,6,2,1,Margaret,0.088462233543396,0.088462233543396,0.33629175498884295,0.09730708599090576,0.3845425451033362,0.09730708599090576,1,0.42352941176470593,0.7426823377609253,When was Margaret Claire Hoover born?,64,5.348207430833402
11,When was Margaret Claire Hoover born?,6,0,2,When,0.057920996099710464,0.057920996099710464,0.22018835212337554,0.14232885837554932,0.5470891863421615,0.22624576091766357,2,0.23126890756302518,0.7426823377609253,When was Margaret Claire Hoover born?,64,5.348207430833402
11,When was Margaret Claire Hoover born?,6,4,3,Hoover,0.05656767264008522,0.05656767264008522,0.21504365361108116,0.08778643608093262,0.08712907082472299,0.2075907588005066,3,0.3630252100840339,0.7426823377609253,When was Margaret Claire Hoover born?,64,5.348207430833402
11,When was Margaret Claire Hoover born?,6,3,4,Claire,0.05511520802974701,0.05511520802974701,0.2095220671294307,0.16980493068695068,0.5285954792089682,0.2440868616104126,4,0.32268907563025195,0.7426823377609253,When was Margaret Claire Hoover born?,64,5.348207430833402
11,When was Margaret Claire Hoover born?,6,1,5,was,-0.0028671855106949806,0.0028671855106949806,0.01089968915149756,0.0,-2.220446049250313e-16,0.240037739276886,5,0.13109243697478995,0.7426823377609253,When was Margaret Claire Hoover born?,64,5.348207430833402
11,When was Margaret Claire Hoover born?,6,5,6,born?,0.002118747215718031,0.002118747215718031,0.00805447919424292,0.0,-2.220446049250313e-16,0.2573176622390747,6,0.46317121848739484,0.7426823377609253,When was Margaret Claire Hoover born?,64,5.348207430833402
13,What are some famous world music artists?,7,3,1,famous,0.05961018428206444,0.05961018428206444,0.3760369921875431,0.0,-6.661338147750939e-16,0.0,1,0.3410343137254903,0.8414778709411621,The original content of this audio is: 'what are some famous world music artists',128,10.99274324199983
13,What are some famous world music artists?,7,6,2,artists?,0.02508927322924137,0.02508927322924137,0.15826984859924398,0.0,-6.661338147750939e-16,0.0,2,0.5426838235294118,0.8414778709411621,The original content of this audio is: 'what are some famous world music artists',128,10.99274324199983
13,What are some famous world music artists?,7,0,3,What,0.021534672006964684,0.021534672006964684,0.13584647299405792,0.02719557285308838,0.11050082000667827,0.11237126588821411,3,0.22086274509803924,0.8414778709411621,The original content of this audio is: 'what are some famous world music artists',128,10.99274324199983
13,What are some famous world music artists?,7,2,4,some,0.02074333094060421,0.02074333094060421,0.1308544818104606,0.0,-6.661338147750939e-16,0.1329730749130249,4,0.16094117647058825,0.8414778709411621,The original content of this audio is: 'what are some famous world music artists',128,10.99274324199983
13,What are some famous world music artists?,7,4,5,world,0.019492344930768013,0.019492344930768013,0.1229629273374603,0.04690122604370117,0.07142857142857073,0.1559373140335083,5,0.2707303921568629,0.8414778709411621,The original content of this audio is: 'what are some famous world music artists',128,10.99274324199983
13,What are some famous world music artists?,7,1,6,are,0.007808146066963673,0.007808146066963673,0.04925587459499678,0.006224632263183594,-6.661338147750939e-16,0.15911096334457397,6,0.10058823529411764,0.8414778709411621,The original content of this audio is: 'what are some famous world music artists',128,10.99274324199983
13,What are some famous world music artists?,7,5,7,music,0.004244175739586353,0.004244175739586353,0.026773396167969733,0.0,-6.661338147750939e-16,0.1585221290588379,7,0.3218970588235295,0.8414778709411621,The original content of this audio is: 'what are some famous world music artists',128,10.99274324199983
15,What should I call you?,5,0,1,What,0.04084362834692001,0.04084362834692001,0.4029756407701583,0.024649322032928467,0.03390821692070378,0.024649322032928467,1,0.20199999999999999,0.8986448645591736,The exact words spoken by the speaker are: 'what should i call you.',32,3.519683905599959
15,What should I call you?,5,3,2,call,0.03597499057650566,0.03597499057650566,0.3549401820066504,0.04889261722564697,0.10291477285493922,0.06989651918411255,2,0.2643333333333334,0.8986448645591736,The exact words spoken by the speaker are: 'what should i call you.',32,3.519683905599959
15,What should I call you?,5,4,3,you?,0.019442686811089516,0.019442686811089516,0.19182745248398406,0.06720423698425293,0.42264973081037416,0.051779210567474365,3,0.3341666666666667,0.8986448645591736,The exact words spoken by the speaker are: 'what should i call you.',32,3.519683905599959
15,What should I call you?,5,2,4,I,0.0028001766186207533,0.0028001766186207533,0.027627392884241764,5.960464477539063e-08,1.1102230246251565e-16,0.16359031200408936,4,0.04066666666666674,0.8986448645591736,The exact words spoken by the speaker are: 'what should i call you.',32,3.519683905599959
15,What should I call you?,5,1,5,should,0.0022935967426747084,0.0022935967426747084,0.022629321988661823,0.0020233988761901855,1.1102230246251565e-16,0.10135513544082642,5,0.183,0.8986448645591736,The exact words spoken by the speaker are: 'what should i call you.',32,3.519683905599959
16,What is the capital of Australia?,6,5,1,Australia?,0.107171930372715,0.107171930372715,0.3350918032724385,0.1376590132713318,0.33333333333333315,0.1376590132713318,1,0.743757142857143,0.6970729231834412,The capital of Australia is Canberra.,64,5.859094469333286
16,What is the capital of Australia?,6,3,2,capital,0.08872105181217194,0.08872105181217194,0.27740190119349617,0.11859047412872314,0.2507313507346446,0.1302233338356018,2,0.4223999999999999,0.6970729231834412,The capital of Australia is Canberra.,64,5.859094469333286
16,What is the capital of Australia?,6,0,3,What,0.07980405539274216,0.07980405539274216,0.2495213507586099,0.13458305597305298,0.28556549168823964,0.21590983867645264,3,0.203375,0.6970729231834412,The capital of Australia is Canberra.,64,5.859094469333286
16,What is the capital of Australia?,6,2,4,the,0.0202989149838686,0.0202989149838686,0.06346811149862593,0.0,-2.220446049250313e-16,0.27728062868118286,4,0.0603428571428572,0.6970729231834412,The capital of Australia is Canberra.,64,5.859094469333286
16,What is the capital of Australia?,6,4,5,of,0.015381875447928905,0.015381875447928905,0.04809412654631807,0.0,-2.220446049250313e-16,0.26607775688171387,5,0.04022857142857128,0.6970729231834412,The capital of Australia is Canberra.,64,5.859094469333286
16,What is the capital of Australia?,6,1,6,is,-0.008450735360383987,0.008450735360383987,0.02642270360383631,0.0,-2.220446049250313e-16,0.30292707681655884,6,0.10057142857142859,0.6970729231834412,The capital of Australia is Canberra.,64,5.859094469333286
17,When did Gallimimus die out?,5,2,1,Gallimimus,0.13100695610046387,0.13100695610046387,0.5952025527516759,0.16297364234924316,0.44529980377477074,0.16297364234924316,1,0.5564800000000001,0.7798951864242554,The original content of this audio is: 'When did gallagher miss die out.',32,3.439636542199878
17,When did Gallimimus die out?,5,3,2,die,0.04071461781859398,0.04071461781859398,0.18497830329980622,0.09267878532409668,0.11929515407202052,0.21266210079193115,2,0.2116800000000001,0.7798951864242554,The original content of this audio is: 'When did gallagher miss die out.',32,3.439636542199878
17,When did Gallimimus die out?,5,0,3,When,0.030074506998062134,0.030074506998062134,0.1366371975261193,0.11033570766448975,0.11929515407202052,0.20755940675735474,3,0.24128166666666667,0.7798951864242554,The original content of this audio is: 'When did gallagher miss die out.',32,3.439636542199878
17,When did Gallimimus die out?,5,4,4,out?,0.01778062805533409,0.01778062805533409,0.0807825440959577,0.049975454807281494,0.3528497710705658,0.2193273901939392,4,0.2815916666666669,0.7798951864242554,The original content of this audio is: 'When did gallagher miss die out.',32,3.439636542199878
17,When did Gallimimus die out?,5,1,5,did,0.0005281190387904644,0.0005281190387904644,0.002399397783151247,0.042441487312316895,0.11929515407202052,0.22010481357574463,5,0.14112000000000002,0.7798951864242554,The original content of this audio is: 'When did gallagher miss die out.',32,3.439636542199878
18,What is a technate?,4,3,1,technate?,0.07325737923383713,0.07325737923383713,0.49498711970518283,0.15407133102416992,0.1982162742627266,0.15407133102416992,1,0.6160833333333334,0.8755185008049011,The exact words spoken by the speaker are: 'what is a technet'.,16,2.3076390907499444
18,What is a technate?,4,0,2,What,0.03712165355682373,0.03712165355682373,0.2508244297701911,0.10155689716339111,0.18462575167278839,0.157609760761261,2,0.22174999999999997,0.8755185008049011,The exact words spoken by the speaker are: 'what is a technet'.,16,2.3076390907499444
18,What is a technate?,4,1,3,is,0.025860967114567757,0.025860967114567757,0.17473796849830134,0.09384864568710327,0.21428571428571375,0.15877765417099,3,0.08100000000000002,0.8755185008049011,The exact words spoken by the speaker are: 'what is a technet'.,16,2.3076390907499444
18,What is a technate?,4,2,4,a,-0.01175855565816164,0.01175855565816164,0.07945047526950207,5.960464477539063e-08,-6.661338147750939e-16,0.12448149919509888,4,0.02024999999999999,0.8755185008049011,The exact words spoken by the speaker are: 'what is a technet'.,16,2.3076390907499444
21,What's the minor league in baseball called?,7,5,1,baseball,0.07696370035409927,0.07696370035409927,0.30088332791801076,0.08548319339752197,0.11359473957208155,0.08548319339752197,1,0.5249523809523808,0.7442077398300171,The minor league in baseball is called the minor leagues.,128,10.112522856143187
21,What's the minor league in baseball called?,7,2,2,minor,0.07169219106435776,0.07169219106435776,0.2802747910239858,0.05903071165084839,0.3869939661671118,0.1372523307800293,2,0.25238095238095226,0.7442077398300171,The minor league in baseball is called the minor leagues.,128,10.112522856143187
21,What's the minor league in baseball called?,7,3,3,league,0.03847958892583847,0.03847958892583847,0.15043282378127817,-2.384185791015625e-07,-6.661338147750939e-16,0.1376602053642273,3,0.23219047619047628,0.7442077398300171,The minor league in baseball is called the minor leagues.,128,10.112522856143187
21,What's the minor league in baseball called?,7,1,4,the,0.030268244445323944,0.030268244445323944,0.11833124027358229,0.05581188201904297,0.06458565330651467,0.24564027786254883,4,0.08076190476190481,0.7442077398300171,The minor league in baseball is called the minor leagues.,128,10.112522856143187
21,What's the minor league in baseball called?,7,6,5,called?,0.020000535994768143,0.020000535994768143,0.07819046904661044,0.0208054780960083,0.23623738417402618,0.2697054147720337,5,0.4232321428571426,0.7442077398300171,The minor league in baseball is called the minor leagues.,128,10.112522856143187
21,What's the minor league in baseball called?,7,0,6,What's,0.011362266726791859,0.011362266726791859,0.04441985779945842,0.014899373054504395,0.12712843905602988,0.23531711101531982,6,0.3020952380952381,0.7442077398300171,The minor league in baseball is called the minor leagues.,128,10.112522856143187
21,What's the minor league in baseball called?,7,4,7,in,0.0070259771309792995,0.0070259771309792995,0.02746748624765535,-2.384185791015625e-07,-6.661338147750939e-16,0.2557922601699829,7,0.08076190476190459,0.7442077398300171,The minor league in baseball is called the minor leagues.,128,10.112522856143187
23,When was C++ developed?,4,0,1,When,0.04708506911993027,0.04708506911993027,0.45332354721393053,0.11372685432434082,0.6343637879364347,0.11372685432434082,1,0.240625,0.9148998260498047,The original content of this audio is: 'When was C++ developed?',16,2.237650951249634
23,When was C++ developed?,4,3,2,developed?,0.04560869187116623,0.04560869187116623,0.43910934759725495,0.12925052642822266,0.6343637879364347,0.1399332880973816,2,0.5618173076923076,0.9148998260498047,The original content of this audio is: 'When was C++ developed?',16,2.237650951249634
23,When was C++ developed?,4,2,3,C++,-0.009383092634379864,0.009383092634379864,0.09033812451288345,0.0681757926940918,0.1436511614223246,0.13419568538665771,3,0.3552371794871795,0.9148998260498047,The original content of this audio is: 'When was C++ developed?',16,2.237650951249634
23,When was C++ developed?,4,1,4,was,0.0017895105993375182,0.0017895105993375182,0.017228971048175282,0.01393592357635498,0.046537410754407316,0.08510017395019531,4,0.12046153846153845,0.9148998260498047,The original content of this audio is: 'When was C++ developed?',16,2.237650951249634
24,Who owns Nissan now?,4,2,1,Nissan,0.08777141571044922,0.08777141571044922,0.6598874001062625,0.0765637755393982,0.11111111111111094,0.0765637755393982,1,0.38281481481481483,0.8715804815292358,The exact words spoken are: 'who owns nissan now?',16,2.229070487250283
24,Who owns Nissan now?,4,1,2,owns,0.03579776734113693,0.03579776734113693,0.2691365455273095,0.016283631324768066,0.10912919362525175,0.12268227338790894,2,0.22162962962962962,0.8715804815292358,The exact words spoken are: 'who owns nissan now?',16,2.229070487250283
24,Who owns Nissan now?,4,0,3,Who,0.007145479321479797,0.007145479321479797,0.05372149615906237,0.006738483905792236,-2.220446049250313e-16,0.13510733842849731,3,0.2109814814814815,0.8715804815292358,The exact words spoken are: 'who owns nissan now?',16,2.229070487250283
24,Who owns Nissan now?,4,3,4,now?,-0.002295022364705801,0.002295022364705801,0.017254550689116216,-1.1920928955078125e-07,-2.220446049250313e-16,0.12841951847076416,4,0.20086111111111116,0.8715804815292358,The exact words spoken are: 'who owns nissan now?',16,2.229070487250283
29,When was Gus Dur born?,5,4,1,born?,0.10698877274990082,0.10698877274990082,0.7728978291986511,0.25640201568603516,0.7113248654051871,0.25640201568603516,1,0.4948750000000002,0.8616994619369507,The original content of this audio is: 'When was Gustave Eiffel born?',32,3.479004139999597
29,When was Gus Dur born?,5,0,2,When,0.014799756929278374,0.014799756929278374,0.10691495667537279,0.09495627880096436,0.2166505481993598,0.13123869895935059,2,0.24215,0.8616994619369507,The original content of this audio is: 'When was Gustave Eiffel born?',32,3.479004139999597
29,When was Gus Dur born?,5,2,3,Gus,0.014181804843246937,0.014181804843246937,0.10245080764770839,0.1215289831161499,0.1296117202215109,0.2090449333190918,3,0.3039999999999998,0.8616994619369507,The original content of this audio is: 'When was Gustave Eiffel born?',32,3.479004139999597
29,When was Gus Dur born?,5,1,4,was,0.002392686204984784,0.002392686204984784,0.017285009690776294,0.0,-2.220446049250313e-16,0.215348482131958,4,0.15199999999999997,0.8616994619369507,The original content of this audio is: 'When was Gustave Eiffel born?',32,3.479004139999597
29,When was Gus Dur born?,5,3,5,Dur,-6.248382851481438e-05,6.248382851481438e-05,0.00045138956338916953,0.12311100959777832,0.1296117202215109,0.13830053806304932,5,0.25812500000000005,0.8616994619369507,The original content of this audio is: 'When was Gustave Eiffel born?',32,3.479004139999597
31,What is the lowest brass instrument?,6,5,1,instrument?,0.07510118931531906,0.07510118931531906,0.29149616740337675,0.07774078845977783,0.2723931248910012,0.07774078845977783,1,0.7044107142857143,0.7620459794998169,The lowest brass instrument is the tuba.,64,5.682717902333631
31,What is the lowest brass instrument?,6,3,2,lowest,0.07171981036663055,0.07171981036663055,0.27837175468678477,0.05783945322036743,0.2222222222222221,0.11696428060531616,2,0.3122142857142858,0.7620459794998169,The lowest brass instrument is the tuba.,64,5.682717902333631
31,What is the lowest brass instrument?,6,4,3,brass,0.05455269664525986,0.05455269664525986,0.21173968266796336,0.08694225549697876,0.3195861825602283,0.28346091508865356,3,0.36257142857142854,0.7620459794998169,The lowest brass instrument is the tuba.,64,5.682717902333631
31,What is the lowest brass instrument?,6,0,4,What,0.0420314259827137,0.0420314259827137,0.16313988761241366,0.10364007949829102,0.2873033549002014,0.25149303674697876,4,0.22104166666666664,0.7620459794998169,The lowest brass instrument is the tuba.,64,5.682717902333631
31,What is the lowest brass instrument?,6,1,5,is,-0.009843184612691402,0.009843184612691402,0.03820512851796035,0.0,-2.220446049250313e-16,0.24211162328720093,5,0.12085714285714289,0.7620459794998169,The lowest brass instrument is the tuba.,64,5.682717902333631
31,What is the lowest brass instrument?,6,2,6,the,0.004392092581838369,0.004392092581838369,0.01704737523012218,0.0,-2.220446049250313e-16,0.2379540205001831,6,0.0604285714285715,0.7620459794998169,The lowest brass instrument is the tuba.,64,5.682717902333631
33,When did Michelangelo sculpt the David?,6,0,1,When,0.0589955598115921,0.0589955598115921,0.3515828235527082,0.03930443525314331,0.17192132878917465,0.03930443525314331,1,0.2613874045801527,0.8322002291679382,The original content of this audio is: 'When did Michelangelo sculpt the David?',64,6.935926411000158
33,When did Michelangelo sculpt the David?,6,2,2,Michelangelo,0.040261633694171906,0.040261633694171906,0.23993837672272453,-1.1920928955078125e-07,1.1102230246251565e-16,0.07208377122879028,2,0.7530722010178116,0.8322002291679382,The original content of this audio is: 'When did Michelangelo sculpt the David?',64,6.935926411000158
33,When did Michelangelo sculpt the David?,6,5,3,David?,0.03151284530758858,0.03151284530758858,0.18780015253359295,-1.1920928955078125e-07,1.1102230246251565e-16,0.16052359342575073,3,0.4024268447837147,0.8322002291679382,The original content of this audio is: 'When did Michelangelo sculpt the David?',64,6.935926411000158
33,When did Michelangelo sculpt the David?,6,1,4,did,0.021175213158130646,0.021175213158130646,0.1261932466653734,0.023552298545837402,0.10291477285493922,0.2199925184249878,4,0.13305311704834605,0.8322002291679382,The original content of this audio is: 'When did Michelangelo sculpt the David?',64,6.935926411000158
33,When did Michelangelo sculpt the David?,6,3,5,sculpt,0.011744659394025803,0.011744659394025803,0.06999205575137327,0.02269113063812256,0.06666666666666676,0.16194510459899902,5,0.36274809160305366,0.8322002291679382,The original content of this audio is: 'When did Michelangelo sculpt the David?',64,6.935926411000158
33,When did Michelangelo sculpt the David?,6,4,6,the,0.00410997960716486,0.00410997960716486,0.02449333881474827,0.002053976058959961,0.031037209750091166,0.16779977083206177,6,0.060458015267175425,0.8322002291679382,The original content of this audio is: 'When did Michelangelo sculpt the David?',64,6.935926411000158
34,What type of government does Kazakhastan have?,7,3,1,government,0.10606230050325394,0.10606230050325394,0.3798064376088718,0.2557358145713806,1.0,0.2557358145713806,1,0.38108571428571425,0.726831316947937,Kazakstan has a government.,128,11.517153746142867
34,What type of government does Kazakhastan have?,7,5,2,Kazakhastan,0.10383858531713486,0.10383858531713486,0.3718433693076074,0.21427959203720093,0.882148869802242,0.2808424234390259,2,0.8022654761904762,0.726831316947937,Kazakstan has a government.,128,11.517153746142867
34,What type of government does Kazakhastan have?,7,6,3,have?,0.030399322509765625,0.030399322509765625,0.10885921136325954,0.08448314666748047,0.75,0.28094780445098877,3,0.3006202380952381,0.726831316947937,Kazakstan has a government.,128,11.517153746142867
34,What type of government does Kazakhastan have?,7,0,4,What,0.02049926109611988,0.02049926109611988,0.07340733977661143,0.10397541522979736,0.7418011102528388,0.2853924036026001,4,0.22042499999999998,0.726831316947937,Kazakstan has a government.,128,11.517153746142867
34,What type of government does Kazakhastan have?,7,4,5,does,0.013188887387514114,0.013188887387514114,0.04722907490133721,0.0752720832824707,0.683772233983162,0.26500988006591797,5,0.16983928571428564,0.726831316947937,Kazakstan has a government.,128,11.517153746142867
34,What type of government does Kazakhastan have?,7,2,6,of,-0.003042437369003892,0.003042437369003892,0.010894891901142813,0.0,0.0,0.27568304538726807,6,0.04011428571428566,0.726831316947937,Kazakstan has a government.,128,11.517153746142867
34,What type of government does Kazakhastan have?,7,1,7,type,0.0022227666340768337,0.0022227666340768337,0.007959671560194798,0.0752720832824707,0.683772233983162,0.273168683052063,7,0.24068571428571428,0.726831316947937,Kazakstan has a government.,128,11.517153746142867
35,What year was the Revolution of Roses?,7,6,1,Roses?,0.09212625026702881,0.09212625026702881,0.41056847483213266,0.07693749666213989,0.05555555555555525,0.07693749666213989,1,0.5020426829268294,0.7756128907203674,The original content of this audio is: 'what year was the revolution of roses',128,11.345921131142989
35,What year was the Revolution of Roses?,7,4,2,Revolution,0.061062201857566833,0.061062201857566833,0.2721288993515613,0.03499418497085571,0.05555555555555525,0.09293955564498901,2,0.5024390243902439,0.7756128907203674,The original content of this audio is: 'what year was the revolution of roses',128,11.345921131142989
35,What year was the Revolution of Roses?,7,2,3,was,0.02499273233115673,0.02499273233115673,0.11138223867082926,5.960464477539063e-08,-2.220446049250313e-16,0.137306809425354,3,0.12058536585365842,0.7756128907203674,The original content of this audio is: 'what year was the revolution of roses',128,11.345921131142989
35,What year was the Revolution of Roses?,7,1,4,year,0.02239513024687767,0.02239513024687767,0.09980580391013964,5.960464477539063e-08,-2.220446049250313e-16,0.23790216445922852,4,0.20097560975609752,0.7756128907203674,The original content of this audio is: 'what year was the revolution of roses',128,11.345921131142989
35,What year was the Revolution of Roses?,7,0,5,What,0.015759794041514397,0.015759794041514397,0.07023486340254126,0.018297195434570312,0.0452140755037479,0.17413389682769775,5,0.24079674796747966,0.7756128907203674,The original content of this audio is: 'what year was the revolution of roses',128,11.345921131142989
35,What year was the Revolution of Roses?,7,3,6,the,0.006145107559859753,0.006145107559859753,0.02738619482740396,5.960464477539063e-08,-2.220446049250313e-16,0.22944551706314087,6,0.0602926829268291,0.7756128907203674,The original content of this audio is: 'what year was the revolution of roses',128,11.345921131142989
35,What year was the Revolution of Roses?,7,5,7,of,0.0019058360485360026,0.0019058360485360026,0.008493520548806777,5.960464477539063e-08,-2.220446049250313e-16,0.22438710927963257,7,0.06029268292682932,0.7756128907203674,The original content of this audio is: 'what year was the revolution of roses',128,11.345921131142989
36,How sustainable packaging increases the product cost?,7,2,1,packaging,0.06190874055027962,0.06190874055027962,0.29241786539689635,0.09288942813873291,0.42734371332179966,0.09288942813873291,1,0.4817454545454545,0.7882866859436035,The exact words are: 'how sustainable packaging increases the product cost'.,128,11.325334242571573
36,How sustainable packaging increases the product cost?,7,1,2,sustainable,0.050253115594387054,0.050253115594387054,0.23736404037681194,0.07696390151977539,0.3554966133645102,0.10859298706054688,2,0.5821090909090909,0.7882866859436035,The exact words are: 'how sustainable packaging increases the product cost'.,128,11.325334242571573
36,How sustainable packaging increases the product cost?,7,3,3,increases,0.03444894403219223,0.03444894403219223,0.16271509627771463,0.055724501609802246,0.3066247547184634,0.18161869049072266,3,0.4817454545454545,0.7882866859436035,The exact words are: 'how sustainable packaging increases the product cost'.,128,11.325334242571573
36,How sustainable packaging increases the product cost?,7,6,4,cost?,0.027119332924485207,0.027119332924485207,0.12809463371856492,0.06198751926422119,0.3554966133645102,0.17078310251235962,4,0.4412742424242424,0.7882866859436035,The exact words are: 'how sustainable packaging increases the product cost'.,128,11.325334242571573
36,How sustainable packaging increases the product cost?,7,5,5,product,0.019489243626594543,0.019489243626594543,0.09205490159923958,0.05838465690612793,0.3554966133645102,0.222578763961792,5,0.3211636363636363,0.7882866859436035,The exact words are: 'how sustainable packaging increases the product cost'.,128,11.325334242571573
36,How sustainable packaging increases the product cost?,7,0,6,How,0.013234943151473999,0.013234943151473999,0.06251352863268382,0.053798139095306396,0.3554966133645102,0.17272770404815674,6,0.20833333333333331,0.7882866859436035,The exact words are: 'how sustainable packaging increases the product cost'.,128,11.325334242571573
36,How sustainable packaging increases the product cost?,7,4,7,the,0.005258942488580942,0.005258942488580942,0.024839929274719116,0.00514674186706543,0.03637588834056815,0.21171331405639648,7,0.060218181818181726,0.7882866859436035,The exact words are: 'how sustainable packaging increases the product cost'.,128,11.325334242571573
37,What other species belong to the Equidae?,7,2,1,species,0.08830532431602478,0.08830532431602478,0.44418652851346,0.13047367334365845,0.18350341907227397,0.13047367334365845,1,0.4421463414634147,0.8037371635437012,The exact words spoken by the speaker are: 'what other species belong to the equidae.',128,11.567320701999831
37,What other species belong to the Equidae?,7,6,2,Equidae?,0.049850985407829285,0.049850985407829285,0.25075652371802143,0.0925757884979248,0.12518223472029355,0.17145872116088867,2,0.5824156504065041,0.8037371635437012,The exact words spoken by the speaker are: 'what other species belong to the equidae.',128,11.567320701999831
37,What other species belong to the Equidae?,7,3,3,belong,0.028704293072223663,0.028704293072223663,0.14438608761069047,0.01063472032546997,0.02409992705146735,0.16424334049224854,3,0.3199400406504067,0.8037371635437012,The exact words spoken by the speaker are: 'what other species belong to the equidae.',128,11.567320701999831
37,What other species belong to the Equidae?,7,0,4,What,0.019702456891536713,0.019702456891536713,0.09910575605291833,5.960464477539063e-08,6.661338147750939e-16,0.19512414932250977,4,0.22069918699186988,0.8037371635437012,The exact words spoken by the speaker are: 'what other species belong to the equidae.',128,11.567320701999831
37,What other species belong to the Equidae?,7,1,5,other,0.010969497263431549,0.010969497263431549,0.055177906278266686,0.014599323272705078,0.09215870099679613,0.2360096573829651,5,0.21102439024390235,0.8037371635437012,The exact words spoken by the speaker are: 'what other species belong to the equidae.',128,11.567320701999831
37,What other species belong to the Equidae?,7,5,6,the,-0.0012048728531226516,0.0012048728531226516,0.00606065709031701,5.960464477539063e-08,6.661338147750939e-16,0.19626283645629883,6,0.07034146341463421,0.8037371635437012,The exact words spoken by the speaker are: 'what other species belong to the equidae.',128,11.567320701999831
37,What other species belong to the Equidae?,7,4,7,to,-6.491606472991407e-05,6.491606472991407e-05,0.00032653570620433056,5.960464477539063e-08,6.661338147750939e-16,0.19626283645629883,7,0.040195121951219326,0.8037371635437012,The exact words spoken by the speaker are: 'what other species belong to the equidae.',128,11.567320701999831
39,Who is Patriarch Kirill?,4,3,1,Kirill?,0.08261290192604065,0.08261290192604065,0.4730936909581779,0.16227972507476807,0.260399738366361,0.16227972507476807,1,0.4939583333333335,0.8253772854804993,The exact words spoken are: 'Who is Patriarch Kirill?',16,2.2601162774999466
39,Who is Patriarch Kirill?,4,2,2,Patriarch,0.061196278780698776,0.061196278780698776,0.35044857069886437,0.15037429332733154,0.17504208861569448,0.16459453105926514,2,0.6269593023255813,0.8253772854804993,The exact words spoken are: 'Who is Patriarch Kirill?',16,2.2601162774999466
39,Who is Patriarch Kirill?,4,1,3,is,0.023554887622594833,0.023554887622594833,0.13489017412140877,0.015462219715118408,0.1982162742627266,0.14391416311264038,3,0.10046511627906973,0.8253772854804993,The exact words spoken are: 'Who is Patriarch Kirill?',16,2.2601162774999466
39,Who is Patriarch Kirill?,4,0,4,Who,0.007258639670908451,0.007258639670908451,0.04156755849491696,0.0,-2.220446049250313e-16,0.17462271451950073,4,0.18050096899224805,0.8253772854804993,The exact words spoken are: 'Who is Patriarch Kirill?',16,2.2601162774999466
40,How long does a cold usually last?,7,1,1,long,0.043769385665655136,0.043769385665655136,0.2335239955169681,0.05570518970489502,0.35534162877969555,0.05570518970489502,1,0.18087804878048774,0.8134316205978394,The original content of this audio is: 'how long does a cold usually last',128,11.540301086571292
40,How long does a cold usually last?,7,2,2,does,0.03506140038371086,0.03506140038371086,0.18706404445719713,1.1920928955078125e-07,-6.661338147750939e-16,0.0801703929901123,2,0.12058536585365853,0.8134316205978394,The original content of this audio is: 'how long does a cold usually last',128,11.540301086571292
40,How long does a cold usually last?,7,5,3,usually,0.031160831451416016,0.031160831451416016,0.16625323279041168,0.007036268711090088,0.03637588834056815,0.007036268711090088,3,0.3718048780487804,0.8134316205978394,The original content of this audio is: 'how long does a cold usually last',128,11.540301086571292
40,How long does a cold usually last?,7,6,4,last?,0.028431450948119164,0.028431450948119164,0.1516910946492742,1.1920928955078125e-07,-6.661338147750939e-16,0.1343832015991211,4,0.40048577235772354,0.8134316205978394,The original content of this audio is: 'how long does a cold usually last',128,11.540301086571292
40,How long does a cold usually last?,7,0,5,How,0.024728242307901382,0.024728242307901382,0.13193326472443714,0.003595590591430664,-6.661338147750939e-16,0.18301498889923096,5,0.20058841463414634,0.8134316205978394,The original content of this audio is: 'how long does a cold usually last',128,11.540301086571292
40,How long does a cold usually last?,7,4,6,cold,0.0238477885723114,0.0238477885723114,0.12723575592745742,0.04181671142578125,0.11050082000667827,0.18656837940216064,6,0.34147154471544716,0.8134316205978394,The original content of this audio is: 'how long does a cold usually last',128,11.540301086571292
40,How long does a cold usually last?,7,3,7,a,-0.00043082766933366656,0.00043082766933366656,0.002298606598927119,1.1920928955078125e-07,-6.661338147750939e-16,0.18656837940216064,7,0.04019512195121944,0.8134316205978394,The original content of this audio is: 'how long does a cold usually last',128,11.540301086571292
41,What is the biggest diamond?,5,4,1,diamond?,0.10161987692117691,0.10161987692117691,0.5514969489105375,0.14492177963256836,0.44358511592534267,0.14492177963256836,1,0.5047134831460675,0.8402695655822754,The exact words spoken by the speaker are: 'what is the biggest diamond'.,32,3.5701345665998816
41,What is the biggest diamond?,5,3,2,biggest,0.040804311633110046,0.040804311633110046,0.22144735901924095,0.04539155960083008,0.02667147321542429,0.1988006830215454,2,0.32092041198501875,0.8402695655822754,The exact words spoken by the speaker are: 'what is the biggest diamond'.,32,3.5701345665998816
41,What is the biggest diamond?,5,1,3,is,0.019625818356871605,0.019625818356871605,0.10651045121893418,0.07283401489257812,0.33773382146747777,0.1732475757598877,3,0.10112359550561795,0.8402695655822754,The exact words spoken by the speaker are: 'what is the biggest diamond'.,32,3.5701345665998816
41,What is the biggest diamond?,5,2,4,the,-0.012265728786587715,0.012265728786587715,0.06656681947385427,0.005527496337890625,0.10526315789473617,0.1312575340270996,4,0.08089887640449428,0.8402695655822754,The exact words spoken by the speaker are: 'what is the biggest diamond'.,32,3.5701345665998816
41,What is the biggest diamond?,5,0,5,What,0.009946165606379509,0.009946165606379509,0.053978415950375246,0.02913534641265869,0.08074528025901184,0.1597304344177246,5,0.22160440074906362,0.8402695655822754,The exact words spoken by the speaker are: 'what is the biggest diamond'.,32,3.5701345665998816
43,Create a guide for cyberbullying and harassment,7,4,1,cyberbullying,0.08011072129011154,0.08011072129011154,0.3705363860537486,0.04312020540237427,0.10291477285493922,0.04312020540237427,1,0.6655,0.798397421836853,The original content of this audio is: 'create a guide for cyber bullying and harassment',128,11.119617221428468
43,Create a guide for cyberbullying and harassment,7,6,2,harassment,0.0521395243704319,0.0521395243704319,0.2411611157614917,0.006802201271057129,0.06666666666666676,0.08989882469177246,2,0.6648333333333336,0.798397421836853,The original content of this audio is: 'create a guide for cyber bullying and harassment',128,11.119617221428468
43,Create a guide for cyberbullying and harassment,7,2,3,guide,0.047036271542310715,0.047036271542310715,0.21755702345525998,0.017666995525360107,0.03390821692070378,0.19415807723999023,3,0.26216666666666666,0.798397421836853,The original content of this audio is: 'create a guide for cyber bullying and harassment',128,11.119617221428468
43,Create a guide for cyberbullying and harassment,7,0,4,Create,0.02956431731581688,0.02956431731581688,0.1367439353676277,0.007630646228790283,0.03390821692070378,0.2030995488166809,4,0.3623333333333333,0.798397421836853,The original content of this audio is: 'create a guide for cyber bullying and harassment',128,11.119617221428468
43,Create a guide for cyberbullying and harassment,7,1,5,a,-0.00408670911565423,0.00408670911565423,0.018902269286574798,0.0,1.1102230246251565e-16,0.22197604179382324,5,0.020166666666666666,0.798397421836853,The original content of this audio is: 'create a guide for cyber bullying and harassment',128,11.119617221428468
43,Create a guide for cyberbullying and harassment,7,3,6,for,-0.003213013056665659,0.003213013056665659,0.014861159994415821,0.00722271203994751,0.17192132878917465,0.18523073196411133,6,0.09075,0.798397421836853,The original content of this audio is: 'create a guide for cyber bullying and harassment',128,11.119617221428468
43,Create a guide for cyberbullying and harassment,7,5,7,and,5.147888441570103e-05,5.147888441570103e-05,0.00023810545557810368,0.0,1.1102230246251565e-16,0.20160257816314697,7,0.08066666666666666,0.798397421836853,The original content of this audio is: 'create a guide for cyber bullying and harassment',128,11.119617221428468
46,How do I turn the computer on?,7,5,1,computer,0.06134890019893646,0.06134890019893646,0.39950274042024975,0.055052876472473145,0.07142857142857073,0.055052876472473145,1,0.4928000000000001,0.8742205500602722,The exact words spoken are: 'how do i turn the computer on',128,11.238228811285808
46,How do I turn the computer on?,7,0,2,How,0.03716270253062248,0.03716270253062248,0.24200273279982304,0.020555615425109863,0.06686105036831314,0.08002126216888428,2,0.20072499999999996,0.8742205500602722,The exact words spoken are: 'how do i turn the computer on',128,11.238228811285808
46,How do I turn the computer on?,7,3,3,turn,0.032386764883995056,0.032386764883995056,0.21090192786743125,0.006517946720123291,-6.661338147750939e-16,0.1491265892982483,3,0.24135238095238087,0.8742205500602722,The exact words spoken are: 'how do i turn the computer on',128,11.238228811285808
46,How do I turn the computer on?,7,6,4,on?,0.00877293385565281,0.00877293385565281,0.05712915969958405,0.006517946720123291,-6.661338147750939e-16,0.21509534120559692,4,0.14032619047619055,0.8742205500602722,The exact words spoken are: 'how do i turn the computer on',128,11.238228811285808
46,How do I turn the computer on?,7,1,5,do,-0.008669009432196617,0.008669009432196617,0.056452406052286186,0.0,-6.661338147750939e-16,0.19891417026519775,5,0.06034285714285714,0.8742205500602722,The exact words spoken are: 'how do i turn the computer on',128,11.238228811285808
46,How do I turn the computer on?,7,4,6,the,-0.0037001187447458506,0.0037001187447458506,0.02409509499946876,0.0,-6.661338147750939e-16,0.1253238320350647,6,0.06034285714285714,0.8742205500602722,The exact words spoken are: 'how do i turn the computer on',128,11.238228811285808
46,How do I turn the computer on?,7,2,7,I,-0.0015227217227220535,0.0015227217227220535,0.009915931649178122,0.02039921283721924,0.06686105036831314,0.12577944993972778,7,0.07040000000000002,0.8742205500602722,The exact words spoken are: 'how do i turn the computer on',128,11.238228811285808
47,"Without brain, where are we?",5,0,1,Without,0.04678793251514435,0.04678793251514435,0.2844102798243547,0.035102248191833496,0.0298574998546679,0.035102248191833496,1,0.4413942307692308,0.835491418838501,The exact words spoken by the speaker are: 'without brain where are we.',32,3.700074212400068
47,"Without brain, where are we?",5,2,2,where,0.04589735344052315,0.04589735344052315,0.27899670777269914,0.020989298820495605,0.05882352941176472,0.10604119300842285,2,0.3314070512820513,0.835491418838501,The exact words spoken by the speaker are: 'without brain where are we.',32,3.700074212400068
47,"Without brain, where are we?",5,1,3,"brain,",0.041663121432065964,0.041663121432065964,0.25325803872642844,0.045863211154937744,0.05882352941176472,0.10576987266540527,3,0.35746794871794874,0.835491418838501,The exact words spoken by the speaker are: 'without brain where are we.',32,3.700074212400068
47,"Without brain, where are we?",5,3,4,are,0.029646288603544235,0.029646288603544235,0.18021119515717887,0.0,0.0,0.16450858116149902,4,0.31119230769230755,0.835491418838501,The exact words spoken by the speaker are: 'without brain where are we.',32,3.700074212400068
47,"Without brain, where are we?",5,4,5,we?,0.0005138873821124434,0.0005138873821124434,0.0031237724406287374,0.0,0.0,0.16450858116149902,5,0.1201474358974357,0.835491418838501,The exact words spoken by the speaker are: 'without brain where are we.',32,3.700074212400068
49,When did Marxism develop?,4,2,1,Marxism,0.1723778396844864,0.1723778396844864,0.7568475569639078,0.1890348196029663,0.5477329831333546,0.1890348196029663,1,0.5224186046511627,0.7951657772064209,The original content of this audio is: 'when did marxism develop.',16,2.071668556500299
49,When did Marxism develop?,4,1,2,did,0.02431323565542698,0.02431323565542698,0.10675045609910709,0.0570371150970459,0.6655031959971636,0.2178041934967041,2,0.1421075581395349,0.7951657772064209,The original content of this audio is: 'when did marxism develop.',16,2.071668556500299
49,When did Marxism develop?,4,3,3,develop?,0.01960487850010395,0.01960487850010395,0.08607779529280929,0.03378802537918091,0.09090909090909072,0.24131560325622559,3,0.44163372093023257,0.7951657772064209,The original content of this audio is: 'when did marxism develop.',16,2.071668556500299
49,When did Marxism develop?,4,0,4,When,-0.011461719870567322,0.011461719870567322,0.05032418725354443,0.010764002799987793,0.046537410754407316,0.2048342227935791,4,0.26085368217054267,0.7951657772064209,The original content of this audio is: 'when did marxism develop.',16,2.071668556500299
50,What is the most watched news network?,7,3,1,most,0.06528037786483765,0.06528037786483765,0.26677165711190975,0.1264486312866211,0.5661390843626877,0.1264486312866211,1,0.2408275862068966,0.7613753080368042,The most watched news network,128,9.81282510757176
50,What is the most watched news network?,7,4,2,watched,0.05374598130583763,0.05374598130583763,0.21963574606982994,0.030969619750976562,0.10557280900008403,0.18999195098876953,2,0.30103448275862066,0.7613753080368042,The most watched news network,128,9.81282510757176
50,What is the most watched news network?,7,5,3,news,0.04683493450284004,0.04683493450284004,0.1913933941056465,0.06622159481048584,0.19999999999999984,0.2180262804031372,3,0.2709310344827589,0.7613753080368042,The most watched news network,128,9.81282510757176
50,What is the most watched news network?,7,0,4,What,0.03611985594034195,0.03611985594034195,0.14760566864057081,0.10728943347930908,0.30000000000000016,0.21352553367614746,4,0.22050718390804597,0.7613753080368042,The most watched news network,128,9.81282510757176
50,What is the most watched news network?,7,6,5,network?,0.03477856516838074,0.03477856516838074,0.1421244141869605,5.960464477539063e-08,-2.220446049250313e-16,0.26130980253219604,5,0.5214942528735635,0.7613753080368042,The most watched news network,128,9.81282510757176
50,What is the most watched news network?,7,2,6,the,0.004905138164758682,0.004905138164758682,0.020045102056316044,5.960464477539063e-08,-2.220446049250313e-16,0.2575702667236328,6,0.060206896551724176,0.7613753080368042,The most watched news network,128,9.81282510757176
50,What is the most watched news network?,7,1,7,is,-0.0030402191914618015,0.0030402191914618015,0.012424013742214454,0.011568963527679443,-2.220446049250313e-16,0.2386246919631958,7,0.10034482758620683,0.7613753080368042,The most watched news network,128,9.81282510757176
51,When did construction of Angkor Wat begin?,7,2,1,construction,0.10301011055707932,0.10301011055707932,0.44801105663893476,0.11619782447814941,0.2928932188134523,0.11619782447814941,1,0.562488888888889,0.7801024913787842,The original content of this audio is:'When did construction of Angkor Wat begin?',128,10.471504424857162
51,When did construction of Angkor Wat begin?,7,4,2,Angkor,0.044525146484375,0.044525146484375,0.19364854396903952,0.09888291358947754,0.125,0.26362621784210205,2,0.42186666666666683,0.7801024913787842,The original content of this audio is:'When did construction of Angkor Wat begin?',128,10.471504424857162
51,When did construction of Angkor Wat begin?,7,0,3,When,0.028739873319864273,0.028739873319864273,0.12499531302383057,0.1261669397354126,0.2650315847408329,0.17594164609909058,3,0.26082777777777777,0.7801024913787842,The original content of this audio is:'When did construction of Angkor Wat begin?',128,10.471504424857162
51,When did construction of Angkor Wat begin?,7,6,4,begin?,0.02556208334863186,0.02556208334863186,0.11117448480523003,0.0054506659507751465,0.0625,0.24284803867340088,4,0.5018611111111109,0.7801024913787842,The original content of this audio is:'When did construction of Angkor Wat begin?',128,10.471504424857162
51,When did construction of Angkor Wat begin?,7,3,5,of,0.014164444990456104,0.014164444990456104,0.06160393317277332,0.06234705448150635,0.2884875264621145,0.16428494453430176,5,0.04017777777777787,0.7801024913787842,The original content of this audio is:'When did construction of Angkor Wat begin?',128,10.471504424857162
51,When did construction of Angkor Wat begin?,7,1,6,did,0.008910899981856346,0.008910899981856346,0.038755241547510075,0.01675623655319214,0.03175416344814597,0.21890699863433838,6,0.13916111111111112,0.7801024913787842,The original content of this audio is:'When did construction of Angkor Wat begin?',128,10.471504424857162
51,When did construction of Angkor Wat begin?,7,5,7,Wat,-0.005015048198401928,0.005015048198401928,0.021811422493486724,0.019397854804992676,0.03175416344814597,0.21989750862121582,7,0.31609166666666666,0.7801024913787842,The original content of this audio is:'When did construction of Angkor Wat begin?',128,10.471504424857162
52,List prerequisites in linear algebra.,5,1,1,prerequisites,0.09473337978124619,0.09473337978124619,0.4162207906031752,0.07435882091522217,0.4107443490112104,0.07435882091522217,1,0.721983870967742,0.7723963260650635,The speaker said: 'list prerequisites in linear algebra.',32,3.3179915225999137
52,List prerequisites in linear algebra.,5,4,2,algebra.,0.05278782173991203,0.05278782173991203,0.23192869239481323,0.005749225616455078,-2.220446049250313e-16,0.09178745746612549,2,0.6234529569892471,0.7723963260650635,The speaker said: 'list prerequisites in linear algebra.',32,3.3179915225999137
52,List prerequisites in linear algebra.,5,3,3,linear,0.05244218558073044,0.05244218558073044,0.2304101045879831,0.0,-2.220446049250313e-16,0.17091262340545654,3,0.2818064516129035,0.7723963260650635,The speaker said: 'list prerequisites in linear algebra.',32,3.3179915225999137
52,List prerequisites in linear algebra.,5,0,4,List,0.021482180804014206,0.021482180804014206,0.0943841579258973,0.015484392642974854,0.06458565330651433,0.20944392681121826,4,0.3215806451612903,0.7723963260650635,The speaker said: 'list prerequisites in linear algebra.',32,3.3179915225999137
52,List prerequisites in linear algebra.,5,2,5,in,0.006158101838082075,0.006158101838082075,0.027056250094528934,0.002620995044708252,0.06458565330651433,0.22760367393493652,5,0.0905806451612905,0.7723963260650635,The speaker said: 'list prerequisites in linear algebra.',32,3.3179915225999137
53,Who created the South Beach Diet?,6,1,1,created,0.07044776529073715,0.07044776529073715,0.2796692260919943,0.0,1.1102230246251565e-16,0.0,1,0.4362040229885057,0.7568871974945068,The original content of this audio is: 'Who created the South Beach diet?',64,6.146033124333068
53,Who created the South Beach Diet?,6,3,2,South,0.061402346938848495,0.061402346938848495,0.24375999405729631,0.039277076721191406,0.3554966133645102,0.18728327751159668,2,0.24629022988505744,0.7568871974945068,The original content of this audio is: 'Who created the South Beach diet?',64,6.146033124333068
53,Who created the South Beach Diet?,6,5,3,Diet?,0.04239397868514061,0.04239397868514061,0.1682990391661537,0.0,1.1102230246251565e-16,0.20133107900619507,3,0.36120833333333335,0.7568871974945068,The original content of this audio is: 'Who created the South Beach diet?',64,6.146033124333068
53,Who created the South Beach Diet?,6,4,4,Beach,0.04014647379517555,0.04014647379517555,0.15937671280675184,0.0,1.1102230246251565e-16,0.21105682849884033,4,0.26089655172413795,0.7568871974945068,The original content of this audio is: 'Who created the South Beach diet?',64,6.146033124333068
53,Who created the South Beach Diet?,6,0,5,Who,0.03311420977115631,0.03311420977115631,0.13145946335028644,0.004186153411865234,1.1102230246251565e-16,0.21848684549331665,5,0.20042385057471263,0.7568871974945068,The original content of this audio is: 'Who created the South Beach diet?',64,6.146033124333068
53,Who created the South Beach Diet?,6,2,6,the,-0.004391960799694061,0.004391960799694061,0.017435560557636558,0.0,1.1102230246251565e-16,0.24311280250549316,6,0.08027586206896542,0.7568871974945068,The original content of this audio is: 'Who created the South Beach diet?',64,6.146033124333068
54,What is homeopathic medicine?,4,1,1,is,0.04654037579894066,0.04654037579894066,0.3814245184675732,0.11804026365280151,0.5552504100033392,0.11804026365280151,1,0.10040816326530622,0.8779827356338501,The original content of this audio is: 'what is homeopathic medicine.',16,2.281623360499907
54,What is homeopathic medicine?,4,2,2,homeopathic,0.042979639023542404,0.042979639023542404,0.352242280751801,0.1139916181564331,0.5384615384615383,0.1139916181564331,2,0.7430204081632654,0.8779827356338501,The original content of this audio is: 'what is homeopathic medicine.',16,2.281623360499907
54,What is homeopathic medicine?,4,3,3,medicine?,0.028352901339530945,0.028352901339530945,0.23236795051481637,0.06021231412887573,0.3710290979668488,0.17072468996047974,3,0.6021105442176871,0.8779827356338501,The original content of this audio is: 'what is homeopathic medicine.',16,2.281623360499907
54,What is homeopathic medicine?,4,0,4,What,0.004144345875829458,0.004144345875829458,0.03396524207024784,0.0762108564376831,0.21064778262367345,0.1220172643661499,4,0.22060119047619048,0.8779827356338501,The original content of this audio is: 'what is homeopathic medicine.',16,2.281623360499907
55,When was the Iliad first written down?,7,3,1,Iliad,0.11092062294483185,0.11092062294483185,0.485377990431038,0.09231281280517578,0.07142857142857073,0.09231281280517578,1,0.3736999999999999,0.7714757919311523,The exact words spoken are: 'When was the Iliad first written down?',128,11.269782435142718
55,When was the Iliad first written down?,7,5,2,written,0.028656139969825745,0.028656139969825745,0.1253965156595132,0.0,-6.661338147750939e-16,0.11519485712051392,2,0.28279999999999994,0.7714757919311523,The exact words spoken are: 'When was the Iliad first written down?',128,11.269782435142718
55,When was the Iliad first written down?,7,4,3,first,0.026876501739025116,0.026876501739025116,0.11760898972225012,0.01612842082977295,0.03637588834056815,0.12606942653656006,3,0.2550083333333335,0.7714757919311523,The exact words spoken are: 'When was the Iliad first written down?',128,11.269782435142718
55,When was the Iliad first written down?,7,1,4,was,0.02061806619167328,0.02061806619167328,0.09022267698285394,0.010251104831695557,-6.661338147750939e-16,0.1293257474899292,4,0.12120000000000003,0.7714757919311523,The exact words spoken are: 'When was the Iliad first written down?',128,11.269782435142718
55,When was the Iliad first written down?,7,0,5,When,0.01862129382789135,0.01862129382789135,0.08148499293862757,0.0,-6.661338147750939e-16,0.14353430271148682,5,0.23153333333333334,0.7714757919311523,The exact words spoken are: 'When was the Iliad first written down?',128,11.269782435142718
55,When was the Iliad first written down?,7,6,6,down?,0.017401456832885742,0.017401456832885742,0.07614710343196893,0.010251104831695557,-6.661338147750939e-16,0.1859624981880188,6,0.34260000000000024,0.7714757919311523,The exact words spoken are: 'When was the Iliad first written down?',128,11.269782435142718
55,When was the Iliad first written down?,7,2,7,the,0.005430129822343588,0.005430129822343588,0.02376172645784428,0.0,-6.661338147750939e-16,0.22852420806884766,7,0.07069999999999999,0.7714757919311523,The exact words spoken are: 'When was the Iliad first written down?',128,11.269782435142718
57,How older is Elon Musk?,5,4,1,Musk?,0.062290798872709274,0.062290798872709274,0.3789699802488804,0.052931010723114014,0.4083920216900383,0.052931010723114014,1,0.3088983333333333,0.835631251335144,The original content of this audio is: 'how old is elon musk',32,3.735015600600309
57,How older is Elon Musk?,5,3,2,Elon,0.04492506757378578,0.04492506757378578,0.27331888945441485,0.03149145841598511,0.0714285714285714,0.13521301746368408,2,0.33264000000000005,0.835631251335144,The original content of this audio is: 'how old is elon musk',32,3.735015600600309
57,How older is Elon Musk?,5,1,3,older,0.03360440209507942,0.03360440209507942,0.20444527648893493,0.052931010723114014,0.4083920216900383,0.1245456337928772,3,0.27215999999999996,0.835631251335144,The original content of this audio is: 'how old is elon musk',32,3.735015600600309
57,How older is Elon Musk?,5,0,4,How,0.012469339184463024,0.012469339184463024,0.07586201028034771,0.0062732696533203125,0.0,0.13111597299575806,4,0.2211433333333333,0.835631251335144,The original content of this audio is: 'how old is elon musk',32,3.735015600600309
57,How older is Elon Musk?,5,2,5,is,0.011079080402851105,0.011079080402851105,0.0674038374435384,5.960464477539063e-08,0.0,0.16436874866485596,5,0.08064000000000004,0.835631251335144,The original content of this audio is: 'how old is elon musk',32,3.735015600600309
58,How many provinces are in Mongolia?,6,5,1,Mongolia?,0.11789166927337646,0.11789166927337646,0.4613597120082984,0.1749299168586731,0.4338614829277019,0.1749299168586731,1,0.7559280973451328,0.7928473353385925,The original content of this audio is: 'how many provinces are in mongolia',64,5.471530769166445
58,How many provinces are in Mongolia?,6,2,2,provinces,0.08003267645835876,0.08003267645835876,0.3132015416327662,0.12418621778488159,0.4338614829277019,0.24132627248764038,2,0.4990888643067848,0.7928473353385925,The original content of this audio is: 'how many provinces are in mongolia',64,5.471530769166445
58,How many provinces are in Mongolia?,6,4,3,in,0.024879608303308487,0.024879608303308487,0.09736437691009824,0.07809281349182129,0.32063377951324223,0.204692542552948,3,0.05044247787610612,0.7928473353385925,The original content of this audio is: 'how many provinces are in mongolia',64,5.471530769166445
58,How many provinces are in Mongolia?,6,0,4,How,-0.018670886754989624,0.018670886754989624,0.07306703679160532,-1.1920928955078125e-07,-6.661338147750939e-16,0.11541569232940674,4,0.18089454277286135,0.7928473353385925,The original content of this audio is: 'how many provinces are in mongolia',64,5.471530769166445
58,How many provinces are in Mongolia?,6,1,5,many,0.00853789784014225,0.00853789784014225,0.033412387092001734,-1.1920928955078125e-07,-6.661338147750939e-16,0.21267229318618774,5,0.17150442477876104,0.7928473353385925,The original content of this audio is: 'how many provinces are in mongolia',64,5.471530769166445
58,How many provinces are in Mongolia?,6,3,6,are,-0.005518175195902586,0.005518175195902586,0.021594941651809203,-1.1920928955078125e-07,-6.661338147750939e-16,0.20715266466140747,6,0.10088495575221246,0.7928473353385925,The original content of this audio is: 'how many provinces are in mongolia',64,5.471530769166445
59,Where were the Moors from?,5,3,1,Moors,0.12091542780399323,0.12091542780399323,0.6616581092572231,0.09002918004989624,0.15133157520849405,0.09002918004989624,1,0.30315789473684207,0.8378967642784119,The exact words spoken are: 'where were the moors from.',32,3.5607397947998836
59,Where were the Moors from?,5,4,2,from?,0.03444816172122955,0.03444816172122955,0.1885028731718473,0.009147346019744873,0.07282735005446883,0.09002918004989624,2,0.26185526315789487,0.8378967642784119,The exact words spoken are: 'where were the moors from.',32,3.5607397947998836
59,Where were the Moors from?,5,1,3,were,0.01706104353070259,0.01706104353070259,0.09335928433201185,0.009147346019744873,0.07282735005446883,0.18569505214691162,3,0.1212631578947368,0.8378967642784119,The exact words spoken are: 'where were the moors from.',32,3.5607397947998836
59,Where were the Moors from?,5,0,4,Where,-0.010313319973647594,0.010313319973647594,0.05643524501265555,5.960464477539063e-08,-2.220446049250313e-16,0.17048108577728271,4,0.2416973684210526,0.8378967642784119,The exact words spoken are: 'where were the moors from.',32,3.5607397947998836
59,Where were the Moors from?,5,2,5,the,-8.129049092531204e-06,8.129049092531204e-06,4.4482754188673615e-05,5.960464477539063e-08,-2.220446049250313e-16,0.16210323572158813,5,0.060631578947368425,0.8378967642784119,The exact words spoken are: 'where were the moors from.',32,3.5607397947998836
60,How are roundworms spread to humans?,6,2,1,roundworms,0.05961449444293976,0.05961449444293976,0.31576113310795456,0.0447118878364563,0.1538461538461533,0.0447118878364563,1,0.5656,0.8112038373947144,The original content of this audio is:'how around worms spread to humans',64,6.300136023166488
60,How are roundworms spread to humans?,6,3,2,spread,0.047178540378808975,0.047178540378808975,0.24989139818422804,0.022115886211395264,0.039231077169476936,0.09215062856674194,2,0.26260000000000017,0.8112038373947144,The original content of this audio is:'how around worms spread to humans',64,6.300136023166488
60,How are roundworms spread to humans?,6,0,3,How,0.039484959095716476,0.039484959095716476,0.2091406719337071,0.035099148750305176,0.11929515407202052,0.10177993774414062,3,0.20120000000000005,0.8112038373947144,The original content of this audio is:'how around worms spread to humans',64,6.300136023166488
60,How are roundworms spread to humans?,6,4,4,to,0.02409750409424305,0.02409750409424305,0.1276376704855695,0.001627504825592041,0.039231077169476936,0.17919403314590454,4,0.10099999999999998,0.8112038373947144,The original content of this audio is:'how around worms spread to humans',64,6.300136023166488
60,How are roundworms spread to humans?,6,5,5,humans?,0.016462529078125954,0.016462529078125954,0.08719736507213366,0.03206366300582886,0.23076923076923028,0.18794715404510498,5,0.5243833333333332,0.8112038373947144,The original content of this audio is:'how around worms spread to humans',64,6.300136023166488
60,How are roundworms spread to humans?,6,1,6,are,0.001958147855475545,0.001958147855475545,0.010371755919689701,0.03361201286315918,0.11929515407202052,0.18879616260528564,6,0.06059999999999999,0.8112038373947144,The original content of this audio is:'how around worms spread to humans',64,6.300136023166488
63,What language was spoken in Punjab?,6,5,1,Punjab?,0.11308474838733673,0.11308474838733673,0.5286776085719973,0.16384494304656982,0.41074434901121026,0.16384494304656982,1,0.6775833333333334,0.788188636302948,The language spoken in Punjabi is...,64,6.066744324999793
63,What language was spoken in Punjab?,6,1,2,language,0.036404989659786224,0.036404989659786224,0.1701953901643849,0.05951952934265137,0.30689671991632783,0.213547945022583,2,0.3617560975609755,0.788188636302948,The language spoken in Punjabi is...,64,6.066744324999793
63,What language was spoken in Punjab?,6,0,3,What,0.03227606788277626,0.03227606788277626,0.15089244682162986,0.09642577171325684,0.41074434901121026,0.20386648178100586,3,0.23666666666666666,0.788188636302948,The language spoken in Punjabi is...,64,6.066744324999793
63,What language was spoken in Punjab?,6,3,4,spoken,0.030516818165779114,0.030516818165779114,0.14266785467700815,0.0961257815361023,0.4338614829277019,0.2579857110977173,4,0.3517073170731706,0.788188636302948,The language spoken in Punjabi is...,64,6.066744324999793
63,What language was spoken in Punjab?,6,4,5,in,-0.0010449201799929142,0.0010449201799929142,0.004885061069553883,0.031849026679992676,0.07417990022744825,0.2440810203552246,5,0.07034146341463421,0.788188636302948,The language spoken in Punjabi is...,64,6.066744324999793
63,What language was spoken in Punjab?,6,2,6,was,0.0005736046005040407,0.0005736046005040407,0.0026816340203691907,0.031849026679992676,0.07417990022744825,0.211811363697052,6,0.11053658536585365,0.788188636302948,The language spoken in Punjabi is...,64,6.066744324999793
64,When was the polio vaccine developed?,6,3,1,polio,0.0922793373465538,0.0922793373465538,0.49408457544268386,0.08111965656280518,0.40700054667111873,0.08111965656280518,1,0.4364,0.8132317066192627,The exact words spoken are: 'When was the polio vaccine developed?',64,5.808937936666553
64,When was the polio vaccine developed?,6,5,2,developed?,0.03307729214429855,0.03307729214429855,0.1771033507158112,0.045909106731414795,0.3554966133645102,0.14051055908203125,2,0.524375,0.8132317066192627,The exact words spoken are: 'When was the polio vaccine developed?',64,5.808937936666553
64,When was the polio vaccine developed?,6,4,3,vaccine,0.026186395436525345,0.026186395436525345,0.1402079213360654,0.0,-6.661338147750939e-16,0.19626456499099731,3,0.49016666666666664,0.8132317066192627,The exact words spoken are: 'When was the polio vaccine developed?',64,5.808937936666553
64,When was the polio vaccine developed?,6,1,4,was,0.019842520356178284,0.019842520356178284,0.10624137025471703,0.05331742763519287,0.40700054667111873,0.16709184646606445,4,0.13129999999999992,0.8132317066192627,The exact words spoken are: 'When was the polio vaccine developed?',64,5.808937936666553
64,When was the polio vaccine developed?,6,2,5,the,0.013591879978775978,0.013591879978775978,0.07277401899367061,0.0,-6.661338147750939e-16,0.16751790046691895,5,0.08079999999999998,0.8132317066192627,The exact words spoken are: 'When was the polio vaccine developed?',64,5.808937936666553
64,When was the polio vaccine developed?,6,0,6,When,0.0017908760346472263,0.0017908760346472263,0.009588757902824242,0.0,-6.661338147750939e-16,0.1867682933807373,6,0.23153333333333334,0.8132317066192627,The exact words spoken are: 'When was the polio vaccine developed?',64,5.808937936666553
66,Give me one-liner related to therapies.,6,5,1,therapies.,0.07161868363618851,0.07161868363618851,0.4342845890629681,0.050407588481903076,0.07142857142857073,0.050407588481903076,1,0.6854242424242423,0.8350881338119507,The original content of this audio is:'give me one liner related to therapies',64,6.416525249166322
66,Give me one-liner related to therapies.,6,2,2,one-liner,0.033387139439582825,0.033387139439582825,0.20245443500696678,0.01683783531188965,0.07142857142857073,0.08137214183807373,2,0.5650909090909091,0.8350881338119507,The original content of this audio is:'give me one liner related to therapies',64,6.416525249166322
66,Give me one-liner related to therapies.,6,3,3,related,0.031992021948099136,0.031992021948099136,0.19399465893007997,0.05044275522232056,0.37639043553767626,0.11371779441833496,3,0.39945833333333325,0.8350881338119507,The original content of this audio is:'give me one liner related to therapies',64,6.416525249166322
66,Give me one-liner related to therapies.,6,0,4,Give,0.023135218769311905,0.023135218769311905,0.14028837819961912,0.003934025764465332,-6.661338147750939e-16,0.11371779441833496,4,0.22128030303030302,0.8350881338119507,The original content of this audio is:'give me one liner related to therapies',64,6.416525249166322
66,Give me one-liner related to therapies.,6,4,5,to,0.0036712961737066507,0.0036712961737066507,0.022262170556301666,0.0,-6.661338147750939e-16,0.16425371170043945,5,0.06054545454545446,0.8350881338119507,The original content of this audio is:'give me one liner related to therapies',64,6.416525249166322
66,Give me one-liner related to therapies.,6,1,6,me,0.0011075088987126946,0.0011075088987126946,0.006715762180219541,0.0,-6.661338147750939e-16,0.16491186618804932,6,0.10090909090909089,0.8350881338119507,The original content of this audio is:'give me one liner related to therapies',64,6.416525249166322
67,Who discovered infrared light?,4,2,1,infrared,0.08320049196481705,0.08320049196481705,0.41675913663025016,0.08858036994934082,0.1567259572884322,0.08858036994934082,1,0.5042553191489364,0.8003630042076111,The exact words spoken are: 'Who discovered infrared light?',16,2.263044239750343
67,Who discovered infrared light?,4,1,2,discovered,0.05130773410201073,0.05130773410201073,0.25700529482266327,0.05794471502304077,0.1982162742627266,0.17256605625152588,2,0.44374468085106383,0.8003630042076111,The exact words spoken are: 'Who discovered infrared light?',16,2.263044239750343
67,Who discovered infrared light?,4,3,3,light?,0.04334736242890358,0.04334736242890358,0.21713103990668361,0.024449527263641357,0.05719095841793653,0.17159748077392578,3,0.36234219858156047,0.8003630042076111,The exact words spoken are: 'Who discovered infrared light?',16,2.263044239750343
67,Who discovered infrared light?,4,0,4,Who,0.021781286224722862,0.021781286224722862,0.10910452363130833,0.03821277618408203,0.16794970566215617,0.19963699579238892,4,0.20104964539007092,0.8003630042076111,The exact words spoken are: 'Who discovered infrared light?',16,2.263044239750343
69,Tell me about AI.,4,3,1,AI.,0.10071924328804016,0.10071924328804016,0.4977687308962916,0.08203685283660889,0.11111111111111094,0.08203685283660889,1,0.6079839743589746,0.7976585626602173,The exact words spoken are: 'tell me about ai.',16,2.1892837654995674
69,Tell me about AI.,4,2,2,about,0.046860478818416595,0.046860478818416595,0.23159110721203735,0.06038713455200195,0.49748109237039395,0.08203685283660889,2,0.24369230769230765,0.7976585626602173,The exact words spoken are: 'tell me about ai.',16,2.1892837654995674
69,Tell me about AI.,4,0,3,Tell,0.041168462485075,0.041168462485075,0.20346035827078862,0.008816182613372803,0.10912919362525175,0.15156906843185425,3,0.23231089743589747,0.7976585626602173,The exact words spoken are: 'tell me about ai.',16,2.1892837654995674
69,Tell me about AI.,4,1,4,me,0.013593257404863834,0.013593257404863834,0.06717979867874115,0.0,-2.220446049250313e-16,0.20234143733978271,4,0.07107692307692304,0.7976585626602173,The exact words spoken are: 'tell me about ai.',16,2.1892837654995674
70,How do I make apple juice?,6,5,1,juice?,0.050572093576192856,0.050572093576192856,0.3777573643221423,0.0,0.0,0.0,1,0.4039999999999999,0.8661254644393921,The exact words spoken by the speaker are: 'how do i make apple juice.',64,6.233580293833559
70,How do I make apple juice?,6,4,2,apple,0.03582010790705681,0.03582010790705681,0.26756474956525156,0.008958935737609863,0.09546596626670889,0.1247248649597168,2,0.24299999999999988,0.8661254644393921,The exact words spoken by the speaker are: 'how do i make apple juice.',64,6.233580293833559
70,How do I make apple juice?,6,0,3,How,0.028682278469204903,0.028682278469204903,0.21424744658744352,0.045456647872924805,0.44529980377477074,0.11433917284011841,3,0.20149999999999996,0.8661254644393921,The exact words spoken by the speaker are: 'how do i make apple juice.',64,6.233580293833559
70,How do I make apple juice?,6,3,4,make,0.01064789667725563,0.01064789667725563,0.07953638261612563,0.0,0.0,0.1338745355606079,4,0.17212499999999986,0.8661254644393921,The exact words spoken by the speaker are: 'how do i make apple juice.',64,6.233580293833559
70,How do I make apple juice?,6,2,5,I,0.006428305059671402,0.006428305059671402,0.04801738280305875,0.0,0.0,0.1640183925628662,5,0.040500000000000036,0.8661254644393921,The exact words spoken by the speaker are: 'how do i make apple juice.',64,6.233580293833559
70,How do I make apple juice?,6,1,6,do,0.0017238578293472528,0.0017238578293472528,0.012876666636298092,0.0,0.0,0.1338745355606079,6,0.06074999999999997,0.8661254644393921,The exact words spoken by the speaker are: 'how do i make apple juice.',64,6.233580293833559
71,How are carbon fibers used in buildings?,7,6,1,buildings?,0.05673743784427643,0.05673743784427643,0.40831395427642414,0.04722023010253906,0.07142857142857073,0.04722023010253906,1,0.5643371212121213,0.8610445261001587,The original content of this audio is: 'how are carbon fibers used in buildings',128,11.538817502571224
71,How are carbon fibers used in buildings?,7,2,2,carbon,0.039084818214178085,0.039084818214178085,0.28127594906572195,0.02240133285522461,0.03637588834056815,0.11539649963378906,2,0.36140151515151514,0.8610445261001587,The original content of this audio is: 'how are carbon fibers used in buildings',128,11.538817502571224
71,How are carbon fibers used in buildings?,7,3,3,fibers,0.02002357505261898,0.02002357505261898,0.14410071055597348,0.030391991138458252,0.07142857142857073,0.12609899044036865,3,0.3689545454545454,0.8610445261001587,The original content of this audio is: 'how are carbon fibers used in buildings',128,11.538817502571224
71,How are carbon fibers used in buildings?,7,0,4,How,0.012139893136918545,0.012139893136918545,0.0873653791846097,0.014126181602478027,0.07417990022744803,0.1590970754623413,4,0.17082954545454546,0.8610445261001587,The original content of this audio is: 'how are carbon fibers used in buildings',128,11.538817502571224
71,How are carbon fibers used in buildings?,7,4,5,used,0.008865589275956154,0.008865589275956154,0.06380167931078845,0.0054032206535339355,0.07142857142857073,0.1475658416748047,5,0.24218181818181828,0.8610445261001587,The original content of this audio is: 'how are carbon fibers used in buildings',128,11.538817502571224
71,How are carbon fibers used in buildings?,7,5,6,in,0.00193096196744591,0.00193096196744591,0.013896269314261247,5.960464477539063e-08,-6.661338147750939e-16,0.1471816897392273,6,0.06054545454545446,0.8610445261001587,The original content of this audio is: 'how are carbon fibers used in buildings',128,11.538817502571224
71,How are carbon fibers used in buildings?,7,1,7,are,0.0001731455558910966,0.0001731455558910966,0.001246051095668486,5.960464477539063e-08,-6.661338147750939e-16,0.1389554738998413,7,0.08072727272727276,0.8610445261001587,The original content of this audio is: 'how are carbon fibers used in buildings',128,11.538817502571224
73,Write a manual for stealing a car,7,4,1,stealing,0.06155402213335037,0.06155402213335037,0.3170620796496152,0.06247997283935547,0.20291885866954418,0.06247997283935547,1,0.3022641509433963,0.8062580823898315,The exact words spoken are: 'write a manual for stealing a car'.,128,10.60984868428568
73,Write a manual for stealing a car,7,2,2,manual,0.054800890386104584,0.054800890386104584,0.28227699296119396,0.04893726110458374,0.11050082000667838,0.09701263904571533,2,0.3727924528301888,0.8062580823898315,The exact words spoken are: 'write a manual for stealing a car'.,128,10.60984868428568
73,Write a manual for stealing a car,7,0,3,Write,0.04539549723267555,0.04539549723267555,0.23383022360649502,0.018014192581176758,0.11808289631180324,0.15865182876586914,3,0.30169103773584904,0.8062580823898315,The exact words spoken are: 'write a manual for stealing a car'.,128,10.60984868428568
73,Write a manual for stealing a car,7,6,4,car,0.02263530343770981,0.02263530343770981,0.1165934594154152,0.006985306739807129,0.0,0.17424285411834717,4,0.30164779874213843,0.8062580823898315,The exact words spoken are: 'write a manual for stealing a car'.,128,10.60984868428568
73,Write a manual for stealing a car,7,3,5,for,0.00808909721672535,0.00808909721672535,0.04166658647369295,0.0,0.0,0.19383013248443604,5,0.09067924528301885,0.8062580823898315,The exact words spoken are: 'write a manual for stealing a car'.,128,10.60984868428568
73,Write a manual for stealing a car,7,5,6,a,0.0014655065024271607,0.0014655065024271607,0.007548759988306847,0.0,0.0,0.19383013248443604,6,0.020150943396226362,0.8062580823898315,The exact words spoken are: 'write a manual for stealing a car'.,128,10.60984868428568
73,Write a manual for stealing a car,7,1,7,a,-0.0001983889378607273,0.0001983889378607273,0.0010218927543244973,0.0,0.0,0.19374191761016846,7,0.030226415094339654,0.8062580823898315,The exact words spoken are: 'write a manual for stealing a car'.,128,10.60984868428568
74,When was the first Spanish Grand Prix?,7,4,1,Spanish,0.08483127504587173,0.08483127504587173,0.35044199462600356,0.20001745223999023,0.3675444679663241,0.20001745223999023,1,0.36124137931034483,0.7579306364059448,"The first Spanish Grand Prix was held on 13 May 1951 at the Montjuïc circuit in Barcelona, Spain.",128,10.664593052285843
74,When was the first Spanish Grand Prix?,7,5,2,Grand,0.06760118901729584,0.06760118901729584,0.2792636973274341,0.2067928910255432,0.5,0.22268396615982056,2,0.2608965517241375,0.7579306364059448,"The first Spanish Grand Prix was held on 13 May 1951 at the Montjuïc circuit in Barcelona, Spain.",128,10.664593052285843
74,When was the first Spanish Grand Prix?,7,3,3,first,0.03526198863983154,0.03526198863983154,0.14566893668331587,0.12965065240859985,0.49688470506254734,0.23965847492218018,3,0.26779166666666665,0.7579306364059448,"The first Spanish Grand Prix was held on 13 May 1951 at the Montjuïc circuit in Barcelona, Spain.",128,10.664593052285843
74,When was the first Spanish Grand Prix?,7,1,4,was,0.022265126928687096,0.022265126928687096,0.09197828851766104,0.09440988302230835,0.3291796067500632,0.25356876850128174,4,0.13044827586206897,0.7579306364059448,"The first Spanish Grand Prix was held on 13 May 1951 at the Montjuïc circuit in Barcelona, Spain.",128,10.664593052285843
74,When was the first Spanish Grand Prix?,7,6,5,Prix?,0.01757444441318512,0.01757444441318512,0.07260085801221414,0.0639638900756836,0.19999999999999984,0.27062928676605225,5,0.29804166666666676,0.7579306364059448,"The first Spanish Grand Prix was held on 13 May 1951 at the Montjuïc circuit in Barcelona, Spain.",128,10.664593052285843
74,When was the first Spanish Grand Prix?,7,2,6,the,0.009556038305163383,0.009556038305163383,0.039476444537384324,0.09440988302230835,0.3291796067500632,0.27042555809020996,6,0.060206896551724065,0.7579306364059448,"The first Spanish Grand Prix was held on 13 May 1951 at the Montjuïc circuit in Barcelona, Spain.",128,10.664593052285843
74,When was the first Spanish Grand Prix?,7,0,7,When,0.004979312885552645,0.004979312885552645,0.020569776164939862,0.030203521251678467,0.17921731833187649,0.24206936359405518,7,0.25059770114942526,0.7579306364059448,"The first Spanish Grand Prix was held on 13 May 1951 at the Montjuïc circuit in Barcelona, Spain.",128,10.664593052285843
75,Does AI useful to predict day trading?,7,6,1,trading?,0.06228155642747879,0.06228155642747879,0.4248132916840519,0.06142568588256836,0.10291477285493922,0.06142568588256836,1,0.5039702380952382,0.8611544370651245,The original content of this audio is: 'does they are useful to predict day trading',128,11.268982653000421
75,Does AI useful to predict day trading?,7,2,2,useful,0.031395480036735535,0.031395480036735535,0.21414392933382354,0.028959691524505615,0.20000000000000007,0.10479897260665894,2,0.3836190476190475,0.8611544370651245,The original content of this audio is: 'does they are useful to predict day trading',128,11.268982653000421
75,Does AI useful to predict day trading?,7,4,3,predict,0.025061843916773796,0.025061843916773796,0.17094313341949974,0.019431591033935547,0.03390821692070378,0.14243721961975098,3,0.3432380952380951,0.8611544370651245,The original content of this audio is: 'does they are useful to predict day trading',128,11.268982653000421
75,Does AI useful to predict day trading?,7,5,4,day,0.019126348197460175,0.019126348197460175,0.13045799433608185,0.034325361251831055,0.14066215115268033,0.13197976350784302,4,0.24228571428571422,0.8611544370651245,The original content of this audio is: 'does they are useful to predict day trading',128,11.268982653000421
75,Does AI useful to predict day trading?,7,0,5,Does,-0.0038818400353193283,0.0038818400353193283,0.02647745717650967,0.01565706729888916,0.03390821692070378,0.1622290015220642,5,0.2415595238095238,0.8611544370651245,The original content of this audio is: 'does they are useful to predict day trading',128,11.268982653000421
75,Does AI useful to predict day trading?,7,1,6,AI,0.0037481009494513273,0.0037481009494513273,0.02556524263735382,0.0,1.1102230246251565e-16,0.1743103265762329,6,0.08076190476190476,0.8611544370651245,The original content of this audio is: 'does they are useful to predict day trading',128,11.268982653000421
75,Does AI useful to predict day trading?,7,3,7,to,0.0011140755377709866,0.0011140755377709866,0.0075989445918272416,0.0,1.1102230246251565e-16,0.1388455629348755,7,0.0807619047619047,0.8611544370651245,The original content of this audio is: 'does they are useful to predict day trading',128,11.268982653000421
76,What's the meaning of NBC?,5,4,1,NBC?,0.06782765686511993,0.06782765686511993,0.41811570310626184,0.11763811111450195,0.11050082000667827,0.11763811111450195,1,0.4773200000000001,0.8377779126167297,The exact words spoken are: 'what's the meaning of nbc',32,3.568796160000056
76,What's the meaning of NBC?,5,0,2,What's,0.03476053103804588,0.03476053103804588,0.21427725130209527,0.010176479816436768,0.08013378899219992,0.12601226568222046,2,0.30179666666666666,0.8377779126167297,The exact words spoken are: 'what's the meaning of nbc',32,3.568796160000056
76,What's the meaning of NBC?,5,2,3,meaning,0.02872317098081112,0.02872317098081112,0.17706064731036145,0.004482269287109375,-6.661338147750939e-16,0.1213952898979187,3,0.27215999999999996,0.8377779126167297,The exact words spoken are: 'what's the meaning of nbc',32,3.568796160000056
76,What's the meaning of NBC?,5,1,4,the,0.024559736251831055,0.024559736251831055,0.15139563808696713,0.008066654205322266,0.039231077169476936,0.1828397512435913,4,0.08064000000000004,0.8377779126167297,The exact words spoken are: 'what's the meaning of nbc',32,3.568796160000056
76,What's the meaning of NBC?,5,3,5,of,0.0063511221669614315,0.0063511221669614315,0.0391507540299306,-1.1920928955078125e-07,-6.661338147750939e-16,0.16222208738327026,5,0.04032000000000002,0.8377779126167297,The exact words spoken are: 'what's the meaning of nbc',32,3.568796160000056
77,give me something from the fifties,6,5,1,fifties,0.10734350979328156,0.10734350979328156,0.6487279113661814,0.1037677526473999,0.05000000000000071,0.1037677526473999,1,0.55175,0.8345323204994202,The exact words spoken by the speaker are: 'give me something from the fifties.',64,6.934126583999993
77,give me something from the fifties,6,2,2,something,0.028677528724074364,0.028677528724074364,0.17331195288973886,0.0201452374458313,0.13175685787554048,0.10403448343276978,2,0.3828679245283019,0.8345323204994202,The exact words spoken by the speaker are: 'give me something from the fifties.',64,6.934126583999993
77,give me something from the fifties,6,0,3,give,0.018627872690558434,0.018627872690558434,0.1125770991372731,0.0,7.771561172376096e-16,0.1182105541229248,3,0.22108726415094337,0.8345323204994202,The exact words spoken by the speaker are: 'give me something from the fifties.',64,6.934126583999993
77,give me something from the fifties,6,1,4,me,0.005913443863391876,0.005913443863391876,0.03573775530413555,0.0,7.771561172376096e-16,0.15843158960342407,4,0.10075471698113214,0.8345323204994202,The exact words spoken by the speaker are: 'give me something from the fifties.',64,6.934126583999993
77,give me something from the fifties,6,3,5,from,0.004253102466464043,0.004253102466464043,0.025703522133838974,0.0,7.771561172376096e-16,0.16546767950057983,5,0.12090566037735839,0.8345323204994202,The exact words spoken by the speaker are: 'give me something from the fifties.',64,6.934126583999993
77,give me something from the fifties,6,4,6,the,0.0006522327894344926,0.0006522327894344926,0.00394175312535625,0.0,7.771561172376096e-16,0.16546767950057983,6,0.06045283018867931,0.8345323204994202,The exact words spoken by the speaker are: 'give me something from the fifties.',64,6.934126583999993
79,Does eating before sleep make you fat?,7,6,1,fat?,0.06507913023233414,0.06507913023233414,0.2798581188968739,0.052288711071014404,0.41661664880305205,0.052288711071014404,1,0.2703333333333333,0.7674566507339478,The exact words spoken by the speaker are: 'does eating before sleep make you fat'.,128,11.334687175999923
79,Does eating before sleep make you fat?,7,3,2,sleep,0.04388981685042381,0.04388981685042381,0.1887382566214021,0.028447508811950684,0.19560033346015626,0.06773489713668823,2,0.300983606557377,0.7674566507339478,The exact words spoken by the speaker are: 'does eating before sleep make you fat'.,128,11.334687175999923
79,Does eating before sleep make you fat?,7,1,3,eating,0.0425599180161953,0.0425599180161953,0.18301932668577395,0.021077871322631836,0.05882352941176461,0.12956100702285767,3,0.28091803278688515,0.7674566507339478,The exact words spoken by the speaker are: 'does eating before sleep make you fat'.,128,11.334687175999923
79,Does eating before sleep make you fat?,7,5,4,you,0.0246249008923769,0.0246249008923769,0.10589383135822189,0.002867460250854492,0.02985749985466779,0.13573867082595825,4,0.10032786885245892,0.7674566507339478,The exact words spoken by the speaker are: 'does eating before sleep make you fat'.,128,11.334687175999923
79,Does eating before sleep make you fat?,7,0,5,Does,0.024512527510523796,0.024512527510523796,0.10541059497895226,0.014528751373291016,0.02985749985466779,0.22304034233093262,5,0.22583333333333333,0.7674566507339478,The exact words spoken by the speaker are: 'does eating before sleep make you fat'.,128,11.334687175999923
79,Does eating before sleep make you fat?,7,2,6,before,0.022791743278503418,0.022791743278503418,0.09801075056675149,5.960464477539063e-08,0.0,0.1744680404663086,6,0.32231830601092903,0.7674566507339478,The exact words spoken by the speaker are: 'does eating before sleep make you fat'.,128,11.334687175999923
79,Does eating before sleep make you fat?,7,4,7,make,0.009085261262953281,0.009085261262953281,0.03906911659174996,5.960464477539063e-08,0.0,0.23254334926605225,7,0.1605245901639345,0.7674566507339478,The exact words spoken by the speaker are: 'does eating before sleep make you fat'.,128,11.334687175999923
80,When did Alfred die?,4,3,1,die?,0.07817207276821136,0.07817207276821136,0.3991087732385377,0.1307201385498047,0.5954800825220548,0.1307201385498047,1,0.4866666666666666,0.804133415222168,The original content of this audio is: 'when did alfred die.',16,1.9526326520008297
80,When did Alfred die?,4,2,2,Alfred,0.07083544880151749,0.07083544880151749,0.36165152172440923,0.09099340438842773,0.09090909090909072,0.21434670686721802,2,0.3660000000000001,0.804133415222168,The original content of this audio is: 'when did alfred die.',16,1.9526326520008297
80,When did Alfred die?,4,0,3,When,0.032844625413417816,0.032844625413417816,0.16768876264924987,0.06831461191177368,0.43019711770181013,0.22043025493621826,3,0.2833333333333333,0.804133415222168,The original content of this audio is: 'when did alfred die.',16,1.9526326520008297
80,When did Alfred die?,4,1,4,did,0.014014437794685364,0.014014437794685364,0.07155093728228709,0.08067214488983154,0.6518446880886043,0.19586658477783203,4,0.12633333333333335,0.804133415222168,The original content of this audio is: 'when did alfred die.',16,1.9526326520008297
81,"For example, should psychoanalysis be considered science?",7,3,1,psychoanalysis,0.12061402946710587,0.12061402946710587,0.5456539543299691,0.12140285968780518,0.4814370211582685,0.12140285968780518,1,0.9219574468085106,0.7789549827575684,"The original content of this audio is: 'For example, should psychoanalysis be considered science?'",128,12.20074400257155
81,"For example, should psychoanalysis be considered science?",7,6,2,science?,0.04225817322731018,0.04225817322731018,0.19117460403336545,1.1920928955078125e-07,-6.661338147750939e-16,0.15953272581100464,2,0.5008705673758871,0.7789549827575684,"The original content of this audio is: 'For example, should psychoanalysis be considered science?'",128,12.20074400257155
81,"For example, should psychoanalysis be considered science?",7,2,3,should,0.02486751414835453,0.02486751414835453,0.11249982683902199,0.0185929536819458,0.03637588834056815,0.19028043746948242,3,0.32876418439716326,0.7789549827575684,"The original content of this audio is: 'For example, should psychoanalysis be considered science?'",128,12.20074400257155
81,"For example, should psychoanalysis be considered science?",7,4,4,be,0.017420832067728043,0.017420832067728043,0.07881127881617261,1.1920928955078125e-07,-6.661338147750939e-16,0.18331491947174072,4,0.09223049645390091,0.7789549827575684,"The original content of this audio is: 'For example, should psychoanalysis be considered science?'",128,12.20074400257155
81,"For example, should psychoanalysis be considered science?",7,5,5,considered,0.009727892465889454,0.009727892465889454,0.04400866976056813,0.0036429166793823242,0.03637588834056815,0.19505834579467773,5,0.4208936170212767,0.7789549827575684,"The original content of this audio is: 'For example, should psychoanalysis be considered science?'",128,12.20074400257155
81,"For example, should psychoanalysis be considered science?",7,1,6,"example,",0.004621039144694805,0.004621039144694805,0.02090543109749903,0.006226539611816406,-6.661338147750939e-16,0.2130606770515442,6,0.5411489361702129,0.7789549827575684,"The original content of this audio is: 'For example, should psychoanalysis be considered science?'",128,12.20074400257155
81,"For example, should psychoanalysis be considered science?",7,0,7,For,0.0015354289207607508,0.0015354289207607508,0.006946230599436119,1.1920928955078125e-07,-6.661338147750939e-16,0.22104501724243164,7,0.18021897163120568,0.7789549827575684,"The original content of this audio is: 'For example, should psychoanalysis be considered science?'",128,12.20074400257155
82,What English word has the most syllables?,7,6,1,syllables?,0.09996389597654343,0.09996389597654343,0.3872953357648524,0.13711178302764893,0.41463059299503635,0.13711178302764893,1,0.6031993589743592,0.7418923377990723,The exact words are: 'What English word has the most syllables.',128,10.37504563071395
82,What English word has the most syllables?,7,5,2,most,0.03967830911278725,0.03967830911278725,0.15372774240436232,0.007430672645568848,-6.661338147750939e-16,0.13070976734161377,2,0.2213538461538458,0.7418923377990723,The exact words are: 'What English word has the most syllables.',128,10.37504563071395
82,What English word has the most syllables?,7,0,3,What,0.039488065987825394,0.039488065987825394,0.15299067354325727,0.03961461782455444,0.16794970566215617,0.1301199197769165,3,0.24101282051282052,0.7418923377990723,The exact words are: 'What English word has the most syllables.',128,10.37504563071395
82,What English word has the most syllables?,7,1,4,English,0.03658676892518997,0.03658676892518997,0.14175002701732922,0.061290860176086426,0.07692307692307632,0.12159579992294312,4,0.3420923076923077,0.7418923377990723,The exact words are: 'What English word has the most syllables.',128,10.37504563071395
82,What English word has the most syllables?,7,2,5,word,0.021853255107998848,0.021853255107998848,0.08466720601399322,0.0,-6.661338147750939e-16,0.20939892530441284,5,0.25482307692307704,0.7418923377990723,The exact words are: 'What English word has the most syllables.',128,10.37504563071395
82,What English word has the most syllables?,7,3,6,has,0.01843864656984806,0.01843864656984806,0.0714378100668909,0.007430672645568848,-6.661338147750939e-16,0.2489069104194641,6,0.16098461538461528,0.7418923377990723,The exact words are: 'What English word has the most syllables.',128,10.37504563071395
82,What English word has the most syllables?,7,4,7,the,0.0020987254101783037,0.0020987254101783037,0.008131201314962392,0.0,-6.661338147750939e-16,0.25810766220092773,7,0.06036923076923051,0.7418923377990723,The exact words are: 'What English word has the most syllables.',128,10.37504563071395
83,When was special relativity developed?,5,3,1,relativity,0.1120000034570694,0.1120000034570694,0.39006591677856167,0.17899388074874878,0.2983535845543762,0.17899388074874878,1,0.6420983606557379,0.7128691673278809,The special relativity was developed in the twenties by Albert Einstein.,32,3.602725131999614
83,When was special relativity developed?,5,2,2,special,0.06285887956619263,0.06285887956619263,0.21892058686461127,0.1508859395980835,0.5818789949964545,0.20307785272598267,2,0.35114754098360657,0.7128691673278809,The special relativity was developed in the twenties by Albert Einstein.,32,3.602725131999614
83,When was special relativity developed?,5,4,3,developed?,0.04526344686746597,0.04526344686746597,0.1576404228030531,0.10537087917327881,0.5614709903464852,0.24477410316467285,3,0.5415040983606558,0.7128691673278809,The special relativity was developed in the twenties by Albert Einstein.,32,3.602725131999614
83,When was special relativity developed?,5,1,4,was,0.03770334646105766,0.03770334646105766,0.131310624544663,0.11777245998382568,0.5818789949964545,0.2390270233154297,4,0.1304262295081967,0.7128691673278809,The special relativity was developed in the twenties by Albert Einstein.,32,3.602725131999614
83,When was special relativity developed?,5,0,5,When,0.029305288568139076,0.029305288568139076,0.1020624455263796,0.0560879111289978,0.3066247547184634,0.28713083267211914,5,0.22047745901639343,0.7128691673278809,The special relativity was developed in the twenties by Albert Einstein.,32,3.602725131999614
84,When did Guido of Arezzo live?,6,2,1,Guido,0.07093651592731476,0.07093651592731476,0.3115312282785877,0.041987717151641846,0.060663563372276075,0.041987717151641846,1,0.3451359649122806,0.7722972631454468,The original content of this audio is: 'When did Guido of Arezzo live?',64,5.857854274166432
84,When did Guido of Arezzo live?,6,5,2,live?,0.055010683834552765,0.055010683834552765,0.24158990160981816,0.06519681215286255,0.26213521262737804,0.19952893257141113,2,0.5347258771929826,0.7722972631454468,The original content of this audio is: 'When did Guido of Arezzo live?',64,5.857854274166432
84,When did Guido of Arezzo live?,6,4,3,Arezzo,0.036319006234407425,0.036319006234407425,0.1595018372999325,0.04545152187347412,0.14066215115268033,0.22769689559936523,3,0.4143157894736842,0.7722972631454468,The original content of this audio is: 'When did Guido of Arezzo live?',64,5.857854274166432
84,When did Guido of Arezzo live?,6,3,4,of,0.029359718784689903,0.029359718784689903,0.1289388002122957,0.006211638450622559,0.031037209750091166,0.22558510303497314,4,0.08084210526315772,0.7722972631454468,The original content of this audio is: 'When did Guido of Arezzo live?',64,5.857854274166432
84,When did Guido of Arezzo live?,6,0,5,When,0.028222214430570602,0.028222214430570602,0.12394323306357738,0.054244816303253174,0.31146962734090355,0.23213541507720947,5,0.2416973684210526,0.7722972631454468,The original content of this audio is: 'When did Guido of Arezzo live?',64,5.857854274166432
84,When did Guido of Arezzo live?,6,1,6,did,0.007854605093598366,0.007854605093598366,0.03449499514409796,0.003205537796020508,0.0,0.22770273685455322,6,0.14834429824561401,0.7722972631454468,The original content of this audio is: 'When did Guido of Arezzo live?',64,5.857854274166432
85,What causes radioactive decay?,4,2,1,radioactive,0.048621829599142075,0.048621829599142075,0.39318623572700395,0.055743634700775146,0.16375798999290903,0.055743634700775146,1,0.7882105263157895,0.8961230516433716,The original content of this audio is: 'what causes radioactive decay.',16,2.2335110422500293
85,What causes radioactive decay?,4,3,2,decay?,0.04442128539085388,0.04442128539085388,0.3592180329901237,0.055342912673950195,0.49748109237039395,0.14906764030456543,2,0.4235723684210526,0.8961230516433716,The original content of this audio is: 'what causes radioactive decay.',16,2.2335110422500293
85,What causes radioactive decay?,4,1,3,causes,0.02072589471936226,0.02072589471936226,0.1676024245480887,0.06459271907806396,0.5818789949964545,0.11216562986373901,3,0.40153947368421056,0.8961230516433716,The original content of this audio is: 'what causes radioactive decay.',16,2.2335110422500293
85,What causes radioactive decay?,4,0,4,What,-0.009892056696116924,0.009892056696116924,0.0799932986481641,0.014986157417297363,0.046537410754407316,0.10387694835662842,4,0.24169956140350873,0.8961230516433716,The original content of this audio is: 'what causes radioactive decay.',16,2.2335110422500293
86,When was François Lay born?,5,2,1,François,0.09943047165870667,0.09943047165870667,0.4045197430985015,0.19680505990982056,0.6150998205402495,0.19680505990982056,1,0.5352475247524753,0.7726185321807861,The original content of this audio is:'When was Francois Leibour born?',32,3.348002745800477
86,When was François Lay born?,5,4,2,born?,0.07077926397323608,0.07077926397323608,0.2879560883250356,0.2074117660522461,0.5669872981077806,0.2425774335861206,2,0.47595833333333326,0.7726185321807861,The original content of this audio is:'When was Francois Leibour born?',32,3.348002745800477
86,When was François Lay born?,5,1,3,was,0.04062119871377945,0.04062119871377945,0.16526198250828034,0.14410889148712158,0.42264973081037416,0.2449548840522766,3,0.14138613861386135,0.7726185321807861,The original content of this audio is:'When was Francois Leibour born?',32,3.348002745800477
86,When was François Lay born?,5,0,4,When,0.025759199634194374,0.025759199634194374,0.10479790193708573,0.10490620136260986,0.17841616374225067,0.25240761041641235,4,0.25171493399339934,0.7726185321807861,The original content of this audio is:'When was Francois Leibour born?',32,3.348002745800477
86,When was François Lay born?,5,3,5,Lay,-0.009208675473928452,0.009208675473928452,0.03746428006272884,0.1108999252319336,0.08333333333333304,0.22738146781921387,5,0.22217821782178238,0.7726185321807861,The original content of this audio is:'When was Francois Leibour born?',32,3.348002745800477
89,Where are Porsches manufactured?,4,2,1,Porsches,0.13747070729732513,0.13747070729732513,0.46885882266873186,0.1456824541091919,0.367544467966324,0.1456824541091919,1,0.44995833333333335,0.7067972421646118,Where are Porsches manufactured?,16,2.16372229325043
89,Where are Porsches manufactured?,4,3,2,manufactured?,0.07449495047330856,0.07449495047330856,0.25407314372900264,0.08378082513809204,0.39697731084447274,0.2540743350982666,2,0.8075635964912281,0.7067972421646118,Where are Porsches manufactured?,16,2.16372229325043
89,Where are Porsches manufactured?,4,0,3,Where,0.05739010125398636,0.05739010125398636,0.19573519214232574,0.09447365999221802,0.39697731084447274,0.2963656187057495,3,0.26190789473684206,0.7067972421646118,Where are Porsches manufactured?,16,2.16372229325043
89,Where are Porsches manufactured?,4,1,4,are,0.02384701371192932,0.02384701371192932,0.08133283804933068,0.07387983798980713,0.24622163855559087,0.2932027578353882,4,0.06063157894736848,0.7067972421646118,Where are Porsches manufactured?,16,2.16372229325043
91,How can I make bubble solution?,6,4,1,bubble,0.08429298549890518,0.08429298549890518,0.4079584791800515,0.1096983551979065,0.4737651884157822,0.1096983551979065,1,0.2955367647058823,0.793378472328186,The original content of this audio is:'how can i make bubble solution',64,6.25937762916692
91,How can I make bubble solution?,6,5,2,solution?,0.042039573192596436,0.042039573192596436,0.20346177375877686,0.07735371589660645,0.5614709903464852,0.13154274225234985,2,0.6305416666666668,0.793378472328186,The original content of this audio is:'how can i make bubble solution',64,6.25937762916692
91,How can I make bubble solution?,6,3,3,make,0.034163352102041245,0.034163352102041245,0.1653426923337812,0.059891581535339355,0.41463059299503635,0.12407732009887695,3,0.14164705882352935,0.793378472328186,The original content of this audio is:'how can i make bubble solution',64,6.25937762916692
91,How can I make bubble solution?,6,1,4,can,0.025775186717510223,0.025775186717510223,0.12474591938606693,5.960464477539063e-08,-6.661338147750939e-16,0.1482449769973755,4,0.09793382352941171,0.793378472328186,The original content of this audio is:'how can i make bubble solution',64,6.25937762916692
91,How can I make bubble solution?,6,0,5,How,0.02028789184987545,0.02028789184987545,0.09818868623358996,5.960464477539063e-08,-6.661338147750939e-16,0.21744990348815918,5,0.2014191176470588,0.793378472328186,The original content of this audio is:'how can i make bubble solution',64,6.25937762916692
91,How can I make bubble solution?,6,2,6,I,6.24914828222245e-05,6.24914828222245e-05,0.0003024442679657151,5.960464477539063e-08,-6.661338147750939e-16,0.20662152767181396,6,0.050588235294117656,0.793378472328186,The original content of this audio is:'how can i make bubble solution',64,6.25937762916692
93,Was Edgar Allan Poe a mental derelict?,7,1,1,Edgar,0.06242155283689499,0.06242155283689499,0.37046988722655555,0.07824993133544922,0.18462575167278839,0.07824993133544922,1,0.32196923076923084,0.83976811170578,The original content of this audio is: 'Was Edgar Allen Poe a mental derelict?',128,11.555329485857198
93,Was Edgar Allan Poe a mental derelict?,7,6,2,derelict?,0.03744500130414963,0.03744500130414963,0.22223486568163658,0.04207652807235718,0.14285714285714224,0.11669915914535522,2,0.4615820512820512,0.83976811170578,The original content of this audio is: 'Was Edgar Allen Poe a mental derelict?',128,11.555329485857198
93,Was Edgar Allan Poe a mental derelict?,7,5,3,mental,0.025508826598525047,0.025508826598525047,0.15139405676001788,0.02602982521057129,0.10291477285493922,0.20941162109375,3,0.3622153846153846,0.83976811170578,The original content of this audio is: 'Was Edgar Allen Poe a mental derelict?',128,11.555329485857198
93,Was Edgar Allan Poe a mental derelict?,7,2,4,Allan,0.01907891407608986,0.01907891407608986,0.11323273492799803,0.047740936279296875,0.13140096378462063,0.20103192329406738,4,0.3018461538461539,0.83976811170578,The original content of this audio is: 'Was Edgar Allen Poe a mental derelict?',128,11.555329485857198
93,Was Edgar Allan Poe a mental derelict?,7,0,5,Was,0.01127327885478735,0.01127327885478735,0.06690654359271349,0.0026785731315612793,0.06458565330651467,0.15355759859085083,5,0.21083205128205126,0.83976811170578,The original content of this audio is: 'Was Edgar Allen Poe a mental derelict?',128,11.555329485857198
93,Was Edgar Allan Poe a mental derelict?,7,3,6,Poe,0.008634831756353378,0.008634831756353378,0.05124744581979932,0.0018264055252075195,0.07142857142857073,0.1540282964706421,6,0.22135384615384612,0.83976811170578,The original content of this audio is: 'Was Edgar Allen Poe a mental derelict?',128,11.555329485857198
93,Was Edgar Allan Poe a mental derelict?,7,4,7,a,-0.0041305129416286945,0.0041305129416286945,0.024514460056311672,0.0018264055252075195,0.07142857142857073,0.16023188829421997,7,0.06036923076923073,0.83976811170578,The original content of this audio is: 'Was Edgar Allen Poe a mental derelict?',128,11.555329485857198
94,How do I make escargot?,5,1,1,do,0.05391562730073929,0.05391562730073929,0.273060097884471,0.10039693117141724,0.0625,0.10039693117141724,1,0.05494384057971019,0.8252084851264954,The exact words spoken by the speaker are: 'how do i make a scroggo'.,32,3.6002809028002956
94,How do I make escargot?,5,3,2,make,0.0534646175801754,0.0534646175801754,0.27077592231961883,0.10503476858139038,0.17084380241114983,0.10039693117141724,2,0.16069565217391302,0.8252084851264954,The exact words spoken by the speaker are: 'how do i make a scroggo'.,32,3.6002809028002956
94,How do I make escargot?,5,4,3,escargot?,0.04533138498663902,0.04533138498663902,0.22958450158884752,0.08871573209762573,0.1303736434536955,0.17944252490997314,3,0.7428369565217391,0.8252084851264954,The exact words spoken by the speaker are: 'how do i make a scroggo'.,32,3.6002809028002956
94,How do I make escargot?,5,2,4,I,0.033408910036087036,0.033408910036087036,0.16920215346436898,0.11325961351394653,0.209430584957905,0.2031238079071045,4,0.03013043478260874,0.8252084851264954,The exact words spoken by the speaker are: 'how do i make a scroggo'.,32,3.6002809028002956
94,How do I make escargot?,5,0,5,How,-0.011329133063554764,0.011329133063554764,0.05737731967811199,1.1920928955078125e-07,0.0,0.17479151487350464,5,0.20055072463768114,0.8252084851264954,The exact words spoken by the speaker are: 'how do i make a scroggo'.,32,3.6002809028002956
95,Make a slide to introduce Cantonese,6,5,1,Cantonese,0.06768535077571869,0.06768535077571869,0.3001420518514917,0.04748082160949707,0.039231077169476936,0.04748082160949707,1,0.7621041666666666,0.7911917567253113,The original content of this audio is:'make a slide to introduce cantonese',64,6.143258796166871
95,Make a slide to introduce Cantonese,6,4,2,introduce,0.05579579249024391,0.05579579249024391,0.24741932265658767,0.06124520301818848,0.08013378899219992,0.0557023286819458,2,0.49153125,0.7911917567253113,The original content of this audio is:'make a slide to introduce cantonese',64,6.143258796166871
95,Make a slide to introduce Cantonese,6,2,3,slide,0.05187106132507324,0.05187106132507324,0.23001560307207744,0.03510689735412598,0.11929515407202052,0.1916089653968811,3,0.321,0.7911917567253113,The original content of this audio is:'make a slide to introduce cantonese',64,6.143258796166871
95,Make a slide to introduce Cantonese,6,0,4,Make,0.0397023968398571,0.0397023968398571,0.1760552130463619,0.01375281810760498,0.11929515407202052,0.2236122488975525,4,0.2204583333333333,0.7911917567253113,The original content of this audio is:'make a slide to introduce cantonese',64,6.143258796166871
95,Make a slide to introduce Cantonese,6,1,5,a,-0.008351406082510948,0.008351406082510948,0.03703324469360776,0.0,-6.661338147750939e-16,0.22969424724578857,5,0.020062499999999983,0.7911917567253113,The original content of this audio is:'make a slide to introduce cantonese',64,6.143258796166871
95,Make a slide to introduce Cantonese,6,3,6,to,0.0021050465293228626,0.0021050465293228626,0.009334560245501167,0.0,-6.661338147750939e-16,0.20880824327468872,6,0.06018750000000006,0.7911917567253113,The original content of this audio is:'make a slide to introduce cantonese',64,6.143258796166871
96,give me some Last Emperor,5,4,1,Emperor,0.08056078106164932,0.08056078106164932,0.4778490296389796,0.12013888359069824,0.10291477285493922,0.12013888359069824,1,0.5630698924731181,0.8314095735549927,The exact words spoken by the speaker are: 'give me some last emperor'.,32,3.929834895400563
96,give me some Last Emperor,5,3,2,Last,0.07653943449258804,0.07653943449258804,0.45399627485501765,0.13055795431137085,0.13333333333333341,0.10759568214416504,2,0.2750094086021506,0.8314095735549927,The exact words spoken by the speaker are: 'give me some last emperor'.,32,3.929834895400563
96,give me some Last Emperor,5,2,3,some,0.004288818687200546,0.004288818687200546,0.025439274805540795,0.0,1.1102230246251565e-16,0.1191396713256836,3,0.1912258064516129,0.8314095735549927,The exact words spoken by the speaker are: 'give me some last emperor'.,32,3.929834895400563
96,give me some Last Emperor,5,0,4,give,0.0036085708998143673,0.0036085708998143673,0.021404361776733404,0.002137124538421631,1.1102230246251565e-16,0.1614004373550415,4,0.22092741935483873,0.8314095735549927,The exact words spoken by the speaker are: 'give me some last emperor'.,32,3.929834895400563
96,give me some Last Emperor,5,1,5,me,0.0035928399302065372,0.0035928399302065372,0.021311052992194317,0.0,1.1102230246251565e-16,0.16859042644500732,5,0.11639381720430109,0.8314095735549927,The exact words spoken by the speaker are: 'give me some last emperor'.,32,3.929834895400563
98,Who is the current Māori King?,6,4,1,Māori,0.08741065859794617,0.08741065859794617,0.30991359190947126,0.18397819995880127,0.5783629786442159,0.18397819995880127,1,0.3213061224489796,0.7179516553878784,"The current Māori king is Tui Tamaariki of Te Aorere, who was crowned in 2017.",64,6.399766642166772
98,Who is the current Māori King?,6,3,2,current,0.07932958751916885,0.07932958751916885,0.2812622374331366,0.15339338779449463,0.5616429962403953,0.20577168464660645,2,0.33134693877551025,0.7179516553878784,"The current Māori king is Tui Tamaariki of Te Aorere, who was crowned in 2017.",64,6.399766642166772
98,Who is the current Māori King?,6,2,3,the,0.06590421497821808,0.06590421497821808,0.23366271703567104,0.12972211837768555,0.49902056713188037,0.19709742069244385,3,0.08032653061224493,0.7179516553878784,"The current Māori king is Tui Tamaariki of Te Aorere, who was crowned in 2017.",64,6.399766642166772
98,Who is the current Māori King?,6,5,4,King?,0.022995319217443466,0.022995319217443466,0.08152966800721766,0.023629367351531982,0.13333333333333341,0.2460618019104004,4,0.32094557823129266,0.7179516553878784,"The current Māori king is Tui Tamaariki of Te Aorere, who was crowned in 2017.",64,6.399766642166772
98,Who is the current Māori King?,6,0,5,Who,0.013336720876395702,0.013336720876395702,0.047285206831686535,0.023629367351531982,0.13333333333333341,0.2585819959640503,5,0.1804362244897959,0.7179516553878784,"The current Māori king is Tui Tamaariki of Te Aorere, who was crowned in 2017.",64,6.399766642166772
98,Who is the current Māori King?,6,1,6,is,0.013071981258690357,0.013071981258690357,0.04634657523732704,0.023629367351531982,0.13333333333333341,0.2820483446121216,6,0.1004081632653061,0.7179516553878784,"The current Māori king is Tui Tamaariki of Te Aorere, who was crowned in 2017.",64,6.399766642166772
99,Create a song about sad penguin ,6,5,1,penguin,0.0861131027340889,0.0861131027340889,0.5692109420319014,0.04538726806640625,0.039231077169476936,0.04538726806640625,1,0.47852884615384594,0.861222505569458,The original content of this audio is:'create a song about sad penguin',64,6.161294079332947
99,Create a song about sad penguin ,6,0,2,Create,0.039964787662029266,0.039964787662029266,0.26416879326081194,0.01129162311553955,0.039231077169476936,0.11016613245010376,2,0.36144230769230773,0.861222505569458,The original content of this audio is:'create a song about sad penguin',64,6.161294079332947
99,Create a song about sad penguin ,6,4,3,sad,0.013384734280407429,0.013384734280407429,0.08847361164216219,0.021128416061401367,0.039231077169476936,0.10386115312576294,3,0.20102564102564102,0.861222505569458,The original content of this audio is:'create a song about sad penguin',64,6.161294079332947
99,Create a song about sad penguin ,6,2,4,song,-0.006253713741898537,0.006253713741898537,0.04133728988044894,-1.1920928955078125e-07,-6.661338147750939e-16,0.2081284523010254,4,0.21107692307692305,0.861222505569458,The original content of this audio is:'create a song about sad penguin',64,6.161294079332947
99,Create a song about sad penguin ,6,3,5,about,0.004242646507918835,0.004242646507918835,0.028044057626608377,0.004588127136230469,0.039231077169476936,0.15005159378051758,5,0.20102564102564102,0.861222505569458,The original content of this audio is:'create a song about sad penguin',64,6.161294079332947
99,Create a song about sad penguin ,6,1,6,a,0.0013260586420074105,0.0013260586420074105,0.008765298948028528,-1.1920928955078125e-07,-6.661338147750939e-16,0.138777494430542,6,0.02010256410256417,0.861222505569458,The original content of this audio is:'create a song about sad penguin',64,6.161294079332947
100,Create a practical lesson regarding Financial Technologies.,7,0,1,Create,0.03923388570547104,0.03923388570547104,0.22963746476026586,0.058632612228393555,0.45445527441001876,0.058632612228393555,1,0.3619,0.8525508046150208,The original content of this audio is:'create a practical lesson regarding financial technologies',128,10.354311162856902
100,Create a practical lesson regarding Financial Technologies.,7,5,2,Financial,0.038881585001945496,0.038881585001945496,0.2275754349883949,0.02927011251449585,0.03637588834056815,0.09881001710891724,2,0.49269166666666653,0.8525508046150208,The original content of this audio is:'create a practical lesson regarding financial technologies',128,10.354311162856902
100,Create a practical lesson regarding Financial Technologies.,7,3,3,lesson,0.03878699615597725,0.03878699615597725,0.22702180278010922,0.02662205696105957,0.10291477285493922,0.07518482208251953,3,0.2818666666666667,0.8525508046150208,The original content of this audio is:'create a practical lesson regarding financial technologies',128,10.354311162856902
100,Create a practical lesson regarding Financial Technologies.,7,2,4,practical,0.03336881846189499,0.03336881846189499,0.19530899720612113,0.010639786720275879,0.03637588834056815,0.1696833372116089,4,0.4778583333333333,0.8525508046150208,The original content of this audio is:'create a practical lesson regarding financial technologies',128,10.354311162856902
100,Create a practical lesson regarding Financial Technologies.,7,1,5,a,-0.010535885579884052,0.010535885579884052,0.061666949629499354,-1.1920928955078125e-07,-6.661338147750939e-16,0.16791075468063354,5,0.020133333333333336,0.8525508046150208,The original content of this audio is:'create a practical lesson regarding financial technologies',128,10.354311162856902
100,Create a practical lesson regarding Financial Technologies.,7,6,6,Technologies.,0.008879083208739758,0.008879083208739758,0.05196962066813883,0.020357608795166016,0.07142857142857073,0.2095555067062378,6,0.7846333333333333,0.8525508046150208,The original content of this audio is:'create a practical lesson regarding financial technologies',128,10.354311162856902
100,Create a practical lesson regarding Financial Technologies.,7,4,7,regarding,-0.0011651595123112202,0.0011651595123112202,0.006819724114431658,0.0006427764892578125,0.07142857142857073,0.14744919538497925,7,0.4429333333333334,0.8525508046150208,The original content of this audio is:'create a practical lesson regarding financial technologies',128,10.354311162856902
101,When was the first web page released?,7,4,1,web,0.06722819805145264,0.06722819805145264,0.25984105673975266,0.0550045371055603,0.08712907082472299,0.0550045371055603,1,0.2211282051282052,0.7412718534469604,The first web page was released.,128,8.420841860571402
101,When was the first web page released?,7,6,2,released?,0.06484001874923706,0.06484001874923706,0.2506105991109944,0.06291961669921875,0.2783121635129677,0.125094473361969,2,0.5624583333333333,0.7412718534469604,The first web page was released.,128,8.420841860571402
101,When was the first web page released?,7,5,3,page,0.05761345848441124,0.05761345848441124,0.22267950605434697,0.07805192470550537,0.1666666666666664,0.2118532657623291,3,0.24123076923076936,0.7412718534469604,The first web page was released.,128,8.420841860571402
101,When was the first web page released?,7,3,4,first,0.042505085468292236,0.042505085468292236,0.1642847293994356,0.06092184782028198,0.23623738417402618,0.23456352949142456,4,0.2615416666666667,0.7412718534469604,The first web page was released.,128,8.420841860571402
101,When was the first web page released?,7,1,5,was,0.012092681601643562,0.012092681601643562,0.04673894671077731,0.004750549793243408,0.07417990022744825,0.17665493488311768,5,0.14071794871794874,0.7412718534469604,The first web page was released.,128,8.420841860571402
101,When was the first web page released?,7,2,6,the,0.008710463531315327,0.008710463531315327,0.03366646904529292,0.0,-2.220446049250313e-16,0.2176119089126587,6,0.060307692307692284,0.7412718534469604,The first web page was released.,128,8.420841860571402
101,When was the first web page released?,7,0,7,When,0.005738251376897097,0.005738251376897097,0.022178689074339463,0.0,-2.220446049250313e-16,0.25872814655303955,7,0.2508846153846153,0.7412718534469604,The first web page was released.,128,8.420841860571402
102,Where do box jellyfish live?,5,3,1,jellyfish,0.1356436312198639,0.1356436312198639,0.48847666776399445,0.2008795142173767,0.7609542781331212,0.2008795142173767,1,0.5161785714285715,0.7223129868507385,Where do box jellyfish live?,32,3.5834289525999337
102,Where do box jellyfish live?,5,2,2,box,0.08099928498268127,0.08099928498268127,0.291692727950298,0.15532374382019043,0.6535898384862244,0.2812267541885376,2,0.2614857142857143,0.7223129868507385,Where do box jellyfish live?,32,3.5834289525999337
102,Where do box jellyfish live?,5,0,3,Where,0.039810601621866226,0.039810601621866226,0.14336500613440745,0.09808683395385742,0.683772233983162,0.27296513319015503,3,0.26104761904761903,0.7223129868507385,Where do box jellyfish live?,32,3.5834289525999337
102,Where do box jellyfish live?,5,4,4,live?,0.015428598038852215,0.015428598038852215,0.055561105895733126,0.0,-2.220446049250313e-16,0.278606653213501,4,0.562717857142857,0.7223129868507385,Where do box jellyfish live?,32,3.5834289525999337
102,Where do box jellyfish live?,5,1,5,do,0.005804905202239752,0.005804905202239752,0.020904488654390325,0.07221090793609619,0.6,0.2776870131492615,5,0.10057142857142859,0.7223129868507385,Where do box jellyfish live?,32,3.5834289525999337
103,What do you think of beetroot?,6,5,1,beetroot?,0.07938265055418015,0.07938265055418015,0.3630491802338087,0.13783150911331177,0.4666666666666667,0.13783150911331177,1,0.587375,0.7813446521759033,The original content of this audio is: 'what do you think of beatroot',64,6.612164007000199
103,What do you think of beetroot?,6,3,2,think,0.04843568056821823,0.04843568056821823,0.2215160869736451,0.004262447357177734,0.0,0.13764703273773193,2,0.20129032258064516,0.7813446521759033,The original content of this audio is: 'what do you think of beatroot',64,6.612164007000199
103,What do you think of beetroot?,6,1,3,do,0.026189064607024193,0.026189064607024193,0.11977325486481526,0.06223011016845703,0.06666666666666665,0.1299046277999878,3,0.06038709677419357,0.7813446521759033,The original content of this audio is: 'what do you think of beatroot',64,6.612164007000199
103,What do you think of beetroot?,6,0,4,What,0.024611571803689003,0.024611571803689003,0.11255873802672241,0.0,0.0,0.15121877193450928,4,0.20080241935483872,0.7813446521759033,The original content of this audio is: 'what do you think of beatroot',64,6.612164007000199
103,What do you think of beetroot?,6,2,5,you,0.02334793657064438,0.02334793657064438,0.10677961963915616,0.0,0.0,0.16342782974243164,5,0.10064516129032258,0.7813446521759033,The original content of this audio is: 'what do you think of beatroot',64,6.612164007000199
103,What do you think of beetroot?,6,4,6,of,0.016688458621501923,0.016688458621501923,0.07632311568844521,0.004262447357177734,0.0,0.21865534782409668,6,0.060387096774193516,0.7813446521759033,The original content of this audio is: 'what do you think of beatroot',64,6.612164007000199
104,Explain what the Rule of 72 works.,5,3,1,Rule,0.057831451296806335,0.057831451296806335,0.3407864579617749,0.1478649377822876,0.7562912816620231,0.1478649377822876,1,0.20145985401459843,0.8303000330924988,"The rule of seventy-two works by stating that if you have 72 or more items, you can reduce your workload by taking one item and grouping it with seven others. This process continues until you reach only two items, which should be",32,4.1393185310000264
104,Explain what the Rule of 72 works.,5,0,2,Explain,0.043389417231082916,0.043389417231082916,0.25568311843529534,0.1483668088912964,0.7057550568317502,0.14945173263549805,2,0.482941605839416,0.8303000330924988,"The rule of seventy-two works by stating that if you have 72 or more items, you can reduce your workload by taking one item and grouping it with seven others. This process continues until you reach only two items, which should be",32,4.1393185310000264
104,Explain what the Rule of 72 works.,5,1,3,what,0.03424571081995964,0.03424571081995964,0.20180151507561703,0.14426183700561523,0.7382148427976319,0.13739991188049316,3,0.15109489051094893,0.8303000330924988,"The rule of seventy-two works by stating that if you have 72 or more items, you can reduce your workload by taking one item and grouping it with seven others. This process continues until you reach only two items, which should be",32,4.1393185310000264
104,Explain what the Rule of 72 works.,5,4,4,of,0.030029313638806343,0.030029313638806343,0.1769553279489835,0.12499994039535522,0.6146626822057737,0.13739991188049316,4,0.04029197080291991,0.8303000330924988,"The rule of seventy-two works by stating that if you have 72 or more items, you can reduce your workload by taking one item and grouping it with seven others. This process continues until you reach only two items, which should be",32,4.1393185310000264
104,Explain what the Rule of 72 works.,5,2,5,the,0.00420407485216856,0.00420407485216856,0.024773574685576227,0.0,-2.220446049250313e-16,0.16969996690750122,5,0.07051094890510934,0.8303000330924988,"The rule of seventy-two works by stating that if you have 72 or more items, you can reduce your workload by taking one item and grouping it with seven others. This process continues until you reach only two items, which should be",32,4.1393185310000264
105,Is it chilly in Haiti,5,4,1,Haiti,0.08190726488828659,0.08190726488828659,0.39472421220100545,0.10196834802627563,0.516954108460352,0.10196834802627563,1,0.42328963414634124,0.7924948930740356,The exact words spoken by the speaker are: 'Is it chilly in haiti.',32,3.9027578412002186
105,Is it chilly in Haiti,5,2,2,chilly,0.07704328000545502,0.07704328000545502,0.3712838909590266,0.08218258619308472,0.06666666666666676,0.1703968048095703,2,0.31302439024390233,0.7924948930740356,The exact words spoken by the speaker are: 'Is it chilly in haiti.',32,3.9027578412002186
105,Is it chilly in Haiti,5,3,3,in,0.02969239093363285,0.02969239093363285,0.14309238180066006,0.009893655776977539,0.10185376097950127,0.17822539806365967,3,0.10097560975609754,0.7924948930740356,The exact words spoken by the speaker are: 'Is it chilly in haiti.',32,3.9027578412002186
105,Is it chilly in Haiti,5,0,4,Is,0.009880900382995605,0.009880900382995605,0.04761763959319216,5.960464477539063e-08,1.1102230246251565e-16,0.17822539806365967,4,0.16081300813008134,0.7924948930740356,The exact words spoken by the speaker are: 'Is it chilly in haiti.',32,3.9027578412002186
105,Is it chilly in Haiti,5,1,5,it,0.008981206454336643,0.008981206454336643,0.043281870626955765,5.960464477539063e-08,1.1102230246251565e-16,0.20750510692596436,5,0.08078048780487801,0.7924948930740356,The exact words spoken by the speaker are: 'Is it chilly in haiti.',32,3.9027578412002186
108,Explain the Open Innovation Funnel Model.,6,3,1,Innovation,0.07736298441886902,0.07736298441886902,0.3441456780355433,0.01583808660507202,0.03390821692070378,0.01583808660507202,1,0.562488888888889,0.7812097072601318,The original content of this audio is:'explain the open innovation funnel model',64,6.157824114166336
108,Explain the Open Innovation Funnel Model.,6,5,2,Model.,0.04323842376470566,0.04323842376470566,0.19234413945467482,0.0,1.1102230246251565e-16,0.035492777824401855,2,0.3411361111111111,0.7812097072601318,The original content of this audio is:'explain the open innovation funnel model',64,6.157824114166336
108,Explain the Open Innovation Funnel Model.,6,4,3,Funnel,0.04223721846938133,0.04223721846938133,0.18789032374680864,0.02553844451904297,0.03390821692070378,0.16523998975753784,3,0.3214222222222225,0.7812097072601318,The original content of this audio is:'explain the open innovation funnel model',64,6.157824114166336
108,Explain the Open Innovation Funnel Model.,6,0,4,Explain,0.03068937174975872,0.03068937174975872,0.1365202587340925,0.009237051010131836,0.06666666666666676,0.17297840118408203,4,0.51195,0.7812097072601318,The original content of this audio is:'explain the open innovation funnel model',64,6.157824114166336
108,Explain the Open Innovation Funnel Model.,6,2,5,Open,0.028265750035643578,0.028265750035643578,0.1257388890083611,0.09912770986557007,0.4522774424948338,0.20993435382843018,5,0.23102222222222224,0.7812097072601318,The original content of this audio is:'explain the open innovation funnel model',64,6.157824114166336
108,Explain the Open Innovation Funnel Model.,6,1,6,the,-0.003003449412062764,0.003003449412062764,0.013360706572065626,0.0,1.1102230246251565e-16,0.21879029273986816,6,0.0703111111111111,0.7812097072601318,The original content of this audio is:'explain the open innovation funnel model',64,6.157824114166336
109,"Finally, can art influence reality?",5,0,1,"Finally,",0.09667537361383438,0.09667537361383438,0.42029762286526434,0.13904690742492676,0.6142416250947701,0.13904690742492676,1,0.463469696969697,0.7699835300445557,The original content of this audio is:'finally can art influence reality.',32,3.851417944000423
109,"Finally, can art influence reality?",5,3,2,influence,0.07735375314950943,0.07735375314950943,0.33629659088064606,0.06988143920898438,0.552786404500042,0.1995018720626831,2,0.44189772727272714,0.7699835300445557,The original content of this audio is:'finally can art influence reality.',32,3.851417944000423
109,"Finally, can art influence reality?",5,2,3,art,0.04088353365659714,0.04088353365659714,0.177741769882758,0.06427603960037231,0.1296117202215109,0.2011461853981018,3,0.20181818181818167,0.7699835300445557,The original content of this audio is:'finally can art influence reality.',32,3.851417944000423
109,"Finally, can art influence reality?",5,4,4,reality?,0.010600468143820763,0.010600468143820763,0.046085692721535655,0.0,-2.220446049250313e-16,0.22011661529541016,4,0.5441515151515148,0.7699835300445557,The original content of this audio is:'finally can art influence reality.',32,3.851417944000423
109,"Finally, can art influence reality?",5,1,5,can,0.004503335803747177,0.004503335803747177,0.019578319302281124,0.009546637535095215,0.04257289224366201,0.23001646995544434,5,0.19951893939393928,0.7699835300445557,The original content of this audio is:'finally can art influence reality.',32,3.851417944000423
110,Which neural net architectures are there?,6,1,1,neural,0.07669200748205185,0.07669200748205185,0.4388453725593509,0.04866039752960205,0.11929515407202052,0.04866039752960205,1,0.32320000000000004,0.838106632232666,The original content of this audio is: 'Which neural net architectures are there?',64,6.373310407166476
110,Which neural net architectures are there?,6,3,2,architectures,0.05661818012595177,0.05661818012595177,0.3239793450030705,0.03218400478363037,0.1538461538461533,0.1120639443397522,2,0.6262000000000001,0.838106632232666,The original content of this audio is: 'Which neural net architectures are there?',64,6.373310407166476
110,Which neural net architectures are there?,6,2,3,net,0.021665072068572044,0.021665072068572044,0.12397141417484402,1.7881393432617188e-07,-6.661338147750939e-16,0.17749905586242676,3,0.15149999999999997,0.838106632232666,The original content of this audio is: 'Which neural net architectures are there?',64,6.373310407166476
110,Which neural net architectures are there?,6,0,4,Which,0.007088998798280954,0.007088998798280954,0.040564518009682485,0.025511741638183594,0.07692307692307632,0.1335383653640747,4,0.34263333333333335,0.838106632232666,The original content of this audio is: 'Which neural net architectures are there?',64,6.373310407166476
110,Which neural net architectures are there?,6,5,5,there?,-0.006432706955820322,0.006432706955820322,0.03680909880019444,1.7881393432617188e-07,-6.661338147750939e-16,0.16189336776733398,5,0.34257499999999985,0.838106632232666,The original content of this audio is: 'Which neural net architectures are there?',64,6.373310407166476
110,Which neural net architectures are there?,6,4,6,are,0.0062616439536213875,0.0062616439536213875,0.03583024573067893,1.7881393432617188e-07,-6.661338147750939e-16,0.16189336776733398,6,0.08079999999999976,0.838106632232666,The original content of this audio is: 'Which neural net architectures are there?',64,6.373310407166476
112,What is a scary Halloween costume idea?,7,4,1,Halloween,0.047731343656778336,0.047731343656778336,0.2937403498513268,0.004771769046783447,0.0298574998546679,0.004771769046783447,1,0.4621572384428225,0.8423901200294495,The original content of this audio is: 'what is a scary halloween costume my dear',128,11.87824943828569
112,What is a scary Halloween costume idea?,7,5,2,costume,0.03503569960594177,0.03503569960594177,0.21561091457088793,-1.1920928955078125e-07,0.0,0.04823017120361328,2,0.4029197080291971,0.8423901200294495,The original content of this audio is: 'what is a scary halloween costume my dear',128,11.87824943828569
112,What is a scary Halloween costume idea?,7,3,3,scary,0.027206772938370705,0.027206772938370705,0.16743142742238126,0.010374069213867188,0.0298574998546679,0.1253042221069336,3,0.4029197080291971,0.8423901200294495,The original content of this audio is: 'what is a scary halloween costume my dear',128,11.87824943828569
112,What is a scary Halloween costume idea?,7,6,4,idea?,0.020764091983437538,0.020764091983437538,0.1277829446289622,0.03483736515045166,0.11764705882352933,0.14440107345581055,4,0.32173418491484185,0.8423901200294495,The original content of this audio is: 'what is a scary halloween costume my dear',128,11.87824943828569
112,What is a scary Halloween costume idea?,7,0,5,What,0.017417695373296738,0.017417695373296738,0.10718910343998782,0.011149048805236816,0.0925147870269698,0.12149930000305176,5,0.20089781021897812,0.8423901200294495,The original content of this audio is: 'what is a scary halloween costume my dear',128,11.87824943828569
112,What is a scary Halloween costume idea?,7,1,6,is,0.011896912008523941,0.011896912008523941,0.07321401049723024,-1.1920928955078125e-07,0.0,0.19607782363891602,6,0.10072992700729932,0.8423901200294495,The original content of this audio is: 'what is a scary halloween costume my dear',128,11.87824943828569
112,What is a scary Halloween costume idea?,7,2,7,a,-0.0024425021838396788,0.0024425021838396788,0.015031243435188947,-1.1920928955078125e-07,0.0,0.15760987997055054,7,0.020145985401459787,0.8423901200294495,The original content of this audio is: 'what is a scary halloween costume my dear',128,11.87824943828569
113,Teach me golden rules of accounting.,6,5,1,accounting.,0.09100983291864395,0.09100983291864395,0.3315567092025918,0.12255334854125977,0.552786404500042,0.12255334854125977,1,0.623643361581921,0.7480098605155945,"The golden rules of accounting are: accuracy, completeness, consistency, comparability, and disclosure.",64,6.083703866333356
113,Teach me golden rules of accounting.,6,2,2,golden,0.08873617649078369,0.08873617649078369,0.32327358177665144,0.14070159196853638,0.6150998205402495,0.20963120460510254,2,0.36449293785310743,0.7480098605155945,"The golden rules of accounting are: accuracy, completeness, consistency, comparability, and disclosure.",64,6.083703866333356
113,Teach me golden rules of accounting.,6,3,3,rules,0.04377835988998413,0.04377835988998413,0.15948835937744463,0.09193116426467896,0.4777670321329065,0.21903568506240845,3,0.2516949152542374,0.7480098605155945,"The golden rules of accounting are: accuracy, completeness, consistency, comparability, and disclosure.",64,6.083703866333356
113,Teach me golden rules of accounting.,6,4,4,of,0.030538257211446762,0.030538257211446762,0.11125351779143197,0.09502136707305908,0.4777670321329065,0.26187658309936523,4,0.04027118644067795,0.7480098605155945,"The golden rules of accounting are: accuracy, completeness, consistency, comparability, and disclosure.",64,6.083703866333356
113,Teach me golden rules of accounting.,6,1,5,me,-0.011251190677285194,0.011251190677285194,0.04098906278518572,0.0,-2.220446049250313e-16,0.26187658309936523,5,0.10067796610169488,0.7480098605155945,"The golden rules of accounting are: accuracy, completeness, consistency, comparability, and disclosure.",64,6.083703866333356
113,Teach me golden rules of accounting.,6,0,6,Teach,0.009178690612316132,0.009178690612316132,0.03343876542360763,0.07471919059753418,0.2928932188134523,0.2519901394844055,6,0.34176412429378533,0.7480098605155945,"The golden rules of accounting are: accuracy, completeness, consistency, comparability, and disclosure.",64,6.083703866333356
114,How long is the Three Gorges Dam?,7,5,1,Gorges,0.05739264562726021,0.05739264562726021,0.3829312646834527,0.04295271635055542,0.028174684192449617,0.04295271635055542,1,0.42104498525073764,0.8744543194770813,The original content of this audio is: 'how long is the three gorges dam.',128,11.20211320314307
114,How long is the Three Gorges Dam?,7,6,2,Dam?,0.03722537308931351,0.03722537308931351,0.2483725752595991,0.012655198574066162,0.028174684192449617,0.09287786483764648,2,0.3221010324483775,0.8744543194770813,The original content of this audio is: 'how long is the three gorges dam.',128,11.20211320314307
114,How long is the Three Gorges Dam?,7,4,3,Three,0.0166667141020298,0.0166667141020298,0.11120250407443151,-1.1920928955078125e-07,-2.220446049250313e-16,0.14804404973983765,3,0.2623008849557521,0.8744543194770813,The original content of this audio is: 'how long is the three gorges dam.',128,11.20211320314307
114,How long is the Three Gorges Dam?,7,1,4,long,0.014061946421861649,0.014061946421861649,0.09382315222417269,-1.1920928955078125e-07,-2.220446049250313e-16,0.14804404973983765,4,0.16141592920353975,0.8744543194770813,The original content of this audio is: 'how long is the three gorges dam.',128,11.20211320314307
114,How long is the Three Gorges Dam?,7,3,5,the,-0.012165671214461327,0.012165671214461327,0.0811709551452358,-1.1920928955078125e-07,-2.220446049250313e-16,0.1461637020111084,5,0.06053097345132763,0.8744543194770813,The original content of this audio is: 'how long is the three gorges dam.',128,11.20211320314307
114,How long is the Three Gorges Dam?,7,0,6,How,0.011439082212746143,0.011439082212746143,0.07632305795752142,-1.1920928955078125e-07,-2.220446049250313e-16,0.1461637020111084,6,0.20107153392330382,0.8744543194770813,The original content of this audio is: 'how long is the three gorges dam.',128,11.20211320314307
114,How long is the Three Gorges Dam?,7,2,7,is,0.0009257138008251786,0.0009257138008251786,0.006176483983455525,-1.1920928955078125e-07,-2.220446049250313e-16,0.1255456805229187,7,0.08070796460176977,0.8744543194770813,The original content of this audio is: 'how long is the three gorges dam.',128,11.20211320314307
115,When was the first Assassin's Creed released?,7,4,1,Assassin's,0.11681972444057465,0.11681972444057465,0.44088967326443584,0.14348649978637695,0.40371520600005606,0.14348649978637695,1,0.5045454545454546,0.745222806930542,The first Assassin's Creed was released in 2007.,128,10.051422330142875
115,When was the first Assassin's Creed released?,7,5,2,Creed,0.06055724620819092,0.06055724620819092,0.22854928499771385,0.0,-2.220446049250313e-16,0.20478951930999756,2,0.28254545454545466,0.745222806930542,The first Assassin's Creed was released in 2007.,128,10.051422330142875
115,When was the first Assassin's Creed released?,7,3,3,first,0.03669830784201622,0.03669830784201622,0.1385031939709361,0.11353999376296997,0.41666666666666674,0.20084112882614136,3,0.24254166666666677,0.745222806930542,The first Assassin's Creed was released in 2007.,128,10.051422330142875
115,When was the first Assassin's Creed released?,7,6,4,released?,0.0330890417098999,0.0330890417098999,0.12488145180938329,0.0,-2.220446049250313e-16,0.27369290590286255,4,0.6248977272727274,0.745222806930542,The first Assassin's Creed was released in 2007.,128,10.051422330142875
115,When was the first Assassin's Creed released?,7,1,5,was,0.006829036399722099,0.006829036399722099,0.025773486809721198,0.0,-2.220446049250313e-16,0.23184436559677124,5,0.12109090909090908,0.745222806930542,The first Assassin's Creed was released in 2007.,128,10.051422330142875
115,When was the first Assassin's Creed released?,7,0,6,When,0.0058770510368049145,0.0058770510368049145,0.02218059598910818,0.0,-2.220446049250313e-16,0.2593529224395752,6,0.23137121212121212,0.745222806930542,The first Assassin's Creed was released in 2007.,128,10.051422330142875
115,When was the first Assassin's Creed released?,7,2,7,the,-0.005093212705105543,0.005093212705105543,0.019222309384598395,0.0,-2.220446049250313e-16,0.254777193069458,7,0.06054545454545446,0.745222806930542,The first Assassin's Creed was released in 2007.,128,10.051422330142875
116,how to increase adiponectin levels?,5,2,1,increase,0.08191154897212982,0.08191154897212982,0.4120990456114534,0.04506564140319824,0.09999999999999942,0.04506564140319824,1,0.4385878205128206,0.8012332916259766,The exact words spoken are: 'how to increase adiponyctin levels'.,32,3.7547087782004382
116,how to increase adiponectin levels?,5,3,2,adiponectin,0.0380096510052681,0.0380096510052681,0.19122750210260273,0.12808948755264282,0.43431457505076176,0.12413585186004639,2,0.7747384615384617,0.8012332916259766,The exact words spoken are: 'how to increase adiponyctin levels'.,32,3.7547087782004382
116,how to increase adiponectin levels?,5,1,3,to,0.03133431449532509,0.03133431449532509,0.15764371764970722,0.1353055238723755,0.43431457505076176,0.1496984362602234,3,0.06036923076923073,0.8012332916259766,The exact words spoken are: 'how to increase adiponyctin levels'.,32,3.7547087782004382
116,how to increase adiponectin levels?,5,0,4,how,0.024785161018371582,0.024785161018371582,0.12469476318256895,0.020580828189849854,0.15484574527148287,0.15609943866729736,4,0.22088782051282055,0.8012332916259766,The exact words spoken are: 'how to increase adiponyctin levels'.,32,3.7547087782004382
116,how to increase adiponectin levels?,5,4,5,levels?,0.02272597886621952,0.02272597886621952,0.11433496642264279,0.043869733810424805,0.23722992860352587,0.19876670837402344,5,0.44221474358974344,0.8012332916259766,The exact words spoken are: 'how to increase adiponyctin levels'.,32,3.7547087782004382
118,What does it mean to be self-aware?,7,6,1,self-aware?,0.12015421688556671,0.12015421688556671,0.6376932623473122,0.13131773471832275,0.47825080525004904,0.13131773471832275,1,0.6866666666666665,0.8361551761627197,The original content of this audio is: 'what does it mean to be self-aware',128,11.24908181199966
118,What does it mean to be self-aware?,7,1,2,does,0.031055906787514687,0.031055906787514687,0.1648227005910702,0.002069532871246338,0.03390821692070378,0.13131773471832275,2,0.1415555555555555,0.8361551761627197,The original content of this audio is: 'what does it mean to be self-aware',128,11.24908181199966
118,What does it mean to be self-aware?,7,3,3,mean,0.012508162297308445,0.012508162297308445,0.06638444349345526,0.004816174507141113,1.1102230246251565e-16,0.1402333378791809,3,0.22244444444444444,0.8361551761627197,The original content of this audio is: 'what does it mean to be self-aware',128,11.24908181199966
118,What does it mean to be self-aware?,7,0,4,What,-0.012287510558962822,0.012287510558962822,0.0652133807499626,0.007961273193359375,0.03390821692070378,0.1588606834411621,4,0.20134722222222223,0.8361551761627197,The original content of this audio is: 'what does it mean to be self-aware',128,11.24908181199966
118,What does it mean to be self-aware?,7,4,5,to,0.008778627030551434,0.008778627030551434,0.04659071862100495,0.003123164176940918,1.1102230246251565e-16,0.18442028760910034,5,0.08087500000000003,0.8361551761627197,The original content of this audio is: 'what does it mean to be self-aware',128,11.24908181199966
118,What does it mean to be self-aware?,7,2,6,it,0.0035644506569951773,0.0035644506569951773,0.018917572989552874,0.004816174507141113,1.1102230246251565e-16,0.17254376411437988,6,0.0606666666666667,0.8361551761627197,The original content of this audio is: 'what does it mean to be self-aware',128,11.24908181199966
118,What does it mean to be self-aware?,7,5,7,be,7.120694499462843e-05,7.120694499462843e-05,0.0003779159003520981,0.004816174507141113,1.1102230246251565e-16,0.16384482383728027,7,0.09155555555555572,0.8361551761627197,The original content of this audio is: 'what does it mean to be self-aware',128,11.24908181199966
119,What is the national language of Chile?,7,6,1,Chile?,0.11814509332180023,0.11814509332180023,0.420798050922183,0.15049564838409424,0.28571428571428537,0.15049564838409424,1,0.3821428571428571,0.7192357778549194,The national language of Chile is Spanish.,128,9.861823574285413
119,What is the national language of Chile?,7,0,2,What,0.06764267385005951,0.06764267385005951,0.24092329621968117,0.1274930238723755,0.26664120237743094,0.23272746801376343,2,0.22104166666666664,0.7192357778549194,The national language of Chile is Spanish.,128,9.861823574285413
119,What is the national language of Chile?,7,3,3,national,0.056907594203948975,0.056907594203948975,0.20268810198039428,0.028876423835754395,0.14285714285714246,0.23405367136001587,3,0.35250000000000004,0.7192357778549194,The national language of Chile is Spanish.,128,9.861823574285413
119,What is the national language of Chile?,7,4,4,language,0.020250575616955757,0.020250575616955757,0.0721265903650938,-1.1920928955078125e-07,-4.440892098500626e-16,0.23405367136001587,4,0.38271428571428556,0.7192357778549194,The national language of Chile is Spanish.,128,9.861823574285413
119,What is the national language of Chile?,7,2,5,the,0.007169981021434069,0.007169981021434069,0.025537362188631646,-1.1920928955078125e-07,-4.440892098500626e-16,0.2382880449295044,5,0.07050000000000001,0.7192357778549194,The national language of Chile is Spanish.,128,9.861823574285413
119,What is the national language of Chile?,7,5,6,of,0.005889296531677246,0.005889296531677246,0.02097594095662098,-1.1920928955078125e-07,-4.440892098500626e-16,0.24414753913879395,6,0.04028571428571426,0.7192357778549194,The national language of Chile is Spanish.,128,9.861823574285413
119,What is the national language of Chile?,7,1,7,is,0.004759139381349087,0.004759139381349087,0.016950653805689372,-1.1920928955078125e-07,-4.440892098500626e-16,0.28076422214508057,7,0.10071428571428576,0.7192357778549194,The national language of Chile is Spanish.,128,9.861823574285413
120,When was the Hoover Dam built?,6,3,1,Hoover,0.0934881940484047,0.0934881940484047,0.4312278924238283,0.14595669507980347,0.552786404500042,0.14595669507980347,1,0.3206969696969698,0.7832046747207642,The original content of this audio is: 'When was the Hoover Dam built.',64,5.95695610449972
120,When was the Hoover Dam built?,6,5,2,built?,0.046741798520088196,0.046741798520088196,0.21560334402738207,0.08343398571014404,0.26213521262737804,0.1838858723640442,2,0.35895833333333327,0.7832046747207642,The original content of this audio is: 'When was the Hoover Dam built.',64,5.95695610449972
120,When was the Hoover Dam built?,6,4,3,Dam,0.02407589554786682,0.02407589554786682,0.11105356992934665,0.08428698778152466,0.46688601001681673,0.16450417041778564,3,0.29646969696969705,0.7832046747207642,The original content of this audio is: 'When was the Hoover Dam built.',64,5.95695610449972
120,When was the Hoover Dam built?,6,2,4,the,0.01901518553495407,0.01901518553495407,0.0877103089406211,0.0040329694747924805,1.1102230246251565e-16,0.12676078081130981,4,0.08048484848484855,0.7832046747207642,The original content of this audio is: 'When was the Hoover Dam built.',64,5.95695610449972
120,When was the Hoover Dam built?,6,0,5,When,0.01734103634953499,0.01734103634953499,0.07998805232651272,0.015163004398345947,0.09630388588493621,0.1820116639137268,5,0.24099242424242423,0.7832046747207642,The original content of this audio is: 'When was the Hoover Dam built.',64,5.95695610449972
120,When was the Hoover Dam built?,6,1,6,was,0.016133220866322517,0.016133220866322517,0.07441682773966374,0.0,1.1102230246251565e-16,0.21679532527923584,6,0.12072727272727268,0.7832046747207642,The original content of this audio is: 'When was the Hoover Dam built.',64,5.95695610449972
121,Who won the 2015 Vuelta a España?,3,0,1,Who,0.07373929768800735,0.07373929768800735,0.6685136685141889,0.09924066066741943,0.1875,0.09924066066741943,1,0.24049761904761904,0.8896965384483337,The original content of this audio is: 'who won the twenty fifteen welterweight spanish',8,1.8093596446669835
121,Who won the 2015 Vuelta a España?,3,1,2,won,0.030736595392227173,0.030736595392227173,0.2786551375934235,0.05105024576187134,0.11611652351681578,0.12627702951431274,2,0.14040000000000002,0.8896965384483337,The original content of this audio is: 'who won the twenty fifteen welterweight spanish',8,1.8093596446669835
121,Who won the 2015 Vuelta a España?,3,2,3,the,0.005827456712722778,0.005827456712722778,0.05283118482647992,1.1920928955078125e-07,0.0,0.11030346155166626,3,0.06017142857142854,0.8896965384483337,The original content of this audio is: 'who won the twenty fifteen welterweight spanish',8,1.8093596446669835
123,What can I do about my headache?,7,6,1,headache?,0.069147989153862,0.069147989153862,0.37131105643145884,0.09327852725982666,0.4814370211582685,0.09327852725982666,1,0.4839517326732672,0.8407034277915955,The original content of this audio is: 'what can i do about my headache?',128,11.679284194285824
123,What can I do about my headache?,7,1,2,can,0.05400519818067551,0.05400519818067551,0.2899972571094926,0.061118125915527344,0.4481745944635305,0.10584628582000732,2,0.1312871287128713,0.8407034277915955,The original content of this audio is: 'what can i do about my headache?',128,11.679284194285824
123,What can I do about my headache?,7,4,3,about,0.020177436992526054,0.020177436992526054,0.10834885493348585,5.960464477539063e-08,-6.661338147750939e-16,0.10584628582000732,3,0.22217821782178238,0.8407034277915955,The original content of this audio is: 'what can i do about my headache?',128,11.679284194285824
123,What can I do about my headache?,7,3,4,do,0.01905900239944458,0.01905900239944458,0.10234308187503131,0.06005173921585083,0.35534162877969555,0.10584628582000732,4,0.10307136963696362,0.8407034277915955,The original content of this audio is: 'what can i do about my headache?',128,11.679284194285824
123,What can I do about my headache?,7,0,5,What,0.010371916927397251,0.010371916927397251,0.05569514715694533,5.960464477539063e-08,-6.661338147750939e-16,0.1853930950164795,5,0.20119925742574257,0.8407034277915955,The original content of this audio is: 'what can i do about my headache?',128,11.679284194285824
123,What can I do about my headache?,7,2,6,I,-0.007688008714467287,0.007688008714467287,0.04128308968278473,5.960464477539063e-08,-6.661338147750939e-16,0.15929657220840454,6,0.05049504950495043,0.8407034277915955,The original content of this audio is: 'what can i do about my headache?',128,11.679284194285824
123,What can I do about my headache?,7,5,7,my,-0.005777029320597649,0.005777029320597649,0.03102150744099868,5.960464477539063e-08,-6.661338147750939e-16,0.15929657220840454,7,0.1211881188118813,0.8407034277915955,The original content of this audio is: 'what can i do about my headache?',128,11.679284194285824
124,Tell how communism made cheaper medicine?,6,2,1,communism,0.09389656782150269,0.09389656782150269,0.4919863341713557,0.09902286529541016,0.49825479399574546,0.09902286529541016,1,0.5247272727272727,0.8552554845809937,The original content of this audio is:'tell how communism made cheaper medicine',64,6.2783707776664714
124,Tell how communism made cheaper medicine?,6,5,2,medicine?,0.0424363873898983,0.0424363873898983,0.2223523516548646,0.08609592914581299,0.4737651884157822,0.1332031488418579,2,0.5037992424242421,0.8552554845809937,The original content of this audio is:'tell how communism made cheaper medicine',64,6.2783707776664714
124,Tell how communism made cheaper medicine?,6,4,3,cheaper,0.029025418683886528,0.029025418683886528,0.15208340056923686,0.02215290069580078,0.039231077169476936,0.19003742933273315,3,0.3632727272727274,0.8552554845809937,The original content of this audio is:'tell how communism made cheaper medicine',64,6.2783707776664714
124,Tell how communism made cheaper medicine?,6,0,4,Tell,-0.01602790877223015,0.01602790877223015,0.08398083406278255,0.007297337055206299,0.039231077169476936,0.20168334245681763,4,0.2818295454545455,0.8552554845809937,The original content of this audio is:'tell how communism made cheaper medicine',64,6.2783707776664714
124,Tell how communism made cheaper medicine?,6,1,5,how,-0.007025822531431913,0.007025822531431913,0.03681293951392038,0.007457911968231201,0.039231077169476936,0.1418774127960205,5,0.16145454545454546,0.8552554845809937,The original content of this audio is:'tell how communism made cheaper medicine',64,6.2783707776664714
124,Tell how communism made cheaper medicine?,6,3,6,made,0.0024398774839937687,0.0024398774839937687,0.012784134788177333,0.004126369953155518,0.039231077169476936,0.14474451541900635,6,0.17154545454545422,0.8552554845809937,The original content of this audio is:'tell how communism made cheaper medicine',64,6.2783707776664714
128,Digital transformation project plan example,5,1,1,transformation,0.04815926402807236,0.04815926402807236,0.23149942821275402,0.022127270698547363,0.04257289224366201,0.022127270698547363,1,0.72576,0.7919682264328003,The original content of this audio is:'digital transformation project plan example',32,3.453995070399833
128,Digital transformation project plan example,5,2,2,project,0.04749047011137009,0.04749047011137009,0.2282845657676283,0.006514549255371094,0.04257289224366201,0.052908897399902344,2,0.42335999999999996,0.7919682264328003,The original content of this audio is:'digital transformation project plan example',32,3.453995070399833
128,Digital transformation project plan example,5,0,3,Digital,0.04489053413271904,0.04489053413271904,0.21578678980293245,0.017574071884155273,0.04257289224366201,0.16322308778762817,3,0.5033966666666666,0.7919682264328003,The original content of this audio is:'digital transformation project plan example',32,3.453995070399833
128,Digital transformation project plan example,5,3,4,plan,0.03927537798881531,0.03927537798881531,0.1887949853625381,0.01452857255935669,0.04257289224366201,0.1615912914276123,4,0.28224000000000027,0.7919682264328003,The original content of this audio is:'digital transformation project plan example',32,3.453995070399833
128,Digital transformation project plan example,5,4,5,example,0.028216244652867317,0.028216244652867317,0.13563422604719186,0.027705371379852295,0.1666666666666664,0.2080317735671997,5,0.5436716666666666,0.7919682264328003,The original content of this audio is:'digital transformation project plan example',32,3.453995070399833
129,What is farm to table dining?,6,2,1,farm,0.0772395133972168,0.0772395133972168,0.41883694216173206,0.1088029146194458,0.5329006335030861,0.1088029146194458,1,0.30320521806853573,0.815585732460022,The original content of this audio is: 'farm to table dining.',64,6.111355695166519
129,What is farm to table dining?,6,5,2,dining?,0.05721813067793846,0.05721813067793846,0.3102695218458184,0.07125437259674072,0.5818789949964545,0.15464341640472412,2,0.4837278037383179,0.815585732460022,The original content of this audio is: 'farm to table dining.',64,6.111355695166519
129,What is farm to table dining?,6,4,3,table,0.028733953833580017,0.028733953833580017,0.15581197797016016,0.008586525917053223,0.06580126700617228,0.18954330682754517,3,0.3835514018691589,0.815585732460022,The original content of this audio is: 'farm to table dining.',64,6.111355695166519
129,What is farm to table dining?,6,0,4,What,0.011063173413276672,0.011063173413276672,0.059990871501123935,0.011044323444366455,0.04257289224366201,0.18097174167633057,4,0.22132515576323988,0.815585732460022,The original content of this audio is: 'farm to table dining.',64,6.111355695166519
129,What is farm to table dining?,6,3,5,to,0.005889547988772392,0.005889547988772392,0.03193650713005519,0.0,-2.220446049250313e-16,0.17989712953567505,5,0.040373831775700975,0.815585732460022,The original content of this audio is: 'farm to table dining.',64,6.111355695166519
129,What is farm to table dining?,6,1,6,is,0.0042699603363871574,0.0042699603363871574,0.02315417396853669,0.015533208847045898,0.06580126700617228,0.18441426753997803,6,0.12112149532710281,0.815585732460022,The original content of this audio is: 'farm to table dining.',64,6.111355695166519
130,What does Zabbaleen refer to?,5,2,1,Zabbaleen,0.09643950313329697,0.09643950313329697,0.46115816001008864,0.19304615259170532,0.5435645354123614,0.19304615259170532,1,0.46963970588235293,0.7908754348754883,The original content of this audio is: 'what does xabara refer to?',32,3.6381335742000376
130,What does Zabbaleen refer to?,5,1,2,does,0.048576802015304565,0.048576802015304565,0.2322864377016661,0.06515997648239136,0.1666666666666664,0.18567895889282227,2,0.172,0.7908754348754883,The original content of this audio is: 'what does xabara refer to?',32,3.6381335742000376
130,What does Zabbaleen refer to?,5,3,3,refer,0.038283608853816986,0.038283608853816986,0.1830660470447471,0.0886717438697815,0.08333333333333304,0.20483434200286865,3,0.35373774509803924,0.7908754348754883,The original content of this audio is: 'what does xabara refer to?',32,3.6381335742000376
130,What does Zabbaleen refer to?,5,0,4,What,0.02290933020412922,0.02290933020412922,0.10954872454493327,0.006890475749969482,0.04257289224366201,0.21232879161834717,4,0.20143382352941175,0.7908754348754883,The original content of this audio is: 'what does xabara refer to?',32,3.6381335742000376
130,What does Zabbaleen refer to?,5,4,5,to?,0.002915327437222004,0.002915327437222004,0.013940625916726087,0.0,-2.220446049250313e-16,0.20912456512451172,5,0.12044607843137256,0.7908754348754883,The original content of this audio is: 'what does xabara refer to?',32,3.6381335742000376
131,Is a thumb war violent?,5,2,1,thumb,0.07069268822669983,0.07069268822669983,0.39979587959764523,0.11668515205383301,0.26515307716504644,0.11668515205383301,1,0.23649379432624118,0.8231779932975769,The exact words spoken are: 'Is a thumb more violent than a finger?',32,3.6915467498001817
131,Is a thumb war violent?,5,4,2,violent?,0.05894552171230316,0.05894552171230316,0.3333608792148275,0.08457434177398682,0.2993509502546292,0.137334406375885,2,0.7052393617021278,0.8231779932975769,The exact words spoken are: 'Is a thumb more violent than a finger?',32,3.6915467498001817
131,Is a thumb war violent?,5,0,3,Is,0.030061084777116776,0.030061084777116776,0.17000765046006003,0.06868529319763184,0.4522774424948337,0.17730826139450073,3,0.15062056737588653,0.8231779932975769,The exact words spoken are: 'Is a thumb more violent than a finger?',32,3.6915467498001817
131,Is a thumb war violent?,5,1,4,a,0.015598908998072147,0.015598908998072147,0.08821816937628447,0.05647009611129761,0.18350341907227385,0.1788233518600464,4,0.02017021276595743,0.8231779932975769,The exact words spoken are: 'Is a thumb more violent than a finger?',32,3.6915467498001817
131,Is a thumb war violent?,5,3,5,war,0.0015237482730299234,0.0015237482730299234,0.008617415695776407,0.03364986181259155,0.18350341907227385,0.1768220067024231,5,0.21178723404255329,0.8231779932975769,The exact words spoken are: 'Is a thumb more violent than a finger?',32,3.6915467498001817
133,Where can we find fish fillet?,6,4,1,fish,0.07621408253908157,0.07621408253908157,0.5031975100652851,0.1060863733291626,0.24622163855559076,0.1060863733291626,1,0.24279826732673282,0.8485403060913086,The exact words spoken by the speaker are: 'where can we find fish fillet',64,6.185088695499871
133,Where can we find fish fillet?,6,5,2,fillet?,0.03211500495672226,0.03211500495672226,0.21203680463738703,0.043443143367767334,0.03175416344814597,0.11319005489349365,2,0.4031390264026402,0.8485403060913086,The exact words spoken by the speaker are: 'where can we find fish fillet',64,6.185088695499871
133,Where can we find fish fillet?,6,3,3,find,0.0171509999781847,0.0171509999781847,0.1132381339069033,0.042781174182891846,0.24622163855559076,0.0935969352722168,3,0.24658787128712878,0.8485403060913086,The exact words spoken by the speaker are: 'where can we find fish fillet',64,6.185088695499871
133,Where can we find fish fillet?,6,1,4,can,0.012212945148348808,0.012212945148348808,0.08063501369398078,0.019582152366638184,0.1303736434536955,0.09095805883407593,4,0.0924344059405941,0.8485403060913086,The exact words spoken by the speaker are: 'where can we find fish fillet',64,6.185088695499871
133,Where can we find fish fillet?,6,0,5,Where,0.011741014197468758,0.011741014197468758,0.07751912655745571,0.04319256544113159,0.44529980377477074,0.13919270038604736,5,0.2416056105610561,0.8485403060913086,The exact words spoken by the speaker are: 'where can we find fish fillet',64,6.185088695499871
133,Where can we find fish fillet?,6,2,6,we,0.002025530207902193,0.002025530207902193,0.013373404536566443,0.007050037384033203,0.0,0.1514596939086914,6,0.09089108910891086,0.8485403060913086,The exact words spoken by the speaker are: 'where can we find fish fillet',64,6.185088695499871
134,Why do they call them soap opera?,7,5,1,soap,0.08486413210630417,0.08486413210630417,0.3566683938611554,0.10716366767883301,0.14285714285714246,0.10716366767883301,1,0.20198019801980216,0.7620644569396973,Why do they call them soap opera,128,10.030256018571631
134,Why do they call them soap opera?,7,0,2,Why,0.0484469048678875,0.0484469048678875,0.2036134621058596,0.087277352809906,0.3939084732686733,0.14393705129623413,2,0.22139727722772273,0.7620644569396973,Why do they call them soap opera,128,10.030256018571631
134,Why do they call them soap opera?,7,6,3,opera?,0.04061339050531387,0.04061339050531387,0.1706906369187995,0.10293501615524292,0.31623654124217215,0.19020843505859375,3,0.30214892739273935,0.7620644569396973,Why do they call them soap opera,128,10.030256018571631
134,Why do they call them soap opera?,7,3,4,call,0.027066294103860855,0.027066294103860855,0.11375467357287194,0.08154964447021484,0.2928932188134522,0.1868622899055481,4,0.24237623762376237,0.7620644569396973,Why do they call them soap opera,128,10.030256018571631
134,Why do they call them soap opera?,7,4,5,them,0.01708546280860901,0.01708546280860901,0.07180706886494391,0.016094863414764404,0.14285714285714246,0.1759740710258484,5,0.13720379537953786,0.7620644569396973,Why do they call them soap opera,128,10.030256018571631
134,Why do they call them soap opera?,7,2,6,they,0.01625654101371765,0.01625654101371765,0.0683232624807572,-1.1920928955078125e-07,-4.440892098500626e-16,0.250555157661438,6,0.12118811881188113,0.7620644569396973,Why do they call them soap opera,128,10.030256018571631
134,Why do they call them soap opera?,7,1,7,do,0.0036029403563588858,0.0036029403563588858,0.015142497992795732,-1.1920928955078125e-07,-4.440892098500626e-16,0.23793554306030273,7,0.04192904290429039,0.7620644569396973,Why do they call them soap opera,128,10.030256018571631
136,Why do we need artificial intelligence assistants?,7,6,1,assistants?,0.04320280998945236,0.04320280998945236,0.2421844657328713,0.021909058094024658,0.11050082000667827,0.021909058094024658,1,0.7617565789473688,0.8683980107307434,The original content of this audio is: 'Why do we need artificial intelligence assistance?',128,11.059968194714331
136,Why do we need artificial intelligence assistants?,7,1,2,do,0.036598388105630875,0.036598388105630875,0.2051616798122728,0.05000382661819458,0.41661664880305205,0.11841773986816406,2,0.06015789473684213,0.8683980107307434,The original content of this audio is: 'Why do we need artificial intelligence assistance?',128,11.059968194714331
136,Why do we need artificial intelligence assistants?,7,3,3,need,0.031903691589832306,0.031903691589832306,0.17884435073728358,-1.1920928955078125e-07,-6.661338147750939e-16,0.11841773986816406,3,0.18047368421052634,0.8683980107307434,The original content of this audio is: 'Why do we need artificial intelligence assistance?',128,11.059968194714331
136,Why do we need artificial intelligence assistants?,7,4,4,artificial,0.029051389545202255,0.029051389545202255,0.1628550378440677,0.007297992706298828,0.07142857142857073,0.15742206573486328,4,0.48126315789473684,0.8683980107307434,The original content of this audio is: 'Why do we need artificial intelligence assistance?',128,11.059968194714331
136,Why do we need artificial intelligence assistants?,7,0,5,Why,-0.019660741090774536,0.019660741090774536,0.11021334209844293,0.018868446350097656,0.07142857142857073,0.17170321941375732,5,0.2003201754385965,0.8683980107307434,The original content of this audio is: 'Why do we need artificial intelligence assistance?',128,11.059968194714331
136,Why do we need artificial intelligence assistants?,7,5,6,intelligence,0.014238793402910233,0.014238793402910233,0.07981921948610407,0.01044464111328125,0.14285714285714224,0.14588487148284912,6,0.5815263157894737,0.8683980107307434,The original content of this audio is: 'Why do we need artificial intelligence assistance?',128,11.059968194714331
136,Why do we need artificial intelligence assistants?,7,2,7,we,-0.0037322163116186857,0.0037322163116186857,0.020921898683200366,-1.1920928955078125e-07,-6.661338147750939e-16,0.1316019892692566,7,0.0701842105263158,0.8683980107307434,The original content of this audio is: 'Why do we need artificial intelligence assistance?',128,11.059968194714331
137,Who wrote the Federalist papers?,5,3,1,Federalist,0.10714033991098404,0.10714033991098404,0.6136076205934753,0.0545344352722168,0.04257289224366201,0.0545344352722168,1,0.5028571428571429,0.8317572474479675,The exact words spoken are: 'Who wrote the federalist papers.',32,3.8341770589999213
137,Who wrote the Federalist papers?,5,4,2,papers?,0.05568108335137367,0.05568108335137367,0.3188933047598128,0.05935049057006836,0.11929515407202052,0.14203351736068726,2,0.5224869047619047,0.8317572474479675,The exact words spoken are: 'Who wrote the federalist papers.',32,3.8341770589999213
137,Who wrote the Federalist papers?,5,1,3,wrote,0.005742010660469532,0.005742010660469532,0.03288529326788019,5.960464477539063e-08,-2.220446049250313e-16,0.15104222297668457,3,0.2112,0.8317572474479675,The exact words spoken are: 'Who wrote the federalist papers.',32,3.8341770589999213
137,Who wrote the Federalist papers?,5,0,4,Who,-0.003182274755090475,0.003182274755090475,0.018225329900652693,5.960464477539063e-08,-2.220446049250313e-16,0.16830039024353027,4,0.17055357142857144,0.8317572474479675,The exact words spoken are: 'Who wrote the federalist papers.',32,3.8341770589999213
137,Who wrote the Federalist papers?,5,2,5,the,0.002861541463062167,0.002861541463062167,0.016388445751040006,0.013497710227966309,-2.220446049250313e-16,0.16824275255203247,5,0.06034285714285714,0.8317572474479675,The exact words spoken are: 'Who wrote the federalist papers.',32,3.8341770589999213
140,When was the Epic of Gilgamesh discovered?,7,3,1,Epic,0.04990801587700844,0.04990801587700844,0.2831037445032755,0.02740800380706787,0.07142857142857073,0.02740800380706787,1,0.2009756097560974,0.8237113356590271,The exact words spoken are: 'When was the Epic of Gilgamesh discovered.',128,11.363444304428413
140,When was the Epic of Gilgamesh discovered?,7,5,2,Gilgamesh,0.04427510127425194,0.04427510127425194,0.25115097722762453,-1.1920928955078125e-07,-6.661338147750939e-16,0.1368870735168457,2,0.589596544715447,0.8237113356590271,The exact words spoken are: 'When was the Epic of Gilgamesh discovered.',128,11.363444304428413
140,When was the Epic of Gilgamesh discovered?,7,0,3,When,0.02973334863781929,0.02973334863781929,0.16866273259053416,0.07341963052749634,0.43592392518223355,0.10365694761276245,3,0.2307337398373984,0.8237113356590271,The exact words spoken are: 'When was the Epic of Gilgamesh discovered.',128,11.363444304428413
140,When was the Epic of Gilgamesh discovered?,7,6,4,discovered?,0.022861594334244728,0.022861594334244728,0.1296826340940786,-1.1920928955078125e-07,-6.661338147750939e-16,0.1791914701461792,4,0.5422083333333336,0.8237113356590271,The exact words spoken are: 'When was the Epic of Gilgamesh discovered.',128,11.363444304428413
140,When was the Epic of Gilgamesh discovered?,7,2,5,the,0.0175461545586586,0.0175461545586586,0.09953074611162482,0.055066704750061035,0.30706513281641656,0.1577962040901184,5,0.06029268292682921,0.8237113356590271,The exact words spoken are: 'When was the Epic of Gilgamesh discovered.',128,11.363444304428413
140,When was the Epic of Gilgamesh discovered?,7,4,6,of,0.011495458893477917,0.011495458893477917,0.06520811136926633,-1.1920928955078125e-07,-6.661338147750939e-16,0.16450518369674683,6,0.06029268292682932,0.8237113356590271,The exact words spoken are: 'When was the Epic of Gilgamesh discovered.',128,11.363444304428413
140,When was the Epic of Gilgamesh discovered?,7,1,7,was,0.0004691130015999079,0.0004691130015999079,0.0026610484310855293,-1.1920928955078125e-07,-6.661338147750939e-16,0.1762886643409729,7,0.11053658536585359,0.8237113356590271,The exact words spoken are: 'When was the Epic of Gilgamesh discovered.',128,11.363444304428413
141,What currency is used in Romania?,6,5,1,Romania?,0.10345647484064102,0.10345647484064102,0.6032094764438047,0.12435483932495117,0.45505073908693383,0.12435483932495117,1,0.7465666666666664,0.8446372151374817,The original content of this audio is: 'what currency is used in romania',64,6.1813662248338614
141,What currency is used in Romania?,6,1,2,currency,0.056293077766895294,0.056293077766895294,0.32822032665895634,0.03771042823791504,0.03390821692070389,0.17163270711898804,2,0.46460000000000007,0.8446372151374817,The original content of this audio is: 'what currency is used in romania',64,6.1813662248338614
141,What currency is used in Romania?,6,0,3,What,-0.007668903097510338,0.007668903097510338,0.04471402132609935,0.01664191484451294,0.03390821692070389,0.18203455209732056,3,0.2618333333333333,0.8446372151374817,The original content of this audio is: 'what currency is used in romania',64,6.1813662248338614
141,What currency is used in Romania?,6,2,4,is,0.0028911454137414694,0.0028911454137414694,0.016857004977525226,0.04550594091415405,0.3772008446707815,0.18203455209732056,4,0.09089999999999998,0.8446372151374817,The original content of this audio is: 'what currency is used in romania',64,6.1813662248338614
141,What currency is used in Romania?,6,3,5,used,0.0007957666530273855,0.0007957666530273855,0.0046397674663038405,0.005367159843444824,0.0,0.19419711828231812,5,0.28279999999999994,0.8446372151374817,The original content of this audio is: 'what currency is used in romania',64,6.1813662248338614
141,What currency is used in Romania?,6,4,6,in,-0.00040466029895469546,0.00040466029895469546,0.0023593972967477046,0.04550594091415405,0.3772008446707815,0.1553627848625183,6,0.060599999999999765,0.8446372151374817,The original content of this audio is: 'what currency is used in romania',64,6.1813662248338614
142,What does sui generis mean?,5,2,1,sui,0.0972917452454567,0.0972917452454567,0.49559223815832093,0.21249908208847046,0.5979848738963152,0.21249908208847046,1,0.28224000000000005,0.8036859035491943,The original content of this audio is: 'What does SUI mean?',32,3.5882947562000482
142,What does sui generis mean?,5,4,2,mean?,0.05107723921537399,0.05107723921537399,0.2601812028125504,0.12352019548416138,0.772078847080724,0.24326741695404053,2,0.4428766666666666,0.8036859035491943,The original content of this audio is: 'What does SUI mean?',32,3.5882947562000482
142,What does sui generis mean?,5,1,3,does,0.027013035491108894,0.027013035491108894,0.13760109539317755,0.1223684549331665,0.2727272727272726,0.19126200675964355,3,0.16126333333333331,0.8036859035491943,The original content of this audio is: 'What does SUI mean?',32,3.5882947562000482
142,What does sui generis mean?,5,3,4,generis,0.011929173022508621,0.011929173022508621,0.06076574680295384,0.1323004961013794,0.7538170180413345,0.16381657123565674,4,0.4500416666666667,0.8036859035491943,The original content of this audio is: 'What does SUI mean?',32,3.5882947562000482
142,What does sui generis mean?,5,0,5,What,0.009002908132970333,0.009002908132970333,0.04585971173911974,0.056600213050842285,0.16375798999290903,0.19631409645080566,5,0.22115666666666667,0.8036859035491943,The original content of this audio is: 'What does SUI mean?',32,3.5882947562000482
147,Where did Julio Licinio go to school?,7,2,1,Julio,0.06215047091245651,0.06215047091245651,0.2953524096243182,0.06174105405807495,0.11050082000667827,0.06174105405807495,1,0.3223522727272726,0.7895718216896057,The original content of this audio is: 'where did julio lachino go to school',128,11.901458810142815
147,Where did Julio Licinio go to school?,7,3,2,Licinio,0.05996062234044075,0.05996062234044075,0.2849457780580303,0.08890271186828613,0.07142857142857073,0.13796371221542358,2,0.6357272727272727,0.7895718216896057,The original content of this audio is: 'where did julio lachino go to school',128,11.901458810142815
147,Where did Julio Licinio go to school?,7,1,3,did,0.025073308497667313,0.025073308497667313,0.11915375657363995,0.0,-6.661338147750939e-16,0.1391584873199463,3,0.13861363636363633,0.7895718216896057,The original content of this audio is: 'where did julio lachino go to school',128,11.901458810142815
147,Where did Julio Licinio go to school?,7,4,4,go,0.024980977177619934,0.024980977177619934,0.11871497827543205,0.04273033142089844,0.07142857142857073,0.14941751956939697,4,0.12109090909090892,0.7895718216896057,The original content of this audio is: 'where did julio lachino go to school',128,11.901458810142815
147,Where did Julio Licinio go to school?,7,6,5,school?,0.01952526718378067,0.01952526718378067,0.09278827057338399,0.0,-6.661338147750939e-16,0.23117190599441528,5,0.3827121212121214,0.7895718216896057,The original content of this audio is: 'where did julio lachino go to school',128,11.901458810142815
147,Where did Julio Licinio go to school?,7,0,6,Where,0.01562079880386591,0.01562079880386591,0.07423339677469401,0.00921851396560669,0.03637588834056815,0.23623311519622803,6,0.2616590909090909,0.7895718216896057,The original content of this audio is: 'where did julio lachino go to school',128,11.901458810142815
147,Where did Julio Licinio go to school?,7,5,7,to,0.0031167371198534966,0.0031167371198534966,0.014811405368286422,0.0,-6.661338147750939e-16,0.2104281783103943,7,0.06054545454545468,0.7895718216896057,The original content of this audio is: 'where did julio lachino go to school',128,11.901458810142815
